{
"type": "FeatureCollection",
"name": "geo_25_5",
"crs": { "type": "name", "properties": { "name": "urn:ogc:def:crs:OGC:1.3:CRS84" } },
"features": [
{ "type": "Feature", "properties": { "ID": 2552541200826, "正式名称": "ユタカ薬局　栗東安養寺", "機関区分": 5, "都道府県コード": 25, "市区町村コード": 208, "所在地": "滋賀県栗東市安養寺１－３９ドラッグユタカ栗東安養寺店", "緯度": 35.021115, "経度": 136.002247, "url": "https://www.iryou.teikyouseido.mhlw.go.jp/znk-web/juminkanja/S2430/initialize?prefCd=25&kikanCd=2541200826&kikanKbn=5", "url2": null, "内容": "ユタカ薬局　栗東安養寺【5:薬局】滋賀県栗東市安養寺１－３９ドラッグユタカ栗東安養寺店" }, "geometry": { "type": "Point", "coordinates": [ 136.002247, 35.021115 ] } },
{ "type": "Feature", "properties": { "ID": 2555250601479, "正式名称": "さくら薬局　草津店", "機関区分": 5, "都道府県コード": 25, "市区町村コード": 206, "所在地": "滋賀県草津市川原２－１６－４１", "緯度": 35.033584, "経度": 135.952214, "url": "https://www.iryou.teikyouseido.mhlw.go.jp/znk-web/juminkanja/S2430/initialize?prefCd=25&kikanCd=5250601479&kikanKbn=5", "url2": null, "内容": "さくら薬局　草津店【5:薬局】滋賀県草津市川原２－１６－４１" }, "geometry": { "type": "Point", "coordinates": [ 135.952214, 35.033584 ] } },
{ "type": "Feature", "properties": { "ID": 2557250000070, "正式名称": "株式会社友愛　西大津調剤薬局", "機関区分": 5, "都道府県コード": 25, "市区町村コード": 201, "所在地": "滋賀県大津市皇子が丘二丁目９－２２　西大津ひまわりビル１Ｆ", "緯度": 35.023044, "経度": 135.857286, "url": "https://www.iryou.teikyouseido.mhlw.go.jp/znk-web/juminkanja/S2430/initialize?prefCd=25&kikanCd=7250000070&kikanKbn=5", "url2": null, "内容": "株式会社友愛　西大津調剤薬局【5:薬局】滋賀県大津市皇子が丘二丁目９－２２　西大津ひまわりビル１Ｆ" }, "geometry": { "type": "Point", "coordinates": [ 135.857286, 35.023044 ] } },
{ "type": "Feature", "properties": { "ID": 2557250000080, "正式名称": "キノシタ薬局", "機関区分": 5, "都道府県コード": 25, "市区町村コード": 201, "所在地": "滋賀県大津市粟津町１７－１１", "緯度": 34.977267, "経度": 135.901814, "url": "https://www.iryou.teikyouseido.mhlw.go.jp/znk-web/juminkanja/S2430/initialize?prefCd=25&kikanCd=7250000080&kikanKbn=5", "url2": "https://www.kinoshita8830.com", "内容": "キノシタ薬局【5:薬局】滋賀県大津市粟津町１７－１１" }, "geometry": { "type": "Point", "coordinates": [ 135.901814, 34.977267 ] } },
{ "type": "Feature", "properties": { "ID": 2557250000110, "正式名称": "有限会社扇庄薬局堅田", "機関区分": 5, "都道府県コード": 25, "市区町村コード": 201, "所在地": "滋賀県大津市本堅田五丁目１５－１３", "緯度": 35.117517, "経度": 135.913175, "url": "https://www.iryou.teikyouseido.mhlw.go.jp/znk-web/juminkanja/S2430/initialize?prefCd=25&kikanCd=7250000110&kikanKbn=5", "url2": null, "内容": "有限会社扇庄薬局堅田【5:薬局】滋賀県大津市本堅田五丁目１５－１３" }, "geometry": { "type": "Point", "coordinates": [ 135.913175, 35.117517 ] } },
{ "type": "Feature", "properties": { "ID": 2557250000130, "正式名称": "ファミリー薬局", "機関区分": 5, "都道府県コード": 25, "市区町村コード": 201, "所在地": "滋賀県大津市石山寺三丁目２２－１０　サンハウス１Ｆ", "緯度": 34.954303, "経度": 135.9047, "url": "https://www.iryou.teikyouseido.mhlw.go.jp/znk-web/juminkanja/S2430/initialize?prefCd=25&kikanCd=7250000130&kikanKbn=5", "url2": "http://family-ph.com", "内容": "ファミリー薬局【5:薬局】滋賀県大津市石山寺三丁目２２－１０　サンハウス１Ｆ" }, "geometry": { "type": "Point", "coordinates": [ 135.9047, 34.954303 ] } },
{ "type": "Feature", "properties": { "ID": 2557250000150, "正式名称": "株式会社冨士薬局", "機関区分": 5, "都道府県コード": 25, "市区町村コード": 201, "所在地": "滋賀県大津市膳所二丁目９－１５", "緯度": 34.9951, "経度": 135.889675, "url": "https://www.iryou.teikyouseido.mhlw.go.jp/znk-web/juminkanja/S2430/initialize?prefCd=25&kikanCd=7250000150&kikanKbn=5", "url2": null, "内容": "株式会社冨士薬局【5:薬局】滋賀県大津市膳所二丁目９－１５" }, "geometry": { "type": "Point", "coordinates": [ 135.889675, 34.9951 ] } },
{ "type": "Feature", "properties": { "ID": 2557250000180, "正式名称": "比良薬局", "機関区分": 5, "都道府県コード": 25, "市区町村コード": 201, "所在地": "滋賀県大津市本堅田一丁目１８－１７", "緯度": 35.111517, "経度": 135.921286, "url": "https://www.iryou.teikyouseido.mhlw.go.jp/znk-web/juminkanja/S2430/initialize?prefCd=25&kikanCd=7250000180&kikanKbn=5", "url2": "https://www.chcp.jp/business/chcp-p/index.html", "内容": "比良薬局【5:薬局】滋賀県大津市本堅田一丁目１８－１７" }, "geometry": { "type": "Point", "coordinates": [ 135.921286, 35.111517 ] } },
{ "type": "Feature", "properties": { "ID": 2557250000250, "正式名称": "株式会社友愛　　浜大津調剤薬局", "機関区分": 5, "都道府県コード": 25, "市区町村コード": 201, "所在地": "滋賀県大津市浜大津三丁目７－１７　タニケンビル１Ｆ", "緯度": 35.01335, "経度": 135.859953, "url": "https://www.iryou.teikyouseido.mhlw.go.jp/znk-web/juminkanja/S2430/initialize?prefCd=25&kikanCd=7250000250&kikanKbn=5", "url2": "https://yuai-ph.co.jp", "内容": "株式会社友愛　　浜大津調剤薬局【5:薬局】滋賀県大津市浜大津三丁目７－１７　タニケンビル１Ｆ" }, "geometry": { "type": "Point", "coordinates": [ 135.859953, 35.01335 ] } },
{ "type": "Feature", "properties": { "ID": 2557250000270, "正式名称": "株式会社ルックドイ薬局　　和迩支店", "機関区分": 5, "都道府県コード": 25, "市区町村コード": 201, "所在地": "滋賀県大津市和邇中浜４４４－１", "緯度": 35.162017, "経度": 135.923008, "url": "https://www.iryou.teikyouseido.mhlw.go.jp/znk-web/juminkanja/S2430/initialize?prefCd=25&kikanCd=7250000270&kikanKbn=5", "url2": "http://www.e-classa.net/lookdoi/", "内容": "株式会社ルックドイ薬局　　和迩支店【5:薬局】滋賀県大津市和邇中浜４４４－１" }, "geometry": { "type": "Point", "coordinates": [ 135.923008, 35.162017 ] } },
{ "type": "Feature", "properties": { "ID": 2557250000330, "正式名称": "みつはま薬局", "機関区分": 5, "都道府県コード": 25, "市区町村コード": 201, "所在地": "滋賀県大津市下阪本六丁目２１ー７", "緯度": 35.068937, "経度": 135.883606, "url": "https://www.iryou.teikyouseido.mhlw.go.jp/znk-web/juminkanja/S2430/initialize?prefCd=25&kikanCd=7250000330&kikanKbn=5", "url2": "https://www.e-classa.net/mituhama-ph/information.html", "内容": "みつはま薬局【5:薬局】滋賀県大津市下阪本六丁目２１ー７" }, "geometry": { "type": "Point", "coordinates": [ 135.883606, 35.068937 ] } },
{ "type": "Feature", "properties": { "ID": 2557250000350, "正式名称": "山本薬局", "機関区分": 5, "都道府県コード": 25, "市区町村コード": 201, "所在地": "滋賀県大津市坂本三丁目３２－２９", "緯度": 35.070489, "経度": 135.879147, "url": "https://www.iryou.teikyouseido.mhlw.go.jp/znk-web/juminkanja/S2430/initialize?prefCd=25&kikanCd=7250000350&kikanKbn=5", "url2": null, "内容": "山本薬局【5:薬局】滋賀県大津市坂本三丁目３２－２９" }, "geometry": { "type": "Point", "coordinates": [ 135.879147, 35.070489 ] } },
{ "type": "Feature", "properties": { "ID": 2557250000390, "正式名称": "じげん薬局大江店", "機関区分": 5, "都道府県コード": 25, "市区町村コード": 201, "所在地": "滋賀県大津市大江四丁目１９ー１４", "緯度": 34.981628, "経度": 135.926119, "url": "https://www.iryou.teikyouseido.mhlw.go.jp/znk-web/juminkanja/S2430/initialize?prefCd=25&kikanCd=7250000390&kikanKbn=5", "url2": null, "内容": "じげん薬局大江店【5:薬局】滋賀県大津市大江四丁目１９ー１４" }, "geometry": { "type": "Point", "coordinates": [ 135.926119, 34.981628 ] } },
{ "type": "Feature", "properties": { "ID": 2557250000400, "正式名称": "リブラ薬局　一里山店", "機関区分": 5, "都道府県コード": 25, "市区町村コード": 201, "所在地": "滋賀県大津市一里山三丁目７ー８", "緯度": 34.983239, "経度": 135.936703, "url": "https://www.iryou.teikyouseido.mhlw.go.jp/znk-web/juminkanja/S2430/initialize?prefCd=25&kikanCd=7250000400&kikanKbn=5", "url2": "https://www.chcp.jp/business/chcp-p/id238/", "内容": "リブラ薬局　一里山店【5:薬局】滋賀県大津市一里山三丁目７ー８" }, "geometry": { "type": "Point", "coordinates": [ 135.936703, 34.983239 ] } },
{ "type": "Feature", "properties": { "ID": 2557250000430, "正式名称": "わたなべ調剤薬局", "機関区分": 5, "都道府県コード": 25, "市区町村コード": 201, "所在地": "滋賀県大津市一里山一丁目２－１４", "緯度": 34.984767, "経度": 135.925425, "url": "https://www.iryou.teikyouseido.mhlw.go.jp/znk-web/juminkanja/S2430/initialize?prefCd=25&kikanCd=7250000430&kikanKbn=5", "url2": "http://www.drup-w.com", "内容": "わたなべ調剤薬局【5:薬局】滋賀県大津市一里山一丁目２－１４" }, "geometry": { "type": "Point", "coordinates": [ 135.925425, 34.984767 ] } },
{ "type": "Feature", "properties": { "ID": 2557250000440, "正式名称": "スズキ調剤薬局　南郷店", "機関区分": 5, "都道府県コード": 25, "市区町村コード": 201, "所在地": "滋賀県大津市千町二丁目１５－３０", "緯度": 34.945799, "経度": 135.905709, "url": "https://www.iryou.teikyouseido.mhlw.go.jp/znk-web/juminkanja/S2430/initialize?prefCd=25&kikanCd=7250000440&kikanKbn=5", "url2": "https://www.suzukiph.co.jp/", "内容": "スズキ調剤薬局　南郷店【5:薬局】滋賀県大津市千町二丁目１５－３０" }, "geometry": { "type": "Point", "coordinates": [ 135.905709, 34.945799 ] } },
{ "type": "Feature", "properties": { "ID": 2557250000450, "正式名称": "大津ますだ薬局", "機関区分": 5, "都道府県コード": 25, "市区町村コード": 201, "所在地": "滋賀県大津市比叡辻二丁目１１－１８", "緯度": 35.074378, "経度": 135.884231, "url": "https://www.iryou.teikyouseido.mhlw.go.jp/znk-web/juminkanja/S2430/initialize?prefCd=25&kikanCd=7250000450&kikanKbn=5", "url2": "http://masuda-ph.sakura.ne.jp/otsu_masuda/", "内容": "大津ますだ薬局【5:薬局】滋賀県大津市比叡辻二丁目１１－１８" }, "geometry": { "type": "Point", "coordinates": [ 135.884231, 35.074378 ] } },
{ "type": "Feature", "properties": { "ID": 2557250000460, "正式名称": "もも薬局膳所公園前店", "機関区分": 5, "都道府県コード": 25, "市区町村コード": 201, "所在地": "滋賀県大津市丸の内町９－３０", "緯度": 34.995906, "経度": 135.893953, "url": "https://www.iryou.teikyouseido.mhlw.go.jp/znk-web/juminkanja/S2430/initialize?prefCd=25&kikanCd=7250000460&kikanKbn=5", "url2": null, "内容": "もも薬局膳所公園前店【5:薬局】滋賀県大津市丸の内町９－３０" }, "geometry": { "type": "Point", "coordinates": [ 135.893953, 34.995906 ] } },
{ "type": "Feature", "properties": { "ID": 2557250000470, "正式名称": "おおいし調剤薬局", "機関区分": 5, "都道府県コード": 25, "市区町村コード": 201, "所在地": "滋賀県大津市大石中一丁目６９－３", "緯度": 34.910433, "経度": 135.913008, "url": "https://www.iryou.teikyouseido.mhlw.go.jp/znk-web/juminkanja/S2430/initialize?prefCd=25&kikanCd=7250000470&kikanKbn=5", "url2": "https://phstr.co.jp/store/622/", "内容": "おおいし調剤薬局【5:薬局】滋賀県大津市大石中一丁目６９－３" }, "geometry": { "type": "Point", "coordinates": [ 135.913008, 34.910433 ] } },
{ "type": "Feature", "properties": { "ID": 2557250000490, "正式名称": "ドルフィン調剤薬局", "機関区分": 5, "都道府県コード": 25, "市区町村コード": 201, "所在地": "滋賀県大津市粟津町２－４９　オプト石山１階西号室", "緯度": 34.979628, "経度": 135.899203, "url": "https://www.iryou.teikyouseido.mhlw.go.jp/znk-web/juminkanja/S2430/initialize?prefCd=25&kikanCd=7250000490&kikanKbn=5", "url2": null, "内容": "ドルフィン調剤薬局【5:薬局】滋賀県大津市粟津町２－４９　オプト石山１階西号室" }, "geometry": { "type": "Point", "coordinates": [ 135.899203, 34.979628 ] } },
{ "type": "Feature", "properties": { "ID": 2557250000500, "正式名称": "株式会社友愛　　北大津調剤薬局", "機関区分": 5, "都道府県コード": 25, "市区町村コード": 201, "所在地": "滋賀県大津市今堅田二丁目２３－１９", "緯度": 35.122739, "経度": 135.920758, "url": "https://www.iryou.teikyouseido.mhlw.go.jp/znk-web/juminkanja/S2430/initialize?prefCd=25&kikanCd=7250000500&kikanKbn=5", "url2": "http://yuai-ph.co.jp", "内容": "株式会社友愛　　北大津調剤薬局【5:薬局】滋賀県大津市今堅田二丁目２３－１９" }, "geometry": { "type": "Point", "coordinates": [ 135.920758, 35.122739 ] } },
{ "type": "Feature", "properties": { "ID": 2557250000530, "正式名称": "キリン薬局", "機関区分": 5, "都道府県コード": 25, "市区町村コード": 201, "所在地": "滋賀県大津市札の辻３－１０", "緯度": 35.006517, "経度": 135.860425, "url": "https://www.iryou.teikyouseido.mhlw.go.jp/znk-web/juminkanja/S2430/initialize?prefCd=25&kikanCd=7250000530&kikanKbn=5", "url2": "https://taiseimedical-service.jp", "内容": "キリン薬局【5:薬局】滋賀県大津市札の辻３－１０" }, "geometry": { "type": "Point", "coordinates": [ 135.860425, 35.006517 ] } },
{ "type": "Feature", "properties": { "ID": 2557250000540, "正式名称": "アピス薬局大津店", "機関区分": 5, "都道府県コード": 25, "市区町村コード": 201, "所在地": "滋賀県大津市札の辻４－６", "緯度": 35.006767, "経度": 135.860453, "url": "https://www.iryou.teikyouseido.mhlw.go.jp/znk-web/juminkanja/S2430/initialize?prefCd=25&kikanCd=7250000540&kikanKbn=5", "url2": "https://e-bond.info/withs/", "内容": "アピス薬局大津店【5:薬局】滋賀県大津市札の辻４－６" }, "geometry": { "type": "Point", "coordinates": [ 135.860453, 35.006767 ] } },
{ "type": "Feature", "properties": { "ID": 2557250000550, "正式名称": "はる薬局", "機関区分": 5, "都道府県コード": 25, "市区町村コード": 201, "所在地": "滋賀県大津市大江三丁目５－２５", "緯度": 34.980156, "経度": 135.917592, "url": "https://www.iryou.teikyouseido.mhlw.go.jp/znk-web/juminkanja/S2430/initialize?prefCd=25&kikanCd=7250000550&kikanKbn=5", "url2": null, "内容": "はる薬局【5:薬局】滋賀県大津市大江三丁目５－２５" }, "geometry": { "type": "Point", "coordinates": [ 135.917592, 34.980156 ] } },
{ "type": "Feature", "properties": { "ID": 2557250000560, "正式名称": "スズキ調剤薬局　におの浜店", "機関区分": 5, "都道府県コード": 25, "市区町村コード": 201, "所在地": "滋賀県大津市におの浜二丁目２－５－１０９", "緯度": 35.005239, "経度": 135.881453, "url": "https://www.iryou.teikyouseido.mhlw.go.jp/znk-web/juminkanja/S2430/initialize?prefCd=25&kikanCd=7250000560&kikanKbn=5", "url2": "http://suzukiph.co.jp", "内容": "スズキ調剤薬局　におの浜店【5:薬局】滋賀県大津市におの浜二丁目２－５－１０９" }, "geometry": { "type": "Point", "coordinates": [ 135.881453, 35.005239 ] } },
{ "type": "Feature", "properties": { "ID": 2557250000580, "正式名称": "かすが調剤薬局", "機関区分": 5, "都道府県コード": 25, "市区町村コード": 201, "所在地": "滋賀県大津市和邇中３１６－１", "緯度": 35.156183, "経度": 135.913703, "url": "https://www.iryou.teikyouseido.mhlw.go.jp/znk-web/juminkanja/S2430/initialize?prefCd=25&kikanCd=7250000580&kikanKbn=5", "url2": "https://www.chcp.jp/business/chcp-p/", "内容": "かすが調剤薬局【5:薬局】滋賀県大津市和邇中３１６－１" }, "geometry": { "type": "Point", "coordinates": [ 135.913703, 35.156183 ] } },
{ "type": "Feature", "properties": { "ID": 2557250000590, "正式名称": "本宮調剤薬局", "機関区分": 5, "都道府県コード": 25, "市区町村コード": 201, "所在地": "滋賀県大津市本宮二丁目９－２７", "緯度": 34.99915, "経度": 135.877144, "url": "https://www.iryou.teikyouseido.mhlw.go.jp/znk-web/juminkanja/S2430/initialize?prefCd=25&kikanCd=7250000590&kikanKbn=5", "url2": "https://sites.google.com/view/motomiya-ph", "内容": "本宮調剤薬局【5:薬局】滋賀県大津市本宮二丁目９－２７" }, "geometry": { "type": "Point", "coordinates": [ 135.877144, 34.99915 ] } },
{ "type": "Feature", "properties": { "ID": 2557250000600, "正式名称": "フロンティア薬局　本宮店", "機関区分": 5, "都道府県コード": 25, "市区町村コード": 201, "所在地": "滋賀県大津市本宮二丁目９－２６", "緯度": 34.999156, "経度": 135.876925, "url": "https://www.iryou.teikyouseido.mhlw.go.jp/znk-web/juminkanja/S2430/initialize?prefCd=25&kikanCd=7250000600&kikanKbn=5", "url2": "http://www.frontier-ph.com/", "内容": "フロンティア薬局　本宮店【5:薬局】滋賀県大津市本宮二丁目９－２６" }, "geometry": { "type": "Point", "coordinates": [ 135.876925, 34.999156 ] } },
{ "type": "Feature", "properties": { "ID": 2557250000620, "正式名称": "株式会社友愛　マリー調剤薬局", "機関区分": 5, "都道府県コード": 25, "市区町村コード": 201, "所在地": "滋賀県大津市皇子が丘二丁目１０－２５－１１０", "緯度": 35.023544, "経度": 135.857314, "url": "https://www.iryou.teikyouseido.mhlw.go.jp/znk-web/juminkanja/S2430/initialize?prefCd=25&kikanCd=7250000620&kikanKbn=5", "url2": "https://yuai-ph.co.jp/", "内容": "株式会社友愛　マリー調剤薬局【5:薬局】滋賀県大津市皇子が丘二丁目１０－２５－１１０" }, "geometry": { "type": "Point", "coordinates": [ 135.857314, 35.023544 ] } },
{ "type": "Feature", "properties": { "ID": 2557250000630, "正式名称": "秋葉台薬局", "機関区分": 5, "都道府県コード": 25, "市区町村コード": 201, "所在地": "滋賀県大津市秋葉台６－３８－１０１", "緯度": 34.99185, "経度": 135.885258, "url": "https://www.iryou.teikyouseido.mhlw.go.jp/znk-web/juminkanja/S2430/initialize?prefCd=25&kikanCd=7250000630&kikanKbn=5", "url2": null, "内容": "秋葉台薬局【5:薬局】滋賀県大津市秋葉台６－３８－１０１" }, "geometry": { "type": "Point", "coordinates": [ 135.885258, 34.99185 ] } },
{ "type": "Feature", "properties": { "ID": 2557250000660, "正式名称": "とまと薬局　和迩店", "機関区分": 5, "都道府県コード": 25, "市区町村コード": 201, "所在地": "滋賀県大津市和邇春日二丁目８６８－３５", "緯度": 35.156689, "経度": 135.912802, "url": "https://www.iryou.teikyouseido.mhlw.go.jp/znk-web/juminkanja/S2430/initialize?prefCd=25&kikanCd=7250000660&kikanKbn=5", "url2": "https://www.tomato-ph.com/store/store06/", "内容": "とまと薬局　和迩店【5:薬局】滋賀県大津市和邇春日二丁目８６８－３５" }, "geometry": { "type": "Point", "coordinates": [ 135.912802, 35.156689 ] } },
{ "type": "Feature", "properties": { "ID": 2557250000680, "正式名称": "スズキ調剤薬局　西大津店", "機関区分": 5, "都道府県コード": 25, "市区町村コード": 201, "所在地": "滋賀県大津市皇子が丘二丁目１０－２５－１０２号", "緯度": 35.023544, "経度": 135.857314, "url": "https://www.iryou.teikyouseido.mhlw.go.jp/znk-web/juminkanja/S2430/initialize?prefCd=25&kikanCd=7250000680&kikanKbn=5", "url2": "http://www.suzukiph.co.jp", "内容": "スズキ調剤薬局　西大津店【5:薬局】滋賀県大津市皇子が丘二丁目１０－２５－１０２号" }, "geometry": { "type": "Point", "coordinates": [ 135.857314, 35.023544 ] } },
{ "type": "Feature", "properties": { "ID": 2557250000690, "正式名称": "スギ薬局　瀬田店", "機関区分": 5, "都道府県コード": 25, "市区町村コード": 201, "所在地": "滋賀県大津市大萱一丁目７－１７", "緯度": 34.98485, "経度": 135.924564, "url": "https://www.iryou.teikyouseido.mhlw.go.jp/znk-web/juminkanja/S2430/initialize?prefCd=25&kikanCd=7250000690&kikanKbn=5", "url2": "http://www.drug-sugi.co.jp/", "内容": "スギ薬局　瀬田店【5:薬局】滋賀県大津市大萱一丁目７－１７" }, "geometry": { "type": "Point", "coordinates": [ 135.924564, 34.98485 ] } },
{ "type": "Feature", "properties": { "ID": 2557250000710, "正式名称": "ティエス調剤薬局　くろづ店", "機関区分": 5, "都道府県コード": 25, "市区町村コード": 201, "所在地": "滋賀県大津市黒津二丁目１６－２３", "緯度": 34.941128, "経度": 135.914647, "url": "https://www.iryou.teikyouseido.mhlw.go.jp/znk-web/juminkanja/S2430/initialize?prefCd=25&kikanCd=7250000710&kikanKbn=5", "url2": null, "内容": "ティエス調剤薬局　くろづ店【5:薬局】滋賀県大津市黒津二丁目１６－２３" }, "geometry": { "type": "Point", "coordinates": [ 135.914647, 34.941128 ] } },
{ "type": "Feature", "properties": { "ID": 2557250000720, "正式名称": "なの花薬局　わに店", "機関区分": 5, "都道府県コード": 25, "市区町村コード": 201, "所在地": "滋賀県大津市和邇高城２６７番１", "緯度": 35.162379, "経度": 135.920217, "url": "https://www.iryou.teikyouseido.mhlw.go.jp/znk-web/juminkanja/S2430/initialize?prefCd=25&kikanCd=7250000720&kikanKbn=5", "url2": "https://www.nanohana-ph.jp/shop/kinki/shiga/otsu/waniyakkyoku.php", "内容": "なの花薬局　わに店【5:薬局】滋賀県大津市和邇高城２６７番１" }, "geometry": { "type": "Point", "coordinates": [ 135.920217, 35.162379 ] } },
{ "type": "Feature", "properties": { "ID": 2557250000730, "正式名称": "スギ薬局　堅田店", "機関区分": 5, "都道府県コード": 25, "市区町村コード": 201, "所在地": "滋賀県大津市今堅田二丁目１２－２", "緯度": 35.122211, "経度": 135.918647, "url": "https://www.iryou.teikyouseido.mhlw.go.jp/znk-web/juminkanja/S2430/initialize?prefCd=25&kikanCd=7250000730&kikanKbn=5", "url2": "http://www.drug-sugi.co.jp", "内容": "スギ薬局　堅田店【5:薬局】滋賀県大津市今堅田二丁目１２－２" }, "geometry": { "type": "Point", "coordinates": [ 135.918647, 35.122211 ] } },
{ "type": "Feature", "properties": { "ID": 2557250000740, "正式名称": "スギ薬局　衣川店", "機関区分": 5, "都道府県コード": 25, "市区町村コード": 201, "所在地": "滋賀県大津市衣川一丁目３７－２", "緯度": 35.103239, "経度": 135.904981, "url": "https://www.iryou.teikyouseido.mhlw.go.jp/znk-web/juminkanja/S2430/initialize?prefCd=25&kikanCd=7250000740&kikanKbn=5", "url2": "http://www.drug-sugi.co.jp/", "内容": "スギ薬局　衣川店【5:薬局】滋賀県大津市衣川一丁目３７－２" }, "geometry": { "type": "Point", "coordinates": [ 135.904981, 35.103239 ] } },
{ "type": "Feature", "properties": { "ID": 2557250000750, "正式名称": "勝馬薬局　大津店", "機関区分": 5, "都道府県コード": 25, "市区町村コード": 201, "所在地": "滋賀県大津市唐崎三丁目３－３－１７　トライアングルビル１Ｆ", "緯度": 35.048433, "経度": 135.863869, "url": "https://www.iryou.teikyouseido.mhlw.go.jp/znk-web/juminkanja/S2430/initialize?prefCd=25&kikanCd=7250000750&kikanKbn=5", "url2": null, "内容": "勝馬薬局　大津店【5:薬局】滋賀県大津市唐崎三丁目３－３－１７　トライアングルビル１Ｆ" }, "geometry": { "type": "Point", "coordinates": [ 135.863869, 35.048433 ] } },
{ "type": "Feature", "properties": { "ID": 2557250000790, "正式名称": "サンタ薬局　瀬田店", "機関区分": 5, "都道府県コード": 25, "市区町村コード": 201, "所在地": "滋賀県大津市瀬田五丁目２３－１７", "緯度": 34.958961, "経度": 135.911425, "url": "https://www.iryou.teikyouseido.mhlw.go.jp/znk-web/juminkanja/S2430/initialize?prefCd=25&kikanCd=7250000790&kikanKbn=5", "url2": "http://www.santa-japan.co.jp", "内容": "サンタ薬局　瀬田店【5:薬局】滋賀県大津市瀬田五丁目２３－１７" }, "geometry": { "type": "Point", "coordinates": [ 135.911425, 34.958961 ] } },
{ "type": "Feature", "properties": { "ID": 2557250000800, "正式名称": "サンタ薬局　南郷店", "機関区分": 5, "都道府県コード": 25, "市区町村コード": 201, "所在地": "滋賀県大津市南郷五丁目１３－１８", "緯度": 34.936628, "経度": 135.909203, "url": "https://www.iryou.teikyouseido.mhlw.go.jp/znk-web/juminkanja/S2430/initialize?prefCd=25&kikanCd=7250000800&kikanKbn=5", "url2": "http://www.santa-japan.co.jp/", "内容": "サンタ薬局　南郷店【5:薬局】滋賀県大津市南郷五丁目１３－１８" }, "geometry": { "type": "Point", "coordinates": [ 135.909203, 34.936628 ] } },
{ "type": "Feature", "properties": { "ID": 2557250000810, "正式名称": "サンタ薬局　田上店", "機関区分": 5, "都道府県コード": 25, "市区町村コード": 201, "所在地": "滋賀県大津市里三丁目７－１０", "緯度": 34.940294, "経度": 135.928897, "url": "https://www.iryou.teikyouseido.mhlw.go.jp/znk-web/juminkanja/S2430/initialize?prefCd=25&kikanCd=7250000810&kikanKbn=5", "url2": "http://www.santa-japan.co.jp", "内容": "サンタ薬局　田上店【5:薬局】滋賀県大津市里三丁目７－１０" }, "geometry": { "type": "Point", "coordinates": [ 135.928897, 34.940294 ] } },
{ "type": "Feature", "properties": { "ID": 2557250000820, "正式名称": "つくし薬局　大江店", "機関区分": 5, "都道府県コード": 25, "市区町村コード": 201, "所在地": "滋賀県大津市大江三丁目２４－１４", "緯度": 34.976794, "経度": 135.914592, "url": "https://www.iryou.teikyouseido.mhlw.go.jp/znk-web/juminkanja/S2430/initialize?prefCd=25&kikanCd=7250000820&kikanKbn=5", "url2": "http://www.294yakkyoku.com", "内容": "つくし薬局　大江店【5:薬局】滋賀県大津市大江三丁目２４－１４" }, "geometry": { "type": "Point", "coordinates": [ 135.914592, 34.976794 ] } },
{ "type": "Feature", "properties": { "ID": 2557250000830, "正式名称": "まの薬局", "機関区分": 5, "都道府県コード": 25, "市区町村コード": 201, "所在地": "滋賀県大津市真野一丁目１－６２　江若交通ビル１Ｆ", "緯度": 35.1211, "経度": 135.915668, "url": "https://www.iryou.teikyouseido.mhlw.go.jp/znk-web/juminkanja/S2430/initialize?prefCd=25&kikanCd=7250000830&kikanKbn=5", "url2": "http://www.masuda-ph.jp", "内容": "まの薬局【5:薬局】滋賀県大津市真野一丁目１－６２　江若交通ビル１Ｆ" }, "geometry": { "type": "Point", "coordinates": [ 135.915668, 35.1211 ] } },
{ "type": "Feature", "properties": { "ID": 2557250000850, "正式名称": "瀬田調剤薬局", "機関区分": 5, "都道府県コード": 25, "市区町村コード": 201, "所在地": "滋賀県大津市一里山三丁目１－１　ガーデンスクエア瀬田１階", "緯度": 34.985433, "経度": 135.932064, "url": "https://www.iryou.teikyouseido.mhlw.go.jp/znk-web/juminkanja/S2430/initialize?prefCd=25&kikanCd=7250000850&kikanKbn=5", "url2": null, "内容": "瀬田調剤薬局【5:薬局】滋賀県大津市一里山三丁目１－１　ガーデンスクエア瀬田１階" }, "geometry": { "type": "Point", "coordinates": [ 135.932064, 34.985433 ] } },
{ "type": "Feature", "properties": { "ID": 2557250000890, "正式名称": "スズキ調剤薬局", "機関区分": 5, "都道府県コード": 25, "市区町村コード": 201, "所在地": "滋賀県大津市大萱一丁目１６－１　アパホテルびわ湖瀬田駅前１階", "緯度": 34.986267, "経度": 135.926397, "url": "https://www.iryou.teikyouseido.mhlw.go.jp/znk-web/juminkanja/S2430/initialize?prefCd=25&kikanCd=7250000890&kikanKbn=5", "url2": "http://www.suzukiph.co.jp", "内容": "スズキ調剤薬局【5:薬局】滋賀県大津市大萱一丁目１６－１　アパホテルびわ湖瀬田駅前１階" }, "geometry": { "type": "Point", "coordinates": [ 135.926397, 34.986267 ] } },
{ "type": "Feature", "properties": { "ID": 2557250000900, "正式名称": "株式会社友愛　見世調剤薬局", "機関区分": 5, "都道府県コード": 25, "市区町村コード": 201, "所在地": "滋賀県大津市見世二丁目２番２２号", "緯度": 35.042683, "経度": 135.861119, "url": "https://www.iryou.teikyouseido.mhlw.go.jp/znk-web/juminkanja/S2430/initialize?prefCd=25&kikanCd=7250000900&kikanKbn=5", "url2": "https://meron-net.shop/ds/mise/", "内容": "株式会社友愛　見世調剤薬局【5:薬局】滋賀県大津市見世二丁目２番２２号" }, "geometry": { "type": "Point", "coordinates": [ 135.861119, 35.042683 ] } },
{ "type": "Feature", "properties": { "ID": 2557250000930, "正式名称": "すみれ薬局", "機関区分": 5, "都道府県コード": 25, "市区町村コード": 201, "所在地": "滋賀県大津市滋賀里一丁目８－２９", "緯度": 35.043489, "経度": 135.858703, "url": "https://www.iryou.teikyouseido.mhlw.go.jp/znk-web/juminkanja/S2430/initialize?prefCd=25&kikanCd=7250000930&kikanKbn=5", "url2": null, "内容": "すみれ薬局【5:薬局】滋賀県大津市滋賀里一丁目８－２９" }, "geometry": { "type": "Point", "coordinates": [ 135.858703, 35.043489 ] } },
{ "type": "Feature", "properties": { "ID": 2557250000940, "正式名称": "駅前すみれ薬局", "機関区分": 5, "都道府県コード": 25, "市区町村コード": 201, "所在地": "滋賀県大津市本堅田五丁目２３－８", "緯度": 35.121211, "経度": 135.916842, "url": "https://www.iryou.teikyouseido.mhlw.go.jp/znk-web/juminkanja/S2430/initialize?prefCd=25&kikanCd=7250000940&kikanKbn=5", "url2": null, "内容": "駅前すみれ薬局【5:薬局】滋賀県大津市本堅田五丁目２３－８" }, "geometry": { "type": "Point", "coordinates": [ 135.916842, 35.121211 ] } },
{ "type": "Feature", "properties": { "ID": 2557250000950, "正式名称": "なかがわ漢方堂薬局", "機関区分": 5, "都道府県コード": 25, "市区町村コード": 201, "所在地": "滋賀県大津市一里山二丁目１４－１３　一里山ユーベルハイム２Ｆ", "緯度": 34.981794, "経度": 135.929758, "url": "https://www.iryou.teikyouseido.mhlw.go.jp/znk-web/juminkanja/S2430/initialize?prefCd=25&kikanCd=7250000950&kikanKbn=5", "url2": "http://nakagawa-kanpow.com/", "内容": "なかがわ漢方堂薬局【5:薬局】滋賀県大津市一里山二丁目１４－１３　一里山ユーベルハイム２Ｆ" }, "geometry": { "type": "Point", "coordinates": [ 135.929758, 34.981794 ] } },
{ "type": "Feature", "properties": { "ID": 2557250000960, "正式名称": "ハート調剤薬局　石山店", "機関区分": 5, "都道府県コード": 25, "市区町村コード": 201, "所在地": "滋賀県大津市平津一丁目３０－１８", "緯度": 34.948342, "経度": 135.909185, "url": "https://www.iryou.teikyouseido.mhlw.go.jp/znk-web/juminkanja/S2430/initialize?prefCd=25&kikanCd=7250000960&kikanKbn=5", "url2": null, "内容": "ハート調剤薬局　石山店【5:薬局】滋賀県大津市平津一丁目３０－１８" }, "geometry": { "type": "Point", "coordinates": [ 135.909185, 34.948342 ] } },
{ "type": "Feature", "properties": { "ID": 2557250000990, "正式名称": "すこやか薬局・浜大津", "機関区分": 5, "都道府県コード": 25, "市区町村コード": 201, "所在地": "滋賀県大津市長等二丁目１０－２１", "緯度": 35.009656, "経度": 135.862064, "url": "https://www.iryou.teikyouseido.mhlw.go.jp/znk-web/juminkanja/S2430/initialize?prefCd=25&kikanCd=7250000990&kikanKbn=5", "url2": "http://www.kinkiyoken.co.jp", "内容": "すこやか薬局・浜大津【5:薬局】滋賀県大津市長等二丁目１０－２１" }, "geometry": { "type": "Point", "coordinates": [ 135.862064, 35.009656 ] } },
{ "type": "Feature", "properties": { "ID": 2557250001020, "正式名称": "たんぽぽ薬局　大津店", "機関区分": 5, "都道府県コード": 25, "市区町村コード": 201, "所在地": "滋賀県大津市富士見台１４－２１", "緯度": 34.986461, "経度": 135.885703, "url": "https://www.iryou.teikyouseido.mhlw.go.jp/znk-web/juminkanja/S2430/initialize?prefCd=25&kikanCd=7250001020&kikanKbn=5", "url2": "http://www.tanpopo-ph.co.jp/", "内容": "たんぽぽ薬局　大津店【5:薬局】滋賀県大津市富士見台１４－２１" }, "geometry": { "type": "Point", "coordinates": [ 135.885703, 34.986461 ] } },
{ "type": "Feature", "properties": { "ID": 2557250001040, "正式名称": "ふれあい薬局・富士見台", "機関区分": 5, "都道府県コード": 25, "市区町村コード": 201, "所在地": "滋賀県大津市富士見台１４－１６", "緯度": 34.986294, "経度": 135.885705, "url": "https://www.iryou.teikyouseido.mhlw.go.jp/znk-web/juminkanja/S2430/initialize?prefCd=25&kikanCd=7250001040&kikanKbn=5", "url2": "http://www.fureai-yakkyoku.jp/index.html", "内容": "ふれあい薬局・富士見台【5:薬局】滋賀県大津市富士見台１４－１６" }, "geometry": { "type": "Point", "coordinates": [ 135.885705, 34.986294 ] } },
{ "type": "Feature", "properties": { "ID": 2557250001050, "正式名称": "なの花薬局　堅田店", "機関区分": 5, "都道府県コード": 25, "市区町村コード": 201, "所在地": "滋賀県大津市今堅田二丁目１４－１　ＡＳレジデンス大津堅田１Ｆ", "緯度": 35.121381, "経度": 135.917619, "url": "https://www.iryou.teikyouseido.mhlw.go.jp/znk-web/juminkanja/S2430/initialize?prefCd=25&kikanCd=7250001050&kikanKbn=5", "url2": "https://www.nanohana-ph.jp/shop/kinki/shiga/otsu/waniyakkyokukatata.php", "内容": "なの花薬局　堅田店【5:薬局】滋賀県大津市今堅田二丁目１４－１　ＡＳレジデンス大津堅田１Ｆ" }, "geometry": { "type": "Point", "coordinates": [ 135.917619, 35.121381 ] } },
{ "type": "Feature", "properties": { "ID": 2557250001060, "正式名称": "じげん薬局浜大津店", "機関区分": 5, "都道府県コード": 25, "市区町村コード": 201, "所在地": "滋賀県大津市浜大津二丁目１番２３号", "緯度": 35.011572, "経度": 135.862731, "url": "https://www.iryou.teikyouseido.mhlw.go.jp/znk-web/juminkanja/S2430/initialize?prefCd=25&kikanCd=7250001060&kikanKbn=5", "url2": null, "内容": "じげん薬局浜大津店【5:薬局】滋賀県大津市浜大津二丁目１番２３号" }, "geometry": { "type": "Point", "coordinates": [ 135.862731, 35.011572 ] } },
{ "type": "Feature", "properties": { "ID": 2557250001070, "正式名称": "株式会社おくやま薬局", "機関区分": 5, "都道府県コード": 25, "市区町村コード": 201, "所在地": "滋賀県大津市大将軍一丁目１３番地７号", "緯度": 34.993239, "経度": 135.924425, "url": "https://www.iryou.teikyouseido.mhlw.go.jp/znk-web/juminkanja/S2430/initialize?prefCd=25&kikanCd=7250001070&kikanKbn=5", "url2": null, "内容": "株式会社おくやま薬局【5:薬局】滋賀県大津市大将軍一丁目１３番地７号" }, "geometry": { "type": "Point", "coordinates": [ 135.924425, 34.993239 ] } },
{ "type": "Feature", "properties": { "ID": 2557250001120, "正式名称": "株式会社　永寿薬局", "機関区分": 5, "都道府県コード": 25, "市区町村コード": 210, "所在地": "滋賀県野洲市小篠原２２１５", "緯度": 35.067943, "経度": 136.023695, "url": "https://www.iryou.teikyouseido.mhlw.go.jp/znk-web/juminkanja/S2430/initialize?prefCd=25&kikanCd=7250001120&kikanKbn=5", "url2": "https://eiju-yakkyoku.com/", "内容": "株式会社　永寿薬局【5:薬局】滋賀県野洲市小篠原２２１５" }, "geometry": { "type": "Point", "coordinates": [ 136.023695, 35.067943 ] } },
{ "type": "Feature", "properties": { "ID": 2557250001140, "正式名称": "南笠薬局", "機関区分": 5, "都道府県コード": 25, "市区町村コード": 206, "所在地": "滋賀県草津市南笠東二丁目７ー３３", "緯度": 34.993822, "経度": 135.939703, "url": "https://www.iryou.teikyouseido.mhlw.go.jp/znk-web/juminkanja/S2430/initialize?prefCd=25&kikanCd=7250001140&kikanKbn=5", "url2": null, "内容": "南笠薬局【5:薬局】滋賀県草津市南笠東二丁目７ー３３" }, "geometry": { "type": "Point", "coordinates": [ 135.939703, 34.993822 ] } },
{ "type": "Feature", "properties": { "ID": 2557250001200, "正式名称": "長谷川薬局", "機関区分": 5, "都道府県コード": 25, "市区町村コード": 206, "所在地": "滋賀県草津市平井一丁目４ー２５", "緯度": 35.030739, "経度": 135.962453, "url": "https://www.iryou.teikyouseido.mhlw.go.jp/znk-web/juminkanja/S2430/initialize?prefCd=25&kikanCd=7250001200&kikanKbn=5", "url2": null, "内容": "長谷川薬局【5:薬局】滋賀県草津市平井一丁目４ー２５" }, "geometry": { "type": "Point", "coordinates": [ 135.962453, 35.030739 ] } },
{ "type": "Feature", "properties": { "ID": 2557250001230, "正式名称": "ＡＢＣ薬局", "機関区分": 5, "都道府県コード": 25, "市区町村コード": 208, "所在地": "滋賀県栗東市霊仙寺二丁目１－３２", "緯度": 35.03712, "経度": 135.972384, "url": "https://www.iryou.teikyouseido.mhlw.go.jp/znk-web/juminkanja/S2430/initialize?prefCd=25&kikanCd=7250001230&kikanKbn=5", "url2": null, "内容": "ＡＢＣ薬局【5:薬局】滋賀県栗東市霊仙寺二丁目１－３２" }, "geometry": { "type": "Point", "coordinates": [ 135.972384, 35.03712 ] } },
{ "type": "Feature", "properties": { "ID": 2557250001260, "正式名称": "有限会社扇庄薬局　守山店", "機関区分": 5, "都道府県コード": 25, "市区町村コード": 207, "所在地": "滋賀県守山市守山六丁目１－２２", "緯度": 35.060487, "経度": 135.993882, "url": "https://www.iryou.teikyouseido.mhlw.go.jp/znk-web/juminkanja/S2430/initialize?prefCd=25&kikanCd=7250001260&kikanKbn=5", "url2": "https://www.big-advance.site/s/135/1490", "内容": "有限会社扇庄薬局　守山店【5:薬局】滋賀県守山市守山六丁目１－２２" }, "geometry": { "type": "Point", "coordinates": [ 135.993882, 35.060487 ] } },
{ "type": "Feature", "properties": { "ID": 2557250001280, "正式名称": "油定薬局", "機関区分": 5, "都道府県コード": 25, "市区町村コード": 210, "所在地": "滋賀県野洲市永原５１７", "緯度": 35.085378, "経度": 136.039453, "url": "https://www.iryou.teikyouseido.mhlw.go.jp/znk-web/juminkanja/S2430/initialize?prefCd=25&kikanCd=7250001280&kikanKbn=5", "url2": "http://www.ne.jp/asahi/aburasada/top/", "内容": "油定薬局【5:薬局】滋賀県野洲市永原５１７" }, "geometry": { "type": "Point", "coordinates": [ 136.039453, 35.085378 ] } },
{ "type": "Feature", "properties": { "ID": 2557250001290, "正式名称": "誠心堂薬局", "機関区分": 5, "都道府県コード": 25, "市区町村コード": 207, "所在地": "滋賀県守山市伊勢町４５１－１３４", "緯度": 35.04251, "経度": 135.983086, "url": "https://www.iryou.teikyouseido.mhlw.go.jp/znk-web/juminkanja/S2430/initialize?prefCd=25&kikanCd=7250001290&kikanKbn=5", "url2": null, "内容": "誠心堂薬局【5:薬局】滋賀県守山市伊勢町４５１－１３４" }, "geometry": { "type": "Point", "coordinates": [ 135.983086, 35.04251 ] } },
{ "type": "Feature", "properties": { "ID": 2557250001340, "正式名称": "滋賀県薬剤師会　会営薬局", "機関区分": 5, "都道府県コード": 25, "市区町村コード": 206, "所在地": "滋賀県草津市笠山七丁目４－５２", "緯度": 34.975656, "経度": 135.954703, "url": "https://www.iryou.teikyouseido.mhlw.go.jp/znk-web/juminkanja/S2430/initialize?prefCd=25&kikanCd=7250001340&kikanKbn=5", "url2": "http://www.shigayaku.jp/", "内容": "滋賀県薬剤師会　会営薬局【5:薬局】滋賀県草津市笠山七丁目４－５２" }, "geometry": { "type": "Point", "coordinates": [ 135.954703, 34.975656 ] } },
{ "type": "Feature", "properties": { "ID": 2557250001370, "正式名称": "ティエス調剤薬局　守山店", "機関区分": 5, "都道府県コード": 25, "市区町村コード": 207, "所在地": "滋賀県守山市浮気町３００－１５グランドメゾン１０２", "緯度": 35.052211, "経度": 135.998286, "url": "https://www.iryou.teikyouseido.mhlw.go.jp/znk-web/juminkanja/S2430/initialize?prefCd=25&kikanCd=7250001370&kikanKbn=5", "url2": "http://tsplan.co.jp", "内容": "ティエス調剤薬局　守山店【5:薬局】滋賀県守山市浮気町３００－１５グランドメゾン１０２" }, "geometry": { "type": "Point", "coordinates": [ 135.998286, 35.052211 ] } },
{ "type": "Feature", "properties": { "ID": 2557250001380, "正式名称": "アルファー薬局", "機関区分": 5, "都道府県コード": 25, "市区町村コード": 210, "所在地": "滋賀県野洲市小篠原１１１１－１", "緯度": 35.064794, "経度": 136.022675, "url": "https://www.iryou.teikyouseido.mhlw.go.jp/znk-web/juminkanja/S2430/initialize?prefCd=25&kikanCd=7250001380&kikanKbn=5", "url2": null, "内容": "アルファー薬局【5:薬局】滋賀県野洲市小篠原１１１１－１" }, "geometry": { "type": "Point", "coordinates": [ 136.022675, 35.064794 ] } },
{ "type": "Feature", "properties": { "ID": 2557250001400, "正式名称": "スマイル薬局", "機関区分": 5, "都道府県コード": 25, "市区町村コード": 208, "所在地": "滋賀県栗東市小柿六丁目１ー４１ー１ー１", "緯度": 35.023125, "経度": 135.971112, "url": "https://www.iryou.teikyouseido.mhlw.go.jp/znk-web/juminkanja/S2430/initialize?prefCd=25&kikanCd=7250001400&kikanKbn=5", "url2": "https://ymg.ne.jp", "内容": "スマイル薬局【5:薬局】滋賀県栗東市小柿六丁目１ー４１ー１ー１" }, "geometry": { "type": "Point", "coordinates": [ 135.971112, 35.023125 ] } },
{ "type": "Feature", "properties": { "ID": 2557250001410, "正式名称": "リブラ薬局", "機関区分": 5, "都道府県コード": 25, "市区町村コード": 206, "所在地": "滋賀県草津市大路一丁目６－１６", "緯度": 35.019489, "経度": 135.961703, "url": "https://www.iryou.teikyouseido.mhlw.go.jp/znk-web/juminkanja/S2430/initialize?prefCd=25&kikanCd=7250001410&kikanKbn=5", "url2": "http://libra-sa.co.jp", "内容": "リブラ薬局【5:薬局】滋賀県草津市大路一丁目６－１６" }, "geometry": { "type": "Point", "coordinates": [ 135.961703, 35.019489 ] } },
{ "type": "Feature", "properties": { "ID": 2557250001490, "正式名称": "ティエス調剤薬局　南草津店", "機関区分": 5, "都道府県コード": 25, "市区町村コード": 206, "所在地": "滋賀県草津市野路一丁目６－５", "緯度": 35.004711, "経度": 135.948842, "url": "https://www.iryou.teikyouseido.mhlw.go.jp/znk-web/juminkanja/S2430/initialize?prefCd=25&kikanCd=7250001490&kikanKbn=5", "url2": null, "内容": "ティエス調剤薬局　南草津店【5:薬局】滋賀県草津市野路一丁目６－５" }, "geometry": { "type": "Point", "coordinates": [ 135.948842, 35.004711 ] } },
{ "type": "Feature", "properties": { "ID": 2557250001500, "正式名称": "ティエス調剤薬局　野路店", "機関区分": 5, "都道府県コード": 25, "市区町村コード": 206, "所在地": "滋賀県草津市野路５丁目４－１", "緯度": 35.001767, "経度": 135.951147, "url": "https://www.iryou.teikyouseido.mhlw.go.jp/znk-web/juminkanja/S2430/initialize?prefCd=25&kikanCd=7250001500&kikanKbn=5", "url2": null, "内容": "ティエス調剤薬局　野路店【5:薬局】滋賀県草津市野路５丁目４－１" }, "geometry": { "type": "Point", "coordinates": [ 135.951147, 35.001767 ] } },
{ "type": "Feature", "properties": { "ID": 2557250001510, "正式名称": "ティエス調剤薬局　野村店", "機関区分": 5, "都道府県コード": 25, "市区町村コード": 206, "所在地": "滋賀県草津市野村八丁目９－３８", "緯度": 35.031544, "経度": 135.955675, "url": "https://www.iryou.teikyouseido.mhlw.go.jp/znk-web/juminkanja/S2430/initialize?prefCd=25&kikanCd=7250001510&kikanKbn=5", "url2": "http://www.tsplan.co.jp/", "内容": "ティエス調剤薬局　野村店【5:薬局】滋賀県草津市野村八丁目９－３８" }, "geometry": { "type": "Point", "coordinates": [ 135.955675, 35.031544 ] } },
{ "type": "Feature", "properties": { "ID": 2557250001520, "正式名称": "スズキ調剤薬局　大宝店", "機関区分": 5, "都道府県コード": 25, "市区町村コード": 208, "所在地": "滋賀県栗東市霊仙寺一丁目２－１９　ＥＳＰＯ栗東１Ｆ", "緯度": 35.037462, "経度": 135.973279, "url": "https://www.iryou.teikyouseido.mhlw.go.jp/znk-web/juminkanja/S2430/initialize?prefCd=25&kikanCd=7250001520&kikanKbn=5", "url2": "http://www.suzukiph.co.jp", "内容": "スズキ調剤薬局　大宝店【5:薬局】滋賀県栗東市霊仙寺一丁目２－１９　ＥＳＰＯ栗東１Ｆ" }, "geometry": { "type": "Point", "coordinates": [ 135.973279, 35.037462 ] } },
{ "type": "Feature", "properties": { "ID": 2557250001550, "正式名称": "ふれあい薬局", "機関区分": 5, "都道府県コード": 25, "市区町村コード": 207, "所在地": "滋賀県守山市守山四丁目１３－２", "緯度": 35.061239, "経度": 135.992397, "url": "https://www.iryou.teikyouseido.mhlw.go.jp/znk-web/juminkanja/S2430/initialize?prefCd=25&kikanCd=7250001550&kikanKbn=5", "url2": "http://www.kinkiyoken.co.jp/", "内容": "ふれあい薬局【5:薬局】滋賀県守山市守山四丁目１３－２" }, "geometry": { "type": "Point", "coordinates": [ 135.992397, 35.061239 ] } },
{ "type": "Feature", "properties": { "ID": 2557250001570, "正式名称": "大野養真堂薬局大林店", "機関区分": 5, "都道府県コード": 25, "市区町村コード": 207, "所在地": "滋賀県守山市大林町２１４ー１", "緯度": 35.059267, "経度": 135.966481, "url": "https://www.iryou.teikyouseido.mhlw.go.jp/znk-web/juminkanja/S2430/initialize?prefCd=25&kikanCd=7250001570&kikanKbn=5", "url2": null, "内容": "大野養真堂薬局大林店【5:薬局】滋賀県守山市大林町２１４ー１" }, "geometry": { "type": "Point", "coordinates": [ 135.966481, 35.059267 ] } },
{ "type": "Feature", "properties": { "ID": 2557250001600, "正式名称": "あけとみ薬局", "機関区分": 5, "都道府県コード": 25, "市区町村コード": 207, "所在地": "滋賀県守山市木浜町１６７０－３", "緯度": 35.098461, "経度": 135.950508, "url": "https://www.iryou.teikyouseido.mhlw.go.jp/znk-web/juminkanja/S2430/initialize?prefCd=25&kikanCd=7250001600&kikanKbn=5", "url2": null, "内容": "あけとみ薬局【5:薬局】滋賀県守山市木浜町１６７０－３" }, "geometry": { "type": "Point", "coordinates": [ 135.950508, 35.098461 ] } },
{ "type": "Feature", "properties": { "ID": 2557250001620, "正式名称": "スマイル薬局　野洲店", "機関区分": 5, "都道府県コード": 25, "市区町村コード": 210, "所在地": "滋賀県野洲市市三宅", "緯度": 35.068878, "経度": 136.018592, "url": "https://www.iryou.teikyouseido.mhlw.go.jp/znk-web/juminkanja/S2430/initialize?prefCd=25&kikanCd=7250001620&kikanKbn=5", "url2": "https://ymg.ne.jp/", "内容": "スマイル薬局　野洲店【5:薬局】滋賀県野洲市市三宅" }, "geometry": { "type": "Point", "coordinates": [ 136.018592, 35.068878 ] } },
{ "type": "Feature", "properties": { "ID": 2557250001650, "正式名称": "ヤクゴ薬局　守山店", "機関区分": 5, "都道府県コード": 25, "市区町村コード": 207, "所在地": "滋賀県守山市洲本町１２５６－７", "緯度": 35.08865, "経度": 135.971, "url": "https://www.iryou.teikyouseido.mhlw.go.jp/znk-web/juminkanja/S2430/initialize?prefCd=25&kikanCd=7250001650&kikanKbn=5", "url2": "https://pharmaster.co.jp", "内容": "ヤクゴ薬局　守山店【5:薬局】滋賀県守山市洲本町１２５６－７" }, "geometry": { "type": "Point", "coordinates": [ 135.971, 35.08865 ] } },
{ "type": "Feature", "properties": { "ID": 2557250001660, "正式名称": "もも薬局　穴村店", "機関区分": 5, "都道府県コード": 25, "市区町村コード": 206, "所在地": "滋賀県草津市穴村町３１４－１", "緯度": 35.048461, "経度": 135.947647, "url": "https://www.iryou.teikyouseido.mhlw.go.jp/znk-web/juminkanja/S2430/initialize?prefCd=25&kikanCd=7250001660&kikanKbn=5", "url2": "http://meron-net.shop/ds/momoanamura", "内容": "もも薬局　穴村店【5:薬局】滋賀県草津市穴村町３１４－１" }, "geometry": { "type": "Point", "coordinates": [ 135.947647, 35.048461 ] } },
{ "type": "Feature", "properties": { "ID": 2557250001670, "正式名称": "ドリーム薬局　南草津店", "機関区分": 5, "都道府県コード": 25, "市区町村コード": 206, "所在地": "滋賀県草津市野路一丁目６番５号", "緯度": 35.004933, "経度": 135.949008, "url": "https://www.iryou.teikyouseido.mhlw.go.jp/znk-web/juminkanja/S2430/initialize?prefCd=25&kikanCd=7250001670&kikanKbn=5", "url2": "https://www.tsplan.co.jp/store/shiga#images-14", "内容": "ドリーム薬局　南草津店【5:薬局】滋賀県草津市野路一丁目６番５号" }, "geometry": { "type": "Point", "coordinates": [ 135.949008, 35.004933 ] } },
{ "type": "Feature", "properties": { "ID": 2557250001700, "正式名称": "ササ薬局　野洲店", "機関区分": 5, "都道府県コード": 25, "市区町村コード": 210, "所在地": "滋賀県野洲市小篠原１２６６", "緯度": 35.066211, "経度": 136.026675, "url": "https://www.iryou.teikyouseido.mhlw.go.jp/znk-web/juminkanja/S2430/initialize?prefCd=25&kikanCd=7250001700&kikanKbn=5", "url2": "https://r.goope.jp/sasap/", "内容": "ササ薬局　野洲店【5:薬局】滋賀県野洲市小篠原１２６６" }, "geometry": { "type": "Point", "coordinates": [ 136.026675, 35.066211 ] } },
{ "type": "Feature", "properties": { "ID": 2557250001720, "正式名称": "オードリー薬局", "機関区分": 5, "都道府県コード": 25, "市区町村コード": 208, "所在地": "滋賀県栗東市小野８８１－３", "緯度": 35.025628, "経度": 136.009092, "url": "https://www.iryou.teikyouseido.mhlw.go.jp/znk-web/juminkanja/S2430/initialize?prefCd=25&kikanCd=7250001720&kikanKbn=5", "url2": null, "内容": "オードリー薬局【5:薬局】滋賀県栗東市小野８８１－３" }, "geometry": { "type": "Point", "coordinates": [ 136.009092, 35.025628 ] } },
{ "type": "Feature", "properties": { "ID": 2557250001750, "正式名称": "パスカル薬局", "機関区分": 5, "都道府県コード": 25, "市区町村コード": 206, "所在地": "滋賀県草津市大路一丁目１１－１６", "緯度": 35.021822, "経度": 135.963675, "url": "https://www.iryou.teikyouseido.mhlw.go.jp/znk-web/juminkanja/S2430/initialize?prefCd=25&kikanCd=7250001750&kikanKbn=5", "url2": "http://www.eonet.ne.jp/~pascal21/", "内容": "パスカル薬局【5:薬局】滋賀県草津市大路一丁目１１－１６" }, "geometry": { "type": "Point", "coordinates": [ 135.963675, 35.021822 ] } },
{ "type": "Feature", "properties": { "ID": 2557250001770, "正式名称": "小島薬局", "機関区分": 5, "都道府県コード": 25, "市区町村コード": 207, "所在地": "滋賀県守山市勝部一丁目１－２１－１０２　小島ビル", "緯度": 35.050211, "経度": 135.994842, "url": "https://www.iryou.teikyouseido.mhlw.go.jp/znk-web/juminkanja/S2430/initialize?prefCd=25&kikanCd=7250001770&kikanKbn=5", "url2": "http://www.e-classa.net/kojima-pharmacy", "内容": "小島薬局【5:薬局】滋賀県守山市勝部一丁目１－２１－１０２　小島ビル" }, "geometry": { "type": "Point", "coordinates": [ 135.994842, 35.050211 ] } },
{ "type": "Feature", "properties": { "ID": 2557250001850, "正式名称": "すこやか薬局", "機関区分": 5, "都道府県コード": 25, "市区町村コード": 207, "所在地": "滋賀県守山市守山五丁目６－５３", "緯度": 35.062656, "経度": 135.988925, "url": "https://www.iryou.teikyouseido.mhlw.go.jp/znk-web/juminkanja/S2430/initialize?prefCd=25&kikanCd=7250001850&kikanKbn=5", "url2": "https://www.fureai-yakkyoku.jp/", "内容": "すこやか薬局【5:薬局】滋賀県守山市守山五丁目６－５３" }, "geometry": { "type": "Point", "coordinates": [ 135.988925, 35.062656 ] } },
{ "type": "Feature", "properties": { "ID": 2557250001860, "正式名称": "たんぽぽ薬局　守山店", "機関区分": 5, "都道府県コード": 25, "市区町村コード": 207, "所在地": "滋賀県守山市守山五丁目５－２７", "緯度": 35.062322, "経度": 135.988981, "url": "https://www.iryou.teikyouseido.mhlw.go.jp/znk-web/juminkanja/S2430/initialize?prefCd=25&kikanCd=7250001860&kikanKbn=5", "url2": "http://www.tanpopo-ph.co.jp/", "内容": "たんぽぽ薬局　守山店【5:薬局】滋賀県守山市守山五丁目５－２７" }, "geometry": { "type": "Point", "coordinates": [ 135.988981, 35.062322 ] } },
{ "type": "Feature", "properties": { "ID": 2557250001870, "正式名称": "プラス薬局", "機関区分": 5, "都道府県コード": 25, "市区町村コード": 206, "所在地": "滋賀県草津市若草五丁目１３－３", "緯度": 34.985406, "経度": 135.971147, "url": "https://www.iryou.teikyouseido.mhlw.go.jp/znk-web/juminkanja/S2430/initialize?prefCd=25&kikanCd=7250001870&kikanKbn=5", "url2": "http://www.e-classa.net/plus/", "内容": "プラス薬局【5:薬局】滋賀県草津市若草五丁目１３－３" }, "geometry": { "type": "Point", "coordinates": [ 135.971147, 34.985406 ] } },
{ "type": "Feature", "properties": { "ID": 2557250001880, "正式名称": "スギ薬局　守山店", "機関区分": 5, "都道府県コード": 25, "市区町村コード": 207, "所在地": "滋賀県守山市吉身三丁目１４－３０", "緯度": 35.061878, "経度": 135.996147, "url": "https://www.iryou.teikyouseido.mhlw.go.jp/znk-web/juminkanja/S2430/initialize?prefCd=25&kikanCd=7250001880&kikanKbn=5", "url2": "http://www.drug-sugi.co.jp/", "内容": "スギ薬局　守山店【5:薬局】滋賀県守山市吉身三丁目１４－３０" }, "geometry": { "type": "Point", "coordinates": [ 135.996147, 35.061878 ] } },
{ "type": "Feature", "properties": { "ID": 2557250001900, "正式名称": "調剤薬局しづ", "機関区分": 5, "都道府県コード": 25, "市区町村コード": 206, "所在地": "滋賀県草津市青地町４９６－３", "緯度": 35.003739, "経度": 135.978425, "url": "https://www.iryou.teikyouseido.mhlw.go.jp/znk-web/juminkanja/S2430/initialize?prefCd=25&kikanCd=7250001900&kikanKbn=5", "url2": null, "内容": "調剤薬局しづ【5:薬局】滋賀県草津市青地町４９６－３" }, "geometry": { "type": "Point", "coordinates": [ 135.978425, 35.003739 ] } },
{ "type": "Feature", "properties": { "ID": 2557250001930, "正式名称": "あおぞら調剤薬局　上笠店", "機関区分": 5, "都道府県コード": 25, "市区町村コード": 206, "所在地": "滋賀県草津市上笠三丁目２７－２１", "緯度": 35.029128, "経度": 135.942203, "url": "https://www.iryou.teikyouseido.mhlw.go.jp/znk-web/juminkanja/S2430/initialize?prefCd=25&kikanCd=7250001930&kikanKbn=5", "url2": null, "内容": "あおぞら調剤薬局　上笠店【5:薬局】滋賀県草津市上笠三丁目２７－２１" }, "geometry": { "type": "Point", "coordinates": [ 135.942203, 35.029128 ] } },
{ "type": "Feature", "properties": { "ID": 2557250001950, "正式名称": "あおぞら調剤薬局　大路店", "機関区分": 5, "都道府県コード": 25, "市区町村コード": 206, "所在地": "滋賀県草津市大路一丁目１５－４３　１Ｆ", "緯度": 35.020739, "経度": 135.963119, "url": "https://www.iryou.teikyouseido.mhlw.go.jp/znk-web/juminkanja/S2430/initialize?prefCd=25&kikanCd=7250001950&kikanKbn=5", "url2": null, "内容": "あおぞら調剤薬局　大路店【5:薬局】滋賀県草津市大路一丁目１５－４３　１Ｆ" }, "geometry": { "type": "Point", "coordinates": [ 135.963119, 35.020739 ] } },
{ "type": "Feature", "properties": { "ID": 2557250001980, "正式名称": "なの花薬局　草津野村店", "機関区分": 5, "都道府県コード": 25, "市区町村コード": 206, "所在地": "滋賀県草津市野村六丁目１－３コンフォーレＴ１　１Ｆ", "緯度": 35.026554, "経度": 135.95452, "url": "https://www.iryou.teikyouseido.mhlw.go.jp/znk-web/juminkanja/S2430/initialize?prefCd=25&kikanCd=7250001980&kikanKbn=5", "url2": "https://www.nanohana-ph.jp/shop/kinki/shiga/kusatsu/waniyakkyokunomura.php", "内容": "なの花薬局　草津野村店【5:薬局】滋賀県草津市野村六丁目１－３コンフォーレＴ１　１Ｆ" }, "geometry": { "type": "Point", "coordinates": [ 135.95452, 35.026554 ] } },
{ "type": "Feature", "properties": { "ID": 2557250001990, "正式名称": "ムラセ薬局南草津店", "機関区分": 5, "都道府県コード": 25, "市区町村コード": 206, "所在地": "滋賀県草津市野路一丁目１４番４７号", "緯度": 35.003619, "経度": 135.948473, "url": "https://www.iryou.teikyouseido.mhlw.go.jp/znk-web/juminkanja/S2430/initialize?prefCd=25&kikanCd=7250001990&kikanKbn=5", "url2": "http://www.murase-group.jp/", "内容": "ムラセ薬局南草津店【5:薬局】滋賀県草津市野路一丁目１４番４７号" }, "geometry": { "type": "Point", "coordinates": [ 135.948473, 35.003619 ] } },
{ "type": "Feature", "properties": { "ID": 2557250002000, "正式名称": "みのり薬局", "機関区分": 5, "都道府県コード": 25, "市区町村コード": 208, "所在地": "滋賀県栗東市野尻４４０－４", "緯度": 35.034839, "経度": 135.986136, "url": "https://www.iryou.teikyouseido.mhlw.go.jp/znk-web/juminkanja/S2430/initialize?prefCd=25&kikanCd=7250002000&kikanKbn=5", "url2": "http://www.minori-ph.com", "内容": "みのり薬局【5:薬局】滋賀県栗東市野尻４４０－４" }, "geometry": { "type": "Point", "coordinates": [ 135.986136, 35.034839 ] } },
{ "type": "Feature", "properties": { "ID": 2557250002010, "正式名称": "ユタカ調剤薬局守山２", "機関区分": 5, "都道府県コード": 25, "市区町村コード": 207, "所在地": "滋賀県守山市金森町字赤塚９６３", "緯度": 35.059794, "経度": 135.984342, "url": "https://www.iryou.teikyouseido.mhlw.go.jp/znk-web/juminkanja/S2430/initialize?prefCd=25&kikanCd=7250002010&kikanKbn=5", "url2": null, "内容": "ユタカ調剤薬局守山２【5:薬局】滋賀県守山市金森町字赤塚９６３" }, "geometry": { "type": "Point", "coordinates": [ 135.984342, 35.059794 ] } },
{ "type": "Feature", "properties": { "ID": 2557250002030, "正式名称": "スズキ薬局　栗東店", "機関区分": 5, "都道府県コード": 25, "市区町村コード": 208, "所在地": "滋賀県栗東市安養寺一丁目１番２０ー１０２号", "緯度": 35.023517, "経度": 135.998851, "url": "https://www.iryou.teikyouseido.mhlw.go.jp/znk-web/juminkanja/S2430/initialize?prefCd=25&kikanCd=7250002030&kikanKbn=5", "url2": "http://suzukiph.co.jp", "内容": "スズキ薬局　栗東店【5:薬局】滋賀県栗東市安養寺一丁目１番２０ー１０２号" }, "geometry": { "type": "Point", "coordinates": [ 135.998851, 35.023517 ] } },
{ "type": "Feature", "properties": { "ID": 2557250002050, "正式名称": "ハーモニー薬局", "機関区分": 5, "都道府県コード": 25, "市区町村コード": 207, "所在地": "滋賀県守山市吉身三丁目１７－２９", "緯度": 35.060794, "経度": 135.998175, "url": "https://www.iryou.teikyouseido.mhlw.go.jp/znk-web/juminkanja/S2430/initialize?prefCd=25&kikanCd=7250002050&kikanKbn=5", "url2": "http://www.e-classa.net/harmony-pharmacy/", "内容": "ハーモニー薬局【5:薬局】滋賀県守山市吉身三丁目１７－２９" }, "geometry": { "type": "Point", "coordinates": [ 135.998175, 35.060794 ] } },
{ "type": "Feature", "properties": { "ID": 2557250002080, "正式名称": "リブラ薬局　大路店", "機関区分": 5, "都道府県コード": 25, "市区町村コード": 206, "所在地": "滋賀県草津市大路二丁目１０－８", "緯度": 35.020791, "経度": 135.967224, "url": "https://www.iryou.teikyouseido.mhlw.go.jp/znk-web/juminkanja/S2430/initialize?prefCd=25&kikanCd=7250002080&kikanKbn=5", "url2": "http://libra-sa.co.jp", "内容": "リブラ薬局　大路店【5:薬局】滋賀県草津市大路二丁目１０－８" }, "geometry": { "type": "Point", "coordinates": [ 135.967224, 35.020791 ] } },
{ "type": "Feature", "properties": { "ID": 2557250002090, "正式名称": "ハーモニー薬局・野洲店", "機関区分": 5, "都道府県コード": 25, "市区町村コード": 210, "所在地": "滋賀県野洲市冨波甲１０８７－３", "緯度": 35.083433, "経度": 136.034508, "url": "https://www.iryou.teikyouseido.mhlw.go.jp/znk-web/juminkanja/S2430/initialize?prefCd=25&kikanCd=7250002090&kikanKbn=5", "url2": "http://www.e-classa.net/harmony-yasu/", "内容": "ハーモニー薬局・野洲店【5:薬局】滋賀県野洲市冨波甲１０８７－３" }, "geometry": { "type": "Point", "coordinates": [ 136.034508, 35.083433 ] } },
{ "type": "Feature", "properties": { "ID": 2557250002100, "正式名称": "サン調剤薬局", "機関区分": 5, "都道府県コード": 25, "市区町村コード": 207, "所在地": "滋賀県守山市吉身二丁目６－２３", "緯度": 35.058822, "経度": 135.995203, "url": "https://www.iryou.teikyouseido.mhlw.go.jp/znk-web/juminkanja/S2430/initialize?prefCd=25&kikanCd=7250002100&kikanKbn=5", "url2": "https://sun-ph.jp/", "内容": "サン調剤薬局【5:薬局】滋賀県守山市吉身二丁目６－２３" }, "geometry": { "type": "Point", "coordinates": [ 135.995203, 35.058822 ] } },
{ "type": "Feature", "properties": { "ID": 2557250002160, "正式名称": "有限会社ひまわり薬局", "機関区分": 5, "都道府県コード": 25, "市区町村コード": 209, "所在地": "滋賀県甲賀市水口町虫生野中央８０－２", "緯度": 34.952433, "経度": 136.156175, "url": "https://www.iryou.teikyouseido.mhlw.go.jp/znk-web/juminkanja/S2430/initialize?prefCd=25&kikanCd=7250002160&kikanKbn=5", "url2": "http://www.himawari-ph.co.jp", "内容": "有限会社ひまわり薬局【5:薬局】滋賀県甲賀市水口町虫生野中央８０－２" }, "geometry": { "type": "Point", "coordinates": [ 136.156175, 34.952433 ] } },
{ "type": "Feature", "properties": { "ID": 2557250002170, "正式名称": "城山薬局", "機関区分": 5, "都道府県コード": 25, "市区町村コード": 209, "所在地": "滋賀県甲賀市信楽町長野６２３－３　平和堂信楽店内", "緯度": 34.873767, "経度": 136.049592, "url": "https://www.iryou.teikyouseido.mhlw.go.jp/znk-web/juminkanja/S2430/initialize?prefCd=25&kikanCd=7250002170&kikanKbn=5", "url2": "https://www.marinegroup.jp/", "内容": "城山薬局【5:薬局】滋賀県甲賀市信楽町長野６２３－３　平和堂信楽店内" }, "geometry": { "type": "Point", "coordinates": [ 136.049592, 34.873767 ] } },
{ "type": "Feature", "properties": { "ID": 2557250002240, "正式名称": "サカイ薬局", "機関区分": 5, "都道府県コード": 25, "市区町村コード": 209, "所在地": "滋賀県甲賀市水口町虫生野１０３１", "緯度": 34.950874, "経度": 136.154271, "url": "https://www.iryou.teikyouseido.mhlw.go.jp/znk-web/juminkanja/S2430/initialize?prefCd=25&kikanCd=7250002240&kikanKbn=5", "url2": "https://sakai-pharmacy.com/", "内容": "サカイ薬局【5:薬局】滋賀県甲賀市水口町虫生野１０３１" }, "geometry": { "type": "Point", "coordinates": [ 136.154271, 34.950874 ] } },
{ "type": "Feature", "properties": { "ID": 2557250002310, "正式名称": "ササ薬局", "機関区分": 5, "都道府県コード": 25, "市区町村コード": 211, "所在地": "滋賀県湖南市菩提寺西三丁目７－６", "緯度": 35.03836, "経度": 136.060659, "url": "https://www.iryou.teikyouseido.mhlw.go.jp/znk-web/juminkanja/S2430/initialize?prefCd=25&kikanCd=7250002310&kikanKbn=5", "url2": "https://r.goope.jp/sasap/", "内容": "ササ薬局【5:薬局】滋賀県湖南市菩提寺西三丁目７－６" }, "geometry": { "type": "Point", "coordinates": [ 136.060659, 35.03836 ] } },
{ "type": "Feature", "properties": { "ID": 2557250002360, "正式名称": "ひまわり薬局　虫生野店", "機関区分": 5, "都道府県コード": 25, "市区町村コード": 209, "所在地": "滋賀県甲賀市水口町虫生野１１００－１", "緯度": 34.950239, "経度": 136.160314, "url": "https://www.iryou.teikyouseido.mhlw.go.jp/znk-web/juminkanja/S2430/initialize?prefCd=25&kikanCd=7250002360&kikanKbn=5", "url2": "http://www.himawari-ph.co.jp/", "内容": "ひまわり薬局　虫生野店【5:薬局】滋賀県甲賀市水口町虫生野１１００－１" }, "geometry": { "type": "Point", "coordinates": [ 136.160314, 34.950239 ] } },
{ "type": "Feature", "properties": { "ID": 2557250002380, "正式名称": "有限会社　こうなん薬局", "機関区分": 5, "都道府県コード": 25, "市区町村コード": 209, "所在地": "滋賀県甲賀市甲南町葛木１０２５－１", "緯度": 34.927156, "経度": 136.176786, "url": "https://www.iryou.teikyouseido.mhlw.go.jp/znk-web/juminkanja/S2430/initialize?prefCd=25&kikanCd=7250002380&kikanKbn=5", "url2": null, "内容": "有限会社　こうなん薬局【5:薬局】滋賀県甲賀市甲南町葛木１０２５－１" }, "geometry": { "type": "Point", "coordinates": [ 136.176786, 34.927156 ] } },
{ "type": "Feature", "properties": { "ID": 2557250002390, "正式名称": "有限会社福澤薬局", "機関区分": 5, "都道府県コード": 25, "市区町村コード": 211, "所在地": "滋賀県湖南市石部東二丁目５番３７号", "緯度": 35.009794, "経度": 136.063258, "url": "https://www.iryou.teikyouseido.mhlw.go.jp/znk-web/juminkanja/S2430/initialize?prefCd=25&kikanCd=7250002390&kikanKbn=5", "url2": null, "内容": "有限会社福澤薬局【5:薬局】滋賀県湖南市石部東二丁目５番３７号" }, "geometry": { "type": "Point", "coordinates": [ 136.063258, 35.009794 ] } },
{ "type": "Feature", "properties": { "ID": 2557250002400, "正式名称": "ひまわり薬局　水口店", "機関区分": 5, "都道府県コード": 25, "市区町村コード": 209, "所在地": "滋賀県甲賀市水口町西林口４４０番", "緯度": 34.975072, "経度": 136.160703, "url": "https://www.iryou.teikyouseido.mhlw.go.jp/znk-web/juminkanja/S2430/initialize?prefCd=25&kikanCd=7250002400&kikanKbn=5", "url2": "http://www.himawari-ph.co.jp/", "内容": "ひまわり薬局　水口店【5:薬局】滋賀県甲賀市水口町西林口４４０番" }, "geometry": { "type": "Point", "coordinates": [ 136.160703, 34.975072 ] } },
{ "type": "Feature", "properties": { "ID": 2557250002410, "正式名称": "ユタカ調剤薬局水口暁", "機関区分": 5, "都道府県コード": 25, "市区町村コード": 209, "所在地": "滋賀県甲賀市水口町暁５１３３", "緯度": 34.965433, "経度": 136.172119, "url": "https://www.iryou.teikyouseido.mhlw.go.jp/znk-web/juminkanja/S2430/initialize?prefCd=25&kikanCd=7250002410&kikanKbn=5", "url2": null, "内容": "ユタカ調剤薬局水口暁【5:薬局】滋賀県甲賀市水口町暁５１３３" }, "geometry": { "type": "Point", "coordinates": [ 136.172119, 34.965433 ] } },
{ "type": "Feature", "properties": { "ID": 2557250002420, "正式名称": "さいとう調剤薬局", "機関区分": 5, "都道府県コード": 25, "市区町村コード": 209, "所在地": "滋賀県甲賀市水口町水口５５４６－３", "緯度": 34.964378, "経度": 136.173175, "url": "https://www.iryou.teikyouseido.mhlw.go.jp/znk-web/juminkanja/S2430/initialize?prefCd=25&kikanCd=7250002420&kikanKbn=5", "url2": null, "内容": "さいとう調剤薬局【5:薬局】滋賀県甲賀市水口町水口５５４６－３" }, "geometry": { "type": "Point", "coordinates": [ 136.173175, 34.964378 ] } },
{ "type": "Feature", "properties": { "ID": 2557250002430, "正式名称": "さいとう調剤薬局　菩提寺店", "機関区分": 5, "都道府県コード": 25, "市区町村コード": 211, "所在地": "滋賀県湖南市菩提寺西１丁目９－２３－１０２", "緯度": 35.034933, "経度": 136.061897, "url": "https://www.iryou.teikyouseido.mhlw.go.jp/znk-web/juminkanja/S2430/initialize?prefCd=25&kikanCd=7250002430&kikanKbn=5", "url2": "https://saitou-pharmacy.com/", "内容": "さいとう調剤薬局　菩提寺店【5:薬局】滋賀県湖南市菩提寺西１丁目９－２３－１０２" }, "geometry": { "type": "Point", "coordinates": [ 136.061897, 35.034933 ] } },
{ "type": "Feature", "properties": { "ID": 2557250002440, "正式名称": "ひまわり薬局　城南店", "機関区分": 5, "都道府県コード": 25, "市区町村コード": 209, "所在地": "滋賀県甲賀市水口町水口５９６２", "緯度": 34.967711, "経度": 136.163314, "url": "https://www.iryou.teikyouseido.mhlw.go.jp/znk-web/juminkanja/S2430/initialize?prefCd=25&kikanCd=7250002440&kikanKbn=5", "url2": "http://www.himawari-ph.co.jp/", "内容": "ひまわり薬局　城南店【5:薬局】滋賀県甲賀市水口町水口５９６２" }, "geometry": { "type": "Point", "coordinates": [ 136.163314, 34.967711 ] } },
{ "type": "Feature", "properties": { "ID": 2557250002460, "正式名称": "スギ薬局　水口西店", "機関区分": 5, "都道府県コード": 25, "市区町村コード": 209, "所在地": "滋賀県甲賀市水口町北泉二丁目１０", "緯度": 34.983989, "経度": 136.140592, "url": "https://www.iryou.teikyouseido.mhlw.go.jp/znk-web/juminkanja/S2430/initialize?prefCd=25&kikanCd=7250002460&kikanKbn=5", "url2": "http://drug-sugi.co.jp", "内容": "スギ薬局　水口西店【5:薬局】滋賀県甲賀市水口町北泉二丁目１０" }, "geometry": { "type": "Point", "coordinates": [ 136.140592, 34.983989 ] } },
{ "type": "Feature", "properties": { "ID": 2557250002470, "正式名称": "ティエス調剤薬局　甲西店", "機関区分": 5, "都道府県コード": 25, "市区町村コード": 211, "所在地": "滋賀県湖南市正福寺字宮ノ口１３１６－１", "緯度": 35.023406, "経度": 136.073258, "url": "https://www.iryou.teikyouseido.mhlw.go.jp/znk-web/juminkanja/S2430/initialize?prefCd=25&kikanCd=7250002470&kikanKbn=5", "url2": "http://www.tsplan.co.jp", "内容": "ティエス調剤薬局　甲西店【5:薬局】滋賀県湖南市正福寺字宮ノ口１３１６－１" }, "geometry": { "type": "Point", "coordinates": [ 136.073258, 35.023406 ] } },
{ "type": "Feature", "properties": { "ID": 2557250002500, "正式名称": "ユタカ調剤薬局　甲西中央", "機関区分": 5, "都道府県コード": 25, "市区町村コード": 211, "所在地": "滋賀県湖南市中央一丁目４０番地１", "緯度": 35.003284, "経度": 136.083001, "url": "https://www.iryou.teikyouseido.mhlw.go.jp/znk-web/juminkanja/S2430/initialize?prefCd=25&kikanCd=7250002500&kikanKbn=5", "url2": null, "内容": "ユタカ調剤薬局　甲西中央【5:薬局】滋賀県湖南市中央一丁目４０番地１" }, "geometry": { "type": "Point", "coordinates": [ 136.083001, 35.003284 ] } },
{ "type": "Feature", "properties": { "ID": 2557250002510, "正式名称": "おおつぐ薬局　平松店", "機関区分": 5, "都道府県コード": 25, "市区町村コード": 211, "所在地": "滋賀県湖南市平松北二丁目６０　ドリーミィ１Ｆ", "緯度": 35.002664, "経度": 136.080252, "url": "https://www.iryou.teikyouseido.mhlw.go.jp/znk-web/juminkanja/S2430/initialize?prefCd=25&kikanCd=7250002510&kikanKbn=5", "url2": null, "内容": "おおつぐ薬局　平松店【5:薬局】滋賀県湖南市平松北二丁目６０　ドリーミィ１Ｆ" }, "geometry": { "type": "Point", "coordinates": [ 136.080252, 35.002664 ] } },
{ "type": "Feature", "properties": { "ID": 2557250002540, "正式名称": "調剤薬局マリーン　甲賀店", "機関区分": 5, "都道府県コード": 25, "市区町村コード": 209, "所在地": "滋賀県甲賀市土山町大野４０１－３", "緯度": 34.955683, "経度": 136.230064, "url": "https://www.iryou.teikyouseido.mhlw.go.jp/znk-web/juminkanja/S2430/initialize?prefCd=25&kikanCd=7250002540&kikanKbn=5", "url2": null, "内容": "調剤薬局マリーン　甲賀店【5:薬局】滋賀県甲賀市土山町大野４０１－３" }, "geometry": { "type": "Point", "coordinates": [ 136.230064, 34.955683 ] } },
{ "type": "Feature", "properties": { "ID": 2557250002550, "正式名称": "カギヤ薬局", "機関区分": 5, "都道府県コード": 25, "市区町村コード": 213, "所在地": "滋賀県東近江市八日市本町１３－９", "緯度": 35.112044, "経度": 136.196258, "url": "https://www.iryou.teikyouseido.mhlw.go.jp/znk-web/juminkanja/S2430/initialize?prefCd=25&kikanCd=7250002550&kikanKbn=5", "url2": "http://www.kagiya-yakkyoku.co.jp/", "内容": "カギヤ薬局【5:薬局】滋賀県東近江市八日市本町１３－９" }, "geometry": { "type": "Point", "coordinates": [ 136.196258, 35.112044 ] } },
{ "type": "Feature", "properties": { "ID": 2557250002600, "正式名称": "有限会社能登川薬局片山回天堂", "機関区分": 5, "都道府県コード": 25, "市区町村コード": 213, "所在地": "滋賀県東近江市垣見町７８６", "緯度": 35.18035, "経度": 136.167869, "url": "https://www.iryou.teikyouseido.mhlw.go.jp/znk-web/juminkanja/S2430/initialize?prefCd=25&kikanCd=7250002600&kikanKbn=5", "url2": "https://www.kusurinomadoguchi.com/shiga/s125355", "内容": "有限会社能登川薬局片山回天堂【5:薬局】滋賀県東近江市垣見町７８６" }, "geometry": { "type": "Point", "coordinates": [ 136.167869, 35.18035 ] } },
{ "type": "Feature", "properties": { "ID": 2557250002610, "正式名称": "本庄治良堂薬局", "機関区分": 5, "都道府県コード": 25, "市区町村コード": 213, "所在地": "滋賀県東近江市垣見町８００－５", "緯度": 35.181227, "経度": 136.168113, "url": "https://www.iryou.teikyouseido.mhlw.go.jp/znk-web/juminkanja/S2430/initialize?prefCd=25&kikanCd=7250002610&kikanKbn=5", "url2": null, "内容": "本庄治良堂薬局【5:薬局】滋賀県東近江市垣見町８００－５" }, "geometry": { "type": "Point", "coordinates": [ 136.168113, 35.181227 ] } },
{ "type": "Feature", "properties": { "ID": 2557250002620, "正式名称": "アイ薬局", "機関区分": 5, "都道府県コード": 25, "市区町村コード": 213, "所在地": "滋賀県東近江市東沖野三丁目８－７３", "緯度": 35.101267, "経度": 136.210981, "url": "https://www.iryou.teikyouseido.mhlw.go.jp/znk-web/juminkanja/S2430/initialize?prefCd=25&kikanCd=7250002620&kikanKbn=5", "url2": null, "内容": "アイ薬局【5:薬局】滋賀県東近江市東沖野三丁目８－７３" }, "geometry": { "type": "Point", "coordinates": [ 136.210981, 35.101267 ] } },
{ "type": "Feature", "properties": { "ID": 2557250002690, "正式名称": "株式会社シガヤクヒン　北里薬局", "機関区分": 5, "都道府県コード": 25, "市区町村コード": 204, "所在地": "滋賀県近江八幡市十王町３４６－３", "緯度": 35.111044, "経度": 136.054119, "url": "https://www.iryou.teikyouseido.mhlw.go.jp/znk-web/juminkanja/S2430/initialize?prefCd=25&kikanCd=7250002690&kikanKbn=5", "url2": null, "内容": "株式会社シガヤクヒン　北里薬局【5:薬局】滋賀県近江八幡市十王町３４６－３" }, "geometry": { "type": "Point", "coordinates": [ 136.054119, 35.111044 ] } },
{ "type": "Feature", "properties": { "ID": 2557250002730, "正式名称": "薬局ケンコーファーマシー", "機関区分": 5, "都道府県コード": 25, "市区町村コード": 204, "所在地": "滋賀県近江八幡市為心町元１５", "緯度": 35.139323, "経度": 136.090358, "url": "https://www.iryou.teikyouseido.mhlw.go.jp/znk-web/juminkanja/S2430/initialize?prefCd=25&kikanCd=7250002730&kikanKbn=5", "url2": null, "内容": "薬局ケンコーファーマシー【5:薬局】滋賀県近江八幡市為心町元１５" }, "geometry": { "type": "Point", "coordinates": [ 136.090358, 35.139323 ] } },
{ "type": "Feature", "properties": { "ID": 2557250002740, "正式名称": "ツメ薬局", "機関区分": 5, "都道府県コード": 25, "市区町村コード": 204, "所在地": "滋賀県近江八幡市上野町２０－１", "緯度": 35.101267, "経度": 136.073647, "url": "https://www.iryou.teikyouseido.mhlw.go.jp/znk-web/juminkanja/S2430/initialize?prefCd=25&kikanCd=7250002740&kikanKbn=5", "url2": null, "内容": "ツメ薬局【5:薬局】滋賀県近江八幡市上野町２０－１" }, "geometry": { "type": "Point", "coordinates": [ 136.073647, 35.101267 ] } },
{ "type": "Feature", "properties": { "ID": 2557250002770, "正式名称": "みやもと薬局", "機関区分": 5, "都道府県コード": 25, "市区町村コード": 204, "所在地": "滋賀県近江八幡市西生来町１４２４", "緯度": 35.121572, "経度": 136.144286, "url": "https://www.iryou.teikyouseido.mhlw.go.jp/znk-web/juminkanja/S2430/initialize?prefCd=25&kikanCd=7250002770&kikanKbn=5", "url2": "https://meron-net.shop/ds/miyamoto-oumi-pharmacy", "内容": "みやもと薬局【5:薬局】滋賀県近江八幡市西生来町１４２４" }, "geometry": { "type": "Point", "coordinates": [ 136.144286, 35.121572 ] } },
{ "type": "Feature", "properties": { "ID": 2557250002780, "正式名称": "ユタカ調剤薬局　安土", "機関区分": 5, "都道府県コード": 25, "市区町村コード": 204, "所在地": "滋賀県近江八幡市下豊浦４７０５－１", "緯度": 35.146211, "経度": 136.142814, "url": "https://www.iryou.teikyouseido.mhlw.go.jp/znk-web/juminkanja/S2430/initialize?prefCd=25&kikanCd=7250002780&kikanKbn=5", "url2": "http://www.d-yutaka.co.jp/", "内容": "ユタカ調剤薬局　安土【5:薬局】滋賀県近江八幡市下豊浦４７０５－１" }, "geometry": { "type": "Point", "coordinates": [ 136.142814, 35.146211 ] } },
{ "type": "Feature", "properties": { "ID": 2557250002790, "正式名称": "八幡ますだ薬局", "機関区分": 5, "都道府県コード": 25, "市区町村コード": 204, "所在地": "滋賀県近江八幡市鷹飼町南三丁目３－４", "緯度": 35.121822, "経度": 136.105397, "url": "https://www.iryou.teikyouseido.mhlw.go.jp/znk-web/juminkanja/S2430/initialize?prefCd=25&kikanCd=7250002790&kikanKbn=5", "url2": "http://masuda-ph.sakura.ne.jp/", "内容": "八幡ますだ薬局【5:薬局】滋賀県近江八幡市鷹飼町南三丁目３－４" }, "geometry": { "type": "Point", "coordinates": [ 136.105397, 35.121822 ] } },
{ "type": "Feature", "properties": { "ID": 2557250002800, "正式名称": "有限会社フクチ薬局", "機関区分": 5, "都道府県コード": 25, "市区町村コード": 204, "所在地": "滋賀県近江八幡市上豊浦１３８７", "緯度": 35.14485, "経度": 136.132397, "url": "https://www.iryou.teikyouseido.mhlw.go.jp/znk-web/juminkanja/S2430/initialize?prefCd=25&kikanCd=7250002800&kikanKbn=5", "url2": null, "内容": "有限会社フクチ薬局【5:薬局】滋賀県近江八幡市上豊浦１３８７" }, "geometry": { "type": "Point", "coordinates": [ 136.132397, 35.14485 ] } },
{ "type": "Feature", "properties": { "ID": 2557250002810, "正式名称": "ひまわり薬局　近江八幡店", "機関区分": 5, "都道府県コード": 25, "市区町村コード": 204, "所在地": "滋賀県近江八幡市西本郷町東６－６", "緯度": 35.124072, "経度": 136.109536, "url": "https://www.iryou.teikyouseido.mhlw.go.jp/znk-web/juminkanja/S2430/initialize?prefCd=25&kikanCd=7250002810&kikanKbn=5", "url2": "http://www.himawari-ph.co.jp/", "内容": "ひまわり薬局　近江八幡店【5:薬局】滋賀県近江八幡市西本郷町東６－６" }, "geometry": { "type": "Point", "coordinates": [ 136.109536, 35.124072 ] } },
{ "type": "Feature", "properties": { "ID": 2557250002820, "正式名称": "ファースト薬局", "機関区分": 5, "都道府県コード": 25, "市区町村コード": 384, "所在地": "滋賀県蒲生郡竜王町弓削１８２５－２", "緯度": 35.088461, "経度": 136.119258, "url": "https://www.iryou.teikyouseido.mhlw.go.jp/znk-web/juminkanja/S2430/initialize?prefCd=25&kikanCd=7250002820&kikanKbn=5", "url2": "http://www.e-classa.net/first-pharmacy/", "内容": "ファースト薬局【5:薬局】滋賀県蒲生郡竜王町弓削１８２５－２" }, "geometry": { "type": "Point", "coordinates": [ 136.119258, 35.088461 ] } },
{ "type": "Feature", "properties": { "ID": 2557250002840, "正式名称": "ファーマライズ薬局　キクヤ東本町店", "機関区分": 5, "都道府県コード": 25, "市区町村コード": 213, "所在地": "滋賀県東近江市八日市東本町３－１０", "緯度": 35.108388, "経度": 136.204008, "url": "https://www.iryou.teikyouseido.mhlw.go.jp/znk-web/juminkanja/S2430/initialize?prefCd=25&kikanCd=7250002840&kikanKbn=5", "url2": "https://www.pharmarise.com/company/store/store.php?store_id=619", "内容": "ファーマライズ薬局　キクヤ東本町店【5:薬局】滋賀県東近江市八日市東本町３－１０" }, "geometry": { "type": "Point", "coordinates": [ 136.204008, 35.108388 ] } },
{ "type": "Feature", "properties": { "ID": 2557250002850, "正式名称": "あづち薬局", "機関区分": 5, "都道府県コード": 25, "市区町村コード": 204, "所在地": "滋賀県近江八幡市常楽寺４１６", "緯度": 35.142628, "経度": 136.132092, "url": "https://www.iryou.teikyouseido.mhlw.go.jp/znk-web/juminkanja/S2430/initialize?prefCd=25&kikanCd=7250002850&kikanKbn=5", "url2": "http://www.ymg.ne.jp", "内容": "あづち薬局【5:薬局】滋賀県近江八幡市常楽寺４１６" }, "geometry": { "type": "Point", "coordinates": [ 136.132092, 35.142628 ] } },
{ "type": "Feature", "properties": { "ID": 2557250002860, "正式名称": "ふれあい薬局・八日市", "機関区分": 5, "都道府県コード": 25, "市区町村コード": 213, "所在地": "滋賀県東近江市青葉町１－４５", "緯度": 35.105961, "経度": 136.197119, "url": "https://www.iryou.teikyouseido.mhlw.go.jp/znk-web/juminkanja/S2430/initialize?prefCd=25&kikanCd=7250002860&kikanKbn=5", "url2": "http://www.kinkiyoken.co.jp/", "内容": "ふれあい薬局・八日市【5:薬局】滋賀県東近江市青葉町１－４５" }, "geometry": { "type": "Point", "coordinates": [ 136.197119, 35.105961 ] } },
{ "type": "Feature", "properties": { "ID": 2557250002890, "正式名称": "マイン薬局", "機関区分": 5, "都道府県コード": 25, "市区町村コード": 204, "所在地": "滋賀県近江八幡市土田町２６８－４", "緯度": 35.123656, "経度": 136.088703, "url": "https://www.iryou.teikyouseido.mhlw.go.jp/znk-web/juminkanja/S2430/initialize?prefCd=25&kikanCd=7250002890&kikanKbn=5", "url2": null, "内容": "マイン薬局【5:薬局】滋賀県近江八幡市土田町２６８－４" }, "geometry": { "type": "Point", "coordinates": [ 136.088703, 35.123656 ] } },
{ "type": "Feature", "properties": { "ID": 2557250002900, "正式名称": "わたなべ調剤薬局　八日市店", "機関区分": 5, "都道府県コード": 25, "市区町村コード": 213, "所在地": "滋賀県東近江市八日市本町２－７　かわとらビル１Ｆ", "緯度": 35.114267, "経度": 136.196008, "url": "https://www.iryou.teikyouseido.mhlw.go.jp/znk-web/juminkanja/S2430/initialize?prefCd=25&kikanCd=7250002900&kikanKbn=5", "url2": "http://www.drug-w.com", "内容": "わたなべ調剤薬局　八日市店【5:薬局】滋賀県東近江市八日市本町２－７　かわとらビル１Ｆ" }, "geometry": { "type": "Point", "coordinates": [ 136.196008, 35.114267 ] } },
{ "type": "Feature", "properties": { "ID": 2557250002920, "正式名称": "キリン堂薬局　近江八幡店", "機関区分": 5, "都道府県コード": 25, "市区町村コード": 204, "所在地": "滋賀県近江八幡市鷹飼町北一丁目８－３", "緯度": 35.130017, "経度": 136.107147, "url": "https://www.iryou.teikyouseido.mhlw.go.jp/znk-web/juminkanja/S2430/initialize?prefCd=25&kikanCd=7250002920&kikanKbn=5", "url2": "http://www.kirindo.co.jp", "内容": "キリン堂薬局　近江八幡店【5:薬局】滋賀県近江八幡市鷹飼町北一丁目８－３" }, "geometry": { "type": "Point", "coordinates": [ 136.107147, 35.130017 ] } },
{ "type": "Feature", "properties": { "ID": 2557250002930, "正式名称": "有限会社丸山薬局", "機関区分": 5, "都道府県コード": 25, "市区町村コード": 213, "所在地": "滋賀県東近江市山上町９２３－２", "緯度": 35.076822, "経度": 136.300814, "url": "https://www.iryou.teikyouseido.mhlw.go.jp/znk-web/juminkanja/S2430/initialize?prefCd=25&kikanCd=7250002930&kikanKbn=5", "url2": "http://www.myph.jp/f_250003/pc/", "内容": "有限会社丸山薬局【5:薬局】滋賀県東近江市山上町９２３－２" }, "geometry": { "type": "Point", "coordinates": [ 136.300814, 35.076822 ] } },
{ "type": "Feature", "properties": { "ID": 2557250002950, "正式名称": "つじく薬局", "機関区分": 5, "都道府県コード": 25, "市区町村コード": 213, "所在地": "滋賀県東近江市躰光寺町６１０－４", "緯度": 35.186128, "経度": 136.158981, "url": "https://www.iryou.teikyouseido.mhlw.go.jp/znk-web/juminkanja/S2430/initialize?prefCd=25&kikanCd=7250002950&kikanKbn=5", "url2": null, "内容": "つじく薬局【5:薬局】滋賀県東近江市躰光寺町６１０－４" }, "geometry": { "type": "Point", "coordinates": [ 136.158981, 35.186128 ] } },
{ "type": "Feature", "properties": { "ID": 2557250003000, "正式名称": "いづつ薬局", "機関区分": 5, "都道府県コード": 25, "市区町村コード": 204, "所在地": "滋賀県近江八幡市鷹飼町南三丁目４－３", "緯度": 35.122656, "経度": 136.105564, "url": "https://www.iryou.teikyouseido.mhlw.go.jp/znk-web/juminkanja/S2430/initialize?prefCd=25&kikanCd=7250003000&kikanKbn=5", "url2": "http://www.e-classa.net/idutuph/index.html", "内容": "いづつ薬局【5:薬局】滋賀県近江八幡市鷹飼町南三丁目４－３" }, "geometry": { "type": "Point", "coordinates": [ 136.105564, 35.122656 ] } },
{ "type": "Feature", "properties": { "ID": 2557250003020, "正式名称": "ファーマライズ薬局　キクヤ小脇店", "機関区分": 5, "都道府県コード": 25, "市区町村コード": 213, "所在地": "滋賀県東近江市中野町８００－１", "緯度": 35.107172, "経度": 136.187005, "url": "https://www.iryou.teikyouseido.mhlw.go.jp/znk-web/juminkanja/S2430/initialize?prefCd=25&kikanCd=7250003020&kikanKbn=5", "url2": null, "内容": "ファーマライズ薬局　キクヤ小脇店【5:薬局】滋賀県東近江市中野町８００－１" }, "geometry": { "type": "Point", "coordinates": [ 136.187005, 35.107172 ] } },
{ "type": "Feature", "properties": { "ID": 2557250003040, "正式名称": "ファルコ薬局　湖東店", "機関区分": 5, "都道府県コード": 25, "市区町村コード": 213, "所在地": "滋賀県東近江市平松町１１０６番地１", "緯度": 35.145156, "経度": 136.250314, "url": "https://www.iryou.teikyouseido.mhlw.go.jp/znk-web/juminkanja/S2430/initialize?prefCd=25&kikanCd=7250003040&kikanKbn=5", "url2": "http://www.falco-pharm.co.jp", "内容": "ファルコ薬局　湖東店【5:薬局】滋賀県東近江市平松町１１０６番地１" }, "geometry": { "type": "Point", "coordinates": [ 136.250314, 35.145156 ] } },
{ "type": "Feature", "properties": { "ID": 2557250003090, "正式名称": "カギヤ薬局愛東", "機関区分": 5, "都道府県コード": 25, "市区町村コード": 213, "所在地": "滋賀県東近江市妹町１７１－１", "緯度": 35.109162, "経度": 136.260059, "url": "https://www.iryou.teikyouseido.mhlw.go.jp/znk-web/juminkanja/S2430/initialize?prefCd=25&kikanCd=7250003090&kikanKbn=5", "url2": "http://www.kagiya-yakkyoku.co.jp", "内容": "カギヤ薬局愛東【5:薬局】滋賀県東近江市妹町１７１－１" }, "geometry": { "type": "Point", "coordinates": [ 136.260059, 35.109162 ] } },
{ "type": "Feature", "properties": { "ID": 2557250003110, "正式名称": "きしむら調剤薬局", "機関区分": 5, "都道府県コード": 25, "市区町村コード": 383, "所在地": "滋賀県蒲生郡日野町松尾二丁目８８番地３", "緯度": 35.015628, "経度": 136.243397, "url": "https://www.iryou.teikyouseido.mhlw.go.jp/znk-web/juminkanja/S2430/initialize?prefCd=25&kikanCd=7250003110&kikanKbn=5", "url2": "http://www.kishimura-p.com", "内容": "きしむら調剤薬局【5:薬局】滋賀県蒲生郡日野町松尾二丁目８８番地３" }, "geometry": { "type": "Point", "coordinates": [ 136.243397, 35.015628 ] } },
{ "type": "Feature", "properties": { "ID": 2557250003130, "正式名称": "キリン堂調剤薬局近江八幡西店", "機関区分": 5, "都道府県コード": 25, "市区町村コード": 204, "所在地": "滋賀県近江八幡市中村町２８－２", "緯度": 35.127267, "経度": 136.094342, "url": "https://www.iryou.teikyouseido.mhlw.go.jp/znk-web/juminkanja/S2430/initialize?prefCd=25&kikanCd=7250003130&kikanKbn=5", "url2": "https://www.kirindo.co.jp/", "内容": "キリン堂調剤薬局近江八幡西店【5:薬局】滋賀県近江八幡市中村町２８－２" }, "geometry": { "type": "Point", "coordinates": [ 136.094342, 35.127267 ] } },
{ "type": "Feature", "properties": { "ID": 2557250003170, "正式名称": "じゅうおう薬局", "機関区分": 5, "都道府県コード": 25, "市区町村コード": 204, "所在地": "滋賀県近江八幡市十王町８２－４", "緯度": 35.112433, "経度": 136.055314, "url": "https://www.iryou.teikyouseido.mhlw.go.jp/znk-web/juminkanja/S2430/initialize?prefCd=25&kikanCd=7250003170&kikanKbn=5", "url2": null, "内容": "じゅうおう薬局【5:薬局】滋賀県近江八幡市十王町８２－４" }, "geometry": { "type": "Point", "coordinates": [ 136.055314, 35.112433 ] } },
{ "type": "Feature", "properties": { "ID": 2557250003180, "正式名称": "ファーマライズ薬局　キクヤ建部店", "機関区分": 5, "都道府県コード": 25, "市区町村コード": 213, "所在地": "滋賀県東近江市八日市緑町２－８", "緯度": 35.114675, "経度": 136.208901, "url": "https://www.iryou.teikyouseido.mhlw.go.jp/znk-web/juminkanja/S2430/initialize?prefCd=25&kikanCd=7250003180&kikanKbn=5", "url2": "https://www.pharmarise.com", "内容": "ファーマライズ薬局　キクヤ建部店【5:薬局】滋賀県東近江市八日市緑町２－８" }, "geometry": { "type": "Point", "coordinates": [ 136.208901, 35.114675 ] } },
{ "type": "Feature", "properties": { "ID": 2557250003190, "正式名称": "ファーマライズ薬局　キクヤ緑町店", "機関区分": 5, "都道府県コード": 25, "市区町村コード": 213, "所在地": "滋賀県東近江市八日市緑町３－１", "緯度": 35.114419, "経度": 136.207548, "url": "https://www.iryou.teikyouseido.mhlw.go.jp/znk-web/juminkanja/S2430/initialize?prefCd=25&kikanCd=7250003190&kikanKbn=5", "url2": "https://www.pharmarise.com", "内容": "ファーマライズ薬局　キクヤ緑町店【5:薬局】滋賀県東近江市八日市緑町３－１" }, "geometry": { "type": "Point", "coordinates": [ 136.207548, 35.114419 ] } },
{ "type": "Feature", "properties": { "ID": 2557250003200, "正式名称": "いづつ薬局　篠原店", "機関区分": 5, "都道府県コード": 25, "市区町村コード": 204, "所在地": "滋賀県近江八幡市古川町１１９２－７９", "緯度": 35.104711, "経度": 136.070064, "url": "https://www.iryou.teikyouseido.mhlw.go.jp/znk-web/juminkanja/S2430/initialize?prefCd=25&kikanCd=7250003200&kikanKbn=5", "url2": "https://www.e-classa.net/idutu/index.html", "内容": "いづつ薬局　篠原店【5:薬局】滋賀県近江八幡市古川町１１９２－７９" }, "geometry": { "type": "Point", "coordinates": [ 136.070064, 35.104711 ] } },
{ "type": "Feature", "properties": { "ID": 2557250003210, "正式名称": "スズキ調剤薬局　能登川店", "機関区分": 5, "都道府県コード": 25, "市区町村コード": 213, "所在地": "滋賀県東近江市佐野町３９７－１　東陽オアシス能登川１階Ｃ", "緯度": 35.180461, "経度": 136.173508, "url": "https://www.iryou.teikyouseido.mhlw.go.jp/znk-web/juminkanja/S2430/initialize?prefCd=25&kikanCd=7250003210&kikanKbn=5", "url2": "http://suzukiph.co.jp", "内容": "スズキ調剤薬局　能登川店【5:薬局】滋賀県東近江市佐野町３９７－１　東陽オアシス能登川１階Ｃ" }, "geometry": { "type": "Point", "coordinates": [ 136.173508, 35.180461 ] } },
{ "type": "Feature", "properties": { "ID": 2557250003230, "正式名称": "フジイ薬局", "機関区分": 5, "都道府県コード": 25, "市区町村コード": 204, "所在地": "滋賀県近江八幡市千僧供町２６３－４", "緯度": 35.104711, "経度": 136.121342, "url": "https://www.iryou.teikyouseido.mhlw.go.jp/znk-web/juminkanja/S2430/initialize?prefCd=25&kikanCd=7250003230&kikanKbn=5", "url2": "https://fujiiph.com/", "内容": "フジイ薬局【5:薬局】滋賀県近江八幡市千僧供町２６３－４" }, "geometry": { "type": "Point", "coordinates": [ 136.121342, 35.104711 ] } },
{ "type": "Feature", "properties": { "ID": 2557250003270, "正式名称": "有限会社丁子屋薬局", "機関区分": 5, "都道府県コード": 25, "市区町村コード": 202, "所在地": "滋賀県彦根市銀座町４－１８", "緯度": 35.266556, "経度": 136.254868, "url": "https://www.iryou.teikyouseido.mhlw.go.jp/znk-web/juminkanja/S2430/initialize?prefCd=25&kikanCd=7250003270&kikanKbn=5", "url2": null, "内容": "有限会社丁子屋薬局【5:薬局】滋賀県彦根市銀座町４－１８" }, "geometry": { "type": "Point", "coordinates": [ 136.254868, 35.266556 ] } },
{ "type": "Feature", "properties": { "ID": 2557250003360, "正式名称": "吉坂薬局", "機関区分": 5, "都道府県コード": 25, "市区町村コード": 202, "所在地": "滋賀県彦根市本町二丁目２－４", "緯度": 35.271406, "経度": 136.251508, "url": "https://www.iryou.teikyouseido.mhlw.go.jp/znk-web/juminkanja/S2430/initialize?prefCd=25&kikanCd=7250003360&kikanKbn=5", "url2": null, "内容": "吉坂薬局【5:薬局】滋賀県彦根市本町二丁目２－４" }, "geometry": { "type": "Point", "coordinates": [ 136.251508, 35.271406 ] } },
{ "type": "Feature", "properties": { "ID": 2557250003380, "正式名称": "有川薬局", "機関区分": 5, "都道府県コード": 25, "市区町村コード": 202, "所在地": "滋賀県彦根市鳥居本町４２５", "緯度": 35.287017, "経度": 136.284564, "url": "https://www.iryou.teikyouseido.mhlw.go.jp/znk-web/juminkanja/S2430/initialize?prefCd=25&kikanCd=7250003380&kikanKbn=5", "url2": null, "内容": "有川薬局【5:薬局】滋賀県彦根市鳥居本町４２５" }, "geometry": { "type": "Point", "coordinates": [ 136.284564, 35.287017 ] } },
{ "type": "Feature", "properties": { "ID": 2557250003410, "正式名称": "ぷるす調剤薬局", "機関区分": 5, "都道府県コード": 25, "市区町村コード": 202, "所在地": "滋賀県彦根市西今町４１９－１", "緯度": 35.248711, "経度": 136.242119, "url": "https://www.iryou.teikyouseido.mhlw.go.jp/znk-web/juminkanja/S2430/initialize?prefCd=25&kikanCd=7250003410&kikanKbn=5", "url2": "https://purusu419-1.velvet.jp/", "内容": "ぷるす調剤薬局【5:薬局】滋賀県彦根市西今町４１９－１" }, "geometry": { "type": "Point", "coordinates": [ 136.242119, 35.248711 ] } },
{ "type": "Feature", "properties": { "ID": 2557250003450, "正式名称": "大丸屋薬局", "機関区分": 5, "都道府県コード": 25, "市区町村コード": 202, "所在地": "滋賀県彦根市高宮町１８９０", "緯度": 35.236433, "経度": 136.257231, "url": "https://www.iryou.teikyouseido.mhlw.go.jp/znk-web/juminkanja/S2430/initialize?prefCd=25&kikanCd=7250003450&kikanKbn=5", "url2": null, "内容": "大丸屋薬局【5:薬局】滋賀県彦根市高宮町１８９０" }, "geometry": { "type": "Point", "coordinates": [ 136.257231, 35.236433 ] } },
{ "type": "Feature", "properties": { "ID": 2557250003470, "正式名称": "山口大学堂薬局", "機関区分": 5, "都道府県コード": 25, "市区町村コード": 443, "所在地": "滋賀県犬上郡多賀町多賀６４４", "緯度": 35.225517, "経度": 136.287897, "url": "https://www.iryou.teikyouseido.mhlw.go.jp/znk-web/juminkanja/S2430/initialize?prefCd=25&kikanCd=7250003470&kikanKbn=5", "url2": null, "内容": "山口大学堂薬局【5:薬局】滋賀県犬上郡多賀町多賀６４４" }, "geometry": { "type": "Point", "coordinates": [ 136.287897, 35.225517 ] } },
{ "type": "Feature", "properties": { "ID": 2557250003490, "正式名称": "すみれ調剤薬局", "機関区分": 5, "都道府県コード": 25, "市区町村コード": 202, "所在地": "滋賀県彦根市原町８５０－２６６", "緯度": 35.259794, "経度": 136.269092, "url": "https://www.iryou.teikyouseido.mhlw.go.jp/znk-web/juminkanja/S2430/initialize?prefCd=25&kikanCd=7250003490&kikanKbn=5", "url2": null, "内容": "すみれ調剤薬局【5:薬局】滋賀県彦根市原町８５０－２６６" }, "geometry": { "type": "Point", "coordinates": [ 136.269092, 35.259794 ] } },
{ "type": "Feature", "properties": { "ID": 2557250003500, "正式名称": "キリン堂薬局　南彦根店", "機関区分": 5, "都道府県コード": 25, "市区町村コード": 202, "所在地": "滋賀県彦根市西今町４３５－１", "緯度": 35.248044, "経度": 136.240842, "url": "https://www.iryou.teikyouseido.mhlw.go.jp/znk-web/juminkanja/S2430/initialize?prefCd=25&kikanCd=7250003500&kikanKbn=5", "url2": "http://www.kirindo.co.jp", "内容": "キリン堂薬局　南彦根店【5:薬局】滋賀県彦根市西今町４３５－１" }, "geometry": { "type": "Point", "coordinates": [ 136.240842, 35.248044 ] } },
{ "type": "Feature", "properties": { "ID": 2557250003530, "正式名称": "のぞみ調剤薬局", "機関区分": 5, "都道府県コード": 25, "市区町村コード": 202, "所在地": "滋賀県彦根市芹橋二丁目９－１１", "緯度": 35.267878, "経度": 136.251619, "url": "https://www.iryou.teikyouseido.mhlw.go.jp/znk-web/juminkanja/S2430/initialize?prefCd=25&kikanCd=7250003530&kikanKbn=5", "url2": null, "内容": "のぞみ調剤薬局【5:薬局】滋賀県彦根市芹橋二丁目９－１１" }, "geometry": { "type": "Point", "coordinates": [ 136.251619, 35.267878 ] } },
{ "type": "Feature", "properties": { "ID": 2557250003540, "正式名称": "調剤薬局　明治", "機関区分": 5, "都道府県コード": 25, "市区町村コード": 202, "所在地": "滋賀県彦根市橋向町４３", "緯度": 35.263961, "経度": 136.252814, "url": "https://www.iryou.teikyouseido.mhlw.go.jp/znk-web/juminkanja/S2430/initialize?prefCd=25&kikanCd=7250003540&kikanKbn=5", "url2": null, "内容": "調剤薬局　明治【5:薬局】滋賀県彦根市橋向町４３" }, "geometry": { "type": "Point", "coordinates": [ 136.252814, 35.263961 ] } },
{ "type": "Feature", "properties": { "ID": 2557250003580, "正式名称": "河瀬調剤薬局", "機関区分": 5, "都道府県コード": 25, "市区町村コード": 202, "所在地": "滋賀県彦根市清崎町２９２－１", "緯度": 35.2271, "経度": 136.219314, "url": "https://www.iryou.teikyouseido.mhlw.go.jp/znk-web/juminkanja/S2430/initialize?prefCd=25&kikanCd=7250003580&kikanKbn=5", "url2": "http://synapse-group.jp/index.html", "内容": "河瀬調剤薬局【5:薬局】滋賀県彦根市清崎町２９２－１" }, "geometry": { "type": "Point", "coordinates": [ 136.219314, 35.2271 ] } },
{ "type": "Feature", "properties": { "ID": 2557250003590, "正式名称": "青楓堂薬局", "機関区分": 5, "都道府県コード": 25, "市区町村コード": 202, "所在地": "滋賀県彦根市芹橋一丁目１－３４", "緯度": 35.2666, "経度": 136.250758, "url": "https://www.iryou.teikyouseido.mhlw.go.jp/znk-web/juminkanja/S2430/initialize?prefCd=25&kikanCd=7250003590&kikanKbn=5", "url2": null, "内容": "青楓堂薬局【5:薬局】滋賀県彦根市芹橋一丁目１－３４" }, "geometry": { "type": "Point", "coordinates": [ 136.250758, 35.2666 ] } },
{ "type": "Feature", "properties": { "ID": 2557250003610, "正式名称": "ひまわり調剤薬局", "機関区分": 5, "都道府県コード": 25, "市区町村コード": 202, "所在地": "滋賀県彦根市本町一丁目４－２３", "緯度": 35.269739, "経度": 136.252981, "url": "https://www.iryou.teikyouseido.mhlw.go.jp/znk-web/juminkanja/S2430/initialize?prefCd=25&kikanCd=7250003610&kikanKbn=5", "url2": null, "内容": "ひまわり調剤薬局【5:薬局】滋賀県彦根市本町一丁目４－２３" }, "geometry": { "type": "Point", "coordinates": [ 136.252981, 35.269739 ] } },
{ "type": "Feature", "properties": { "ID": 2557250003630, "正式名称": "渡辺薬局", "機関区分": 5, "都道府県コード": 25, "市区町村コード": 202, "所在地": "滋賀県彦根市錦町２－１４", "緯度": 35.267156, "経度": 136.255786, "url": "https://www.iryou.teikyouseido.mhlw.go.jp/znk-web/juminkanja/S2430/initialize?prefCd=25&kikanCd=7250003630&kikanKbn=5", "url2": null, "内容": "渡辺薬局【5:薬局】滋賀県彦根市錦町２－１４" }, "geometry": { "type": "Point", "coordinates": [ 136.255786, 35.267156 ] } },
{ "type": "Feature", "properties": { "ID": 2557250003660, "正式名称": "めぐみ薬局　日夏店", "機関区分": 5, "都道府県コード": 25, "市区町村コード": 202, "所在地": "滋賀県彦根市日夏町３６６１ー５", "緯度": 35.23235, "経度": 136.217369, "url": "https://www.iryou.teikyouseido.mhlw.go.jp/znk-web/juminkanja/S2430/initialize?prefCd=25&kikanCd=7250003660&kikanKbn=5", "url2": null, "内容": "めぐみ薬局　日夏店【5:薬局】滋賀県彦根市日夏町３６６１ー５" }, "geometry": { "type": "Point", "coordinates": [ 136.217369, 35.23235 ] } },
{ "type": "Feature", "properties": { "ID": 2557250003670, "正式名称": "花しょうぶ調剤薬局", "機関区分": 5, "都道府県コード": 25, "市区町村コード": 202, "所在地": "滋賀県彦根市河原二丁目２ー７", "緯度": 35.265711, "経度": 136.255092, "url": "https://www.iryou.teikyouseido.mhlw.go.jp/znk-web/juminkanja/S2430/initialize?prefCd=25&kikanCd=7250003670&kikanKbn=5", "url2": null, "内容": "花しょうぶ調剤薬局【5:薬局】滋賀県彦根市河原二丁目２ー７" }, "geometry": { "type": "Point", "coordinates": [ 136.255092, 35.265711 ] } },
{ "type": "Feature", "properties": { "ID": 2557250003700, "正式名称": "彦根かいえ薬局", "機関区分": 5, "都道府県コード": 25, "市区町村コード": 202, "所在地": "滋賀県彦根市開出今町１５２４ー４", "緯度": 35.261822, "経度": 136.229064, "url": "https://www.iryou.teikyouseido.mhlw.go.jp/znk-web/juminkanja/S2430/initialize?prefCd=25&kikanCd=7250003700&kikanKbn=5", "url2": "hikoyaku.wixsite.com/my-site-2", "内容": "彦根かいえ薬局【5:薬局】滋賀県彦根市開出今町１５２４ー４" }, "geometry": { "type": "Point", "coordinates": [ 136.229064, 35.261822 ] } },
{ "type": "Feature", "properties": { "ID": 2557250003740, "正式名称": "わかば薬局", "機関区分": 5, "都道府県コード": 25, "市区町村コード": 202, "所在地": "滋賀県彦根市日夏町１８７５－２８", "緯度": 35.234697, "経度": 136.221304, "url": "https://www.iryou.teikyouseido.mhlw.go.jp/znk-web/juminkanja/S2430/initialize?prefCd=25&kikanCd=7250003740&kikanKbn=5", "url2": null, "内容": "わかば薬局【5:薬局】滋賀県彦根市日夏町１８７５－２８" }, "geometry": { "type": "Point", "coordinates": [ 136.221304, 35.234697 ] } },
{ "type": "Feature", "properties": { "ID": 2557250003760, "正式名称": "疋田調剤薬局", "機関区分": 5, "都道府県コード": 25, "市区町村コード": 202, "所在地": "滋賀県彦根市肥田町９８１－２", "緯度": 35.2046, "経度": 136.199897, "url": "https://www.iryou.teikyouseido.mhlw.go.jp/znk-web/juminkanja/S2430/initialize?prefCd=25&kikanCd=7250003760&kikanKbn=5", "url2": null, "内容": "疋田調剤薬局【5:薬局】滋賀県彦根市肥田町９８１－２" }, "geometry": { "type": "Point", "coordinates": [ 136.199897, 35.2046 ] } },
{ "type": "Feature", "properties": { "ID": 2557250003770, "正式名称": "ヤマグチ薬局　彦根野瀬店", "機関区分": 5, "都道府県コード": 25, "市区町村コード": 202, "所在地": "滋賀県彦根市野瀬町２４－１", "緯度": 35.249461, "経度": 136.237842, "url": "https://www.iryou.teikyouseido.mhlw.go.jp/znk-web/juminkanja/S2430/initialize?prefCd=25&kikanCd=7250003770&kikanKbn=5", "url2": "http://www.yamaguchi-pha.jp/", "内容": "ヤマグチ薬局　彦根野瀬店【5:薬局】滋賀県彦根市野瀬町２４－１" }, "geometry": { "type": "Point", "coordinates": [ 136.237842, 35.249461 ] } },
{ "type": "Feature", "properties": { "ID": 2557250003790, "正式名称": "アピス薬局彦根店", "機関区分": 5, "都道府県コード": 25, "市区町村コード": 202, "所在地": "滋賀県彦根市中央町３－５５", "緯度": 35.268989, "経度": 136.254953, "url": "https://www.iryou.teikyouseido.mhlw.go.jp/znk-web/juminkanja/S2430/initialize?prefCd=25&kikanCd=7250003790&kikanKbn=5", "url2": null, "内容": "アピス薬局彦根店【5:薬局】滋賀県彦根市中央町３－５５" }, "geometry": { "type": "Point", "coordinates": [ 136.254953, 35.268989 ] } },
{ "type": "Feature", "properties": { "ID": 2557250003800, "正式名称": "のぞみ薬局　愛知川店", "機関区分": 5, "都道府県コード": 25, "市区町村コード": 425, "所在地": "滋賀県愛知郡愛荘町沓掛３８６－５", "緯度": 35.1811, "経度": 136.212703, "url": "https://www.iryou.teikyouseido.mhlw.go.jp/znk-web/juminkanja/S2430/initialize?prefCd=25&kikanCd=7250003800&kikanKbn=5", "url2": "http://synapse-group.jp/index.html", "内容": "のぞみ薬局　愛知川店【5:薬局】滋賀県愛知郡愛荘町沓掛３８６－５" }, "geometry": { "type": "Point", "coordinates": [ 136.212703, 35.1811 ] } },
{ "type": "Feature", "properties": { "ID": 2557250003820, "正式名称": "スギ薬局　彦根西今店", "機関区分": 5, "都道府県コード": 25, "市区町村コード": 202, "所在地": "滋賀県彦根市西今町９５２－３", "緯度": 35.256433, "経度": 136.235786, "url": "https://www.iryou.teikyouseido.mhlw.go.jp/znk-web/juminkanja/S2430/initialize?prefCd=25&kikanCd=7250003820&kikanKbn=5", "url2": "http://www/drug-sugi.co.jp", "内容": "スギ薬局　彦根西今店【5:薬局】滋賀県彦根市西今町９５２－３" }, "geometry": { "type": "Point", "coordinates": [ 136.235786, 35.256433 ] } },
{ "type": "Feature", "properties": { "ID": 2557250003830, "正式名称": "スギ薬局　南彦根店", "機関区分": 5, "都道府県コード": 25, "市区町村コード": 202, "所在地": "滋賀県彦根市小泉町１０６－１０", "緯度": 35.246489, "経度": 136.250119, "url": "https://www.iryou.teikyouseido.mhlw.go.jp/znk-web/juminkanja/S2430/initialize?prefCd=25&kikanCd=7250003830&kikanKbn=5", "url2": "http://www.drug-sugi.co.jp/", "内容": "スギ薬局　南彦根店【5:薬局】滋賀県彦根市小泉町１０６－１０" }, "geometry": { "type": "Point", "coordinates": [ 136.250119, 35.246489 ] } },
{ "type": "Feature", "properties": { "ID": 2557250003850, "正式名称": "アピス薬局沼波店", "機関区分": 5, "都道府県コード": 25, "市区町村コード": 202, "所在地": "滋賀県彦根市西沼波町２６９－２３", "緯度": 35.259517, "経度": 136.264619, "url": "https://www.iryou.teikyouseido.mhlw.go.jp/znk-web/juminkanja/S2430/initialize?prefCd=25&kikanCd=7250003850&kikanKbn=5", "url2": "https://e-bond.info/withs/", "内容": "アピス薬局沼波店【5:薬局】滋賀県彦根市西沼波町２６９－２３" }, "geometry": { "type": "Point", "coordinates": [ 136.264619, 35.259517 ] } },
{ "type": "Feature", "properties": { "ID": 2557250003870, "正式名称": "いなえ澁谷薬局", "機関区分": 5, "都道府県コード": 25, "市区町村コード": 202, "所在地": "滋賀県彦根市上西川町３８５－３", "緯度": 35.224433, "経度": 136.173842, "url": "https://www.iryou.teikyouseido.mhlw.go.jp/znk-web/juminkanja/S2430/initialize?prefCd=25&kikanCd=7250003870&kikanKbn=5", "url2": "https://www.inaeshibuya.com/", "内容": "いなえ澁谷薬局【5:薬局】滋賀県彦根市上西川町３８５－３" }, "geometry": { "type": "Point", "coordinates": [ 136.173842, 35.224433 ] } },
{ "type": "Feature", "properties": { "ID": 2557250003880, "正式名称": "アピス薬局稲枝店", "機関区分": 5, "都道府県コード": 25, "市区町村コード": 202, "所在地": "滋賀県彦根市出路町３５１－１", "緯度": 35.211298, "経度": 136.178217, "url": "https://www.iryou.teikyouseido.mhlw.go.jp/znk-web/juminkanja/S2430/initialize?prefCd=25&kikanCd=7250003880&kikanKbn=5", "url2": "https://www.apis.co.jp/stores/568/", "内容": "アピス薬局稲枝店【5:薬局】滋賀県彦根市出路町３５１－１" }, "geometry": { "type": "Point", "coordinates": [ 136.178217, 35.211298 ] } },
{ "type": "Feature", "properties": { "ID": 2557250003890, "正式名称": "せり薬局", "機関区分": 5, "都道府県コード": 25, "市区町村コード": 202, "所在地": "滋賀県彦根市後三条町６４５", "緯度": 35.267739, "経度": 136.246203, "url": "https://www.iryou.teikyouseido.mhlw.go.jp/znk-web/juminkanja/S2430/initialize?prefCd=25&kikanCd=7250003890&kikanKbn=5", "url2": "https://www.instagram.com/seri_pharmacy/", "内容": "せり薬局【5:薬局】滋賀県彦根市後三条町６４５" }, "geometry": { "type": "Point", "coordinates": [ 136.246203, 35.267739 ] } },
{ "type": "Feature", "properties": { "ID": 2557250003900, "正式名称": "わたなべ調剤薬局　彦根店", "機関区分": 5, "都道府県コード": 25, "市区町村コード": 202, "所在地": "滋賀県彦根市地蔵町１９０－７", "緯度": 35.252656, "経度": 136.268536, "url": "https://www.iryou.teikyouseido.mhlw.go.jp/znk-web/juminkanja/S2430/initialize?prefCd=25&kikanCd=7250003900&kikanKbn=5", "url2": "http://www.drug-w.com", "内容": "わたなべ調剤薬局　彦根店【5:薬局】滋賀県彦根市地蔵町１９０－７" }, "geometry": { "type": "Point", "coordinates": [ 136.268536, 35.252656 ] } },
{ "type": "Feature", "properties": { "ID": 2557250003910, "正式名称": "リリー薬局", "機関区分": 5, "都道府県コード": 25, "市区町村コード": 202, "所在地": "滋賀県彦根市小泉町１０６－１　ウイルライフ南彦根１０５", "緯度": 35.245656, "経度": 136.248675, "url": "https://www.iryou.teikyouseido.mhlw.go.jp/znk-web/juminkanja/S2430/initialize?prefCd=25&kikanCd=7250003910&kikanKbn=5", "url2": null, "内容": "リリー薬局【5:薬局】滋賀県彦根市小泉町１０６－１　ウイルライフ南彦根１０５" }, "geometry": { "type": "Point", "coordinates": [ 136.248675, 35.245656 ] } },
{ "type": "Feature", "properties": { "ID": 2557250003920, "正式名称": "野の花薬局", "機関区分": 5, "都道府県コード": 25, "市区町村コード": 202, "所在地": "滋賀県彦根市長曽根町５－２６－５", "緯度": 35.274989, "経度": 136.237369, "url": "https://www.iryou.teikyouseido.mhlw.go.jp/znk-web/juminkanja/S2430/initialize?prefCd=25&kikanCd=7250003920&kikanKbn=5", "url2": "https://nonohanaystarfree.com/", "内容": "野の花薬局【5:薬局】滋賀県彦根市長曽根町５－２６－５" }, "geometry": { "type": "Point", "coordinates": [ 136.237369, 35.274989 ] } },
{ "type": "Feature", "properties": { "ID": 2557250004090, "正式名称": "漢方の本陣薬局", "機関区分": 5, "都道府県コード": 25, "市区町村コード": 203, "所在地": "滋賀県長浜市木之本１５７７　望月ビル１Ｆ", "緯度": 35.5036, "経度": 136.219675, "url": "https://www.iryou.teikyouseido.mhlw.go.jp/znk-web/juminkanja/S2430/initialize?prefCd=25&kikanCd=7250004090&kikanKbn=5", "url2": "https://kampo-honjin.com/", "内容": "漢方の本陣薬局【5:薬局】滋賀県長浜市木之本１５７７　望月ビル１Ｆ" }, "geometry": { "type": "Point", "coordinates": [ 136.219675, 35.5036 ] } },
{ "type": "Feature", "properties": { "ID": 2557250004110, "正式名称": "ヤマグチ薬局　列見町店", "機関区分": 5, "都道府県コード": 25, "市区町村コード": 203, "所在地": "滋賀県長浜市列見町４０－７", "緯度": 35.389128, "経度": 136.264286, "url": "https://www.iryou.teikyouseido.mhlw.go.jp/znk-web/juminkanja/S2430/initialize?prefCd=25&kikanCd=7250004110&kikanKbn=5", "url2": "http://www.yamaguchi-pha.jp/", "内容": "ヤマグチ薬局　列見町店【5:薬局】滋賀県長浜市列見町４０－７" }, "geometry": { "type": "Point", "coordinates": [ 136.264286, 35.389128 ] } },
{ "type": "Feature", "properties": { "ID": 2557250004140, "正式名称": "長生堂薬局", "機関区分": 5, "都道府県コード": 25, "市区町村コード": 203, "所在地": "滋賀県長浜市三ツ矢元町４－２８", "緯度": 35.384155, "経度": 136.265736, "url": "https://www.iryou.teikyouseido.mhlw.go.jp/znk-web/juminkanja/S2430/initialize?prefCd=25&kikanCd=7250004140&kikanKbn=5", "url2": null, "内容": "長生堂薬局【5:薬局】滋賀県長浜市三ツ矢元町４－２８" }, "geometry": { "type": "Point", "coordinates": [ 136.265736, 35.384155 ] } },
{ "type": "Feature", "properties": { "ID": 2557250004190, "正式名称": "ふれあい薬局・八幡中山", "機関区分": 5, "都道府県コード": 25, "市区町村コード": 203, "所在地": "滋賀県長浜市八幡中山町８０２", "緯度": 35.390705, "経度": 136.273656, "url": "https://www.iryou.teikyouseido.mhlw.go.jp/znk-web/juminkanja/S2430/initialize?prefCd=25&kikanCd=7250004190&kikanKbn=5", "url2": null, "内容": "ふれあい薬局・八幡中山【5:薬局】滋賀県長浜市八幡中山町８０２" }, "geometry": { "type": "Point", "coordinates": [ 136.273656, 35.390705 ] } },
{ "type": "Feature", "properties": { "ID": 2557250004200, "正式名称": "ふれあい薬局・大戌亥", "機関区分": 5, "都道府県コード": 25, "市区町村コード": 203, "所在地": "滋賀県長浜市大戌亥町７３８－７", "緯度": 35.368044, "経度": 136.281092, "url": "https://www.iryou.teikyouseido.mhlw.go.jp/znk-web/juminkanja/S2430/initialize?prefCd=25&kikanCd=7250004200&kikanKbn=5", "url2": "http://fureai-yakkyoku.jp/", "内容": "ふれあい薬局・大戌亥【5:薬局】滋賀県長浜市大戌亥町７３８－７" }, "geometry": { "type": "Point", "coordinates": [ 136.281092, 35.368044 ] } },
{ "type": "Feature", "properties": { "ID": 2557250004220, "正式名称": "タケシタ薬局六荘店", "機関区分": 5, "都道府県コード": 25, "市区町村コード": 203, "所在地": "滋賀県長浜市勝町２１－１", "緯度": 35.37135, "経度": 136.285647, "url": "https://www.iryou.teikyouseido.mhlw.go.jp/znk-web/juminkanja/S2430/initialize?prefCd=25&kikanCd=7250004220&kikanKbn=5", "url2": null, "内容": "タケシタ薬局六荘店【5:薬局】滋賀県長浜市勝町２１－１" }, "geometry": { "type": "Point", "coordinates": [ 136.285647, 35.37135 ] } },
{ "type": "Feature", "properties": { "ID": 2557250004260, "正式名称": "スギ薬局　長浜インター店", "機関区分": 5, "都道府県コード": 25, "市区町村コード": 203, "所在地": "滋賀県長浜市口分田町４６６", "緯度": 35.401211, "経度": 136.288925, "url": "https://www.iryou.teikyouseido.mhlw.go.jp/znk-web/juminkanja/S2430/initialize?prefCd=25&kikanCd=7250004260&kikanKbn=5", "url2": "http://www.drug-sugi.co.jp", "内容": "スギ薬局　長浜インター店【5:薬局】滋賀県長浜市口分田町４６６" }, "geometry": { "type": "Point", "coordinates": [ 136.288925, 35.401211 ] } },
{ "type": "Feature", "properties": { "ID": 2557250004280, "正式名称": "スギ薬局　滋賀高月店", "機関区分": 5, "都道府県コード": 25, "市区町村コード": 203, "所在地": "滋賀県長浜市高月町東物部１２４－１", "緯度": 35.479767, "経度": 136.230647, "url": "https://www.iryou.teikyouseido.mhlw.go.jp/znk-web/juminkanja/S2430/initialize?prefCd=25&kikanCd=7250004280&kikanKbn=5", "url2": "http://www.drug-sugi.co.jp/", "内容": "スギ薬局　滋賀高月店【5:薬局】滋賀県長浜市高月町東物部１２４－１" }, "geometry": { "type": "Point", "coordinates": [ 136.230647, 35.479767 ] } },
{ "type": "Feature", "properties": { "ID": 2557250004290, "正式名称": "スマイル平方薬局", "機関区分": 5, "都道府県コード": 25, "市区町村コード": 203, "所在地": "滋賀県長浜市平方町１１８８", "緯度": 35.378156, "経度": 136.282925, "url": "https://www.iryou.teikyouseido.mhlw.go.jp/znk-web/juminkanja/S2430/initialize?prefCd=25&kikanCd=7250004290&kikanKbn=5", "url2": "https://smile-med.co.jp/", "内容": "スマイル平方薬局【5:薬局】滋賀県長浜市平方町１１８８" }, "geometry": { "type": "Point", "coordinates": [ 136.282925, 35.378156 ] } },
{ "type": "Feature", "properties": { "ID": 2557250004350, "正式名称": "くるみ調剤薬局", "機関区分": 5, "都道府県コード": 25, "市区町村コード": 203, "所在地": "滋賀県長浜市田町６２－１", "緯度": 35.423322, "経度": 136.256119, "url": "https://www.iryou.teikyouseido.mhlw.go.jp/znk-web/juminkanja/S2430/initialize?prefCd=25&kikanCd=7250004350&kikanKbn=5", "url2": "https://www.e-classa.net/kurumi/", "内容": "くるみ調剤薬局【5:薬局】滋賀県長浜市田町６２－１" }, "geometry": { "type": "Point", "coordinates": [ 136.256119, 35.423322 ] } },
{ "type": "Feature", "properties": { "ID": 2557250004370, "正式名称": "ヤマグチ薬局　米原入江店", "機関区分": 5, "都道府県コード": 25, "市区町村コード": 214, "所在地": "滋賀県米原市入江１６７３－２", "緯度": 35.305461, "経度": 136.283231, "url": "https://www.iryou.teikyouseido.mhlw.go.jp/znk-web/juminkanja/S2430/initialize?prefCd=25&kikanCd=7250004370&kikanKbn=5", "url2": "http://www.yamaguchi-pha.jp/", "内容": "ヤマグチ薬局　米原入江店【5:薬局】滋賀県米原市入江１６７３－２" }, "geometry": { "type": "Point", "coordinates": [ 136.283231, 35.305461 ] } },
{ "type": "Feature", "properties": { "ID": 2557250004430, "正式名称": "ルックドイ薬局　安曇川店", "機関区分": 5, "都道府県コード": 25, "市区町村コード": 212, "所在地": "滋賀県高島市安曇川町末広三丁目１８", "緯度": 35.32685, "経度": 136.022147, "url": "https://www.iryou.teikyouseido.mhlw.go.jp/znk-web/juminkanja/S2430/initialize?prefCd=25&kikanCd=7250004430&kikanKbn=5", "url2": "http://doi-kusuri.co.jp/", "内容": "ルックドイ薬局　安曇川店【5:薬局】滋賀県高島市安曇川町末広三丁目１８" }, "geometry": { "type": "Point", "coordinates": [ 136.022147, 35.32685 ] } },
{ "type": "Feature", "properties": { "ID": 2557250004460, "正式名称": "ひかり薬局", "機関区分": 5, "都道府県コード": 25, "市区町村コード": 212, "所在地": "滋賀県高島市新旭町旭１０６７ー２", "緯度": 35.356961, "経度": 136.037731, "url": "https://www.iryou.teikyouseido.mhlw.go.jp/znk-web/juminkanja/S2430/initialize?prefCd=25&kikanCd=7250004460&kikanKbn=5", "url2": null, "内容": "ひかり薬局【5:薬局】滋賀県高島市新旭町旭１０６７ー２" }, "geometry": { "type": "Point", "coordinates": [ 136.037731, 35.356961 ] } },
{ "type": "Feature", "properties": { "ID": 2557250004470, "正式名称": "たんぽぽ薬局高島店", "機関区分": 5, "都道府県コード": 25, "市区町村コード": 212, "所在地": "滋賀県高島市勝野２２４０－１", "緯度": 35.292878, "経度": 136.010897, "url": "https://www.iryou.teikyouseido.mhlw.go.jp/znk-web/juminkanja/S2430/initialize?prefCd=25&kikanCd=7250004470&kikanKbn=5", "url2": "http://www.tanpopo-ph.co.jp", "内容": "たんぽぽ薬局高島店【5:薬局】滋賀県高島市勝野２２４０－１" }, "geometry": { "type": "Point", "coordinates": [ 136.010897, 35.292878 ] } },
{ "type": "Feature", "properties": { "ID": 2557250004510, "正式名称": "ケーエーシー薬局", "機関区分": 5, "都道府県コード": 25, "市区町村コード": 212, "所在地": "滋賀県高島市今津町南新保１６５", "緯度": 35.407072, "経度": 136.041925, "url": "https://www.iryou.teikyouseido.mhlw.go.jp/znk-web/juminkanja/S2430/initialize?prefCd=25&kikanCd=7250004510&kikanKbn=5", "url2": "http://kac1948.web.fc2.com/", "内容": "ケーエーシー薬局【5:薬局】滋賀県高島市今津町南新保１６５" }, "geometry": { "type": "Point", "coordinates": [ 136.041925, 35.407072 ] } },
{ "type": "Feature", "properties": { "ID": 2557250004530, "正式名称": "有限会社今井薬局　駅前店", "機関区分": 5, "都道府県コード": 25, "市区町村コード": 212, "所在地": "滋賀県高島市今津町名小路一丁目３ー７", "緯度": 35.399239, "経度": 136.030314, "url": "https://www.iryou.teikyouseido.mhlw.go.jp/znk-web/juminkanja/S2430/initialize?prefCd=25&kikanCd=7250004530&kikanKbn=5", "url2": "https://lin.ee/Qv3iImr", "内容": "有限会社今井薬局　駅前店【5:薬局】滋賀県高島市今津町名小路一丁目３ー７" }, "geometry": { "type": "Point", "coordinates": [ 136.030314, 35.399239 ] } },
{ "type": "Feature", "properties": { "ID": 2557250004550, "正式名称": "つくし薬局　新旭店", "機関区分": 5, "都道府県コード": 25, "市区町村コード": 212, "所在地": "滋賀県高島市新旭町熊野本一丁目１ー１６", "緯度": 35.354402, "経度": 136.031861, "url": "https://www.iryou.teikyouseido.mhlw.go.jp/znk-web/juminkanja/S2430/initialize?prefCd=25&kikanCd=7250004550&kikanKbn=5", "url2": "http://www.294yakkyoku.com/", "内容": "つくし薬局　新旭店【5:薬局】滋賀県高島市新旭町熊野本一丁目１ー１６" }, "geometry": { "type": "Point", "coordinates": [ 136.031861, 35.354402 ] } },
{ "type": "Feature", "properties": { "ID": 2557250004570, "正式名称": "株式会社戸井薬局今津駅前店", "機関区分": 5, "都道府県コード": 25, "市区町村コード": 212, "所在地": "滋賀県高島市今津町中沼二丁目１－２", "緯度": 35.397461, "経度": 136.032897, "url": "https://www.iryou.teikyouseido.mhlw.go.jp/znk-web/juminkanja/S2430/initialize?prefCd=25&kikanCd=7250004570&kikanKbn=5", "url2": "https://e-classa.net/lookdoi/group.html", "内容": "株式会社戸井薬局今津駅前店【5:薬局】滋賀県高島市今津町中沼二丁目１－２" }, "geometry": { "type": "Point", "coordinates": [ 136.032897, 35.397461 ] } },
{ "type": "Feature", "properties": { "ID": 2557250004590, "正式名称": "ふれあい薬局・今津", "機関区分": 5, "都道府県コード": 25, "市区町村コード": 212, "所在地": "滋賀県高島市今津町今津１５０４－４", "緯度": 35.401739, "経度": 136.034675, "url": "https://www.iryou.teikyouseido.mhlw.go.jp/znk-web/juminkanja/S2430/initialize?prefCd=25&kikanCd=7250004590&kikanKbn=5", "url2": "http://www.fureai-yakkyoku.jp/", "内容": "ふれあい薬局・今津【5:薬局】滋賀県高島市今津町今津１５０４－４" }, "geometry": { "type": "Point", "coordinates": [ 136.034675, 35.401739 ] } },
{ "type": "Feature", "properties": { "ID": 2557250004600, "正式名称": "株式会社戸井薬局", "機関区分": 5, "都道府県コード": 25, "市区町村コード": 212, "所在地": "滋賀県高島市新旭町安井川１２５２－１", "緯度": 35.350294, "経度": 136.026814, "url": "https://www.iryou.teikyouseido.mhlw.go.jp/znk-web/juminkanja/S2430/initialize?prefCd=25&kikanCd=7250004600&kikanKbn=5", "url2": "https://e-classa.net/lookdoi/group.html", "内容": "株式会社戸井薬局【5:薬局】滋賀県高島市新旭町安井川１２５２－１" }, "geometry": { "type": "Point", "coordinates": [ 136.026814, 35.350294 ] } },
{ "type": "Feature", "properties": { "ID": 2557250004620, "正式名称": "フタバ薬局新旭店", "機関区分": 5, "都道府県コード": 25, "市区町村コード": 212, "所在地": "滋賀県高島市新旭町旭１０３０－３", "緯度": 35.355461, "経度": 136.036397, "url": "https://www.iryou.teikyouseido.mhlw.go.jp/znk-web/juminkanja/S2430/initialize?prefCd=25&kikanCd=7250004620&kikanKbn=5", "url2": "https://sites.google.com/view/futabashinasahi/%E3%83%9B%E3%83%BC%E3%83%A0", "内容": "フタバ薬局新旭店【5:薬局】滋賀県高島市新旭町旭１０３０－３" }, "geometry": { "type": "Point", "coordinates": [ 136.036397, 35.355461 ] } },
{ "type": "Feature", "properties": { "ID": 2557250004650, "正式名称": "ユタカ薬局　木之本", "機関区分": 5, "都道府県コード": 25, "市区町村コード": 203, "所在地": "滋賀県長浜市木之本町黒田１０７５－１", "緯度": 35.50375, "経度": 136.215006, "url": "https://www.iryou.teikyouseido.mhlw.go.jp/znk-web/juminkanja/S2430/initialize?prefCd=25&kikanCd=7250004650&kikanKbn=5", "url2": "https://www.d-yutaka.co.jp/shop/168.html", "内容": "ユタカ薬局　木之本【5:薬局】滋賀県長浜市木之本町黒田１０７５－１" }, "geometry": { "type": "Point", "coordinates": [ 136.215006, 35.50375 ] } },
{ "type": "Feature", "properties": { "ID": 2557250004730, "正式名称": "ファーコス薬局いずみ", "機関区分": 5, "都道府県コード": 25, "市区町村コード": 203, "所在地": "滋賀県長浜市大戌亥町２８８－５", "緯度": 35.367939, "経度": 136.289807, "url": "https://www.iryou.teikyouseido.mhlw.go.jp/znk-web/juminkanja/S2430/initialize?prefCd=25&kikanCd=7250004730&kikanKbn=5", "url2": "https://unismile.co.jp/shop/izumi/", "内容": "ファーコス薬局いずみ【5:薬局】滋賀県長浜市大戌亥町２８８－５" }, "geometry": { "type": "Point", "coordinates": [ 136.289807, 35.367939 ] } },
{ "type": "Feature", "properties": { "ID": 2557250004740, "正式名称": "ほとめき薬局", "機関区分": 5, "都道府県コード": 25, "市区町村コード": 210, "所在地": "滋賀県野洲市三上２７７－１", "緯度": 35.04613, "経度": 136.029488, "url": "https://www.iryou.teikyouseido.mhlw.go.jp/znk-web/juminkanja/S2430/initialize?prefCd=25&kikanCd=7250004740&kikanKbn=5", "url2": "http://hwsa7.gyao.ne.jp/i-hotomeki/", "内容": "ほとめき薬局【5:薬局】滋賀県野洲市三上２７７－１" }, "geometry": { "type": "Point", "coordinates": [ 136.029488, 35.04613 ] } },
{ "type": "Feature", "properties": { "ID": 2557250004770, "正式名称": "ユタカ薬局　長浜八幡中山", "機関区分": 5, "都道府県コード": 25, "市区町村コード": 203, "所在地": "滋賀県長浜市八幡中山町字上居屋町５０３", "緯度": 35.393561, "経度": 136.276801, "url": "https://www.iryou.teikyouseido.mhlw.go.jp/znk-web/juminkanja/S2430/initialize?prefCd=25&kikanCd=7250004770&kikanKbn=5", "url2": "https://www.d-yutaka.co.jp/shop/195.html", "内容": "ユタカ薬局　長浜八幡中山【5:薬局】滋賀県長浜市八幡中山町字上居屋町５０３" }, "geometry": { "type": "Point", "coordinates": [ 136.276801, 35.393561 ] } },
{ "type": "Feature", "properties": { "ID": 2557250004810, "正式名称": "さいとう調剤薬局　石部店", "機関区分": 5, "都道府県コード": 25, "市区町村コード": 211, "所在地": "滋賀県湖南市石部東５丁目３番３号", "緯度": 35.00397, "経度": 136.065109, "url": "https://www.iryou.teikyouseido.mhlw.go.jp/znk-web/juminkanja/S2430/initialize?prefCd=25&kikanCd=7250004810&kikanKbn=5", "url2": null, "内容": "さいとう調剤薬局　石部店【5:薬局】滋賀県湖南市石部東５丁目３番３号" }, "geometry": { "type": "Point", "coordinates": [ 136.065109, 35.00397 ] } },
{ "type": "Feature", "properties": { "ID": 2557250004820, "正式名称": "さくら薬局　彦根川瀬馬場店", "機関区分": 5, "都道府県コード": 25, "市区町村コード": 202, "所在地": "滋賀県彦根市川瀬馬場町１０８２－４", "緯度": 35.228106, "経度": 136.224635, "url": "https://www.iryou.teikyouseido.mhlw.go.jp/znk-web/juminkanja/S2430/initialize?prefCd=25&kikanCd=7250004820&kikanKbn=5", "url2": "https://www.kraft-net.co.jp/sakura/store/3839/", "内容": "さくら薬局　彦根川瀬馬場店【5:薬局】滋賀県彦根市川瀬馬場町１０８２－４" }, "geometry": { "type": "Point", "coordinates": [ 136.224635, 35.228106 ] } },
{ "type": "Feature", "properties": { "ID": 2557250004830, "正式名称": "たんぽぽ薬局　長浜店", "機関区分": 5, "都道府県コード": 25, "市区町村コード": 203, "所在地": "滋賀県長浜市大戌亥町２５５", "緯度": 35.370822, "経度": 136.288008, "url": "https://www.iryou.teikyouseido.mhlw.go.jp/znk-web/juminkanja/S2430/initialize?prefCd=25&kikanCd=7250004830&kikanKbn=5", "url2": "http://www.tanpopo-ph.co.jp", "内容": "たんぽぽ薬局　長浜店【5:薬局】滋賀県長浜市大戌亥町２５５" }, "geometry": { "type": "Point", "coordinates": [ 136.288008, 35.370822 ] } },
{ "type": "Feature", "properties": { "ID": 2557250004840, "正式名称": "ユタカ薬局西大津", "機関区分": 5, "都道府県コード": 25, "市区町村コード": 201, "所在地": "滋賀県大津市松山町９－１５", "緯度": 35.028128, "経度": 135.863842, "url": "https://www.iryou.teikyouseido.mhlw.go.jp/znk-web/juminkanja/S2430/initialize?prefCd=25&kikanCd=7250004840&kikanKbn=5", "url2": "https://www.d-yutaka.co.jp/shop/160.html", "内容": "ユタカ薬局西大津【5:薬局】滋賀県大津市松山町９－１５" }, "geometry": { "type": "Point", "coordinates": [ 135.863842, 35.028128 ] } },
{ "type": "Feature", "properties": { "ID": 2557250004850, "正式名称": "ワカモリ薬局", "機関区分": 5, "都道府県コード": 25, "市区町村コード": 203, "所在地": "滋賀県長浜市小堀町８０－４", "緯度": 35.389822, "経度": 136.290203, "url": "https://www.iryou.teikyouseido.mhlw.go.jp/znk-web/juminkanja/S2430/initialize?prefCd=25&kikanCd=7250004850&kikanKbn=5", "url2": "wakamoriyakkyokukitakoumaeten.jimdo.com/", "内容": "ワカモリ薬局【5:薬局】滋賀県長浜市小堀町８０－４" }, "geometry": { "type": "Point", "coordinates": [ 136.290203, 35.389822 ] } },
{ "type": "Feature", "properties": { "ID": 2557250004890, "正式名称": "有限会社福澤薬局甲西店", "機関区分": 5, "都道府県コード": 25, "市区町村コード": 211, "所在地": "滋賀県湖南市平松北三丁目７０", "緯度": 35.003794, "経度": 136.079869, "url": "https://www.iryou.teikyouseido.mhlw.go.jp/znk-web/juminkanja/S2430/initialize?prefCd=25&kikanCd=7250004890&kikanKbn=5", "url2": null, "内容": "有限会社福澤薬局甲西店【5:薬局】滋賀県湖南市平松北三丁目７０" }, "geometry": { "type": "Point", "coordinates": [ 136.079869, 35.003794 ] } },
{ "type": "Feature", "properties": { "ID": 2557250004900, "正式名称": "ヤマグチ薬局　明日都店", "機関区分": 5, "都道府県コード": 25, "市区町村コード": 201, "所在地": "滋賀県大津市浜大津４－１－１　明日都浜大津１Ｆ", "緯度": 35.012322, "経度": 135.862814, "url": "https://www.iryou.teikyouseido.mhlw.go.jp/znk-web/juminkanja/S2430/initialize?prefCd=25&kikanCd=7250004900&kikanKbn=5", "url2": "http://www.yamaguchi-pha.jp/", "内容": "ヤマグチ薬局　明日都店【5:薬局】滋賀県大津市浜大津４－１－１　明日都浜大津１Ｆ" }, "geometry": { "type": "Point", "coordinates": [ 135.862814, 35.012322 ] } },
{ "type": "Feature", "properties": { "ID": 2557250004930, "正式名称": "イオン薬局　草津店", "機関区分": 5, "都道府県コード": 25, "市区町村コード": 206, "所在地": "滋賀県草津市新浜町３００番地", "緯度": 34.997989, "経度": 135.912592, "url": "https://www.iryou.teikyouseido.mhlw.go.jp/znk-web/juminkanja/S2430/initialize?prefCd=25&kikanCd=7250004930&kikanKbn=5", "url2": "https://www.aeonretail.jp/syohousen/", "内容": "イオン薬局　草津店【5:薬局】滋賀県草津市新浜町３００番地" }, "geometry": { "type": "Point", "coordinates": [ 135.912592, 34.997989 ] } },
{ "type": "Feature", "properties": { "ID": 2557250004950, "正式名称": "河野薬局", "機関区分": 5, "都道府県コード": 25, "市区町村コード": 201, "所在地": "滋賀県大津市本堅田五丁目２０番１０号　アルプラザ堅田１Ｆ", "緯度": 35.119517, "経度": 135.915425, "url": "https://www.iryou.teikyouseido.mhlw.go.jp/znk-web/juminkanja/S2430/initialize?prefCd=25&kikanCd=7250004950&kikanKbn=5", "url2": "http://www.konoh.co.jp", "内容": "河野薬局【5:薬局】滋賀県大津市本堅田五丁目２０番１０号　アルプラザ堅田１Ｆ" }, "geometry": { "type": "Point", "coordinates": [ 135.915425, 35.119517 ] } },
{ "type": "Feature", "properties": { "ID": 2557250004960, "正式名称": "やよい調剤薬局", "機関区分": 5, "都道府県コード": 25, "市区町村コード": 208, "所在地": "滋賀県栗東市小柿１０丁目１６－１１", "緯度": 35.017267, "経度": 135.973119, "url": "https://www.iryou.teikyouseido.mhlw.go.jp/znk-web/juminkanja/S2430/initialize?prefCd=25&kikanCd=7250004960&kikanKbn=5", "url2": "http://www.eonet.ne.jp/~yayoi-chozai/", "内容": "やよい調剤薬局【5:薬局】滋賀県栗東市小柿１０丁目１６－１１" }, "geometry": { "type": "Point", "coordinates": [ 135.973119, 35.017267 ] } },
{ "type": "Feature", "properties": { "ID": 2557250004970, "正式名称": "ハーモニー薬局・かがやき店", "機関区分": 5, "都道府県コード": 25, "市区町村コード": 206, "所在地": "滋賀県草津市追分南２－１１－７", "緯度": 34.998992, "経度": 135.960061, "url": "https://www.iryou.teikyouseido.mhlw.go.jp/znk-web/juminkanja/S2430/initialize?prefCd=25&kikanCd=7250004970&kikanKbn=5", "url2": "https://harmony-gr.com/", "内容": "ハーモニー薬局・かがやき店【5:薬局】滋賀県草津市追分南２－１１－７" }, "geometry": { "type": "Point", "coordinates": [ 135.960061, 34.998992 ] } },
{ "type": "Feature", "properties": { "ID": 2557250005000, "正式名称": "はな薬局　栗東店", "機関区分": 5, "都道府県コード": 25, "市区町村コード": 208, "所在地": "滋賀県栗東市岡１９５－４", "緯度": 35.015812, "経度": 135.97535, "url": "https://www.iryou.teikyouseido.mhlw.go.jp/znk-web/juminkanja/S2430/initialize?prefCd=25&kikanCd=7250005000&kikanKbn=5", "url2": null, "内容": "はな薬局　栗東店【5:薬局】滋賀県栗東市岡１９５－４" }, "geometry": { "type": "Point", "coordinates": [ 135.97535, 35.015812 ] } },
{ "type": "Feature", "properties": { "ID": 2557250005010, "正式名称": "ハーモニー薬局・能登川店", "機関区分": 5, "都道府県コード": 25, "市区町村コード": 213, "所在地": "滋賀県東近江市垣見町１５９８－２", "緯度": 35.182158, "経度": 136.164001, "url": "https://www.iryou.teikyouseido.mhlw.go.jp/znk-web/juminkanja/S2430/initialize?prefCd=25&kikanCd=7250005010&kikanKbn=5", "url2": "http://www.e-classa.net/harmony-pharmacy/", "内容": "ハーモニー薬局・能登川店【5:薬局】滋賀県東近江市垣見町１５９８－２" }, "geometry": { "type": "Point", "coordinates": [ 136.164001, 35.182158 ] } },
{ "type": "Feature", "properties": { "ID": 2557250005020, "正式名称": "ファルコ薬局　神領店", "機関区分": 5, "都道府県コード": 25, "市区町村コード": 201, "所在地": "滋賀県大津市神領二丁目４０－２１", "緯度": 34.972191, "経度": 135.914268, "url": "https://www.iryou.teikyouseido.mhlw.go.jp/znk-web/juminkanja/S2430/initialize?prefCd=25&kikanCd=7250005020&kikanKbn=5", "url2": "https://www.falco-pharm.co.jp", "内容": "ファルコ薬局　神領店【5:薬局】滋賀県大津市神領二丁目４０－２１" }, "geometry": { "type": "Point", "coordinates": [ 135.914268, 34.972191 ] } },
{ "type": "Feature", "properties": { "ID": 2557250005030, "正式名称": "ふれあい薬局・とらひめ", "機関区分": 5, "都道府県コード": 25, "市区町村コード": 203, "所在地": "滋賀県長浜市大井町１８６番２", "緯度": 35.41168, "経度": 136.265062, "url": "https://www.iryou.teikyouseido.mhlw.go.jp/znk-web/juminkanja/S2430/initialize?prefCd=25&kikanCd=7250005030&kikanKbn=5", "url2": "http://www.fureai-yakkyoku.jp/information_10.html", "内容": "ふれあい薬局・とらひめ【5:薬局】滋賀県長浜市大井町１８６番２" }, "geometry": { "type": "Point", "coordinates": [ 136.265062, 35.41168 ] } },
{ "type": "Feature", "properties": { "ID": 2557250005040, "正式名称": "なの花薬局　仰木の里店", "機関区分": 5, "都道府県コード": 25, "市区町村コード": 201, "所在地": "滋賀県大津市仰木の里７丁目１番１３号", "緯度": 35.108767, "経度": 135.894397, "url": "https://www.iryou.teikyouseido.mhlw.go.jp/znk-web/juminkanja/S2430/initialize?prefCd=25&kikanCd=7250005040&kikanKbn=5", "url2": "https://www.nanohana-ph.jp/", "内容": "なの花薬局　仰木の里店【5:薬局】滋賀県大津市仰木の里７丁目１番１３号" }, "geometry": { "type": "Point", "coordinates": [ 135.894397, 35.108767 ] } },
{ "type": "Feature", "properties": { "ID": 2557250005060, "正式名称": "後三条ハッピー薬局", "機関区分": 5, "都道府県コード": 25, "市区町村コード": 202, "所在地": "滋賀県彦根市後三条町４９５－３", "緯度": 35.2631, "経度": 136.247786, "url": "https://www.iryou.teikyouseido.mhlw.go.jp/znk-web/juminkanja/S2430/initialize?prefCd=25&kikanCd=7250005060&kikanKbn=5", "url2": "http://www.e-classa.net/happy-yakkyo9/", "内容": "後三条ハッピー薬局【5:薬局】滋賀県彦根市後三条町４９５－３" }, "geometry": { "type": "Point", "coordinates": [ 136.247786, 35.2631 ] } },
{ "type": "Feature", "properties": { "ID": 2557250005070, "正式名称": "はぴねす調剤薬局", "機関区分": 5, "都道府県コード": 25, "市区町村コード": 201, "所在地": "滋賀県大津市御幸町１番２８", "緯度": 35.005156, "経度": 135.861258, "url": "https://www.iryou.teikyouseido.mhlw.go.jp/znk-web/juminkanja/S2430/initialize?prefCd=25&kikanCd=7250005070&kikanKbn=5", "url2": "http://www.marinegroup.jp/", "内容": "はぴねす調剤薬局【5:薬局】滋賀県大津市御幸町１番２８" }, "geometry": { "type": "Point", "coordinates": [ 135.861258, 35.005156 ] } },
{ "type": "Feature", "properties": { "ID": 2557250005080, "正式名称": "ティエス調剤薬局　草津駅前店", "機関区分": 5, "都道府県コード": 25, "市区町村コード": 206, "所在地": "滋賀県草津市渋川１丁目２番２６号　ザ・草津タワー２階", "緯度": 35.022211, "経度": 135.963453, "url": "https://www.iryou.teikyouseido.mhlw.go.jp/znk-web/juminkanja/S2430/initialize?prefCd=25&kikanCd=7250005080&kikanKbn=5", "url2": "http://www.tsplan.co.jp", "内容": "ティエス調剤薬局　草津駅前店【5:薬局】滋賀県草津市渋川１丁目２番２６号　ザ・草津タワー２階" }, "geometry": { "type": "Point", "coordinates": [ 135.963453, 35.022211 ] } },
{ "type": "Feature", "properties": { "ID": 2557250005090, "正式名称": "ファマライズ薬局栗東店", "機関区分": 5, "都道府県コード": 25, "市区町村コード": 208, "所在地": "滋賀県栗東市綣三丁目５番２", "緯度": 35.033739, "経度": 135.981203, "url": "https://www.iryou.teikyouseido.mhlw.go.jp/znk-web/juminkanja/S2430/initialize?prefCd=25&kikanCd=7250005090&kikanKbn=5", "url2": "https://www.pharmarise.com/company/store/store.php?store_id=273", "内容": "ファマライズ薬局栗東店【5:薬局】滋賀県栗東市綣三丁目５番２" }, "geometry": { "type": "Point", "coordinates": [ 135.981203, 35.033739 ] } },
{ "type": "Feature", "properties": { "ID": 2557250005100, "正式名称": "パンプキン調剤薬局", "機関区分": 5, "都道府県コード": 25, "市区町村コード": 210, "所在地": "滋賀県野洲市吉地１丁目１１９３－２", "緯度": 35.101819, "経度": 136.010166, "url": "https://www.iryou.teikyouseido.mhlw.go.jp/znk-web/juminkanja/S2430/initialize?prefCd=25&kikanCd=7250005100&kikanKbn=5", "url2": "http://www.marinegroup.jp/top.html", "内容": "パンプキン調剤薬局【5:薬局】滋賀県野洲市吉地１丁目１１９３－２" }, "geometry": { "type": "Point", "coordinates": [ 136.010166, 35.101819 ] } },
{ "type": "Feature", "properties": { "ID": 2557250005110, "正式名称": "アピス薬局野洲店", "機関区分": 5, "都道府県コード": 25, "市区町村コード": 210, "所在地": "滋賀県野洲市八夫２０７７番地２", "緯度": 35.089294, "経度": 136.021731, "url": "https://www.iryou.teikyouseido.mhlw.go.jp/znk-web/juminkanja/S2430/initialize?prefCd=25&kikanCd=7250005110&kikanKbn=5", "url2": "https://www.apis.co.jp/stores/566", "内容": "アピス薬局野洲店【5:薬局】滋賀県野洲市八夫２０７７番地２" }, "geometry": { "type": "Point", "coordinates": [ 136.021731, 35.089294 ] } },
{ "type": "Feature", "properties": { "ID": 2557250005120, "正式名称": "ファルコ薬局　あい南郷店", "機関区分": 5, "都道府県コード": 25, "市区町村コード": 201, "所在地": "滋賀県大津市南郷一丁目６番１０号", "緯度": 34.945108, "経度": 135.907315, "url": "https://www.iryou.teikyouseido.mhlw.go.jp/znk-web/juminkanja/S2430/initialize?prefCd=25&kikanCd=7250005120&kikanKbn=5", "url2": "http://www.falco-pharm.co.jp", "内容": "ファルコ薬局　あい南郷店【5:薬局】滋賀県大津市南郷一丁目６番１０号" }, "geometry": { "type": "Point", "coordinates": [ 135.907315, 34.945108 ] } },
{ "type": "Feature", "properties": { "ID": 2557250005130, "正式名称": "南草津プラス薬局", "機関区分": 5, "都道府県コード": 25, "市区町村コード": 206, "所在地": "滋賀県草津市南草津３－１－１４", "緯度": 35.005912, "経度": 135.942721, "url": "https://www.iryou.teikyouseido.mhlw.go.jp/znk-web/juminkanja/S2430/initialize?prefCd=25&kikanCd=7250005130&kikanKbn=5", "url2": "https://pluspharma-shiga.com/", "内容": "南草津プラス薬局【5:薬局】滋賀県草津市南草津３－１－１４" }, "geometry": { "type": "Point", "coordinates": [ 135.942721, 35.005912 ] } },
{ "type": "Feature", "properties": { "ID": 2557250005140, "正式名称": "たんぽぽ薬局　木之本店", "機関区分": 5, "都道府県コード": 25, "市区町村コード": 203, "所在地": "滋賀県長浜市木之本町黒田１０９０－１", "緯度": 35.502961, "経度": 136.213814, "url": "https://www.iryou.teikyouseido.mhlw.go.jp/znk-web/juminkanja/S2430/initialize?prefCd=25&kikanCd=7250005140&kikanKbn=5", "url2": "http://www.tanpopo-ph.co.jp", "内容": "たんぽぽ薬局　木之本店【5:薬局】滋賀県長浜市木之本町黒田１０９０－１" }, "geometry": { "type": "Point", "coordinates": [ 136.213814, 35.502961 ] } },
{ "type": "Feature", "properties": { "ID": 2557250005170, "正式名称": "みどり薬局　草津店", "機関区分": 5, "都道府県コード": 25, "市区町村コード": 206, "所在地": "滋賀県草津市矢橋町１６１３－１", "緯度": 35.009183, "経度": 135.923842, "url": "https://www.iryou.teikyouseido.mhlw.go.jp/znk-web/juminkanja/S2430/initialize?prefCd=25&kikanCd=7250005170&kikanKbn=5", "url2": "https://ship-ph.co.jp/", "内容": "みどり薬局　草津店【5:薬局】滋賀県草津市矢橋町１６１３－１" }, "geometry": { "type": "Point", "coordinates": [ 135.923842, 35.009183 ] } },
{ "type": "Feature", "properties": { "ID": 2557250005180, "正式名称": "スズキ調剤薬局　南草津店", "機関区分": 5, "都道府県コード": 25, "市区町村コード": 206, "所在地": "滋賀県草津市南草津１－１－８", "緯度": 35.003768, "経度": 135.94576, "url": "https://www.iryou.teikyouseido.mhlw.go.jp/znk-web/juminkanja/S2430/initialize?prefCd=25&kikanCd=7250005180&kikanKbn=5", "url2": "http://www.suzukiph.co.jp", "内容": "スズキ調剤薬局　南草津店【5:薬局】滋賀県草津市南草津１－１－８" }, "geometry": { "type": "Point", "coordinates": [ 135.94576, 35.003768 ] } },
{ "type": "Feature", "properties": { "ID": 2557250005190, "正式名称": "ラブリー薬局", "機関区分": 5, "都道府県コード": 25, "市区町村コード": 207, "所在地": "滋賀県守山市梅田町１５－８", "緯度": 35.052517, "経度": 135.996231, "url": "https://www.iryou.teikyouseido.mhlw.go.jp/znk-web/juminkanja/S2430/initialize?prefCd=25&kikanCd=7250005190&kikanKbn=5", "url2": null, "内容": "ラブリー薬局【5:薬局】滋賀県守山市梅田町１５－８" }, "geometry": { "type": "Point", "coordinates": [ 135.996231, 35.052517 ] } },
{ "type": "Feature", "properties": { "ID": 2557250005230, "正式名称": "なの花薬局　大津坂本店", "機関区分": 5, "都道府県コード": 25, "市区町村コード": 201, "所在地": "滋賀県大津市坂本１－２５－５", "緯度": 35.066195, "経度": 135.866883, "url": "https://www.iryou.teikyouseido.mhlw.go.jp/znk-web/juminkanja/S2430/initialize?prefCd=25&kikanCd=7250005230&kikanKbn=5", "url2": "http://www.nanohana-ph.jp", "内容": "なの花薬局　大津坂本店【5:薬局】滋賀県大津市坂本１－２５－５" }, "geometry": { "type": "Point", "coordinates": [ 135.866883, 35.066195 ] } },
{ "type": "Feature", "properties": { "ID": 2557250005240, "正式名称": "株式会社友愛　神宮前薬局", "機関区分": 5, "都道府県コード": 25, "市区町村コード": 201, "所在地": "滋賀県大津市桜野町１－１６－１２", "緯度": 35.027572, "経度": 135.855453, "url": "https://www.iryou.teikyouseido.mhlw.go.jp/znk-web/juminkanja/S2430/initialize?prefCd=25&kikanCd=7250005240&kikanKbn=5", "url2": "https://yuai-ph.co.jp/", "内容": "株式会社友愛　神宮前薬局【5:薬局】滋賀県大津市桜野町１－１６－１２" }, "geometry": { "type": "Point", "coordinates": [ 135.855453, 35.027572 ] } },
{ "type": "Feature", "properties": { "ID": 2557250005320, "正式名称": "つばさ薬局", "機関区分": 5, "都道府県コード": 25, "市区町村コード": 203, "所在地": "滋賀県長浜市木之本２０１５　生活館内", "緯度": 35.50085, "経度": 136.222647, "url": "https://www.iryou.teikyouseido.mhlw.go.jp/znk-web/juminkanja/S2430/initialize?prefCd=25&kikanCd=7250005320&kikanKbn=5", "url2": null, "内容": "つばさ薬局【5:薬局】滋賀県長浜市木之本２０１５　生活館内" }, "geometry": { "type": "Point", "coordinates": [ 136.222647, 35.50085 ] } },
{ "type": "Feature", "properties": { "ID": 2557250005330, "正式名称": "ヤマヤ薬局", "機関区分": 5, "都道府県コード": 25, "市区町村コード": 201, "所在地": "滋賀県大津市本堅田２－８－１５", "緯度": 35.114739, "経度": 135.919786, "url": "https://www.iryou.teikyouseido.mhlw.go.jp/znk-web/juminkanja/S2430/initialize?prefCd=25&kikanCd=7250005330&kikanKbn=5", "url2": "www.maroon.dti.ne.jp/yamayanokusuri/top.html", "内容": "ヤマヤ薬局【5:薬局】滋賀県大津市本堅田２－８－１５" }, "geometry": { "type": "Point", "coordinates": [ 135.919786, 35.114739 ] } },
{ "type": "Feature", "properties": { "ID": 2557250005370, "正式名称": "やくさ薬局", "機関区分": 5, "都道府県コード": 25, "市区町村コード": 209, "所在地": "滋賀県甲賀市甲南町希望ヶ丘本町６－８５７－７８", "緯度": 34.942767, "経度": 136.175786, "url": "https://www.iryou.teikyouseido.mhlw.go.jp/znk-web/juminkanja/S2430/initialize?prefCd=25&kikanCd=7250005370&kikanKbn=5", "url2": "https://www.e-classa.net/yakusa", "内容": "やくさ薬局【5:薬局】滋賀県甲賀市甲南町希望ヶ丘本町６－８５７－７８" }, "geometry": { "type": "Point", "coordinates": [ 136.175786, 34.942767 ] } },
{ "type": "Feature", "properties": { "ID": 2557250005380, "正式名称": "アイランド薬局　守山店", "機関区分": 5, "都道府県コード": 25, "市区町村コード": 207, "所在地": "滋賀県守山市守山３－１０－１１", "緯度": 35.058239, "経度": 135.985036, "url": "https://www.iryou.teikyouseido.mhlw.go.jp/znk-web/juminkanja/S2430/initialize?prefCd=25&kikanCd=7250005380&kikanKbn=5", "url2": "https://www.apocreat.co.jp/", "内容": "アイランド薬局　守山店【5:薬局】滋賀県守山市守山３－１０－１１" }, "geometry": { "type": "Point", "coordinates": [ 135.985036, 35.058239 ] } },
{ "type": "Feature", "properties": { "ID": 2557250005400, "正式名称": "オリーブ薬局", "機関区分": 5, "都道府県コード": 25, "市区町村コード": 201, "所在地": "滋賀県大津市錦織３－１６－２０", "緯度": 35.029322, "経度": 135.861175, "url": "https://www.iryou.teikyouseido.mhlw.go.jp/znk-web/juminkanja/S2430/initialize?prefCd=25&kikanCd=7250005400&kikanKbn=5", "url2": "https://www.e-classa.net/olive-ph/index.html", "内容": "オリーブ薬局【5:薬局】滋賀県大津市錦織３－１６－２０" }, "geometry": { "type": "Point", "coordinates": [ 135.861175, 35.029322 ] } },
{ "type": "Feature", "properties": { "ID": 2557250005410, "正式名称": "いずみ薬局", "機関区分": 5, "都道府県コード": 25, "市区町村コード": 204, "所在地": "滋賀県近江八幡市鷹飼町４５０－１２", "緯度": 35.120239, "経度": 136.099231, "url": "https://www.iryou.teikyouseido.mhlw.go.jp/znk-web/juminkanja/S2430/initialize?prefCd=25&kikanCd=7250005410&kikanKbn=5", "url2": "http://meron-net.shop/ds/izumi-pha_0701/", "内容": "いずみ薬局【5:薬局】滋賀県近江八幡市鷹飼町４５０－１２" }, "geometry": { "type": "Point", "coordinates": [ 136.099231, 35.120239 ] } },
{ "type": "Feature", "properties": { "ID": 2557250005420, "正式名称": "さくら薬局　東近江佐野店", "機関区分": 5, "都道府県コード": 25, "市区町村コード": 213, "所在地": "滋賀県東近江市佐野町１９６", "緯度": 35.177156, "経度": 136.175258, "url": "https://www.iryou.teikyouseido.mhlw.go.jp/znk-web/juminkanja/S2430/initialize?prefCd=25&kikanCd=7250005420&kikanKbn=5", "url2": "https://www.kraft-net.co.jp/sakura/store/3517/", "内容": "さくら薬局　東近江佐野店【5:薬局】滋賀県東近江市佐野町１９６" }, "geometry": { "type": "Point", "coordinates": [ 136.175258, 35.177156 ] } },
{ "type": "Feature", "properties": { "ID": 2557250005440, "正式名称": "ピュア調剤薬局", "機関区分": 5, "都道府県コード": 25, "市区町村コード": 201, "所在地": "滋賀県大津市錦織３－１０－２５　ミノベマンション１Ｆ", "緯度": 35.030406, "経度": 135.858231, "url": "https://www.iryou.teikyouseido.mhlw.go.jp/znk-web/juminkanja/S2430/initialize?prefCd=25&kikanCd=7250005440&kikanKbn=5", "url2": null, "内容": "ピュア調剤薬局【5:薬局】滋賀県大津市錦織３－１０－２５　ミノベマンション１Ｆ" }, "geometry": { "type": "Point", "coordinates": [ 135.858231, 35.030406 ] } },
{ "type": "Feature", "properties": { "ID": 2557250005460, "正式名称": "そよかぜ薬局", "機関区分": 5, "都道府県コード": 25, "市区町村コード": 203, "所在地": "滋賀県長浜市宮部町３０２９－２", "緯度": 35.421287, "経度": 136.280895, "url": "https://www.iryou.teikyouseido.mhlw.go.jp/znk-web/juminkanja/S2430/initialize?prefCd=25&kikanCd=7250005460&kikanKbn=5", "url2": "https://www.kraft-net.co.jp/sakura/store/3516/", "内容": "そよかぜ薬局【5:薬局】滋賀県長浜市宮部町３０２９－２" }, "geometry": { "type": "Point", "coordinates": [ 136.280895, 35.421287 ] } },
{ "type": "Feature", "properties": { "ID": 2557250005470, "正式名称": "さくら薬局　長浜宮前店", "機関区分": 5, "都道府県コード": 25, "市区町村コード": 203, "所在地": "滋賀県長浜市宮前町６－１７", "緯度": 35.382939, "経度": 136.272779, "url": "https://www.iryou.teikyouseido.mhlw.go.jp/znk-web/juminkanja/S2430/initialize?prefCd=25&kikanCd=7250005470&kikanKbn=5", "url2": "https://www.kraft-net.co.jp/sakura/store/3402/", "内容": "さくら薬局　長浜宮前店【5:薬局】滋賀県長浜市宮前町６－１７" }, "geometry": { "type": "Point", "coordinates": [ 136.272779, 35.382939 ] } },
{ "type": "Feature", "properties": { "ID": 2557250005480, "正式名称": "さくら薬局長浜川道店", "機関区分": 5, "都道府県コード": 25, "市区町村コード": 203, "所在地": "滋賀県長浜市川道町５１３－５", "緯度": 35.397211, "経度": 136.236758, "url": "https://www.iryou.teikyouseido.mhlw.go.jp/znk-web/juminkanja/S2430/initialize?prefCd=25&kikanCd=7250005480&kikanKbn=5", "url2": "https://www.kraft-net.co.jp/sakura/store/3514/", "内容": "さくら薬局長浜川道店【5:薬局】滋賀県長浜市川道町５１３－５" }, "geometry": { "type": "Point", "coordinates": [ 136.236758, 35.397211 ] } },
{ "type": "Feature", "properties": { "ID": 2557250005490, "正式名称": "さくら薬局　長浜元浜店", "機関区分": 5, "都道府県コード": 25, "市区町村コード": 203, "所在地": "滋賀県長浜市元浜町３１－１５", "緯度": 35.3841, "経度": 136.268008, "url": "https://www.iryou.teikyouseido.mhlw.go.jp/znk-web/juminkanja/S2430/initialize?prefCd=25&kikanCd=7250005490&kikanKbn=5", "url2": "https://www.kraft-net.co.jp/sakura/store/3455/", "内容": "さくら薬局　長浜元浜店【5:薬局】滋賀県長浜市元浜町３１－１５" }, "geometry": { "type": "Point", "coordinates": [ 136.268008, 35.3841 ] } },
{ "type": "Feature", "properties": { "ID": 2557250005500, "正式名称": "さくら薬局　長浜下坂店", "機関区分": 5, "都道府県コード": 25, "市区町村コード": 203, "所在地": "滋賀県長浜市下坂中町２２７－４", "緯度": 35.366239, "経度": 136.286703, "url": "https://www.iryou.teikyouseido.mhlw.go.jp/znk-web/juminkanja/S2430/initialize?prefCd=25&kikanCd=7250005500&kikanKbn=5", "url2": "https://www.kraft-net.co.jp/sakura/store/3518/", "内容": "さくら薬局　長浜下坂店【5:薬局】滋賀県長浜市下坂中町２２７－４" }, "geometry": { "type": "Point", "coordinates": [ 136.286703, 35.366239 ] } },
{ "type": "Feature", "properties": { "ID": 2557250005520, "正式名称": "ユタカ薬局西草津", "機関区分": 5, "都道府県コード": 25, "市区町村コード": 206, "所在地": "滋賀県草津市上笠２丁目３３－１２", "緯度": 35.031822, "経度": 135.944758, "url": "https://www.iryou.teikyouseido.mhlw.go.jp/znk-web/juminkanja/S2430/initialize?prefCd=25&kikanCd=7250005520&kikanKbn=5", "url2": "https://www.d-yutaka.co.jp/shop/232.html", "内容": "ユタカ薬局西草津【5:薬局】滋賀県草津市上笠２丁目３３－１２" }, "geometry": { "type": "Point", "coordinates": [ 135.944758, 35.031822 ] } },
{ "type": "Feature", "properties": { "ID": 2557250005530, "正式名称": "ユタカ薬局日野", "機関区分": 5, "都道府県コード": 25, "市区町村コード": 383, "所在地": "滋賀県蒲生郡日野町松尾９４８－１０", "緯度": 35.018544, "経度": 136.239064, "url": "https://www.iryou.teikyouseido.mhlw.go.jp/znk-web/juminkanja/S2430/initialize?prefCd=25&kikanCd=7250005530&kikanKbn=5", "url2": "https://www.d-yutaka.co.jp/shop/206.html", "内容": "ユタカ薬局日野【5:薬局】滋賀県蒲生郡日野町松尾９４８－１０" }, "geometry": { "type": "Point", "coordinates": [ 136.239064, 35.018544 ] } },
{ "type": "Feature", "properties": { "ID": 2557250005540, "正式名称": "ユタカ薬局彦根南", "機関区分": 5, "都道府県コード": 25, "市区町村コード": 202, "所在地": "滋賀県彦根市野瀬町１５４－１", "緯度": 35.253572, "経度": 136.234369, "url": "https://www.iryou.teikyouseido.mhlw.go.jp/znk-web/juminkanja/S2430/initialize?prefCd=25&kikanCd=7250005540&kikanKbn=5", "url2": "https://www.d-yutaka.co.jp/shop/240.html", "内容": "ユタカ薬局彦根南【5:薬局】滋賀県彦根市野瀬町１５４－１" }, "geometry": { "type": "Point", "coordinates": [ 136.234369, 35.253572 ] } },
{ "type": "Feature", "properties": { "ID": 2557250005580, "正式名称": "さん調剤薬局", "機関区分": 5, "都道府県コード": 25, "市区町村コード": 202, "所在地": "滋賀県彦根市戸賀町３８－４", "緯度": 35.254013, "経度": 136.242287, "url": "https://www.iryou.teikyouseido.mhlw.go.jp/znk-web/juminkanja/S2430/initialize?prefCd=25&kikanCd=7250005580&kikanKbn=5", "url2": null, "内容": "さん調剤薬局【5:薬局】滋賀県彦根市戸賀町３８－４" }, "geometry": { "type": "Point", "coordinates": [ 136.242287, 35.254013 ] } },
{ "type": "Feature", "properties": { "ID": 2557250005600, "正式名称": "ファースト調剤薬局　大津堅田店", "機関区分": 5, "都道府県コード": 25, "市区町村コード": 201, "所在地": "滋賀県大津市本堅田四丁目６－２１", "緯度": 35.116971, "経度": 135.917737, "url": "https://www.iryou.teikyouseido.mhlw.go.jp/znk-web/juminkanja/S2430/initialize?prefCd=25&kikanCd=7250005600&kikanKbn=5", "url2": "http://www.first1.jp", "内容": "ファースト調剤薬局　大津堅田店【5:薬局】滋賀県大津市本堅田四丁目６－２１" }, "geometry": { "type": "Point", "coordinates": [ 135.917737, 35.116971 ] } },
{ "type": "Feature", "properties": { "ID": 2557250005610, "正式名称": "森野成蹊堂薬局", "機関区分": 5, "都道府県コード": 25, "市区町村コード": 425, "所在地": "滋賀県愛知郡愛荘町長野１９５９", "緯度": 35.186346, "経度": 136.20551, "url": "https://www.iryou.teikyouseido.mhlw.go.jp/znk-web/juminkanja/S2430/initialize?prefCd=25&kikanCd=7250005610&kikanKbn=5", "url2": null, "内容": "森野成蹊堂薬局【5:薬局】滋賀県愛知郡愛荘町長野１９５９" }, "geometry": { "type": "Point", "coordinates": [ 136.20551, 35.186346 ] } },
{ "type": "Feature", "properties": { "ID": 2557250005640, "正式名称": "ユタカ薬局　近江八幡", "機関区分": 5, "都道府県コード": 25, "市区町村コード": 204, "所在地": "滋賀県近江八幡市桜宮町２００－９", "緯度": 35.131046, "経度": 136.094718, "url": "https://www.iryou.teikyouseido.mhlw.go.jp/znk-web/juminkanja/S2430/initialize?prefCd=25&kikanCd=7250005640&kikanKbn=5", "url2": "https://www.d-yutaka.co.jp/shop/147.html", "内容": "ユタカ薬局　近江八幡【5:薬局】滋賀県近江八幡市桜宮町２００－９" }, "geometry": { "type": "Point", "coordinates": [ 136.094718, 35.131046 ] } },
{ "type": "Feature", "properties": { "ID": 2557250005650, "正式名称": "いちえ薬局", "機関区分": 5, "都道府県コード": 25, "市区町村コード": 204, "所在地": "滋賀県近江八幡市安土町常楽寺", "緯度": 35.139313, "経度": 136.132967, "url": "https://www.iryou.teikyouseido.mhlw.go.jp/znk-web/juminkanja/S2430/initialize?prefCd=25&kikanCd=7250005650&kikanKbn=5", "url2": "http://ichie.k-pharma.co.jp/", "内容": "いちえ薬局【5:薬局】滋賀県近江八幡市安土町常楽寺" }, "geometry": { "type": "Point", "coordinates": [ 136.132967, 35.139313 ] } },
{ "type": "Feature", "properties": { "ID": 2557250005680, "正式名称": "なの花薬局　栗東大宝店", "機関区分": 5, "都道府県コード": 25, "市区町村コード": 208, "所在地": "滋賀県栗東市霊仙寺１－１－５３", "緯度": 35.039156, "経度": 135.974842, "url": "https://www.iryou.teikyouseido.mhlw.go.jp/znk-web/juminkanja/S2430/initialize?prefCd=25&kikanCd=7250005680&kikanKbn=5", "url2": "https://www.nanohana-ph.jp/", "内容": "なの花薬局　栗東大宝店【5:薬局】滋賀県栗東市霊仙寺１－１－５３" }, "geometry": { "type": "Point", "coordinates": [ 135.974842, 35.039156 ] } },
{ "type": "Feature", "properties": { "ID": 2557250005730, "正式名称": "いるか薬局　寺田店", "機関区分": 5, "都道府県コード": 25, "市区町村コード": 203, "所在地": "滋賀県長浜市寺田町２４７－１", "緯度": 35.364428, "経度": 136.285896, "url": "https://www.iryou.teikyouseido.mhlw.go.jp/znk-web/juminkanja/S2430/initialize?prefCd=25&kikanCd=7250005730&kikanKbn=5", "url2": null, "内容": "いるか薬局　寺田店【5:薬局】滋賀県長浜市寺田町２４７－１" }, "geometry": { "type": "Point", "coordinates": [ 136.285896, 35.364428 ] } },
{ "type": "Feature", "properties": { "ID": 2557250005740, "正式名称": "さかのいち調剤薬局", "機関区分": 5, "都道府県コード": 25, "市区町村コード": 201, "所在地": "滋賀県大津市坂本三丁目３２番２１号", "緯度": 35.070273, "経度": 135.878895, "url": "https://www.iryou.teikyouseido.mhlw.go.jp/znk-web/juminkanja/S2430/initialize?prefCd=25&kikanCd=7250005740&kikanKbn=5", "url2": "http://www.marinegroup.jp/", "内容": "さかのいち調剤薬局【5:薬局】滋賀県大津市坂本三丁目３２番２１号" }, "geometry": { "type": "Point", "coordinates": [ 135.878895, 35.070273 ] } },
{ "type": "Feature", "properties": { "ID": 2557250005770, "正式名称": "スギ薬局　大津富士見台店", "機関区分": 5, "都道府県コード": 25, "市区町村コード": 201, "所在地": "滋賀県大津市富士見台３番１号", "緯度": 34.985935, "経度": 135.887927, "url": "https://www.iryou.teikyouseido.mhlw.go.jp/znk-web/juminkanja/S2430/initialize?prefCd=25&kikanCd=7250005770&kikanKbn=5", "url2": "http://www.drug-sugi.co.jp/", "内容": "スギ薬局　大津富士見台店【5:薬局】滋賀県大津市富士見台３番１号" }, "geometry": { "type": "Point", "coordinates": [ 135.887927, 34.985935 ] } },
{ "type": "Feature", "properties": { "ID": 2557250005830, "正式名称": "りんご薬局", "機関区分": 5, "都道府県コード": 25, "市区町村コード": 212, "所在地": "滋賀県高島市今津町桜町一丁目７－９", "緯度": 35.40007, "経度": 136.029544, "url": "https://www.iryou.teikyouseido.mhlw.go.jp/znk-web/juminkanja/S2430/initialize?prefCd=25&kikanCd=7250005830&kikanKbn=5", "url2": "https://www.e-classa.net/ringo-yakkyoku/index.html", "内容": "りんご薬局【5:薬局】滋賀県高島市今津町桜町一丁目７－９" }, "geometry": { "type": "Point", "coordinates": [ 136.029544, 35.40007 ] } },
{ "type": "Feature", "properties": { "ID": 2557250005850, "正式名称": "さわだ薬局　八日市店", "機関区分": 5, "都道府県コード": 25, "市区町村コード": 213, "所在地": "滋賀県東近江市八日市上之町４－２８", "緯度": 35.111864, "経度": 136.202057, "url": "https://www.iryou.teikyouseido.mhlw.go.jp/znk-web/juminkanja/S2430/initialize?prefCd=25&kikanCd=7250005850&kikanKbn=5", "url2": null, "内容": "さわだ薬局　八日市店【5:薬局】滋賀県東近江市八日市上之町４－２８" }, "geometry": { "type": "Point", "coordinates": [ 136.202057, 35.111864 ] } },
{ "type": "Feature", "properties": { "ID": 2557250005870, "正式名称": "金太郎薬局　東近江店", "機関区分": 5, "都道府県コード": 25, "市区町村コード": 213, "所在地": "滋賀県東近江市小池町５３１－１", "緯度": 35.133671, "経度": 136.228632, "url": "https://www.iryou.teikyouseido.mhlw.go.jp/znk-web/juminkanja/S2430/initialize?prefCd=25&kikanCd=7250005870&kikanKbn=5", "url2": "https://keing-pharmacy.com/", "内容": "金太郎薬局　東近江店【5:薬局】滋賀県東近江市小池町５３１－１" }, "geometry": { "type": "Point", "coordinates": [ 136.228632, 35.133671 ] } },
{ "type": "Feature", "properties": { "ID": 2557250005880, "正式名称": "ふれあい薬局・彦根駅前", "機関区分": 5, "都道府県コード": 25, "市区町村コード": 202, "所在地": "滋賀県彦根市駅東町１５番１　近江鉄道ビル", "緯度": 35.278538, "経度": 136.263564, "url": "https://www.iryou.teikyouseido.mhlw.go.jp/znk-web/juminkanja/S2430/initialize?prefCd=25&kikanCd=7250005880&kikanKbn=5", "url2": "http://www.fureai-yakkyoku.jp/", "内容": "ふれあい薬局・彦根駅前【5:薬局】滋賀県彦根市駅東町１５番１　近江鉄道ビル" }, "geometry": { "type": "Point", "coordinates": [ 136.263564, 35.278538 ] } },
{ "type": "Feature", "properties": { "ID": 2557250005890, "正式名称": "自然派薬局　ぎんのもり", "機関区分": 5, "都道府県コード": 25, "市区町村コード": 211, "所在地": "滋賀県湖南市柑子袋東３−５−１４", "緯度": 35.001745, "経度": 136.06787, "url": "https://www.iryou.teikyouseido.mhlw.go.jp/znk-web/juminkanja/S2430/initialize?prefCd=25&kikanCd=7250005890&kikanKbn=5", "url2": null, "内容": "自然派薬局　ぎんのもり【5:薬局】滋賀県湖南市柑子袋東３−５−１４" }, "geometry": { "type": "Point", "coordinates": [ 136.06787, 35.001745 ] } },
{ "type": "Feature", "properties": { "ID": 2557250005930, "正式名称": "たかひげ調剤薬局", "機関区分": 5, "都道府県コード": 25, "市区町村コード": 212, "所在地": "滋賀県高島市新旭町旭７１１－１", "緯度": 35.355668, "経度": 136.033505, "url": "https://www.iryou.teikyouseido.mhlw.go.jp/znk-web/juminkanja/S2430/initialize?prefCd=25&kikanCd=7250005930&kikanKbn=5", "url2": null, "内容": "たかひげ調剤薬局【5:薬局】滋賀県高島市新旭町旭７１１－１" }, "geometry": { "type": "Point", "coordinates": [ 136.033505, 35.355668 ] } },
{ "type": "Feature", "properties": { "ID": 2557250005940, "正式名称": "オレンジ薬局", "機関区分": 5, "都道府県コード": 25, "市区町村コード": 210, "所在地": "滋賀県野洲市市三宅２３３９－３", "緯度": 35.072184, "経度": 136.012241, "url": "https://www.iryou.teikyouseido.mhlw.go.jp/znk-web/juminkanja/S2430/initialize?prefCd=25&kikanCd=7250005940&kikanKbn=5", "url2": null, "内容": "オレンジ薬局【5:薬局】滋賀県野洲市市三宅２３３９－３" }, "geometry": { "type": "Point", "coordinates": [ 136.012241, 35.072184 ] } },
{ "type": "Feature", "properties": { "ID": 2557250005950, "正式名称": "ツタ薬局　大津京町店", "機関区分": 5, "都道府県コード": 25, "市区町村コード": 201, "所在地": "滋賀県大津市京町１丁目２－２３　奥村ビル１Ｆ", "緯度": 35.00753, "経度": 135.862858, "url": "https://www.iryou.teikyouseido.mhlw.go.jp/znk-web/juminkanja/S2430/initialize?prefCd=25&kikanCd=7250005950&kikanKbn=5", "url2": "https://www.tsuta-yakkyoku.com/", "内容": "ツタ薬局　大津京町店【5:薬局】滋賀県大津市京町１丁目２－２３　奥村ビル１Ｆ" }, "geometry": { "type": "Point", "coordinates": [ 135.862858, 35.00753 ] } },
{ "type": "Feature", "properties": { "ID": 2557250005960, "正式名称": "ハーモニー薬局　守山石田店", "機関区分": 5, "都道府県コード": 25, "市区町村コード": 207, "所在地": "滋賀県守山市石田町２７５－７", "緯度": 35.069525, "経度": 135.983408, "url": "https://www.iryou.teikyouseido.mhlw.go.jp/znk-web/juminkanja/S2430/initialize?prefCd=25&kikanCd=7250005960&kikanKbn=5", "url2": "https://www.harmony-pharmacy.com/", "内容": "ハーモニー薬局　守山石田店【5:薬局】滋賀県守山市石田町２７５－７" }, "geometry": { "type": "Point", "coordinates": [ 135.983408, 35.069525 ] } },
{ "type": "Feature", "properties": { "ID": 2557250005970, "正式名称": "ミント薬局　桜野町店", "機関区分": 5, "都道府県コード": 25, "市区町村コード": 201, "所在地": "滋賀県大津市桜野町２丁目４－７　パデシオン西大津１Ｆ", "緯度": 35.025261, "経度": 135.85969, "url": "https://www.iryou.teikyouseido.mhlw.go.jp/znk-web/juminkanja/S2430/initialize?prefCd=25&kikanCd=7250005970&kikanKbn=5", "url2": "https://www.pharmarise.com/company/store/store.php?store_id=274", "内容": "ミント薬局　桜野町店【5:薬局】滋賀県大津市桜野町２丁目４－７　パデシオン西大津１Ｆ" }, "geometry": { "type": "Point", "coordinates": [ 135.85969, 35.025261 ] } },
{ "type": "Feature", "properties": { "ID": 2557250005990, "正式名称": "ファルコ薬局　瀬田店", "機関区分": 5, "都道府県コード": 25, "市区町村コード": 201, "所在地": "滋賀県大津市神領一丁目９番１８号", "緯度": 34.973543, "経度": 135.911444, "url": "https://www.iryou.teikyouseido.mhlw.go.jp/znk-web/juminkanja/S2430/initialize?prefCd=25&kikanCd=7250005990&kikanKbn=5", "url2": "http://www.falco-pharm.co.jp", "内容": "ファルコ薬局　瀬田店【5:薬局】滋賀県大津市神領一丁目９番１８号" }, "geometry": { "type": "Point", "coordinates": [ 135.911444, 34.973543 ] } },
{ "type": "Feature", "properties": { "ID": 2557250006010, "正式名称": "ユタカ薬局　竜王", "機関区分": 5, "都道府県コード": 25, "市区町村コード": 384, "所在地": "滋賀県蒲生郡竜王町小口１６６４番地１", "緯度": 35.057364, "経度": 136.109342, "url": "https://www.iryou.teikyouseido.mhlw.go.jp/znk-web/juminkanja/S2430/initialize?prefCd=25&kikanCd=7250006010&kikanKbn=5", "url2": "https://www.d-yutaka.co.jp/shop/246.html", "内容": "ユタカ薬局　竜王【5:薬局】滋賀県蒲生郡竜王町小口１６６４番地１" }, "geometry": { "type": "Point", "coordinates": [ 136.109342, 35.057364 ] } },
{ "type": "Feature", "properties": { "ID": 2557250006020, "正式名称": "ツタ薬局　愛荘店", "機関区分": 5, "都道府県コード": 25, "市区町村コード": 425, "所在地": "滋賀県愛知郡愛荘町市９１６番地４", "緯度": 35.177589, "経度": 136.212378, "url": "https://www.iryou.teikyouseido.mhlw.go.jp/znk-web/juminkanja/S2430/initialize?prefCd=25&kikanCd=7250006020&kikanKbn=5", "url2": null, "内容": "ツタ薬局　愛荘店【5:薬局】滋賀県愛知郡愛荘町市９１６番地４" }, "geometry": { "type": "Point", "coordinates": [ 136.212378, 35.177589 ] } },
{ "type": "Feature", "properties": { "ID": 2557250006030, "正式名称": "たかみや薬局", "機関区分": 5, "都道府県コード": 25, "市区町村コード": 202, "所在地": "滋賀県彦根市高宮町２９４１－１８", "緯度": 35.229388, "経度": 136.252498, "url": "https://www.iryou.teikyouseido.mhlw.go.jp/znk-web/juminkanja/S2430/initialize?prefCd=25&kikanCd=7250006030&kikanKbn=5", "url2": null, "内容": "たかみや薬局【5:薬局】滋賀県彦根市高宮町２９４１－１８" }, "geometry": { "type": "Point", "coordinates": [ 136.252498, 35.229388 ] } },
{ "type": "Feature", "properties": { "ID": 2557250006050, "正式名称": "れもん薬局", "機関区分": 5, "都道府県コード": 25, "市区町村コード": 201, "所在地": "滋賀県大津市坂本６丁目３０－３７", "緯度": 35.074753, "経度": 135.873751, "url": "https://www.iryou.teikyouseido.mhlw.go.jp/znk-web/juminkanja/S2430/initialize?prefCd=25&kikanCd=7250006050&kikanKbn=5", "url2": "http://www.masuda-ph.jp/index.html", "内容": "れもん薬局【5:薬局】滋賀県大津市坂本６丁目３０－３７" }, "geometry": { "type": "Point", "coordinates": [ 135.873751, 35.074753 ] } },
{ "type": "Feature", "properties": { "ID": 2557250006060, "正式名称": "千寿堂薬局", "機関区分": 5, "都道府県コード": 25, "市区町村コード": 212, "所在地": "滋賀県高島市安曇川町末広３丁目２３番２", "緯度": 35.326632, "経度": 136.022495, "url": "https://www.iryou.teikyouseido.mhlw.go.jp/znk-web/juminkanja/S2430/initialize?prefCd=25&kikanCd=7250006060&kikanKbn=5", "url2": null, "内容": "千寿堂薬局【5:薬局】滋賀県高島市安曇川町末広３丁目２３番２" }, "geometry": { "type": "Point", "coordinates": [ 136.022495, 35.326632 ] } },
{ "type": "Feature", "properties": { "ID": 2557250006070, "正式名称": "イオン薬局　長浜店", "機関区分": 5, "都道府県コード": 25, "市区町村コード": 203, "所在地": "滋賀県長浜市山階町２７１－１　イオン長浜店１Ｆ", "緯度": 35.396932, "経度": 136.289546, "url": "https://www.iryou.teikyouseido.mhlw.go.jp/znk-web/juminkanja/S2430/initialize?prefCd=25&kikanCd=7250006070&kikanKbn=5", "url2": null, "内容": "イオン薬局　長浜店【5:薬局】滋賀県長浜市山階町２７１－１　イオン長浜店１Ｆ" }, "geometry": { "type": "Point", "coordinates": [ 136.289546, 35.396932 ] } },
{ "type": "Feature", "properties": { "ID": 2557250006090, "正式名称": "追分口プラス薬局", "機関区分": 5, "都道府県コード": 25, "市区町村コード": 206, "所在地": "滋賀県草津市追分３－１－７", "緯度": 35.009143, "経度": 135.964391, "url": "https://www.iryou.teikyouseido.mhlw.go.jp/znk-web/juminkanja/S2430/initialize?prefCd=25&kikanCd=7250006090&kikanKbn=5", "url2": "http://www.e-classa.net/plus/index.html", "内容": "追分口プラス薬局【5:薬局】滋賀県草津市追分３－１－７" }, "geometry": { "type": "Point", "coordinates": [ 135.964391, 35.009143 ] } },
{ "type": "Feature", "properties": { "ID": 2557250006110, "正式名称": "マミー薬局", "機関区分": 5, "都道府県コード": 25, "市区町村コード": 210, "所在地": "滋賀県野洲市小篠原１１０９－４", "緯度": 35.064185, "経度": 136.022509, "url": "https://www.iryou.teikyouseido.mhlw.go.jp/znk-web/juminkanja/S2430/initialize?prefCd=25&kikanCd=7250006110&kikanKbn=5", "url2": "https://phstr.co.jp/store/", "内容": "マミー薬局【5:薬局】滋賀県野洲市小篠原１１０９－４" }, "geometry": { "type": "Point", "coordinates": [ 136.022509, 35.064185 ] } },
{ "type": "Feature", "properties": { "ID": 2557250006130, "正式名称": "ひまわり薬局　大津長等店", "機関区分": 5, "都道府県コード": 25, "市区町村コード": 201, "所在地": "滋賀県大津市長等２丁目８－３８　浜大津ヒルズ１Ｆ", "緯度": 35.009527, "経度": 135.860332, "url": "https://www.iryou.teikyouseido.mhlw.go.jp/znk-web/juminkanja/S2430/initialize?prefCd=25&kikanCd=7250006130&kikanKbn=5", "url2": "http://www.himawari-ph.co.jp", "内容": "ひまわり薬局　大津長等店【5:薬局】滋賀県大津市長等２丁目８－３８　浜大津ヒルズ１Ｆ" }, "geometry": { "type": "Point", "coordinates": [ 135.860332, 35.009527 ] } },
{ "type": "Feature", "properties": { "ID": 2557250006140, "正式名称": "かも調剤薬局", "機関区分": 5, "都道府県コード": 25, "市区町村コード": 204, "所在地": "滋賀県近江八幡市加茂町３６６０－６", "緯度": 35.122464, "経度": 136.068399, "url": "https://www.iryou.teikyouseido.mhlw.go.jp/znk-web/juminkanja/S2430/initialize?prefCd=25&kikanCd=7250006140&kikanKbn=5", "url2": null, "内容": "かも調剤薬局【5:薬局】滋賀県近江八幡市加茂町３６６０－６" }, "geometry": { "type": "Point", "coordinates": [ 136.068399, 35.122464 ] } },
{ "type": "Feature", "properties": { "ID": 2557250006150, "正式名称": "やすらぎ薬局　近江八幡店", "機関区分": 5, "都道府県コード": 25, "市区町村コード": 204, "所在地": "滋賀県近江八幡市鷹飼町１５０４番地１", "緯度": 35.123765, "経度": 136.10212, "url": "https://www.iryou.teikyouseido.mhlw.go.jp/znk-web/juminkanja/S2430/initialize?prefCd=25&kikanCd=7250006150&kikanKbn=5", "url2": "https://www.nozomi-p.com", "内容": "やすらぎ薬局　近江八幡店【5:薬局】滋賀県近江八幡市鷹飼町１５０４番地１" }, "geometry": { "type": "Point", "coordinates": [ 136.10212, 35.123765 ] } },
{ "type": "Feature", "properties": { "ID": 2557250006160, "正式名称": "尾﨑薬局", "機関区分": 5, "都道府県コード": 25, "市区町村コード": 207, "所在地": "滋賀県守山市立田町１７７２－３", "緯度": 35.098616, "経度": 135.976957, "url": "https://www.iryou.teikyouseido.mhlw.go.jp/znk-web/juminkanja/S2430/initialize?prefCd=25&kikanCd=7250006160&kikanKbn=5", "url2": null, "内容": "尾﨑薬局【5:薬局】滋賀県守山市立田町１７７２－３" }, "geometry": { "type": "Point", "coordinates": [ 135.976957, 35.098616 ] } },
{ "type": "Feature", "properties": { "ID": 2557250006180, "正式名称": "琵琶湖さざなみ薬局", "機関区分": 5, "都道府県コード": 25, "市区町村コード": 212, "所在地": "滋賀県高島市勝野１９９番７", "緯度": 35.301292, "経度": 136.011901, "url": "https://www.iryou.teikyouseido.mhlw.go.jp/znk-web/juminkanja/S2430/initialize?prefCd=25&kikanCd=7250006180&kikanKbn=5", "url2": "https://www.marinegroup.jp/detail/%E7%90%B5%E7%90%B6%E6%B9%96%E3%81%95%E3%81%96%E3%81%AA%E3%81%BF%E8%96%AC%E5%B1%80", "内容": "琵琶湖さざなみ薬局【5:薬局】滋賀県高島市勝野１９９番７" }, "geometry": { "type": "Point", "coordinates": [ 136.011901, 35.301292 ] } },
{ "type": "Feature", "properties": { "ID": 2557250006190, "正式名称": "ふるさと薬局", "機関区分": 5, "都道府県コード": 25, "市区町村コード": 201, "所在地": "滋賀県大津市里５－２－１１", "緯度": 34.936791, "経度": 135.927997, "url": "https://www.iryou.teikyouseido.mhlw.go.jp/znk-web/juminkanja/S2430/initialize?prefCd=25&kikanCd=7250006190&kikanKbn=5", "url2": "http://www.amosu.co.jp", "内容": "ふるさと薬局【5:薬局】滋賀県大津市里５－２－１１" }, "geometry": { "type": "Point", "coordinates": [ 135.927997, 34.936791 ] } },
{ "type": "Feature", "properties": { "ID": 2557250006200, "正式名称": "ふるさと薬局　石山駅前店", "機関区分": 5, "都道府県コード": 25, "市区町村コード": 201, "所在地": "滋賀県大津市粟津町４－７　石山駅前近江鉄道ビル１Ｆ", "緯度": 34.979461, "経度": 135.901206, "url": "https://www.iryou.teikyouseido.mhlw.go.jp/znk-web/juminkanja/S2430/initialize?prefCd=25&kikanCd=7250006200&kikanKbn=5", "url2": "https://www.amosu.co.jp", "内容": "ふるさと薬局　石山駅前店【5:薬局】滋賀県大津市粟津町４－７　石山駅前近江鉄道ビル１Ｆ" }, "geometry": { "type": "Point", "coordinates": [ 135.901206, 34.979461 ] } },
{ "type": "Feature", "properties": { "ID": 2557250006230, "正式名称": "たんぽぽ薬局　新高島店", "機関区分": 5, "都道府県コード": 25, "市区町村コード": 212, "所在地": "滋賀県高島市勝野２２５４番２８", "緯度": 35.292027, "経度": 136.010807, "url": "https://www.iryou.teikyouseido.mhlw.go.jp/znk-web/juminkanja/S2430/initialize?prefCd=25&kikanCd=7250006230&kikanKbn=5", "url2": "http://www.tanpopo-ph.co.jp/", "内容": "たんぽぽ薬局　新高島店【5:薬局】滋賀県高島市勝野２２５４番２８" }, "geometry": { "type": "Point", "coordinates": [ 136.010807, 35.292027 ] } },
{ "type": "Feature", "properties": { "ID": 2557250006240, "正式名称": "すまいる調剤薬局", "機関区分": 5, "都道府県コード": 25, "市区町村コード": 207, "所在地": "滋賀県守山市播磨田町１３０７－９", "緯度": 35.074971, "経度": 135.988658, "url": "https://www.iryou.teikyouseido.mhlw.go.jp/znk-web/juminkanja/S2430/initialize?prefCd=25&kikanCd=7250006240&kikanKbn=5", "url2": "https://e-bond.info/withs/", "内容": "すまいる調剤薬局【5:薬局】滋賀県守山市播磨田町１３０７－９" }, "geometry": { "type": "Point", "coordinates": [ 135.988658, 35.074971 ] } },
{ "type": "Feature", "properties": { "ID": 2557250006260, "正式名称": "日本調剤　栗東薬局", "機関区分": 5, "都道府県コード": 25, "市区町村コード": 208, "所在地": "滋賀県栗東市大橋２－６－１８", "緯度": 35.033082, "経度": 136.002031, "url": "https://www.iryou.teikyouseido.mhlw.go.jp/znk-web/juminkanja/S2430/initialize?prefCd=25&kikanCd=7250006260&kikanKbn=5", "url2": "http://www.nicho.co.jp/", "内容": "日本調剤　栗東薬局【5:薬局】滋賀県栗東市大橋２－６－１８" }, "geometry": { "type": "Point", "coordinates": [ 136.002031, 35.033082 ] } },
{ "type": "Feature", "properties": { "ID": 2557250006280, "正式名称": "かたた薬局", "機関区分": 5, "都道府県コード": 25, "市区町村コード": 201, "所在地": "滋賀県大津市今堅田二丁目２６番１８号", "緯度": 35.121829, "経度": 135.921006, "url": "https://www.iryou.teikyouseido.mhlw.go.jp/znk-web/juminkanja/S2430/initialize?prefCd=25&kikanCd=7250006280&kikanKbn=5", "url2": null, "内容": "かたた薬局【5:薬局】滋賀県大津市今堅田二丁目２６番１８号" }, "geometry": { "type": "Point", "coordinates": [ 135.921006, 35.121829 ] } },
{ "type": "Feature", "properties": { "ID": 2557250006310, "正式名称": "ひのき薬局", "機関区分": 5, "都道府県コード": 25, "市区町村コード": 383, "所在地": "滋賀県蒲生郡日野町内池３７１", "緯度": 35.015842, "経度": 136.224239, "url": "https://www.iryou.teikyouseido.mhlw.go.jp/znk-web/juminkanja/S2430/initialize?prefCd=25&kikanCd=7250006310&kikanKbn=5", "url2": null, "内容": "ひのき薬局【5:薬局】滋賀県蒲生郡日野町内池３７１" }, "geometry": { "type": "Point", "coordinates": [ 136.224239, 35.015842 ] } },
{ "type": "Feature", "properties": { "ID": 2557250006320, "正式名称": "さくらみや薬局", "機関区分": 5, "都道府県コード": 25, "市区町村コード": 204, "所在地": "滋賀県近江八幡市桜宮町２９９番地１", "緯度": 35.126011, "経度": 136.099104, "url": "https://www.iryou.teikyouseido.mhlw.go.jp/znk-web/juminkanja/S2430/initialize?prefCd=25&kikanCd=7250006320&kikanKbn=5", "url2": "https://www.pluspharma.co.jp", "内容": "さくらみや薬局【5:薬局】滋賀県近江八幡市桜宮町２９９番地１" }, "geometry": { "type": "Point", "coordinates": [ 136.099104, 35.126011 ] } },
{ "type": "Feature", "properties": { "ID": 2557250006340, "正式名称": "ユタカ調剤薬局近江", "機関区分": 5, "都道府県コード": 25, "市区町村コード": 214, "所在地": "滋賀県米原市箕浦３６６番３", "緯度": 35.33651, "経度": 136.294046, "url": "https://www.iryou.teikyouseido.mhlw.go.jp/znk-web/juminkanja/S2430/initialize?prefCd=25&kikanCd=7250006340&kikanKbn=5", "url2": "https://www.d-yutaka.co.jp/shop/252.html", "内容": "ユタカ調剤薬局近江【5:薬局】滋賀県米原市箕浦３６６番３" }, "geometry": { "type": "Point", "coordinates": [ 136.294046, 35.33651 ] } },
{ "type": "Feature", "properties": { "ID": 2557250006350, "正式名称": "スギ薬局　近江八幡店", "機関区分": 5, "都道府県コード": 25, "市区町村コード": 204, "所在地": "滋賀県近江八幡市中村町４９番地１３", "緯度": 35.130774, "経度": 136.09311, "url": "https://www.iryou.teikyouseido.mhlw.go.jp/znk-web/juminkanja/S2430/initialize?prefCd=25&kikanCd=7250006350&kikanKbn=5", "url2": "http://www.drug-sugi.co.jp/", "内容": "スギ薬局　近江八幡店【5:薬局】滋賀県近江八幡市中村町４９番地１３" }, "geometry": { "type": "Point", "coordinates": [ 136.09311, 35.130774 ] } },
{ "type": "Feature", "properties": { "ID": 2557250006360, "正式名称": "スギ薬局　野洲店", "機関区分": 5, "都道府県コード": 25, "市区町村コード": 210, "所在地": "滋賀県野洲市小篠原１９８０番地５", "緯度": 35.067643, "経度": 136.024409, "url": "https://www.iryou.teikyouseido.mhlw.go.jp/znk-web/juminkanja/S2430/initialize?prefCd=25&kikanCd=7250006360&kikanKbn=5", "url2": "http://www.drug-sugi.co.jp", "内容": "スギ薬局　野洲店【5:薬局】滋賀県野洲市小篠原１９８０番地５" }, "geometry": { "type": "Point", "coordinates": [ 136.024409, 35.067643 ] } },
{ "type": "Feature", "properties": { "ID": 2557250006370, "正式名称": "さわだ薬局", "機関区分": 5, "都道府県コード": 25, "市区町村コード": 206, "所在地": "滋賀県草津市新堂町４９－５", "緯度": 35.045288, "経度": 135.957902, "url": "https://www.iryou.teikyouseido.mhlw.go.jp/znk-web/juminkanja/S2430/initialize?prefCd=25&kikanCd=7250006370&kikanKbn=5", "url2": null, "内容": "さわだ薬局【5:薬局】滋賀県草津市新堂町４９－５" }, "geometry": { "type": "Point", "coordinates": [ 135.957902, 35.045288 ] } },
{ "type": "Feature", "properties": { "ID": 2557250006380, "正式名称": "ハト薬局", "機関区分": 5, "都道府県コード": 25, "市区町村コード": 206, "所在地": "滋賀県草津市矢橋町６０１－６", "緯度": 35.007076, "経度": 135.936299, "url": "https://www.iryou.teikyouseido.mhlw.go.jp/znk-web/juminkanja/S2430/initialize?prefCd=25&kikanCd=7250006380&kikanKbn=5", "url2": null, "内容": "ハト薬局【5:薬局】滋賀県草津市矢橋町６０１－６" }, "geometry": { "type": "Point", "coordinates": [ 135.936299, 35.007076 ] } },
{ "type": "Feature", "properties": { "ID": 2557250006400, "正式名称": "ひだまり薬局", "機関区分": 5, "都道府県コード": 25, "市区町村コード": 206, "所在地": "滋賀県草津市矢橋町１０４番地３", "緯度": 35.008645, "経度": 135.935705, "url": "https://www.iryou.teikyouseido.mhlw.go.jp/znk-web/juminkanja/S2430/initialize?prefCd=25&kikanCd=7250006400&kikanKbn=5", "url2": "https://www.kusurinomadoguchi.com/shiga/s172629", "内容": "ひだまり薬局【5:薬局】滋賀県草津市矢橋町１０４番地３" }, "geometry": { "type": "Point", "coordinates": [ 135.935705, 35.008645 ] } },
{ "type": "Feature", "properties": { "ID": 2557250006430, "正式名称": "みのり薬局　大門店", "機関区分": 5, "都道府県コード": 25, "市区町村コード": 207, "所在地": "滋賀県守山市大門町３４－８", "緯度": 35.054307, "経度": 135.975373, "url": "https://www.iryou.teikyouseido.mhlw.go.jp/znk-web/juminkanja/S2430/initialize?prefCd=25&kikanCd=7250006430&kikanKbn=5", "url2": "www.minori-ph.com", "内容": "みのり薬局　大門店【5:薬局】滋賀県守山市大門町３４－８" }, "geometry": { "type": "Point", "coordinates": [ 135.975373, 35.054307 ] } },
{ "type": "Feature", "properties": { "ID": 2557250006450, "正式名称": "すばる薬局", "機関区分": 5, "都道府県コード": 25, "市区町村コード": 201, "所在地": "滋賀県大津市本丸町３番８－１号", "緯度": 34.992246, "経度": 135.891635, "url": "https://www.iryou.teikyouseido.mhlw.go.jp/znk-web/juminkanja/S2430/initialize?prefCd=25&kikanCd=7250006450&kikanKbn=5", "url2": "http://www.kusurinomadoguchi.com/shiga/s116180", "内容": "すばる薬局【5:薬局】滋賀県大津市本丸町３番８－１号" }, "geometry": { "type": "Point", "coordinates": [ 135.891635, 34.992246 ] } },
{ "type": "Feature", "properties": { "ID": 2557250006460, "正式名称": "どんぐり薬局", "機関区分": 5, "都道府県コード": 25, "市区町村コード": 203, "所在地": "滋賀県長浜市八幡中山町３１８－４１", "緯度": 35.393869, "経度": 136.278777, "url": "https://www.iryou.teikyouseido.mhlw.go.jp/znk-web/juminkanja/S2430/initialize?prefCd=25&kikanCd=7250006460&kikanKbn=5", "url2": "https://pharmacy-donguri.com/", "内容": "どんぐり薬局【5:薬局】滋賀県長浜市八幡中山町３１８－４１" }, "geometry": { "type": "Point", "coordinates": [ 136.278777, 35.393869 ] } },
{ "type": "Feature", "properties": { "ID": 2557250006500, "正式名称": "スギ薬局　河瀬店", "機関区分": 5, "都道府県コード": 25, "市区町村コード": 202, "所在地": "滋賀県彦根市川瀬馬場町１０８０－１", "緯度": 35.228601, "経度": 136.224717, "url": "https://www.iryou.teikyouseido.mhlw.go.jp/znk-web/juminkanja/S2430/initialize?prefCd=25&kikanCd=7250006500&kikanKbn=5", "url2": "http://www.drug-sugi.co.jp/", "内容": "スギ薬局　河瀬店【5:薬局】滋賀県彦根市川瀬馬場町１０８０－１" }, "geometry": { "type": "Point", "coordinates": [ 136.224717, 35.228601 ] } },
{ "type": "Feature", "properties": { "ID": 2557250006510, "正式名称": "スギ薬局　大津京駅前店", "機関区分": 5, "都道府県コード": 25, "市区町村コード": 201, "所在地": "滋賀県大津市皇子が丘二丁目８番５号", "緯度": 35.024053, "経度": 135.85724, "url": "https://www.iryou.teikyouseido.mhlw.go.jp/znk-web/juminkanja/S2430/initialize?prefCd=25&kikanCd=7250006510&kikanKbn=5", "url2": "http://www.sugi-net.jp/", "内容": "スギ薬局　大津京駅前店【5:薬局】滋賀県大津市皇子が丘二丁目８番５号" }, "geometry": { "type": "Point", "coordinates": [ 135.85724, 35.024053 ] } },
{ "type": "Feature", "properties": { "ID": 2557250006520, "正式名称": "福徳寿薬局", "機関区分": 5, "都道府県コード": 25, "市区町村コード": 201, "所在地": "滋賀県大津市月輪一丁目３－８アルプラザ瀬田１階", "緯度": 34.987153, "経度": 135.929322, "url": "https://www.iryou.teikyouseido.mhlw.go.jp/znk-web/juminkanja/S2430/initialize?prefCd=25&kikanCd=7250006520&kikanKbn=5", "url2": null, "内容": "福徳寿薬局【5:薬局】滋賀県大津市月輪一丁目３－８アルプラザ瀬田１階" }, "geometry": { "type": "Point", "coordinates": [ 135.929322, 34.987153 ] } },
{ "type": "Feature", "properties": { "ID": 2557250006540, "正式名称": "スギ薬局　堅田東店", "機関区分": 5, "都道府県コード": 25, "市区町村コード": 201, "所在地": "滋賀県大津市今堅田二丁目２３－１７", "緯度": 35.122456, "経度": 135.920712, "url": "https://www.iryou.teikyouseido.mhlw.go.jp/znk-web/juminkanja/S2430/initialize?prefCd=25&kikanCd=7250006540&kikanKbn=5", "url2": "http://www.drug-sugi.co.jp", "内容": "スギ薬局　堅田東店【5:薬局】滋賀県大津市今堅田二丁目２３－１７" }, "geometry": { "type": "Point", "coordinates": [ 135.920712, 35.122456 ] } },
{ "type": "Feature", "properties": { "ID": 2557250006550, "正式名称": "めぐみ薬局　新旭店", "機関区分": 5, "都道府県コード": 25, "市区町村コード": 212, "所在地": "滋賀県高島市新旭町熊野本一丁目６－１１", "緯度": 35.355227, "経度": 136.031175, "url": "https://www.iryou.teikyouseido.mhlw.go.jp/znk-web/juminkanja/S2430/initialize?prefCd=25&kikanCd=7250006550&kikanKbn=5", "url2": "https://pharmacy-14881.business.site/", "内容": "めぐみ薬局　新旭店【5:薬局】滋賀県高島市新旭町熊野本一丁目６－１１" }, "geometry": { "type": "Point", "coordinates": [ 136.031175, 35.355227 ] } },
{ "type": "Feature", "properties": { "ID": 2557250006570, "正式名称": "サンドラッグ　大津美崎薬局", "機関区分": 5, "都道府県コード": 25, "市区町村コード": 201, "所在地": "滋賀県大津市美崎町２－２５", "緯度": 34.982966, "経度": 135.889118, "url": "https://www.iryou.teikyouseido.mhlw.go.jp/znk-web/juminkanja/S2430/initialize?prefCd=25&kikanCd=7250006570&kikanKbn=5", "url2": "https://sundrug-online.com/blogs/search-store/5904", "内容": "サンドラッグ　大津美崎薬局【5:薬局】滋賀県大津市美崎町２－２５" }, "geometry": { "type": "Point", "coordinates": [ 135.889118, 34.982966 ] } },
{ "type": "Feature", "properties": { "ID": 2557250006580, "正式名称": "うさぎ調剤薬局　浜大津店", "機関区分": 5, "都道府県コード": 25, "市区町村コード": 201, "所在地": "滋賀県大津市浜大津３丁目２－１", "緯度": 35.011471, "経度": 135.859868, "url": "https://www.iryou.teikyouseido.mhlw.go.jp/znk-web/juminkanja/S2430/initialize?prefCd=25&kikanCd=7250006580&kikanKbn=5", "url2": "https://usagiyakkyoku.com/", "内容": "うさぎ調剤薬局　浜大津店【5:薬局】滋賀県大津市浜大津３丁目２－１" }, "geometry": { "type": "Point", "coordinates": [ 135.859868, 35.011471 ] } },
{ "type": "Feature", "properties": { "ID": 2557250006590, "正式名称": "あいこうか薬局", "機関区分": 5, "都道府県コード": 25, "市区町村コード": 209, "所在地": "滋賀県甲賀市水口町松尾８３０－２", "緯度": 34.979303, "経度": 136.17711, "url": "https://www.iryou.teikyouseido.mhlw.go.jp/znk-web/juminkanja/S2430/initialize?prefCd=25&kikanCd=7250006590&kikanKbn=5", "url2": null, "内容": "あいこうか薬局【5:薬局】滋賀県甲賀市水口町松尾８３０－２" }, "geometry": { "type": "Point", "coordinates": [ 136.17711, 34.979303 ] } },
{ "type": "Feature", "properties": { "ID": 2557250006600, "正式名称": "うさぎ調剤薬局", "機関区分": 5, "都道府県コード": 25, "市区町村コード": 201, "所在地": "滋賀県大津市粟津町１７－２１－２", "緯度": 34.97727, "経度": 135.900923, "url": "https://www.iryou.teikyouseido.mhlw.go.jp/znk-web/juminkanja/S2430/initialize?prefCd=25&kikanCd=7250006600&kikanKbn=5", "url2": "http://usagisomu.wixsite.com/usagimedical", "内容": "うさぎ調剤薬局【5:薬局】滋賀県大津市粟津町１７－２１－２" }, "geometry": { "type": "Point", "coordinates": [ 135.900923, 34.97727 ] } },
{ "type": "Feature", "properties": { "ID": 2557250006630, "正式名称": "老蘇薬局", "機関区分": 5, "都道府県コード": 25, "市区町村コード": 204, "所在地": "滋賀県近江八幡市安土町東老蘇１１７１－４", "緯度": 35.126465, "経度": 136.158787, "url": "https://www.iryou.teikyouseido.mhlw.go.jp/znk-web/juminkanja/S2430/initialize?prefCd=25&kikanCd=7250006630&kikanKbn=5", "url2": null, "内容": "老蘇薬局【5:薬局】滋賀県近江八幡市安土町東老蘇１１７１－４" }, "geometry": { "type": "Point", "coordinates": [ 136.158787, 35.126465 ] } },
{ "type": "Feature", "properties": { "ID": 2557250006640, "正式名称": "おひさま薬局　都賀山通り店", "機関区分": 5, "都道府県コード": 25, "市区町村コード": 207, "所在地": "滋賀県守山市勝部６丁目３－３３", "緯度": 35.047291, "経度": 135.996471, "url": "https://www.iryou.teikyouseido.mhlw.go.jp/znk-web/juminkanja/S2430/initialize?prefCd=25&kikanCd=7250006640&kikanKbn=5", "url2": "https://sun-ph.jp/", "内容": "おひさま薬局　都賀山通り店【5:薬局】滋賀県守山市勝部６丁目３－３３" }, "geometry": { "type": "Point", "coordinates": [ 135.996471, 35.047291 ] } },
{ "type": "Feature", "properties": { "ID": 2557250006650, "正式名称": "福尾薬局", "機関区分": 5, "都道府県コード": 25, "市区町村コード": 201, "所在地": "滋賀県大津市長等三丁目３番２０号", "緯度": 35.010897, "経度": 135.859646, "url": "https://www.iryou.teikyouseido.mhlw.go.jp/znk-web/juminkanja/S2430/initialize?prefCd=25&kikanCd=7250006650&kikanKbn=5", "url2": null, "内容": "福尾薬局【5:薬局】滋賀県大津市長等三丁目３番２０号" }, "geometry": { "type": "Point", "coordinates": [ 135.859646, 35.010897 ] } },
{ "type": "Feature", "properties": { "ID": 2557250006660, "正式名称": "日本調剤　水口薬局", "機関区分": 5, "都道府県コード": 25, "市区町村コード": 209, "所在地": "滋賀県甲賀市水口町松尾１２５２番３", "緯度": 34.98151, "経度": 136.179535, "url": "https://www.iryou.teikyouseido.mhlw.go.jp/znk-web/juminkanja/S2430/initialize?prefCd=25&kikanCd=7250006660&kikanKbn=5", "url2": "https://www.nicho.co.jp/tenpo/minakuti/", "内容": "日本調剤　水口薬局【5:薬局】滋賀県甲賀市水口町松尾１２５２番３" }, "geometry": { "type": "Point", "coordinates": [ 136.179535, 34.98151 ] } },
{ "type": "Feature", "properties": { "ID": 2557250006670, "正式名称": "甲賀薬局　甲南店", "機関区分": 5, "都道府県コード": 25, "市区町村コード": 209, "所在地": "滋賀県甲賀市甲南町野尻４９９番地１", "緯度": 34.916114, "経度": 136.179229, "url": "https://www.iryou.teikyouseido.mhlw.go.jp/znk-web/juminkanja/S2430/initialize?prefCd=25&kikanCd=7250006670&kikanKbn=5", "url2": "http://kouga-yakkyoku-kounan.com/", "内容": "甲賀薬局　甲南店【5:薬局】滋賀県甲賀市甲南町野尻４９９番地１" }, "geometry": { "type": "Point", "coordinates": [ 136.179229, 34.916114 ] } },
{ "type": "Feature", "properties": { "ID": 2557250006700, "正式名称": "なの花薬局　中ノ庄店", "機関区分": 5, "都道府県コード": 25, "市区町村コード": 201, "所在地": "滋賀県大津市中庄１－１４－１０－３", "緯度": 34.990752, "経度": 135.892899, "url": "https://www.iryou.teikyouseido.mhlw.go.jp/znk-web/juminkanja/S2430/initialize?prefCd=25&kikanCd=7250006700&kikanKbn=5", "url2": "https://www.nanohana-ph.jp", "内容": "なの花薬局　中ノ庄店【5:薬局】滋賀県大津市中庄１－１４－１０－３" }, "geometry": { "type": "Point", "coordinates": [ 135.892899, 34.990752 ] } },
{ "type": "Feature", "properties": { "ID": 2557250006710, "正式名称": "漢方舎　アルカ薬局", "機関区分": 5, "都道府県コード": 25, "市区町村コード": 201, "所在地": "滋賀県大津市本堅田６丁目３５－２６", "緯度": 35.120856, "経度": 135.912593, "url": "https://www.iryou.teikyouseido.mhlw.go.jp/znk-web/juminkanja/S2430/initialize?prefCd=25&kikanCd=7250006710&kikanKbn=5", "url2": null, "内容": "漢方舎　アルカ薬局【5:薬局】滋賀県大津市本堅田６丁目３５－２６" }, "geometry": { "type": "Point", "coordinates": [ 135.912593, 35.120856 ] } },
{ "type": "Feature", "properties": { "ID": 2557250006730, "正式名称": "琵琶湖おおはし薬局", "機関区分": 5, "都道府県コード": 25, "市区町村コード": 207, "所在地": "滋賀県守山市水保町１２６８－２１", "緯度": 35.112872, "経度": 135.952348, "url": "https://www.iryou.teikyouseido.mhlw.go.jp/znk-web/juminkanja/S2430/initialize?prefCd=25&kikanCd=7250006730&kikanKbn=5", "url2": "https://www.marinegroup.jp", "内容": "琵琶湖おおはし薬局【5:薬局】滋賀県守山市水保町１２６８－２１" }, "geometry": { "type": "Point", "coordinates": [ 135.952348, 35.112872 ] } },
{ "type": "Feature", "properties": { "ID": 2557250006740, "正式名称": "ハーモニー薬局・石山店", "機関区分": 5, "都道府県コード": 25, "市区町村コード": 201, "所在地": "滋賀県大津市松原町１４番１６号レゾナンスビル１階", "緯度": 34.978051, "経度": 135.902139, "url": "https://www.iryou.teikyouseido.mhlw.go.jp/znk-web/juminkanja/S2430/initialize?prefCd=25&kikanCd=7250006740&kikanKbn=5", "url2": "https://harmony-gr.com", "内容": "ハーモニー薬局・石山店【5:薬局】滋賀県大津市松原町１４番１６号レゾナンスビル１階" }, "geometry": { "type": "Point", "coordinates": [ 135.902139, 34.978051 ] } },
{ "type": "Feature", "properties": { "ID": 2557250006750, "正式名称": "共創未来　雄琴薬局", "機関区分": 5, "都道府県コード": 25, "市区町村コード": 201, "所在地": "滋賀県大津市雄琴６－１２－１１", "緯度": 35.091959, "経度": 135.89962, "url": "https://www.iryou.teikyouseido.mhlw.go.jp/znk-web/juminkanja/S2430/initialize?prefCd=25&kikanCd=7250006750&kikanKbn=5", "url2": "http://www.phmirai.co.jp/shops/detail.php?id=338", "内容": "共創未来　雄琴薬局【5:薬局】滋賀県大津市雄琴６－１２－１１" }, "geometry": { "type": "Point", "coordinates": [ 135.89962, 35.091959 ] } },
{ "type": "Feature", "properties": { "ID": 2557250006760, "正式名称": "共創未来　高島薬局", "機関区分": 5, "都道府県コード": 25, "市区町村コード": 212, "所在地": "滋賀県高島市マキノ町中庄４７３－９１", "緯度": 35.445514, "経度": 136.03226, "url": "https://www.iryou.teikyouseido.mhlw.go.jp/znk-web/juminkanja/S2430/initialize?prefCd=25&kikanCd=7250006760&kikanKbn=5", "url2": "http://www.phmirai.co.jp/", "内容": "共創未来　高島薬局【5:薬局】滋賀県高島市マキノ町中庄４７３－９１" }, "geometry": { "type": "Point", "coordinates": [ 136.03226, 35.445514 ] } },
{ "type": "Feature", "properties": { "ID": 2557250006770, "正式名称": "共創未来　大津真野薬局", "機関区分": 5, "都道府県コード": 25, "市区町村コード": 201, "所在地": "滋賀県大津市真野五丁目１－３０", "緯度": 35.128645, "経度": 135.922981, "url": "https://www.iryou.teikyouseido.mhlw.go.jp/znk-web/juminkanja/S2430/initialize?prefCd=25&kikanCd=7250006770&kikanKbn=5", "url2": "https://phmirai.co.jp/store/167/", "内容": "共創未来　大津真野薬局【5:薬局】滋賀県大津市真野五丁目１－３０" }, "geometry": { "type": "Point", "coordinates": [ 135.922981, 35.128645 ] } },
{ "type": "Feature", "properties": { "ID": 2557250006780, "正式名称": "なの花薬局　近江八幡店", "機関区分": 5, "都道府県コード": 25, "市区町村コード": 204, "所在地": "滋賀県近江八幡市桜宮町２１１－５", "緯度": 35.128605, "経度": 136.095949, "url": "https://www.iryou.teikyouseido.mhlw.go.jp/znk-web/juminkanja/S2430/initialize?prefCd=25&kikanCd=7250006780&kikanKbn=5", "url2": "https://www.nanohana-ph.jp/shop/kinki/shiga/omihachiman/wani-omihachiman.php", "内容": "なの花薬局　近江八幡店【5:薬局】滋賀県近江八幡市桜宮町２１１－５" }, "geometry": { "type": "Point", "coordinates": [ 136.095949, 35.128605 ] } },
{ "type": "Feature", "properties": { "ID": 2557250006790, "正式名称": "ふれあい薬局・こほく", "機関区分": 5, "都道府県コード": 25, "市区町村コード": 203, "所在地": "滋賀県長浜市湖北町速水２４６－３", "緯度": 35.448886, "経度": 136.238179, "url": "https://www.iryou.teikyouseido.mhlw.go.jp/znk-web/juminkanja/S2430/initialize?prefCd=25&kikanCd=7250006790&kikanKbn=5", "url2": "http://www.fureai-yakkyoku.jp/", "内容": "ふれあい薬局・こほく【5:薬局】滋賀県長浜市湖北町速水２４６－３" }, "geometry": { "type": "Point", "coordinates": [ 136.238179, 35.448886 ] } },
{ "type": "Feature", "properties": { "ID": 2557250006800, "正式名称": "ＪＲＡファシリティーズ株式会社　栗東薬局", "機関区分": 5, "都道府県コード": 25, "市区町村コード": 208, "所在地": "滋賀県栗東市御園１０２８", "緯度": 34.996617, "経度": 136.016675, "url": "https://www.iryou.teikyouseido.mhlw.go.jp/znk-web/juminkanja/S2430/initialize?prefCd=25&kikanCd=7250006800&kikanKbn=5", "url2": null, "内容": "ＪＲＡファシリティーズ株式会社　栗東薬局【5:薬局】滋賀県栗東市御園１０２８" }, "geometry": { "type": "Point", "coordinates": [ 136.016675, 34.996617 ] } },
{ "type": "Feature", "properties": { "ID": 2557250006820, "正式名称": "吉井薬局　南草津店", "機関区分": 5, "都道府県コード": 25, "市区町村コード": 206, "所在地": "滋賀県草津市野路１丁目７－２１リベリー南草津２Ｆ", "緯度": 35.004085, "経度": 135.948219, "url": "https://www.iryou.teikyouseido.mhlw.go.jp/znk-web/juminkanja/S2430/initialize?prefCd=25&kikanCd=7250006820&kikanKbn=5", "url2": null, "内容": "吉井薬局　南草津店【5:薬局】滋賀県草津市野路１丁目７－２１リベリー南草津２Ｆ" }, "geometry": { "type": "Point", "coordinates": [ 135.948219, 35.004085 ] } },
{ "type": "Feature", "properties": { "ID": 2557250006840, "正式名称": "スギ薬局　水口松尾店", "機関区分": 5, "都道府県コード": 25, "市区町村コード": 209, "所在地": "滋賀県甲賀市水口町松尾宇野沢８２９番地１", "緯度": 34.98151, "経度": 136.179535, "url": "https://www.iryou.teikyouseido.mhlw.go.jp/znk-web/juminkanja/S2430/initialize?prefCd=25&kikanCd=7250006840&kikanKbn=5", "url2": "http://www.sugi-net.jp/", "内容": "スギ薬局　水口松尾店【5:薬局】滋賀県甲賀市水口町松尾宇野沢８２９番地１" }, "geometry": { "type": "Point", "coordinates": [ 136.179535, 34.98151 ] } },
{ "type": "Feature", "properties": { "ID": 2557250006860, "正式名称": "スギ薬局　長浜店", "機関区分": 5, "都道府県コード": 25, "市区町村コード": 203, "所在地": "滋賀県長浜市分木町４番２９号", "緯度": 35.389549, "経度": 136.26917, "url": "https://www.iryou.teikyouseido.mhlw.go.jp/znk-web/juminkanja/S2430/initialize?prefCd=25&kikanCd=7250006860&kikanKbn=5", "url2": "http://www.drug-sugi.co.jp/", "内容": "スギ薬局　長浜店【5:薬局】滋賀県長浜市分木町４番２９号" }, "geometry": { "type": "Point", "coordinates": [ 136.26917, 35.389549 ] } },
{ "type": "Feature", "properties": { "ID": 2557250006870, "正式名称": "スギ薬局　近江店", "機関区分": 5, "都道府県コード": 25, "市区町村コード": 214, "所在地": "滋賀県米原市箕浦町３６１番地３", "緯度": 35.332338, "経度": 136.303228, "url": "https://www.iryou.teikyouseido.mhlw.go.jp/znk-web/juminkanja/S2430/initialize?prefCd=25&kikanCd=7250006870&kikanKbn=5", "url2": "http://www.drug-sugi.co.jp/", "内容": "スギ薬局　近江店【5:薬局】滋賀県米原市箕浦町３６１番地３" }, "geometry": { "type": "Point", "coordinates": [ 136.303228, 35.332338 ] } },
{ "type": "Feature", "properties": { "ID": 2557250006890, "正式名称": "つくし薬局　玉川店", "機関区分": 5, "都道府県コード": 25, "市区町村コード": 206, "所在地": "滋賀県草津市野路八丁目２２－２９", "緯度": 34.995689, "経度": 135.950001, "url": "https://www.iryou.teikyouseido.mhlw.go.jp/znk-web/juminkanja/S2430/initialize?prefCd=25&kikanCd=7250006890&kikanKbn=5", "url2": "http://www.294yakkyoku.com/", "内容": "つくし薬局　玉川店【5:薬局】滋賀県草津市野路八丁目２２－２９" }, "geometry": { "type": "Point", "coordinates": [ 135.950001, 34.995689 ] } },
{ "type": "Feature", "properties": { "ID": 2557250006900, "正式名称": "こまいざわ薬局", "機関区分": 5, "都道府県コード": 25, "市区町村コード": 206, "所在地": "滋賀県草津市駒井沢町４０５－２", "緯度": 35.04271, "経度": 135.95848, "url": "https://www.iryou.teikyouseido.mhlw.go.jp/znk-web/juminkanja/S2430/initialize?prefCd=25&kikanCd=7250006900&kikanKbn=5", "url2": null, "内容": "こまいざわ薬局【5:薬局】滋賀県草津市駒井沢町４０５－２" }, "geometry": { "type": "Point", "coordinates": [ 135.95848, 35.04271 ] } },
{ "type": "Feature", "properties": { "ID": 2557250006910, "正式名称": "ティエス調剤薬局　矢橋店", "機関区分": 5, "都道府県コード": 25, "市区町村コード": 206, "所在地": "滋賀県草津市矢橋町１５６５－１", "緯度": 35.007076, "経度": 135.936299, "url": "https://www.iryou.teikyouseido.mhlw.go.jp/znk-web/juminkanja/S2430/initialize?prefCd=25&kikanCd=7250006910&kikanKbn=5", "url2": "http://www.tsplan.co.jp", "内容": "ティエス調剤薬局　矢橋店【5:薬局】滋賀県草津市矢橋町１５６５－１" }, "geometry": { "type": "Point", "coordinates": [ 135.936299, 35.007076 ] } },
{ "type": "Feature", "properties": { "ID": 2557250006920, "正式名称": "ジップドラッグ　唐崎薬局", "機関区分": 5, "都道府県コード": 25, "市区町村コード": 201, "所在地": "滋賀県大津市見世２丁目１９番５５号", "緯度": 35.043938, "経度": 135.862342, "url": "https://www.iryou.teikyouseido.mhlw.go.jp/znk-web/juminkanja/S2430/initialize?prefCd=25&kikanCd=7250006920&kikanKbn=5", "url2": "https://www.cocokarafine.co.jp/searchstore/CSsStoreDetail.jsp?storeNo=304568", "内容": "ジップドラッグ　唐崎薬局【5:薬局】滋賀県大津市見世２丁目１９番５５号" }, "geometry": { "type": "Point", "coordinates": [ 135.862342, 35.043938 ] } },
{ "type": "Feature", "properties": { "ID": 2557250006930, "正式名称": "ハーモニー薬局・草津店", "機関区分": 5, "都道府県コード": 25, "市区町村コード": 206, "所在地": "滋賀県草津市西大路町４番３２号", "緯度": 35.023805, "経度": 135.958658, "url": "https://www.iryou.teikyouseido.mhlw.go.jp/znk-web/juminkanja/S2430/initialize?prefCd=25&kikanCd=7250006930&kikanKbn=5", "url2": "harmony-gr.com", "内容": "ハーモニー薬局・草津店【5:薬局】滋賀県草津市西大路町４番３２号" }, "geometry": { "type": "Point", "coordinates": [ 135.958658, 35.023805 ] } },
{ "type": "Feature", "properties": { "ID": 2557250006940, "正式名称": "きずな薬局", "機関区分": 5, "都道府県コード": 25, "市区町村コード": 202, "所在地": "滋賀県彦根市大藪町２０３５－６", "緯度": 35.265372, "経度": 136.240086, "url": "https://www.iryou.teikyouseido.mhlw.go.jp/znk-web/juminkanja/S2430/initialize?prefCd=25&kikanCd=7250006940&kikanKbn=5", "url2": "www.e-classa.net/kizuna", "内容": "きずな薬局【5:薬局】滋賀県彦根市大藪町２０３５－６" }, "geometry": { "type": "Point", "coordinates": [ 136.240086, 35.265372 ] } },
{ "type": "Feature", "properties": { "ID": 2557250006950, "正式名称": "クロス調剤薬局", "機関区分": 5, "都道府県コード": 25, "市区町村コード": 201, "所在地": "滋賀県大津市春日町２－１ＣＯＣＯＬＡＳ大津１０３号", "緯度": 35.00355, "経度": 135.862104, "url": "https://www.iryou.teikyouseido.mhlw.go.jp/znk-web/juminkanja/S2430/initialize?prefCd=25&kikanCd=7250006950&kikanKbn=5", "url2": "http://www.drug-w.com", "内容": "クロス調剤薬局【5:薬局】滋賀県大津市春日町２－１ＣＯＣＯＬＡＳ大津１０３号" }, "geometry": { "type": "Point", "coordinates": [ 135.862104, 35.00355 ] } },
{ "type": "Feature", "properties": { "ID": 2557250007030, "正式名称": "ふれあい回天堂薬局", "機関区分": 5, "都道府県コード": 25, "市区町村コード": 441, "所在地": "滋賀県犬上郡豊郷町石畑２０４－５", "緯度": 35.19984, "経度": 136.230882, "url": "https://www.iryou.teikyouseido.mhlw.go.jp/znk-web/juminkanja/S2430/initialize?prefCd=25&kikanCd=7250007030&kikanKbn=5", "url2": "http://www.fureai-yakkyoku.jp/", "内容": "ふれあい回天堂薬局【5:薬局】滋賀県犬上郡豊郷町石畑２０４－５" }, "geometry": { "type": "Point", "coordinates": [ 136.230882, 35.19984 ] } },
{ "type": "Feature", "properties": { "ID": 2557250007050, "正式名称": "ひまわり薬局　わたむき店", "機関区分": 5, "都道府県コード": 25, "市区町村コード": 383, "所在地": "滋賀県蒲生郡日野町松尾三丁目１－８", "緯度": 35.019786, "経度": 136.241901, "url": "https://www.iryou.teikyouseido.mhlw.go.jp/znk-web/juminkanja/S2430/initialize?prefCd=25&kikanCd=7250007050&kikanKbn=5", "url2": "http://www.himawari-ph.co.jp/", "内容": "ひまわり薬局　わたむき店【5:薬局】滋賀県蒲生郡日野町松尾三丁目１－８" }, "geometry": { "type": "Point", "coordinates": [ 136.241901, 35.019786 ] } },
{ "type": "Feature", "properties": { "ID": 2557250007060, "正式名称": "ユタカ調剤薬局　日夏", "機関区分": 5, "都道府県コード": 25, "市区町村コード": 202, "所在地": "滋賀県彦根市日夏町３６９６", "緯度": 35.231198, "経度": 136.220344, "url": "https://www.iryou.teikyouseido.mhlw.go.jp/znk-web/juminkanja/S2430/initialize?prefCd=25&kikanCd=7250007060&kikanKbn=5", "url2": "https://www.d-yutaka.co.jp/shop/1824.html", "内容": "ユタカ調剤薬局　日夏【5:薬局】滋賀県彦根市日夏町３６９６" }, "geometry": { "type": "Point", "coordinates": [ 136.220344, 35.231198 ] } },
{ "type": "Feature", "properties": { "ID": 2557250007070, "正式名称": "すこやか薬局・長浜", "機関区分": 5, "都道府県コード": 25, "市区町村コード": 203, "所在地": "滋賀県長浜市弥高町１８０", "緯度": 35.373085, "経度": 136.279138, "url": "https://www.iryou.teikyouseido.mhlw.go.jp/znk-web/juminkanja/S2430/initialize?prefCd=25&kikanCd=7250007070&kikanKbn=5", "url2": "https://www.fureai-yakkyoku.jp/pharmacy/sukoyaka_nagahama/", "内容": "すこやか薬局・長浜【5:薬局】滋賀県長浜市弥高町１８０" }, "geometry": { "type": "Point", "coordinates": [ 136.279138, 35.373085 ] } },
{ "type": "Feature", "properties": { "ID": 2557250007080, "正式名称": "クスリのアオキ目川薬局", "機関区分": 5, "都道府県コード": 25, "市区町村コード": 208, "所在地": "滋賀県栗東市目川１４３３", "緯度": 35.016356, "経度": 135.979934, "url": "https://www.iryou.teikyouseido.mhlw.go.jp/znk-web/juminkanja/S2430/initialize?prefCd=25&kikanCd=7250007080&kikanKbn=5", "url2": "https://www.kusuri-aoki.co.jp/", "内容": "クスリのアオキ目川薬局【5:薬局】滋賀県栗東市目川１４３３" }, "geometry": { "type": "Point", "coordinates": [ 135.979934, 35.016356 ] } },
{ "type": "Feature", "properties": { "ID": 2557250007090, "正式名称": "クスリのアオキ霊仙寺薬局", "機関区分": 5, "都道府県コード": 25, "市区町村コード": 208, "所在地": "滋賀県栗東市霊仙寺１丁目４番６号", "緯度": 35.038525, "経度": 135.973245, "url": "https://www.iryou.teikyouseido.mhlw.go.jp/znk-web/juminkanja/S2430/initialize?prefCd=25&kikanCd=7250007090&kikanKbn=5", "url2": "http://www.kusuri-aoki.co.jp/", "内容": "クスリのアオキ霊仙寺薬局【5:薬局】滋賀県栗東市霊仙寺１丁目４番６号" }, "geometry": { "type": "Point", "coordinates": [ 135.973245, 35.038525 ] } },
{ "type": "Feature", "properties": { "ID": 2557250007100, "正式名称": "ウエルシア薬局　栗東手原店", "機関区分": 5, "都道府県コード": 25, "市区町村コード": 208, "所在地": "滋賀県栗東市手原１－９－１７", "緯度": 35.024867, "経度": 136.002631, "url": "https://www.iryou.teikyouseido.mhlw.go.jp/znk-web/juminkanja/S2430/initialize?prefCd=25&kikanCd=7250007100&kikanKbn=5", "url2": "http://www.welcia-yakkyoku.co.jp/index.html", "内容": "ウエルシア薬局　栗東手原店【5:薬局】滋賀県栗東市手原１－９－１７" }, "geometry": { "type": "Point", "coordinates": [ 136.002631, 35.024867 ] } },
{ "type": "Feature", "properties": { "ID": 2557250007130, "正式名称": "ショコラ調剤薬局", "機関区分": 5, "都道府県コード": 25, "市区町村コード": 201, "所在地": "滋賀県大津市見世二丁目１９番２２号コーポイーボス１０１号", "緯度": 35.044749, "経度": 135.863006, "url": "https://www.iryou.teikyouseido.mhlw.go.jp/znk-web/juminkanja/S2430/initialize?prefCd=25&kikanCd=7250007130&kikanKbn=5", "url2": null, "内容": "ショコラ調剤薬局【5:薬局】滋賀県大津市見世二丁目１９番２２号コーポイーボス１０１号" }, "geometry": { "type": "Point", "coordinates": [ 135.863006, 35.044749 ] } },
{ "type": "Feature", "properties": { "ID": 2557250007150, "正式名称": "スギ薬局　稲枝店", "機関区分": 5, "都道府県コード": 25, "市区町村コード": 202, "所在地": "滋賀県彦根市野良田町３１１番地", "緯度": 35.202424, "経度": 136.198838, "url": "https://www.iryou.teikyouseido.mhlw.go.jp/znk-web/juminkanja/S2430/initialize?prefCd=25&kikanCd=7250007150&kikanKbn=5", "url2": "http://www.sugi-net.jp/tenpo/area/list/detail/705.html", "内容": "スギ薬局　稲枝店【5:薬局】滋賀県彦根市野良田町３１１番地" }, "geometry": { "type": "Point", "coordinates": [ 136.198838, 35.202424 ] } },
{ "type": "Feature", "properties": { "ID": 2557250007160, "正式名称": "ティエス調剤薬局　湖南中央店", "機関区分": 5, "都道府県コード": 25, "市区町村コード": 211, "所在地": "滋賀県湖南市中央２－１１９－５", "緯度": 35.004922, "経度": 136.082304, "url": "https://www.iryou.teikyouseido.mhlw.go.jp/znk-web/juminkanja/S2430/initialize?prefCd=25&kikanCd=7250007160&kikanKbn=5", "url2": "http://www.tsplan.co.jp/", "内容": "ティエス調剤薬局　湖南中央店【5:薬局】滋賀県湖南市中央２－１１９－５" }, "geometry": { "type": "Point", "coordinates": [ 136.082304, 35.004922 ] } },
{ "type": "Feature", "properties": { "ID": 2557250007170, "正式名称": "みよし調剤薬局", "機関区分": 5, "都道府県コード": 25, "市区町村コード": 214, "所在地": "滋賀県米原市三吉５５６番地", "緯度": 35.319684, "経度": 136.322028, "url": "https://www.iryou.teikyouseido.mhlw.go.jp/znk-web/juminkanja/S2430/initialize?prefCd=25&kikanCd=7250007170&kikanKbn=5", "url2": null, "内容": "みよし調剤薬局【5:薬局】滋賀県米原市三吉５５６番地" }, "geometry": { "type": "Point", "coordinates": [ 136.322028, 35.319684 ] } },
{ "type": "Feature", "properties": { "ID": 2557250007180, "正式名称": "名坂調剤薬局", "機関区分": 5, "都道府県コード": 25, "市区町村コード": 209, "所在地": "滋賀県甲賀市水口町東名坂２４６－１", "緯度": 34.978116, "経度": 136.16915, "url": "https://www.iryou.teikyouseido.mhlw.go.jp/znk-web/juminkanja/S2430/initialize?prefCd=25&kikanCd=7250007180&kikanKbn=5", "url2": null, "内容": "名坂調剤薬局【5:薬局】滋賀県甲賀市水口町東名坂２４６－１" }, "geometry": { "type": "Point", "coordinates": [ 136.16915, 34.978116 ] } },
{ "type": "Feature", "properties": { "ID": 2557250007220, "正式名称": "アイセイ薬局　唐崎店", "機関区分": 5, "都道府県コード": 25, "市区町村コード": 201, "所在地": "滋賀県大津市蓮池町１４－２５", "緯度": 35.046387, "経度": 135.865011, "url": "https://www.iryou.teikyouseido.mhlw.go.jp/znk-web/juminkanja/S2430/initialize?prefCd=25&kikanCd=7250007220&kikanKbn=5", "url2": "http://www.aisei.co.jp/", "内容": "アイセイ薬局　唐崎店【5:薬局】滋賀県大津市蓮池町１４－２５" }, "geometry": { "type": "Point", "coordinates": [ 135.865011, 35.046387 ] } },
{ "type": "Feature", "properties": { "ID": 2557250007230, "正式名称": "調剤薬局ツルハドラッグ　湖南岩根店", "機関区分": 5, "都道府県コード": 25, "市区町村コード": 211, "所在地": "滋賀県湖南市岩根４５８０", "緯度": 34.994395, "経度": 136.10736, "url": "https://www.iryou.teikyouseido.mhlw.go.jp/znk-web/juminkanja/S2430/initialize?prefCd=25&kikanCd=7250007230&kikanKbn=5", "url2": "http://www.tsuruha.co.jp/shop/?cm=v&id=1593", "内容": "調剤薬局ツルハドラッグ　湖南岩根店【5:薬局】滋賀県湖南市岩根４５８０" }, "geometry": { "type": "Point", "coordinates": [ 136.10736, 34.994395 ] } },
{ "type": "Feature", "properties": { "ID": 2557250007250, "正式名称": "ウエルシア薬局　東近江八日市店", "機関区分": 5, "都道府県コード": 25, "市区町村コード": 213, "所在地": "滋賀県東近江市中野町２６９", "緯度": 35.107745, "経度": 136.187577, "url": "https://www.iryou.teikyouseido.mhlw.go.jp/znk-web/juminkanja/S2430/initialize?prefCd=25&kikanCd=7250007250&kikanKbn=5", "url2": "http://www.welcia-yakkyoku.co.jp/", "内容": "ウエルシア薬局　東近江八日市店【5:薬局】滋賀県東近江市中野町２６９" }, "geometry": { "type": "Point", "coordinates": [ 136.187577, 35.107745 ] } },
{ "type": "Feature", "properties": { "ID": 2557250007260, "正式名称": "ウエルシア薬局　甲賀水口貴生川店", "機関区分": 5, "都道府県コード": 25, "市区町村コード": 209, "所在地": "滋賀県甲賀市水口町貴生川２－６２", "緯度": 34.954532, "経度": 136.151583, "url": "https://www.iryou.teikyouseido.mhlw.go.jp/znk-web/juminkanja/S2430/initialize?prefCd=25&kikanCd=7250007260&kikanKbn=5", "url2": "http://www.welcia-yakkyoku.co.jp/", "内容": "ウエルシア薬局　甲賀水口貴生川店【5:薬局】滋賀県甲賀市水口町貴生川２－６２" }, "geometry": { "type": "Point", "coordinates": [ 136.151583, 34.954532 ] } },
{ "type": "Feature", "properties": { "ID": 2557250007270, "正式名称": "ウエルシア薬局　大津木の岡店", "機関区分": 5, "都道府県コード": 25, "市区町村コード": 201, "所在地": "滋賀県大津市木の岡町５１番１号", "緯度": 35.076958, "経度": 135.886, "url": "https://www.iryou.teikyouseido.mhlw.go.jp/znk-web/juminkanja/S2430/initialize?prefCd=25&kikanCd=7250007270&kikanKbn=5", "url2": "http://www.welcia-yakkyoku.co.jp/", "内容": "ウエルシア薬局　大津木の岡店【5:薬局】滋賀県大津市木の岡町５１番１号" }, "geometry": { "type": "Point", "coordinates": [ 135.886, 35.076958 ] } },
{ "type": "Feature", "properties": { "ID": 2557250007280, "正式名称": "ウエルシア薬局野洲小篠原店", "機関区分": 5, "都道府県コード": 25, "市区町村コード": 210, "所在地": "滋賀県野洲市小篠原１６１１－１", "緯度": 35.069779, "経度": 136.033816, "url": "https://www.iryou.teikyouseido.mhlw.go.jp/znk-web/juminkanja/S2430/initialize?prefCd=25&kikanCd=7250007280&kikanKbn=5", "url2": "http://www.welcia-yakkyoku.co.jp/", "内容": "ウエルシア薬局野洲小篠原店【5:薬局】滋賀県野洲市小篠原１６１１－１" }, "geometry": { "type": "Point", "coordinates": [ 136.033816, 35.069779 ] } },
{ "type": "Feature", "properties": { "ID": 2557250007290, "正式名称": "アイガー薬局", "機関区分": 5, "都道府県コード": 25, "市区町村コード": 201, "所在地": "滋賀県大津市御殿浜２２－２０", "緯度": 34.988304, "経度": 135.896962, "url": "https://www.iryou.teikyouseido.mhlw.go.jp/znk-web/juminkanja/S2430/initialize?prefCd=25&kikanCd=7250007290&kikanKbn=5", "url2": "https://www.eigerpharm.com/", "内容": "アイガー薬局【5:薬局】滋賀県大津市御殿浜２２－２０" }, "geometry": { "type": "Point", "coordinates": [ 135.896962, 34.988304 ] } },
{ "type": "Feature", "properties": { "ID": 2557250007310, "正式名称": "そうごう薬局　長浜店", "機関区分": 5, "都道府県コード": 25, "市区町村コード": 203, "所在地": "滋賀県長浜市湖北町山本１２０２番", "緯度": 35.443911, "経度": 136.212935, "url": "https://www.iryou.teikyouseido.mhlw.go.jp/znk-web/juminkanja/S2430/initialize?prefCd=25&kikanCd=7250007310&kikanKbn=5", "url2": "https://www.sogo-pharmacy.jp/shop/view/578", "内容": "そうごう薬局　長浜店【5:薬局】滋賀県長浜市湖北町山本１２０２番" }, "geometry": { "type": "Point", "coordinates": [ 136.212935, 35.443911 ] } },
{ "type": "Feature", "properties": { "ID": 2557250007320, "正式名称": "彦根ハッピー薬局", "機関区分": 5, "都道府県コード": 25, "市区町村コード": 202, "所在地": "滋賀県彦根市大東町２－３０　ＳＡＮＧＯビル１Ｆ", "緯度": 35.271946, "経度": 136.262276, "url": "https://www.iryou.teikyouseido.mhlw.go.jp/znk-web/juminkanja/S2430/initialize?prefCd=25&kikanCd=7250007320&kikanKbn=5", "url2": "https://okakensan.okaken.biz/hikonepharmacy", "内容": "彦根ハッピー薬局【5:薬局】滋賀県彦根市大東町２－３０　ＳＡＮＧＯビル１Ｆ" }, "geometry": { "type": "Point", "coordinates": [ 136.262276, 35.271946 ] } },
{ "type": "Feature", "properties": { "ID": 2557250007330, "正式名称": "のぞみ薬局　東沼波店", "機関区分": 5, "都道府県コード": 25, "市区町村コード": 202, "所在地": "滋賀県彦根市東沼波町１０１８", "緯度": 35.249023, "経度": 136.259874, "url": "https://www.iryou.teikyouseido.mhlw.go.jp/znk-web/juminkanja/S2430/initialize?prefCd=25&kikanCd=7250007330&kikanKbn=5", "url2": null, "内容": "のぞみ薬局　東沼波店【5:薬局】滋賀県彦根市東沼波町１０１８" }, "geometry": { "type": "Point", "coordinates": [ 136.259874, 35.249023 ] } },
{ "type": "Feature", "properties": { "ID": 2557250007340, "正式名称": "ユタカ薬局　八日市", "機関区分": 5, "都道府県コード": 25, "市区町村コード": 213, "所在地": "滋賀県東近江市東中野町３１４", "緯度": 35.104606, "経度": 136.196371, "url": "https://www.iryou.teikyouseido.mhlw.go.jp/znk-web/juminkanja/S2430/initialize?prefCd=25&kikanCd=7250007340&kikanKbn=5", "url2": "http://www.d-yutaka.co.jp/shop/139.html", "内容": "ユタカ薬局　八日市【5:薬局】滋賀県東近江市東中野町３１４" }, "geometry": { "type": "Point", "coordinates": [ 136.196371, 35.104606 ] } },
{ "type": "Feature", "properties": { "ID": 2557250007350, "正式名称": "スギ薬局　石山店", "機関区分": 5, "都道府県コード": 25, "市区町村コード": 201, "所在地": "滋賀県大津市栄町６番２５号", "緯度": 34.976529, "経度": 135.902548, "url": "https://www.iryou.teikyouseido.mhlw.go.jp/znk-web/juminkanja/S2430/initialize?prefCd=25&kikanCd=7250007350&kikanKbn=5", "url2": "http://www.drug-sugi.co.jp/", "内容": "スギ薬局　石山店【5:薬局】滋賀県大津市栄町６番２５号" }, "geometry": { "type": "Point", "coordinates": [ 135.902548, 34.976529 ] } },
{ "type": "Feature", "properties": { "ID": 2557250007380, "正式名称": "おはな薬局", "機関区分": 5, "都道府県コード": 25, "市区町村コード": 206, "所在地": "滋賀県草津市平井一丁目１８－４", "緯度": 35.031278, "経度": 135.958616, "url": "https://www.iryou.teikyouseido.mhlw.go.jp/znk-web/juminkanja/S2430/initialize?prefCd=25&kikanCd=7250007380&kikanKbn=5", "url2": "http://8drug358.jimdo.com/", "内容": "おはな薬局【5:薬局】滋賀県草津市平井一丁目１８－４" }, "geometry": { "type": "Point", "coordinates": [ 135.958616, 35.031278 ] } },
{ "type": "Feature", "properties": { "ID": 2557250007390, "正式名称": "くぼ薬局", "機関区分": 5, "都道府県コード": 25, "市区町村コード": 214, "所在地": "滋賀県米原市春照１３０－３", "緯度": 35.38609, "経度": 136.376479, "url": "https://www.iryou.teikyouseido.mhlw.go.jp/znk-web/juminkanja/S2430/initialize?prefCd=25&kikanCd=7250007390&kikanKbn=5", "url2": "http://www.kuboyakkyoku.com/", "内容": "くぼ薬局【5:薬局】滋賀県米原市春照１３０－３" }, "geometry": { "type": "Point", "coordinates": [ 136.376479, 35.38609 ] } },
{ "type": "Feature", "properties": { "ID": 2557250007400, "正式名称": "クスリのアオキ宮司薬局", "機関区分": 5, "都道府県コード": 25, "市区町村コード": 203, "所在地": "滋賀県長浜市宮司町６７７番地", "緯度": 35.383379, "経度": 136.291451, "url": "https://www.iryou.teikyouseido.mhlw.go.jp/znk-web/juminkanja/S2430/initialize?prefCd=25&kikanCd=7250007400&kikanKbn=5", "url2": "http://www.kusuri-aoki.co.jp/", "内容": "クスリのアオキ宮司薬局【5:薬局】滋賀県長浜市宮司町６７７番地" }, "geometry": { "type": "Point", "coordinates": [ 136.291451, 35.383379 ] } },
{ "type": "Feature", "properties": { "ID": 2557250007410, "正式名称": "近江ローズ薬局", "機関区分": 5, "都道府県コード": 25, "市区町村コード": 214, "所在地": "滋賀県米原市顔戸４３０番４", "緯度": 35.333955, "経度": 136.304605, "url": "https://www.iryou.teikyouseido.mhlw.go.jp/znk-web/juminkanja/S2430/initialize?prefCd=25&kikanCd=7250007410&kikanKbn=5", "url2": "https://www.marinegroup.jp/", "内容": "近江ローズ薬局【5:薬局】滋賀県米原市顔戸４３０番４" }, "geometry": { "type": "Point", "coordinates": [ 136.304605, 35.333955 ] } },
{ "type": "Feature", "properties": { "ID": 2557250007450, "正式名称": "もりのこ調剤薬局", "機関区分": 5, "都道府県コード": 25, "市区町村コード": 207, "所在地": "滋賀県守山市吉身１丁目５番１４号", "緯度": 35.055577, "経度": 135.994529, "url": "https://www.iryou.teikyouseido.mhlw.go.jp/znk-web/juminkanja/S2430/initialize?prefCd=25&kikanCd=7250007450&kikanKbn=5", "url2": "http://www.marinegroup.jp/store_html/shiga_16.html", "内容": "もりのこ調剤薬局【5:薬局】滋賀県守山市吉身１丁目５番１４号" }, "geometry": { "type": "Point", "coordinates": [ 135.994529, 35.055577 ] } },
{ "type": "Feature", "properties": { "ID": 2557250007460, "正式名称": "そうごう薬局　彦根日夏店", "機関区分": 5, "都道府県コード": 25, "市区町村コード": 202, "所在地": "滋賀県彦根市日夏町２８８１－１", "緯度": 35.235494, "経度": 136.223552, "url": "https://www.iryou.teikyouseido.mhlw.go.jp/znk-web/juminkanja/S2430/initialize?prefCd=25&kikanCd=7250007460&kikanKbn=5", "url2": "https://www.sogo-medical.co.jp/", "内容": "そうごう薬局　彦根日夏店【5:薬局】滋賀県彦根市日夏町２８８１－１" }, "geometry": { "type": "Point", "coordinates": [ 136.223552, 35.235494 ] } },
{ "type": "Feature", "properties": { "ID": 2557250007480, "正式名称": "日本調剤　草津薬局", "機関区分": 5, "都道府県コード": 25, "市区町村コード": 206, "所在地": "滋賀県草津市西大路町", "緯度": 35.023238, "経度": 135.957103, "url": "https://www.iryou.teikyouseido.mhlw.go.jp/znk-web/juminkanja/S2430/initialize?prefCd=25&kikanCd=7250007480&kikanKbn=5", "url2": "http://www.nicho.co.jp/tenpo/kusatu/", "内容": "日本調剤　草津薬局【5:薬局】滋賀県草津市西大路町" }, "geometry": { "type": "Point", "coordinates": [ 135.957103, 35.023238 ] } },
{ "type": "Feature", "properties": { "ID": 2557250007500, "正式名称": "調剤薬局ツルハドラッグ　栗東安養寺店", "機関区分": 5, "都道府県コード": 25, "市区町村コード": 208, "所在地": "滋賀県栗東市安養寺８丁目２番２２号", "緯度": 35.023497, "経度": 135.997471, "url": "https://www.iryou.teikyouseido.mhlw.go.jp/znk-web/juminkanja/S2430/initialize?prefCd=25&kikanCd=7250007500&kikanKbn=5", "url2": "http://www.tsuruha.co.jp/shop/?cm=v&id=1658", "内容": "調剤薬局ツルハドラッグ　栗東安養寺店【5:薬局】滋賀県栗東市安養寺８丁目２番２２号" }, "geometry": { "type": "Point", "coordinates": [ 135.997471, 35.023497 ] } },
{ "type": "Feature", "properties": { "ID": 2557250007510, "正式名称": "ウエルシア薬局　滋賀守山店", "機関区分": 5, "都道府県コード": 25, "市区町村コード": 207, "所在地": "滋賀県守山市守山６－１０－３７", "緯度": 35.062495, "経度": 135.99401, "url": "https://www.iryou.teikyouseido.mhlw.go.jp/znk-web/juminkanja/S2430/initialize?prefCd=25&kikanCd=7250007510&kikanKbn=5", "url2": "http://www.welcia.co.jp/stores/stores/detail/3107", "内容": "ウエルシア薬局　滋賀守山店【5:薬局】滋賀県守山市守山６－１０－３７" }, "geometry": { "type": "Point", "coordinates": [ 135.99401, 35.062495 ] } },
{ "type": "Feature", "properties": { "ID": 2557250007520, "正式名称": "ひまわり薬局　東名坂店", "機関区分": 5, "都道府県コード": 25, "市区町村コード": 209, "所在地": "滋賀県甲賀市水口町東名坂１８９－１", "緯度": 34.980213, "経度": 136.171136, "url": "https://www.iryou.teikyouseido.mhlw.go.jp/znk-web/juminkanja/S2430/initialize?prefCd=25&kikanCd=7250007520&kikanKbn=5", "url2": "http://www.himawari-ph.co.jp/", "内容": "ひまわり薬局　東名坂店【5:薬局】滋賀県甲賀市水口町東名坂１８９－１" }, "geometry": { "type": "Point", "coordinates": [ 136.171136, 34.980213 ] } },
{ "type": "Feature", "properties": { "ID": 2557250007540, "正式名称": "どんぐり薬局　近江店", "機関区分": 5, "都道府県コード": 25, "市区町村コード": 214, "所在地": "滋賀県米原市新庄７７－２", "緯度": 35.335371, "経度": 136.313221, "url": "https://www.iryou.teikyouseido.mhlw.go.jp/znk-web/juminkanja/S2430/initialize?prefCd=25&kikanCd=7250007540&kikanKbn=5", "url2": "https://pharmacy-donguri.com/", "内容": "どんぐり薬局　近江店【5:薬局】滋賀県米原市新庄７７－２" }, "geometry": { "type": "Point", "coordinates": [ 136.313221, 35.335371 ] } },
{ "type": "Feature", "properties": { "ID": 2557250007550, "正式名称": "甲賀みえる薬局", "機関区分": 5, "都道府県コード": 25, "市区町村コード": 209, "所在地": "滋賀県甲賀市甲賀町滝２２３５－１", "緯度": 34.896078, "経度": 136.214754, "url": "https://www.iryou.teikyouseido.mhlw.go.jp/znk-web/juminkanja/S2430/initialize?prefCd=25&kikanCd=7250007550&kikanKbn=5", "url2": "https://lake-care.jp/", "内容": "甲賀みえる薬局【5:薬局】滋賀県甲賀市甲賀町滝２２３５－１" }, "geometry": { "type": "Point", "coordinates": [ 136.214754, 34.896078 ] } },
{ "type": "Feature", "properties": { "ID": 2557250007560, "正式名称": "ユタカ薬局　大津市民病院前", "機関区分": 5, "都道府県コード": 25, "市区町村コード": 201, "所在地": "滋賀県大津市竜が丘１番３号", "緯度": 35.000009, "経度": 135.877467, "url": "https://www.iryou.teikyouseido.mhlw.go.jp/znk-web/juminkanja/S2430/initialize?prefCd=25&kikanCd=7250007560&kikanKbn=5", "url2": null, "内容": "ユタカ薬局　大津市民病院前【5:薬局】滋賀県大津市竜が丘１番３号" }, "geometry": { "type": "Point", "coordinates": [ 135.877467, 35.000009 ] } },
{ "type": "Feature", "properties": { "ID": 2557250007570, "正式名称": "ユタカ薬局　ひえい辻", "機関区分": 5, "都道府県コード": 25, "市区町村コード": 201, "所在地": "滋賀県大津市下阪本六丁目１６番１６号", "緯度": 35.069203, "経度": 135.884098, "url": "https://www.iryou.teikyouseido.mhlw.go.jp/znk-web/juminkanja/S2430/initialize?prefCd=25&kikanCd=7250007570&kikanKbn=5", "url2": "https://www.d-yutaka.co.jp/shop/2899.html", "内容": "ユタカ薬局　ひえい辻【5:薬局】滋賀県大津市下阪本六丁目１６番１６号" }, "geometry": { "type": "Point", "coordinates": [ 135.884098, 35.069203 ] } },
{ "type": "Feature", "properties": { "ID": 2557250007580, "正式名称": "スマート調剤薬局", "機関区分": 5, "都道府県コード": 25, "市区町村コード": 213, "所在地": "滋賀県東近江市大萩町４６番地", "緯度": 35.117634, "経度": 136.248254, "url": "https://www.iryou.teikyouseido.mhlw.go.jp/znk-web/juminkanja/S2430/initialize?prefCd=25&kikanCd=7250007580&kikanKbn=5", "url2": null, "内容": "スマート調剤薬局【5:薬局】滋賀県東近江市大萩町４６番地" }, "geometry": { "type": "Point", "coordinates": [ 136.248254, 35.117634 ] } },
{ "type": "Feature", "properties": { "ID": 2557250007590, "正式名称": "にじいろ薬局", "機関区分": 5, "都道府県コード": 25, "市区町村コード": 201, "所在地": "滋賀県大津市大将軍１丁目９－１２", "緯度": 34.994152, "経度": 135.923917, "url": "https://www.iryou.teikyouseido.mhlw.go.jp/znk-web/juminkanja/S2430/initialize?prefCd=25&kikanCd=7250007590&kikanKbn=5", "url2": null, "内容": "にじいろ薬局【5:薬局】滋賀県大津市大将軍１丁目９－１２" }, "geometry": { "type": "Point", "coordinates": [ 135.923917, 34.994152 ] } },
{ "type": "Feature", "properties": { "ID": 2557250007600, "正式名称": "ツタ薬局　彦根店", "機関区分": 5, "都道府県コード": 25, "市区町村コード": 202, "所在地": "滋賀県彦根市芹川町４７２－１７", "緯度": 35.261263, "経度": 136.263776, "url": "https://www.iryou.teikyouseido.mhlw.go.jp/znk-web/juminkanja/S2430/initialize?prefCd=25&kikanCd=7250007600&kikanKbn=5", "url2": "https://tsuta-hikone.jimdofree.com", "内容": "ツタ薬局　彦根店【5:薬局】滋賀県彦根市芹川町４７２－１７" }, "geometry": { "type": "Point", "coordinates": [ 136.263776, 35.261263 ] } },
{ "type": "Feature", "properties": { "ID": 2557250007610, "正式名称": "さつき薬局", "機関区分": 5, "都道府県コード": 25, "市区町村コード": 204, "所在地": "滋賀県近江八幡市中小森町２７０番２２", "緯度": 35.116457, "経度": 136.087002, "url": "https://www.iryou.teikyouseido.mhlw.go.jp/znk-web/juminkanja/S2430/initialize?prefCd=25&kikanCd=7250007610&kikanKbn=5", "url2": null, "内容": "さつき薬局【5:薬局】滋賀県近江八幡市中小森町２７０番２２" }, "geometry": { "type": "Point", "coordinates": [ 136.087002, 35.116457 ] } },
{ "type": "Feature", "properties": { "ID": 2557250007620, "正式名称": "琵琶湖サニー薬局", "機関区分": 5, "都道府県コード": 25, "市区町村コード": 201, "所在地": "滋賀県大津市鳥居川町４番１８号", "緯度": 34.974354, "経度": 135.901848, "url": "https://www.iryou.teikyouseido.mhlw.go.jp/znk-web/juminkanja/S2430/initialize?prefCd=25&kikanCd=7250007620&kikanKbn=5", "url2": "http://www.marinegroup.jp", "内容": "琵琶湖サニー薬局【5:薬局】滋賀県大津市鳥居川町４番１８号" }, "geometry": { "type": "Point", "coordinates": [ 135.901848, 34.974354 ] } },
{ "type": "Feature", "properties": { "ID": 2557250007630, "正式名称": "すずらん薬局", "機関区分": 5, "都道府県コード": 25, "市区町村コード": 202, "所在地": "滋賀県彦根市西今町１３８－１１", "緯度": 35.246022, "経度": 136.244084, "url": "https://www.iryou.teikyouseido.mhlw.go.jp/znk-web/juminkanja/S2430/initialize?prefCd=25&kikanCd=7250007630&kikanKbn=5", "url2": "http://www.fureai-yakkyoku.jp/", "内容": "すずらん薬局【5:薬局】滋賀県彦根市西今町１３８－１１" }, "geometry": { "type": "Point", "coordinates": [ 136.244084, 35.246022 ] } },
{ "type": "Feature", "properties": { "ID": 2557250007640, "正式名称": "ふれあい薬局・コープもりやま前", "機関区分": 5, "都道府県コード": 25, "市区町村コード": 207, "所在地": "滋賀県守山市勝部３丁目１５番３１－１号", "緯度": 35.046508, "経度": 135.988927, "url": "https://www.iryou.teikyouseido.mhlw.go.jp/znk-web/juminkanja/S2430/initialize?prefCd=25&kikanCd=7250007640&kikanKbn=5", "url2": "http://www.fureai-yakkyoku.jp/information_28.html", "内容": "ふれあい薬局・コープもりやま前【5:薬局】滋賀県守山市勝部３丁目１５番３１－１号" }, "geometry": { "type": "Point", "coordinates": [ 135.988927, 35.046508 ] } },
{ "type": "Feature", "properties": { "ID": 2557250007660, "正式名称": "中山メディカル薬局", "機関区分": 5, "都道府県コード": 25, "市区町村コード": 206, "所在地": "滋賀県草津市追分一丁目４番２５－１号", "緯度": 35.008901, "経度": 135.967222, "url": "https://www.iryou.teikyouseido.mhlw.go.jp/znk-web/juminkanja/S2430/initialize?prefCd=25&kikanCd=7250007660&kikanKbn=5", "url2": null, "内容": "中山メディカル薬局【5:薬局】滋賀県草津市追分一丁目４番２５－１号" }, "geometry": { "type": "Point", "coordinates": [ 135.967222, 35.008901 ] } },
{ "type": "Feature", "properties": { "ID": 2557250007670, "正式名称": "いろは調剤薬局", "機関区分": 5, "都道府県コード": 25, "市区町村コード": 213, "所在地": "滋賀県東近江市布引台一丁目９８０番２２", "緯度": 35.085764, "経度": 136.188167, "url": "https://www.iryou.teikyouseido.mhlw.go.jp/znk-web/juminkanja/S2430/initialize?prefCd=25&kikanCd=7250007670&kikanKbn=5", "url2": null, "内容": "いろは調剤薬局【5:薬局】滋賀県東近江市布引台一丁目９８０番２２" }, "geometry": { "type": "Point", "coordinates": [ 136.188167, 35.085764 ] } },
{ "type": "Feature", "properties": { "ID": 2557250007680, "正式名称": "ユタカ薬局長浜", "機関区分": 5, "都道府県コード": 25, "市区町村コード": 203, "所在地": "滋賀県長浜市平方町３７５番地４", "緯度": 35.372963, "経度": 136.275519, "url": "https://www.iryou.teikyouseido.mhlw.go.jp/znk-web/juminkanja/S2430/initialize?prefCd=25&kikanCd=7250007680&kikanKbn=5", "url2": "http://www.d-yutaka.co.jp/", "内容": "ユタカ薬局長浜【5:薬局】滋賀県長浜市平方町３７５番地４" }, "geometry": { "type": "Point", "coordinates": [ 136.275519, 35.372963 ] } },
{ "type": "Feature", "properties": { "ID": 2557250007700, "正式名称": "下田薬局", "機関区分": 5, "都道府県コード": 25, "市区町村コード": 211, "所在地": "滋賀県湖南市下田１５２８番地", "緯度": 35.025135, "経度": 136.130432, "url": "https://www.iryou.teikyouseido.mhlw.go.jp/znk-web/juminkanja/S2430/initialize?prefCd=25&kikanCd=7250007700&kikanKbn=5", "url2": "shimoda-yakkyoku.com", "内容": "下田薬局【5:薬局】滋賀県湖南市下田１５２８番地" }, "geometry": { "type": "Point", "coordinates": [ 136.130432, 35.025135 ] } },
{ "type": "Feature", "properties": { "ID": 2557250007710, "正式名称": "クスリのアオキ西今薬局", "機関区分": 5, "都道府県コード": 25, "市区町村コード": 202, "所在地": "滋賀県彦根市西今町３１４番地１", "緯度": 35.25013, "経度": 136.240523, "url": "https://www.iryou.teikyouseido.mhlw.go.jp/znk-web/juminkanja/S2430/initialize?prefCd=25&kikanCd=7250007710&kikanKbn=5", "url2": "http://www.kusuri-aoki.co.jp/", "内容": "クスリのアオキ西今薬局【5:薬局】滋賀県彦根市西今町３１４番地１" }, "geometry": { "type": "Point", "coordinates": [ 136.240523, 35.25013 ] } },
{ "type": "Feature", "properties": { "ID": 2557250007750, "正式名称": "いしべ調剤薬局", "機関区分": 5, "都道府県コード": 25, "市区町村コード": 211, "所在地": "滋賀県湖南市石部中央四丁目１－５８", "緯度": 35.010797, "経度": 136.057123, "url": "https://www.iryou.teikyouseido.mhlw.go.jp/znk-web/juminkanja/S2430/initialize?prefCd=25&kikanCd=7250007750&kikanKbn=5", "url2": "https://www.marinegroup.jp", "内容": "いしべ調剤薬局【5:薬局】滋賀県湖南市石部中央四丁目１－５８" }, "geometry": { "type": "Point", "coordinates": [ 136.057123, 35.010797 ] } },
{ "type": "Feature", "properties": { "ID": 2557250007760, "正式名称": "クスリのアオキ石部東薬局", "機関区分": 5, "都道府県コード": 25, "市区町村コード": 211, "所在地": "滋賀県湖南市石部東六丁目４番１０号", "緯度": 35.005443, "経度": 136.065115, "url": "https://www.iryou.teikyouseido.mhlw.go.jp/znk-web/juminkanja/S2430/initialize?prefCd=25&kikanCd=7250007760&kikanKbn=5", "url2": "http://www.kusuri-aoki.co.jp/", "内容": "クスリのアオキ石部東薬局【5:薬局】滋賀県湖南市石部東六丁目４番１０号" }, "geometry": { "type": "Point", "coordinates": [ 136.065115, 35.005443 ] } },
{ "type": "Feature", "properties": { "ID": 2557250007790, "正式名称": "ひいな調剤薬局", "機関区分": 5, "都道府県コード": 25, "市区町村コード": 213, "所在地": "滋賀県東近江市市原野町２２０６番地３", "緯度": 35.070588, "経度": 136.272993, "url": "https://www.iryou.teikyouseido.mhlw.go.jp/znk-web/juminkanja/S2430/initialize?prefCd=25&kikanCd=7250007790&kikanKbn=5", "url2": "https://www.marinegroup.jp/detail/%E3%81%B2%E3%81%84%E3%81%AA%E8%AA%BF%E5%89%A4%E8%96%AC%E5%B1%80", "内容": "ひいな調剤薬局【5:薬局】滋賀県東近江市市原野町２２０６番地３" }, "geometry": { "type": "Point", "coordinates": [ 136.272993, 35.070588 ] } },
{ "type": "Feature", "properties": { "ID": 2557250007800, "正式名称": "阪神調剤薬局　彦根北店", "機関区分": 5, "都道府県コード": 25, "市区町村コード": 202, "所在地": "滋賀県彦根市開出今町１７１６－６", "緯度": 35.263388, "経度": 136.225548, "url": "https://www.iryou.teikyouseido.mhlw.go.jp/znk-web/juminkanja/S2430/initialize?prefCd=25&kikanCd=7250007800&kikanKbn=5", "url2": null, "内容": "阪神調剤薬局　彦根北店【5:薬局】滋賀県彦根市開出今町１７１６－６" }, "geometry": { "type": "Point", "coordinates": [ 136.225548, 35.263388 ] } },
{ "type": "Feature", "properties": { "ID": 2557250007810, "正式名称": "うさぎ調剤薬局　南草津店", "機関区分": 5, "都道府県コード": 25, "市区町村コード": 206, "所在地": "滋賀県草津市南草津２－４－３", "緯度": 35.003369, "経度": 135.944882, "url": "https://www.iryou.teikyouseido.mhlw.go.jp/znk-web/juminkanja/S2430/initialize?prefCd=25&kikanCd=7250007810&kikanKbn=5", "url2": "http://usagisomu.wixsite.com/usagimedical", "内容": "うさぎ調剤薬局　南草津店【5:薬局】滋賀県草津市南草津２－４－３" }, "geometry": { "type": "Point", "coordinates": [ 135.944882, 35.003369 ] } },
{ "type": "Feature", "properties": { "ID": 2557250007820, "正式名称": "ウエルシア薬局　大津堅田店", "機関区分": 5, "都道府県コード": 25, "市区町村コード": 201, "所在地": "滋賀県大津市本堅田５－９－１２", "緯度": 35.116098, "経度": 135.91339, "url": "https://www.iryou.teikyouseido.mhlw.go.jp/znk-web/juminkanja/S2430/initialize?prefCd=25&kikanCd=7250007820&kikanKbn=5", "url2": "http://www.welcia-yakkyoku.co.jp/", "内容": "ウエルシア薬局　大津堅田店【5:薬局】滋賀県大津市本堅田５－９－１２" }, "geometry": { "type": "Point", "coordinates": [ 135.91339, 35.116098 ] } },
{ "type": "Feature", "properties": { "ID": 2557250007840, "正式名称": "スギ薬局　八日市店", "機関区分": 5, "都道府県コード": 25, "市区町村コード": 213, "所在地": "滋賀県東近江市八日市東本町６－４８", "緯度": 35.110303, "経度": 136.206151, "url": "https://www.iryou.teikyouseido.mhlw.go.jp/znk-web/juminkanja/S2430/initialize?prefCd=25&kikanCd=7250007840&kikanKbn=5", "url2": "https://www.drug-sugi.co.jp/", "内容": "スギ薬局　八日市店【5:薬局】滋賀県東近江市八日市東本町６－４８" }, "geometry": { "type": "Point", "coordinates": [ 136.206151, 35.110303 ] } },
{ "type": "Feature", "properties": { "ID": 2557250007850, "正式名称": "ウエルシア薬局　近江八幡若宮店", "機関区分": 5, "都道府県コード": 25, "市区町村コード": 204, "所在地": "滋賀県近江八幡市東町１８７－１", "緯度": 35.109542, "経度": 136.092967, "url": "https://www.iryou.teikyouseido.mhlw.go.jp/znk-web/juminkanja/S2430/initialize?prefCd=25&kikanCd=7250007850&kikanKbn=5", "url2": "http://www.welcia-yakkyoku.co.jp/", "内容": "ウエルシア薬局　近江八幡若宮店【5:薬局】滋賀県近江八幡市東町１８７－１" }, "geometry": { "type": "Point", "coordinates": [ 136.092967, 35.109542 ] } },
{ "type": "Feature", "properties": { "ID": 2557250007860, "正式名称": "ファーマライズ薬局　キクヤ札の辻店", "機関区分": 5, "都道府県コード": 25, "市区町村コード": 213, "所在地": "滋賀県東近江市東沖野四丁目１６－１７", "緯度": 35.101932, "経度": 136.215587, "url": "https://www.iryou.teikyouseido.mhlw.go.jp/znk-web/juminkanja/S2430/initialize?prefCd=25&kikanCd=7250007860&kikanKbn=5", "url2": "http://kikuya4193.com/", "内容": "ファーマライズ薬局　キクヤ札の辻店【5:薬局】滋賀県東近江市東沖野四丁目１６－１７" }, "geometry": { "type": "Point", "coordinates": [ 136.215587, 35.101932 ] } },
{ "type": "Feature", "properties": { "ID": 2557250007870, "正式名称": "アイセイ薬局　近江八幡店", "機関区分": 5, "都道府県コード": 25, "市区町村コード": 204, "所在地": "滋賀県近江八幡市日吉野町６７３", "緯度": 35.115824, "経度": 136.094285, "url": "https://www.iryou.teikyouseido.mhlw.go.jp/znk-web/juminkanja/S2430/initialize?prefCd=25&kikanCd=7250007870&kikanKbn=5", "url2": "https://www.aisei.co.jp/", "内容": "アイセイ薬局　近江八幡店【5:薬局】滋賀県近江八幡市日吉野町６７３" }, "geometry": { "type": "Point", "coordinates": [ 136.094285, 35.115824 ] } },
{ "type": "Feature", "properties": { "ID": 2557250007880, "正式名称": "つばさ薬局　緑町店", "機関区分": 5, "都道府県コード": 25, "市区町村コード": 213, "所在地": "滋賀県東近江市八日市緑町５－２６", "緯度": 35.114656, "経度": 136.205796, "url": "https://www.iryou.teikyouseido.mhlw.go.jp/znk-web/juminkanja/S2430/initialize?prefCd=25&kikanCd=7250007880&kikanKbn=5", "url2": "http://www.murase-group.jp/", "内容": "つばさ薬局　緑町店【5:薬局】滋賀県東近江市八日市緑町５－２６" }, "geometry": { "type": "Point", "coordinates": [ 136.205796, 35.114656 ] } },
{ "type": "Feature", "properties": { "ID": 2557250007890, "正式名称": "ひまわり薬局　南林口店", "機関区分": 5, "都道府県コード": 25, "市区町村コード": 209, "所在地": "滋賀県甲賀市水口町南林口４７", "緯度": 34.971395, "経度": 136.159666, "url": "https://www.iryou.teikyouseido.mhlw.go.jp/znk-web/juminkanja/S2430/initialize?prefCd=25&kikanCd=7250007890&kikanKbn=5", "url2": "http://www.himawari-ph.co.jp/", "内容": "ひまわり薬局　南林口店【5:薬局】滋賀県甲賀市水口町南林口４７" }, "geometry": { "type": "Point", "coordinates": [ 136.159666, 34.971395 ] } },
{ "type": "Feature", "properties": { "ID": 2557250007900, "正式名称": "ティエス調剤薬局　三雲店", "機関区分": 5, "都道府県コード": 25, "市区町村コード": 211, "所在地": "滋賀県湖南市三雲３９８－１", "緯度": 34.98406, "経度": 136.114118, "url": "https://www.iryou.teikyouseido.mhlw.go.jp/znk-web/juminkanja/S2430/initialize?prefCd=25&kikanCd=7250007900&kikanKbn=5", "url2": "http://www.tsplan.co.jp/", "内容": "ティエス調剤薬局　三雲店【5:薬局】滋賀県湖南市三雲３９８－１" }, "geometry": { "type": "Point", "coordinates": [ 136.114118, 34.98406 ] } },
{ "type": "Feature", "properties": { "ID": 2557250007910, "正式名称": "ヤクゴ薬局　日野店", "機関区分": 5, "都道府県コード": 25, "市区町村コード": 383, "所在地": "滋賀県蒲生郡日野町松尾９８８－４", "緯度": 35.017505, "経度": 136.237795, "url": "https://www.iryou.teikyouseido.mhlw.go.jp/znk-web/juminkanja/S2430/initialize?prefCd=25&kikanCd=7250007910&kikanKbn=5", "url2": "https://pharmaster.co.jp/", "内容": "ヤクゴ薬局　日野店【5:薬局】滋賀県蒲生郡日野町松尾９８８－４" }, "geometry": { "type": "Point", "coordinates": [ 136.237795, 35.017505 ] } },
{ "type": "Feature", "properties": { "ID": 2557250007920, "正式名称": "ヤクゴ薬局　日野おおくぼ店", "機関区分": 5, "都道府県コード": 25, "市区町村コード": 383, "所在地": "滋賀県蒲生郡日野町大窪１０１２－４", "緯度": 35.011298, "経度": 136.247413, "url": "https://www.iryou.teikyouseido.mhlw.go.jp/znk-web/juminkanja/S2430/initialize?prefCd=25&kikanCd=7250007920&kikanKbn=5", "url2": "http://www.yakugo.co.jp/", "内容": "ヤクゴ薬局　日野おおくぼ店【5:薬局】滋賀県蒲生郡日野町大窪１０１２－４" }, "geometry": { "type": "Point", "coordinates": [ 136.247413, 35.011298 ] } },
{ "type": "Feature", "properties": { "ID": 2557250007930, "正式名称": "ヤクゴ薬局　平田店", "機関区分": 5, "都道府県コード": 25, "市区町村コード": 213, "所在地": "滋賀県東近江市下羽田町３０－１", "緯度": 35.09291, "経度": 136.149165, "url": "https://www.iryou.teikyouseido.mhlw.go.jp/znk-web/juminkanja/S2430/initialize?prefCd=25&kikanCd=7250007930&kikanKbn=5", "url2": "http://www.yakugo.co.jp/", "内容": "ヤクゴ薬局　平田店【5:薬局】滋賀県東近江市下羽田町３０－１" }, "geometry": { "type": "Point", "coordinates": [ 136.149165, 35.09291 ] } },
{ "type": "Feature", "properties": { "ID": 2557250007940, "正式名称": "ヤクゴ薬局　能登川店", "機関区分": 5, "都道府県コード": 25, "市区町村コード": 213, "所在地": "滋賀県東近江市猪子町１３１－３", "緯度": 35.176134, "経度": 136.168864, "url": "https://www.iryou.teikyouseido.mhlw.go.jp/znk-web/juminkanja/S2430/initialize?prefCd=25&kikanCd=7250007940&kikanKbn=5", "url2": "https://www.qol-net.co.jp/pharmacy/map/detail.php?id=834", "内容": "ヤクゴ薬局　能登川店【5:薬局】滋賀県東近江市猪子町１３１－３" }, "geometry": { "type": "Point", "coordinates": [ 136.168864, 35.176134 ] } },
{ "type": "Feature", "properties": { "ID": 2557250007960, "正式名称": "ヤクゴ薬局　ぶーめらん店", "機関区分": 5, "都道府県コード": 25, "市区町村コード": 204, "所在地": "滋賀県近江八幡市出町３０８－１", "緯度": 35.126417, "経度": 136.100479, "url": "https://www.iryou.teikyouseido.mhlw.go.jp/znk-web/juminkanja/S2430/initialize?prefCd=25&kikanCd=7250007960&kikanKbn=5", "url2": "http://www.yakugo.co.jp/", "内容": "ヤクゴ薬局　ぶーめらん店【5:薬局】滋賀県近江八幡市出町３０８－１" }, "geometry": { "type": "Point", "coordinates": [ 136.100479, 35.126417 ] } },
{ "type": "Feature", "properties": { "ID": 2557250007970, "正式名称": "スギ薬局　草津店", "機関区分": 5, "都道府県コード": 25, "市区町村コード": 206, "所在地": "滋賀県草津市草津町１５２０番地１", "緯度": 35.018458, "経度": 135.952239, "url": "https://www.iryou.teikyouseido.mhlw.go.jp/znk-web/juminkanja/S2430/initialize?prefCd=25&kikanCd=7250007970&kikanKbn=5", "url2": "http://www.drug-sugi.co.jp/", "内容": "スギ薬局　草津店【5:薬局】滋賀県草津市草津町１５２０番地１" }, "geometry": { "type": "Point", "coordinates": [ 135.952239, 35.018458 ] } },
{ "type": "Feature", "properties": { "ID": 2557250007980, "正式名称": "ポニー薬局", "機関区分": 5, "都道府県コード": 25, "市区町村コード": 210, "所在地": "滋賀県野洲市小篠原１９５７－２", "緯度": 35.069937, "経度": 136.027633, "url": "https://www.iryou.teikyouseido.mhlw.go.jp/znk-web/juminkanja/S2430/initialize?prefCd=25&kikanCd=7250007980&kikanKbn=5", "url2": null, "内容": "ポニー薬局【5:薬局】滋賀県野洲市小篠原１９５７－２" }, "geometry": { "type": "Point", "coordinates": [ 136.027633, 35.069937 ] } },
{ "type": "Feature", "properties": { "ID": 2557250007990, "正式名称": "スズキ調剤薬局　栗東駅前店", "機関区分": 5, "都道府県コード": 25, "市区町村コード": 208, "所在地": "滋賀県栗東市綣二丁目４－５ウイングプラザ１Ｆ", "緯度": 35.037528, "経度": 135.981864, "url": "https://www.iryou.teikyouseido.mhlw.go.jp/znk-web/juminkanja/S2430/initialize?prefCd=25&kikanCd=7250007990&kikanKbn=5", "url2": "https://www.suzukiph.co.jp/", "内容": "スズキ調剤薬局　栗東駅前店【5:薬局】滋賀県栗東市綣二丁目４－５ウイングプラザ１Ｆ" }, "geometry": { "type": "Point", "coordinates": [ 135.981864, 35.037528 ] } },
{ "type": "Feature", "properties": { "ID": 2557250008020, "正式名称": "ヤクゴ薬局　彦根店", "機関区分": 5, "都道府県コード": 25, "市区町村コード": 202, "所在地": "滋賀県彦根市西今町１１３１－１７", "緯度": 35.259512, "経度": 136.232263, "url": "https://www.iryou.teikyouseido.mhlw.go.jp/znk-web/juminkanja/S2430/initialize?prefCd=25&kikanCd=7250008020&kikanKbn=5", "url2": "https://pharmaster.co.jp/store/hikone.html#wc_anc00002", "内容": "ヤクゴ薬局　彦根店【5:薬局】滋賀県彦根市西今町１１３１－１７" }, "geometry": { "type": "Point", "coordinates": [ 136.232263, 35.259512 ] } },
{ "type": "Feature", "properties": { "ID": 2557250008030, "正式名称": "ヤクゴ薬局　豊郷フラワー店", "機関区分": 5, "都道府県コード": 25, "市区町村コード": 441, "所在地": "滋賀県犬上郡豊郷町石畑２１３－３", "緯度": 35.198999, "経度": 136.230638, "url": "https://www.iryou.teikyouseido.mhlw.go.jp/znk-web/juminkanja/S2430/initialize?prefCd=25&kikanCd=7250008030&kikanKbn=5", "url2": "https://pharmaster.co.jp/", "内容": "ヤクゴ薬局　豊郷フラワー店【5:薬局】滋賀県犬上郡豊郷町石畑２１３－３" }, "geometry": { "type": "Point", "coordinates": [ 136.230638, 35.198999 ] } },
{ "type": "Feature", "properties": { "ID": 2557250008040, "正式名称": "ヤクゴ薬局　豊郷店", "機関区分": 5, "都道府県コード": 25, "市区町村コード": 441, "所在地": "滋賀県犬上郡豊郷町八目１９－２", "緯度": 35.198413, "経度": 136.230107, "url": "https://www.iryou.teikyouseido.mhlw.go.jp/znk-web/juminkanja/S2430/initialize?prefCd=25&kikanCd=7250008040&kikanKbn=5", "url2": "https://pharmaster.co.jp/", "内容": "ヤクゴ薬局　豊郷店【5:薬局】滋賀県犬上郡豊郷町八目１９－２" }, "geometry": { "type": "Point", "coordinates": [ 136.230107, 35.198413 ] } },
{ "type": "Feature", "properties": { "ID": 2557250008050, "正式名称": "ヤクゴ薬局　南豊郷店", "機関区分": 5, "都道府県コード": 25, "市区町村コード": 441, "所在地": "滋賀県犬上郡豊郷町下枝２３－７", "緯度": 35.19388, "経度": 136.22143, "url": "https://www.iryou.teikyouseido.mhlw.go.jp/znk-web/juminkanja/S2430/initialize?prefCd=25&kikanCd=7250008050&kikanKbn=5", "url2": "http://pharmaster.co.jp/", "内容": "ヤクゴ薬局　南豊郷店【5:薬局】滋賀県犬上郡豊郷町下枝２３－７" }, "geometry": { "type": "Point", "coordinates": [ 136.22143, 35.19388 ] } },
{ "type": "Feature", "properties": { "ID": 2557250008070, "正式名称": "サン調剤薬局　えんま堂店", "機関区分": 5, "都道府県コード": 25, "市区町村コード": 207, "所在地": "滋賀県守山市焔魔堂町１１５－１", "緯度": 35.048158, "経度": 135.981814, "url": "https://www.iryou.teikyouseido.mhlw.go.jp/znk-web/juminkanja/S2430/initialize?prefCd=25&kikanCd=7250008070&kikanKbn=5", "url2": "https://sun-ph.jp", "内容": "サン調剤薬局　えんま堂店【5:薬局】滋賀県守山市焔魔堂町１１５－１" }, "geometry": { "type": "Point", "coordinates": [ 135.981814, 35.048158 ] } },
{ "type": "Feature", "properties": { "ID": 2557250008080, "正式名称": "はなちゃん薬局", "機関区分": 5, "都道府県コード": 25, "市区町村コード": 207, "所在地": "滋賀県守山市下之郷３丁目１－４１－１", "緯度": 35.064556, "経度": 135.987799, "url": "https://www.iryou.teikyouseido.mhlw.go.jp/znk-web/juminkanja/S2430/initialize?prefCd=25&kikanCd=7250008080&kikanKbn=5", "url2": "https://hanachan-yakkyoku.com/", "内容": "はなちゃん薬局【5:薬局】滋賀県守山市下之郷３丁目１－４１－１" }, "geometry": { "type": "Point", "coordinates": [ 135.987799, 35.064556 ] } },
{ "type": "Feature", "properties": { "ID": 2557250008100, "正式名称": "ユタカ薬局　瀬田", "機関区分": 5, "都道府県コード": 25, "市区町村コード": 201, "所在地": "滋賀県大津市大江２丁目３４－１４", "緯度": 34.975301, "経度": 135.91282, "url": "https://www.iryou.teikyouseido.mhlw.go.jp/znk-web/juminkanja/S2430/initialize?prefCd=25&kikanCd=7250008100&kikanKbn=5", "url2": "http://www.d-yutaka.co.jp/shop/125.html", "内容": "ユタカ薬局　瀬田【5:薬局】滋賀県大津市大江２丁目３４－１４" }, "geometry": { "type": "Point", "coordinates": [ 135.91282, 34.975301 ] } },
{ "type": "Feature", "properties": { "ID": 2557250008260, "正式名称": "クスリのアオキ　水口薬局", "機関区分": 5, "都道府県コード": 25, "市区町村コード": 209, "所在地": "滋賀県甲賀市水口町水口６０２０番地１", "緯度": 34.965214, "経度": 136.162996, "url": "https://www.iryou.teikyouseido.mhlw.go.jp/znk-web/juminkanja/S2430/initialize?prefCd=25&kikanCd=7250008260&kikanKbn=5", "url2": "http://www.kusuri-aoki.co.jp/", "内容": "クスリのアオキ　水口薬局【5:薬局】滋賀県甲賀市水口町水口６０２０番地１" }, "geometry": { "type": "Point", "coordinates": [ 136.162996, 34.965214 ] } },
{ "type": "Feature", "properties": { "ID": 2557250008270, "正式名称": "クスリのアオキ東近江幸町薬局", "機関区分": 5, "都道府県コード": 25, "市区町村コード": 213, "所在地": "滋賀県東近江市幸町１番８号", "緯度": 35.107387, "経度": 136.203599, "url": "https://www.iryou.teikyouseido.mhlw.go.jp/znk-web/juminkanja/S2430/initialize?prefCd=25&kikanCd=7250008270&kikanKbn=5", "url2": "http://www.kusuri-aoki.co.jp/", "内容": "クスリのアオキ東近江幸町薬局【5:薬局】滋賀県東近江市幸町１番８号" }, "geometry": { "type": "Point", "coordinates": [ 136.203599, 35.107387 ] } },
{ "type": "Feature", "properties": { "ID": 2557250008280, "正式名称": "ユタカ薬局　安曇川", "機関区分": 5, "都道府県コード": 25, "市区町村コード": 212, "所在地": "滋賀県高島市安曇川町西万木４２９", "緯度": 35.004531, "経度": 135.86859, "url": "https://www.iryou.teikyouseido.mhlw.go.jp/znk-web/juminkanja/S2430/initialize?prefCd=25&kikanCd=7250008280&kikanKbn=5", "url2": "https://www.d-yutaka.co.jp/shop/149.html", "内容": "ユタカ薬局　安曇川【5:薬局】滋賀県高島市安曇川町西万木４２９" }, "geometry": { "type": "Point", "coordinates": [ 135.86859, 35.004531 ] } },
{ "type": "Feature", "properties": { "ID": 2557250008290, "正式名称": "日本調剤　滋賀医大前薬局", "機関区分": 5, "都道府県コード": 25, "市区町村コード": 206, "所在地": "滋賀県草津市笠山７丁目６－５３", "緯度": 34.975367, "経度": 135.953681, "url": "https://www.iryou.teikyouseido.mhlw.go.jp/znk-web/juminkanja/S2430/initialize?prefCd=25&kikanCd=7250008290&kikanKbn=5", "url2": "https://www.nicho.co.jp/tenpo/sigaidaimae/", "内容": "日本調剤　滋賀医大前薬局【5:薬局】滋賀県草津市笠山７丁目６－５３" }, "geometry": { "type": "Point", "coordinates": [ 135.953681, 34.975367 ] } },
{ "type": "Feature", "properties": { "ID": 2557250008300, "正式名称": "アイセイ薬局　南草津店", "機関区分": 5, "都道府県コード": 25, "市区町村コード": 206, "所在地": "滋賀県草津市南草津二丁目７－２２", "緯度": 35.002566, "経度": 135.943388, "url": "https://www.iryou.teikyouseido.mhlw.go.jp/znk-web/juminkanja/S2430/initialize?prefCd=25&kikanCd=7250008300&kikanKbn=5", "url2": "https://www.aisei.co.jp/", "内容": "アイセイ薬局　南草津店【5:薬局】滋賀県草津市南草津二丁目７－２２" }, "geometry": { "type": "Point", "coordinates": [ 135.943388, 35.002566 ] } },
{ "type": "Feature", "properties": { "ID": 2557250008310, "正式名称": "どんぐり薬局　安養寺店", "機関区分": 5, "都道府県コード": 25, "市区町村コード": 208, "所在地": "滋賀県栗東市安養寺三丁目１１－１１", "緯度": 35.019795, "経度": 136.003906, "url": "https://www.iryou.teikyouseido.mhlw.go.jp/znk-web/juminkanja/S2430/initialize?prefCd=25&kikanCd=7250008310&kikanKbn=5", "url2": "http://www.donguri-pharmacy.com/", "内容": "どんぐり薬局　安養寺店【5:薬局】滋賀県栗東市安養寺三丁目１１－１１" }, "geometry": { "type": "Point", "coordinates": [ 136.003906, 35.019795 ] } },
{ "type": "Feature", "properties": { "ID": 2557250008320, "正式名称": "とまと薬局　行畑店", "機関区分": 5, "都道府県コード": 25, "市区町村コード": 210, "所在地": "滋賀県野洲市行畑７２８", "緯度": 35.061707, "経度": 136.025978, "url": "https://www.iryou.teikyouseido.mhlw.go.jp/znk-web/juminkanja/S2430/initialize?prefCd=25&kikanCd=7250008320&kikanKbn=5", "url2": "http://www.tomato-ph.com", "内容": "とまと薬局　行畑店【5:薬局】滋賀県野洲市行畑７２８" }, "geometry": { "type": "Point", "coordinates": [ 136.025978, 35.061707 ] } },
{ "type": "Feature", "properties": { "ID": 2557250008330, "正式名称": "りぼん薬局　野洲店", "機関区分": 5, "都道府県コード": 25, "市区町村コード": 210, "所在地": "滋賀県野洲市小篠原２０５５", "緯度": 35.068548, "経度": 136.025484, "url": "https://www.iryou.teikyouseido.mhlw.go.jp/znk-web/juminkanja/S2430/initialize?prefCd=25&kikanCd=7250008330&kikanKbn=5", "url2": "https://sampowells.net", "内容": "りぼん薬局　野洲店【5:薬局】滋賀県野洲市小篠原２０５５" }, "geometry": { "type": "Point", "coordinates": [ 136.025484, 35.068548 ] } },
{ "type": "Feature", "properties": { "ID": 2557250008340, "正式名称": "栗東シンザン像前調剤薬局", "機関区分": 5, "都道府県コード": 25, "市区町村コード": 208, "所在地": "滋賀県栗東市御園８４６番地１", "緯度": 34.999815, "経度": 136.022721, "url": "https://www.iryou.teikyouseido.mhlw.go.jp/znk-web/juminkanja/S2430/initialize?prefCd=25&kikanCd=7250008340&kikanKbn=5", "url2": "http://www.kusurinomadoguchi.com/shiga/s1000001250", "内容": "栗東シンザン像前調剤薬局【5:薬局】滋賀県栗東市御園８４６番地１" }, "geometry": { "type": "Point", "coordinates": [ 136.022721, 34.999815 ] } },
{ "type": "Feature", "properties": { "ID": 2557250008350, "正式名称": "フロンティア薬局　滋賀医大店", "機関区分": 5, "都道府県コード": 25, "市区町村コード": 206, "所在地": "滋賀県草津市笠山７丁目６－５３", "緯度": 34.974033, "経度": 135.953071, "url": "https://www.iryou.teikyouseido.mhlw.go.jp/znk-web/juminkanja/S2430/initialize?prefCd=25&kikanCd=7250008350&kikanKbn=5", "url2": "http://www.frontier-ph.com/", "内容": "フロンティア薬局　滋賀医大店【5:薬局】滋賀県草津市笠山７丁目６－５３" }, "geometry": { "type": "Point", "coordinates": [ 135.953071, 34.974033 ] } },
{ "type": "Feature", "properties": { "ID": 2557250008360, "正式名称": "ふれあい薬局・栗東", "機関区分": 5, "都道府県コード": 25, "市区町村コード": 208, "所在地": "滋賀県栗東市大橋２丁目７－４", "緯度": 35.032513, "経度": 136.001773, "url": "https://www.iryou.teikyouseido.mhlw.go.jp/znk-web/juminkanja/S2430/initialize?prefCd=25&kikanCd=7250008360&kikanKbn=5", "url2": "http://www.fureai-yakkyoku.jp/", "内容": "ふれあい薬局・栗東【5:薬局】滋賀県栗東市大橋２丁目７－４" }, "geometry": { "type": "Point", "coordinates": [ 136.001773, 35.032513 ] } },
{ "type": "Feature", "properties": { "ID": 2557250008370, "正式名称": "おの薬局", "機関区分": 5, "都道府県コード": 25, "市区町村コード": 201, "所在地": "滋賀県大津市湖青１－１－１４", "緯度": 35.138715, "経度": 135.922421, "url": "https://www.iryou.teikyouseido.mhlw.go.jp/znk-web/juminkanja/S2430/initialize?prefCd=25&kikanCd=7250008370&kikanKbn=5", "url2": "http://meron-net.shop/ds/onofarmacia/", "内容": "おの薬局【5:薬局】滋賀県大津市湖青１－１－１４" }, "geometry": { "type": "Point", "coordinates": [ 135.922421, 35.138715 ] } },
{ "type": "Feature", "properties": { "ID": 2557250008380, "正式名称": "ウエルシア薬局　大津唐崎店", "機関区分": 5, "都道府県コード": 25, "市区町村コード": 201, "所在地": "滋賀県大津市唐崎１－２１－５", "緯度": 35.047023, "経度": 135.87211, "url": "https://www.iryou.teikyouseido.mhlw.go.jp/znk-web/juminkanja/S2430/initialize?prefCd=25&kikanCd=7250008380&kikanKbn=5", "url2": "http://www.welcia-yakkyoku.co.jp/", "内容": "ウエルシア薬局　大津唐崎店【5:薬局】滋賀県大津市唐崎１－２１－５" }, "geometry": { "type": "Point", "coordinates": [ 135.87211, 35.047023 ] } },
{ "type": "Feature", "properties": { "ID": 2557250008390, "正式名称": "もりやま薬局", "機関区分": 5, "都道府県コード": 25, "市区町村コード": 207, "所在地": "滋賀県守山市浮気町２１６－１", "緯度": 35.047734, "経度": 136.000503, "url": "https://www.iryou.teikyouseido.mhlw.go.jp/znk-web/juminkanja/S2430/initialize?prefCd=25&kikanCd=7250008390&kikanKbn=5", "url2": null, "内容": "もりやま薬局【5:薬局】滋賀県守山市浮気町２１６－１" }, "geometry": { "type": "Point", "coordinates": [ 136.000503, 35.047734 ] } },
{ "type": "Feature", "properties": { "ID": 2557250008400, "正式名称": "どれみ薬局", "機関区分": 5, "都道府県コード": 25, "市区町村コード": 210, "所在地": "滋賀県野洲市小篠原８６９－８", "緯度": 35.062906, "経度": 136.027453, "url": "https://www.iryou.teikyouseido.mhlw.go.jp/znk-web/juminkanja/S2430/initialize?prefCd=25&kikanCd=7250008400&kikanKbn=5", "url2": "https://www.big-advance.site/s/161/1463/business", "内容": "どれみ薬局【5:薬局】滋賀県野洲市小篠原８６９－８" }, "geometry": { "type": "Point", "coordinates": [ 136.027453, 35.062906 ] } },
{ "type": "Feature", "properties": { "ID": 2557250008410, "正式名称": "キリン堂薬局　彦根市立病院前店", "機関区分": 5, "都道府県コード": 25, "市区町村コード": 202, "所在地": "滋賀県彦根市開出今町１７３３－５－１１０", "緯度": 35.263327, "経度": 136.226679, "url": "https://www.iryou.teikyouseido.mhlw.go.jp/znk-web/juminkanja/S2430/initialize?prefCd=25&kikanCd=7250008410&kikanKbn=5", "url2": "https://www.kirindo.co.jp/", "内容": "キリン堂薬局　彦根市立病院前店【5:薬局】滋賀県彦根市開出今町１７３３－５－１１０" }, "geometry": { "type": "Point", "coordinates": [ 136.226679, 35.263327 ] } },
{ "type": "Feature", "properties": { "ID": 2557250008420, "正式名称": "スギ薬局　彦根中央店", "機関区分": 5, "都道府県コード": 25, "市区町村コード": 202, "所在地": "滋賀県彦根市和田町４７－２", "緯度": 35.259368, "経度": 136.249502, "url": "https://www.iryou.teikyouseido.mhlw.go.jp/znk-web/juminkanja/S2430/initialize?prefCd=25&kikanCd=7250008420&kikanKbn=5", "url2": "https://www.drug-sugi.co.jp/", "内容": "スギ薬局　彦根中央店【5:薬局】滋賀県彦根市和田町４７－２" }, "geometry": { "type": "Point", "coordinates": [ 136.249502, 35.259368 ] } },
{ "type": "Feature", "properties": { "ID": 2557250008430, "正式名称": "タケシタ薬局", "機関区分": 5, "都道府県コード": 25, "市区町村コード": 214, "所在地": "滋賀県米原市下多良一丁目５９番地", "緯度": 35.316108, "経度": 136.285905, "url": "https://www.iryou.teikyouseido.mhlw.go.jp/znk-web/juminkanja/S2430/initialize?prefCd=25&kikanCd=7250008430&kikanKbn=5", "url2": null, "内容": "タケシタ薬局【5:薬局】滋賀県米原市下多良一丁目５９番地" }, "geometry": { "type": "Point", "coordinates": [ 136.285905, 35.316108 ] } },
{ "type": "Feature", "properties": { "ID": 2557250008440, "正式名称": "エン薬局　長浜風の街店", "機関区分": 5, "都道府県コード": 25, "市区町村コード": 203, "所在地": "滋賀県長浜市八幡中山町３６１番地　風の街キャンスシティ２内", "緯度": 35.392583, "経度": 136.278277, "url": "https://www.iryou.teikyouseido.mhlw.go.jp/znk-web/juminkanja/S2430/initialize?prefCd=25&kikanCd=7250008440&kikanKbn=5", "url2": "https://axist.co.jp/", "内容": "エン薬局　長浜風の街店【5:薬局】滋賀県長浜市八幡中山町３６１番地　風の街キャンスシティ２内" }, "geometry": { "type": "Point", "coordinates": [ 136.278277, 35.392583 ] } },
{ "type": "Feature", "properties": { "ID": 2557250008450, "正式名称": "コナン薬局", "機関区分": 5, "都道府県コード": 25, "市区町村コード": 211, "所在地": "滋賀県湖南市夏見６３４番地２", "緯度": 34.997493, "経度": 136.095036, "url": "https://www.iryou.teikyouseido.mhlw.go.jp/znk-web/juminkanja/S2430/initialize?prefCd=25&kikanCd=7250008450&kikanKbn=5", "url2": null, "内容": "コナン薬局【5:薬局】滋賀県湖南市夏見６３４番地２" }, "geometry": { "type": "Point", "coordinates": [ 136.095036, 34.997493 ] } },
{ "type": "Feature", "properties": { "ID": 2557250008480, "正式名称": "いちえ薬局中小森店", "機関区分": 5, "都道府県コード": 25, "市区町村コード": 204, "所在地": "滋賀県近江八幡市中小森町３３９－１", "緯度": 35.115874, "経度": 136.08753, "url": "https://www.iryou.teikyouseido.mhlw.go.jp/znk-web/juminkanja/S2430/initialize?prefCd=25&kikanCd=7250008480&kikanKbn=5", "url2": "http://ichie.k-pharma.co.jp", "内容": "いちえ薬局中小森店【5:薬局】滋賀県近江八幡市中小森町３３９－１" }, "geometry": { "type": "Point", "coordinates": [ 136.08753, 35.115874 ] } },
{ "type": "Feature", "properties": { "ID": 2557250008490, "正式名称": "もくれん薬局", "機関区分": 5, "都道府県コード": 25, "市区町村コード": 201, "所在地": "滋賀県大津市粟津町２番６５", "緯度": 34.979764, "経度": 135.897807, "url": "https://www.iryou.teikyouseido.mhlw.go.jp/znk-web/juminkanja/S2430/initialize?prefCd=25&kikanCd=7250008490&kikanKbn=5", "url2": "http://www.marinegroup.jp/", "内容": "もくれん薬局【5:薬局】滋賀県大津市粟津町２番６５" }, "geometry": { "type": "Point", "coordinates": [ 135.897807, 34.979764 ] } },
{ "type": "Feature", "properties": { "ID": 2557250008500, "正式名称": "ふれあい薬局・金森", "機関区分": 5, "都道府県コード": 25, "市区町村コード": 207, "所在地": "滋賀県守山市金森町５９８－２", "緯度": 35.057654, "経度": 135.982872, "url": "https://www.iryou.teikyouseido.mhlw.go.jp/znk-web/juminkanja/S2430/initialize?prefCd=25&kikanCd=7250008500&kikanKbn=5", "url2": "http://www.kinkiyoken.co.jp/", "内容": "ふれあい薬局・金森【5:薬局】滋賀県守山市金森町５９８－２" }, "geometry": { "type": "Point", "coordinates": [ 135.982872, 35.057654 ] } },
{ "type": "Feature", "properties": { "ID": 2557250008540, "正式名称": "ファーマライズ薬局　キクヤ春日店", "機関区分": 5, "都道府県コード": 25, "市区町村コード": 213, "所在地": "滋賀県東近江市東沖野二丁目２番１号", "緯度": 35.104623, "経度": 136.206987, "url": "https://www.iryou.teikyouseido.mhlw.go.jp/znk-web/juminkanja/S2430/initialize?prefCd=25&kikanCd=7250008540&kikanKbn=5", "url2": "https://www.pharmarise.com", "内容": "ファーマライズ薬局　キクヤ春日店【5:薬局】滋賀県東近江市東沖野二丁目２番１号" }, "geometry": { "type": "Point", "coordinates": [ 136.206987, 35.104623 ] } },
{ "type": "Feature", "properties": { "ID": 2557250008550, "正式名称": "ふれあいハート薬局", "機関区分": 5, "都道府県コード": 25, "市区町村コード": 206, "所在地": "滋賀県草津市北山田町２４７－１", "緯度": 35.029079, "経度": 135.93293, "url": "https://www.iryou.teikyouseido.mhlw.go.jp/znk-web/juminkanja/S2430/initialize?prefCd=25&kikanCd=7250008550&kikanKbn=5", "url2": "https://www.marinegroup.jp", "内容": "ふれあいハート薬局【5:薬局】滋賀県草津市北山田町２４７－１" }, "geometry": { "type": "Point", "coordinates": [ 135.93293, 35.029079 ] } },
{ "type": "Feature", "properties": { "ID": 2557250008560, "正式名称": "アイセイ薬局　瀬田大江店", "機関区分": 5, "都道府県コード": 25, "市区町村コード": 201, "所在地": "滋賀県大津市大江七丁目６－４７", "緯度": 34.975477, "経度": 135.929231, "url": "https://www.iryou.teikyouseido.mhlw.go.jp/znk-web/juminkanja/S2430/initialize?prefCd=25&kikanCd=7250008560&kikanKbn=5", "url2": "https://www.aisei.co.jp/", "内容": "アイセイ薬局　瀬田大江店【5:薬局】滋賀県大津市大江七丁目６－４７" }, "geometry": { "type": "Point", "coordinates": [ 135.929231, 34.975477 ] } },
{ "type": "Feature", "properties": { "ID": 2557250008570, "正式名称": "アイセイ薬局　瀬田北店", "機関区分": 5, "都道府県コード": 25, "市区町村コード": 201, "所在地": "滋賀県大津市大将軍一丁目１７－７", "緯度": 34.992319, "経度": 135.926626, "url": "https://www.iryou.teikyouseido.mhlw.go.jp/znk-web/juminkanja/S2430/initialize?prefCd=25&kikanCd=7250008570&kikanKbn=5", "url2": "http://www.aisei.co.jp/", "内容": "アイセイ薬局　瀬田北店【5:薬局】滋賀県大津市大将軍一丁目１７－７" }, "geometry": { "type": "Point", "coordinates": [ 135.926626, 34.992319 ] } },
{ "type": "Feature", "properties": { "ID": 2557250008580, "正式名称": "かのん薬局", "機関区分": 5, "都道府県コード": 25, "市区町村コード": 201, "所在地": "滋賀県大津市長等１－４－１", "緯度": 35.004531, "経度": 135.86859, "url": "https://www.iryou.teikyouseido.mhlw.go.jp/znk-web/juminkanja/S2430/initialize?prefCd=25&kikanCd=7250008580&kikanKbn=5", "url2": "https//kouga-yakkyoku-kounan.com", "内容": "かのん薬局【5:薬局】滋賀県大津市長等１－４－１" }, "geometry": { "type": "Point", "coordinates": [ 135.86859, 35.004531 ] } },
{ "type": "Feature", "properties": { "ID": 2557250008590, "正式名称": "ますだ薬局　守山店", "機関区分": 5, "都道府県コード": 25, "市区町村コード": 207, "所在地": "滋賀県守山市守山五丁目８－１３", "緯度": 35.004531, "経度": 135.86859, "url": "https://www.iryou.teikyouseido.mhlw.go.jp/znk-web/juminkanja/S2430/initialize?prefCd=25&kikanCd=7250008590&kikanKbn=5", "url2": "https://www.e-classa.net/masudamoriyama-ph/index.html", "内容": "ますだ薬局　守山店【5:薬局】滋賀県守山市守山五丁目８－１３" }, "geometry": { "type": "Point", "coordinates": [ 135.86859, 35.004531 ] } },
{ "type": "Feature", "properties": { "ID": 2557250008600, "正式名称": "そらな薬局", "機関区分": 5, "都道府県コード": 25, "市区町村コード": 209, "所在地": "滋賀県甲賀市甲南町寺庄１０９８", "緯度": 34.917887, "経度": 136.180395, "url": "https://www.iryou.teikyouseido.mhlw.go.jp/znk-web/juminkanja/S2430/initialize?prefCd=25&kikanCd=7250008600&kikanKbn=5", "url2": "https://kouga-yakkyoku-kounan.com/", "内容": "そらな薬局【5:薬局】滋賀県甲賀市甲南町寺庄１０９８" }, "geometry": { "type": "Point", "coordinates": [ 136.180395, 34.917887 ] } },
{ "type": "Feature", "properties": { "ID": 2557250008610, "正式名称": "クオール薬局桜川店", "機関区分": 5, "都道府県コード": 25, "市区町村コード": 213, "所在地": "滋賀県東近江市桜川西町３４０－３７９", "緯度": 35.059398, "経度": 136.187241, "url": "https://www.iryou.teikyouseido.mhlw.go.jp/znk-web/juminkanja/S2430/initialize?prefCd=25&kikanCd=7250008610&kikanKbn=5", "url2": "http://www.qol-net.co.jp/", "内容": "クオール薬局桜川店【5:薬局】滋賀県東近江市桜川西町３４０－３７９" }, "geometry": { "type": "Point", "coordinates": [ 136.187241, 35.059398 ] } },
{ "type": "Feature", "properties": { "ID": 2557250008620, "正式名称": "クオール薬局　彦根店", "機関区分": 5, "都道府県コード": 25, "市区町村コード": 202, "所在地": "滋賀県彦根市開出今町１７３３－５－１０１", "緯度": 35.263327, "経度": 136.226679, "url": "https://www.iryou.teikyouseido.mhlw.go.jp/znk-web/juminkanja/S2430/initialize?prefCd=25&kikanCd=7250008620&kikanKbn=5", "url2": "http://www.qol-net.co.jp/", "内容": "クオール薬局　彦根店【5:薬局】滋賀県彦根市開出今町１７３３－５－１０１" }, "geometry": { "type": "Point", "coordinates": [ 136.226679, 35.263327 ] } },
{ "type": "Feature", "properties": { "ID": 2557250008630, "正式名称": "クオール薬局　貴生川店", "機関区分": 5, "都道府県コード": 25, "市区町村コード": 209, "所在地": "滋賀県甲賀市水口町虫生野９９６－３０", "緯度": 34.951435, "経度": 136.152477, "url": "https://www.iryou.teikyouseido.mhlw.go.jp/znk-web/juminkanja/S2430/initialize?prefCd=25&kikanCd=7250008630&kikanKbn=5", "url2": "https://www.qol-net.co.jp/detail/488/", "内容": "クオール薬局　貴生川店【5:薬局】滋賀県甲賀市水口町虫生野９９６－３０" }, "geometry": { "type": "Point", "coordinates": [ 136.152477, 34.951435 ] } },
{ "type": "Feature", "properties": { "ID": 2557250008640, "正式名称": "クオール薬局　水口店", "機関区分": 5, "都道府県コード": 25, "市区町村コード": 209, "所在地": "滋賀県甲賀市水口町松尾７４４－１２６", "緯度": 34.979127, "経度": 136.177551, "url": "https://www.iryou.teikyouseido.mhlw.go.jp/znk-web/juminkanja/S2430/initialize?prefCd=25&kikanCd=7250008640&kikanKbn=5", "url2": "https://www.qol-net.co.jp/pharmacy/map/detail.php?id=561", "内容": "クオール薬局　水口店【5:薬局】滋賀県甲賀市水口町松尾７４４－１２６" }, "geometry": { "type": "Point", "coordinates": [ 136.177551, 34.979127 ] } },
{ "type": "Feature", "properties": { "ID": 2557250008650, "正式名称": "クオール薬局　名坂店", "機関区分": 5, "都道府県コード": 25, "市区町村コード": 209, "所在地": "滋賀県甲賀市水口町名坂９０", "緯度": 34.979215, "経度": 136.166739, "url": "https://www.iryou.teikyouseido.mhlw.go.jp/znk-web/juminkanja/S2430/initialize?prefCd=25&kikanCd=7250008650&kikanKbn=5", "url2": "http://www.qol-net.co.jp/", "内容": "クオール薬局　名坂店【5:薬局】滋賀県甲賀市水口町名坂９０" }, "geometry": { "type": "Point", "coordinates": [ 136.166739, 34.979215 ] } },
{ "type": "Feature", "properties": { "ID": 2557250008660, "正式名称": "クオール薬局　伴谷店", "機関区分": 5, "都道府県コード": 25, "市区町村コード": 209, "所在地": "滋賀県甲賀市水口町伴中山３８１３－３", "緯度": 34.995508, "経度": 136.152414, "url": "https://www.iryou.teikyouseido.mhlw.go.jp/znk-web/juminkanja/S2430/initialize?prefCd=25&kikanCd=7250008660&kikanKbn=5", "url2": "http://www.qol-net.co.jp/", "内容": "クオール薬局　伴谷店【5:薬局】滋賀県甲賀市水口町伴中山３８１３－３" }, "geometry": { "type": "Point", "coordinates": [ 136.152414, 34.995508 ] } },
{ "type": "Feature", "properties": { "ID": 2557250008670, "正式名称": "クオール薬局　泉店", "機関区分": 5, "都道府県コード": 25, "市区町村コード": 209, "所在地": "滋賀県甲賀市水口町北泉一丁目１２７", "緯度": 34.984356, "経度": 136.143602, "url": "https://www.iryou.teikyouseido.mhlw.go.jp/znk-web/juminkanja/S2430/initialize?prefCd=25&kikanCd=7250008670&kikanKbn=5", "url2": "http://www.qol-net.co.jp/", "内容": "クオール薬局　泉店【5:薬局】滋賀県甲賀市水口町北泉一丁目１２７" }, "geometry": { "type": "Point", "coordinates": [ 136.143602, 34.984356 ] } },
{ "type": "Feature", "properties": { "ID": 2557250008680, "正式名称": "クオール薬局梅影店", "機関区分": 5, "都道府県コード": 25, "市区町村コード": 211, "所在地": "滋賀県湖南市梅影町３－１５", "緯度": 35.01137, "経度": 136.12593, "url": "https://www.iryou.teikyouseido.mhlw.go.jp/znk-web/juminkanja/S2430/initialize?prefCd=25&kikanCd=7250008680&kikanKbn=5", "url2": "http://https://store.qol-net.co.jp/detail/484/", "内容": "クオール薬局梅影店【5:薬局】滋賀県湖南市梅影町３－１５" }, "geometry": { "type": "Point", "coordinates": [ 136.12593, 35.01137 ] } },
{ "type": "Feature", "properties": { "ID": 2557250008690, "正式名称": "クオール薬局甲西店", "機関区分": 5, "都道府県コード": 25, "市区町村コード": 211, "所在地": "滋賀県湖南市針２５２－１", "緯度": 35.001606, "経度": 136.085595, "url": "https://www.iryou.teikyouseido.mhlw.go.jp/znk-web/juminkanja/S2430/initialize?prefCd=25&kikanCd=7250008690&kikanKbn=5", "url2": "http://www.qol-net.co.jp/", "内容": "クオール薬局甲西店【5:薬局】滋賀県湖南市針２５２－１" }, "geometry": { "type": "Point", "coordinates": [ 136.085595, 35.001606 ] } },
{ "type": "Feature", "properties": { "ID": 2557250008700, "正式名称": "クオール薬局　柑子袋店", "機関区分": 5, "都道府県コード": 25, "市区町村コード": 211, "所在地": "滋賀県湖南市柑子袋６０８－４", "緯度": 35.006378, "経度": 136.070952, "url": "https://www.iryou.teikyouseido.mhlw.go.jp/znk-web/juminkanja/S2430/initialize?prefCd=25&kikanCd=7250008700&kikanKbn=5", "url2": "http://www.qol-net.co.jp/", "内容": "クオール薬局　柑子袋店【5:薬局】滋賀県湖南市柑子袋６０８－４" }, "geometry": { "type": "Point", "coordinates": [ 136.070952, 35.006378 ] } },
{ "type": "Feature", "properties": { "ID": 2557250008710, "正式名称": "クオール薬局こびらい店", "機関区分": 5, "都道府県コード": 25, "市区町村コード": 208, "所在地": "滋賀県栗東市小平井３－２－２４", "緯度": 35.036153, "経度": 135.965252, "url": "https://www.iryou.teikyouseido.mhlw.go.jp/znk-web/juminkanja/S2430/initialize?prefCd=25&kikanCd=7250008710&kikanKbn=5", "url2": "https://store.qol-net.co.jp/detail/659/", "内容": "クオール薬局こびらい店【5:薬局】滋賀県栗東市小平井３－２－２４" }, "geometry": { "type": "Point", "coordinates": [ 135.965252, 35.036153 ] } },
{ "type": "Feature", "properties": { "ID": 2557250008730, "正式名称": "クオール薬局　膳所駅前店", "機関区分": 5, "都道府県コード": 25, "市区町村コード": 201, "所在地": "滋賀県大津市馬場２－７－５", "緯度": 35.000709, "経度": 135.881161, "url": "https://www.iryou.teikyouseido.mhlw.go.jp/znk-web/juminkanja/S2430/initialize?prefCd=25&kikanCd=7250008730&kikanKbn=5", "url2": "http://www.qol-net.co.jp/", "内容": "クオール薬局　膳所駅前店【5:薬局】滋賀県大津市馬場２－７－５" }, "geometry": { "type": "Point", "coordinates": [ 135.881161, 35.000709 ] } },
{ "type": "Feature", "properties": { "ID": 2557250008740, "正式名称": "ふれあい長浜調剤薬局", "機関区分": 5, "都道府県コード": 25, "市区町村コード": 203, "所在地": "滋賀県長浜市神前町９－３５", "緯度": 35.384181, "経度": 136.274783, "url": "https://www.iryou.teikyouseido.mhlw.go.jp/znk-web/juminkanja/S2430/initialize?prefCd=25&kikanCd=7250008740&kikanKbn=5", "url2": "http://www.kinkiyoken.co.jp/", "内容": "ふれあい長浜調剤薬局【5:薬局】滋賀県長浜市神前町９－３５" }, "geometry": { "type": "Point", "coordinates": [ 136.274783, 35.384181 ] } },
{ "type": "Feature", "properties": { "ID": 2557250008750, "正式名称": "松が丘プラス薬局", "機関区分": 5, "都道府県コード": 25, "市区町村コード": 201, "所在地": "滋賀県大津市松が丘七丁目１６－２３", "緯度": 34.971667, "経度": 135.965375, "url": "https://www.iryou.teikyouseido.mhlw.go.jp/znk-web/juminkanja/S2430/initialize?prefCd=25&kikanCd=7250008750&kikanKbn=5", "url2": "https://pluspharma-shiga.com", "内容": "松が丘プラス薬局【5:薬局】滋賀県大津市松が丘七丁目１６－２３" }, "geometry": { "type": "Point", "coordinates": [ 135.965375, 34.971667 ] } },
{ "type": "Feature", "properties": { "ID": 2557250008760, "正式名称": "ほたるの薬局上坂", "機関区分": 5, "都道府県コード": 25, "市区町村コード": 203, "所在地": "滋賀県長浜市東上坂町１０１０－２", "緯度": 35.402047, "経度": 136.320655, "url": "https://www.iryou.teikyouseido.mhlw.go.jp/znk-web/juminkanja/S2430/initialize?prefCd=25&kikanCd=7250008760&kikanKbn=5", "url2": "http://www.e-classa.net/hotaruno_kouzaka/", "内容": "ほたるの薬局上坂【5:薬局】滋賀県長浜市東上坂町１０１０－２" }, "geometry": { "type": "Point", "coordinates": [ 136.320655, 35.402047 ] } },
{ "type": "Feature", "properties": { "ID": 2557250008780, "正式名称": "アイン薬局　大津石山店", "機関区分": 5, "都道府県コード": 25, "市区町村コード": 201, "所在地": "滋賀県大津市粟津町３－２　ＪＲ石山駅ＮＫビル３０１号", "緯度": 34.979743, "経度": 135.899791, "url": "https://www.iryou.teikyouseido.mhlw.go.jp/znk-web/juminkanja/S2430/initialize?prefCd=25&kikanCd=7250008780&kikanKbn=5", "url2": null, "内容": "アイン薬局　大津石山店【5:薬局】滋賀県大津市粟津町３－２　ＪＲ石山駅ＮＫビル３０１号" }, "geometry": { "type": "Point", "coordinates": [ 135.899791, 34.979743 ] } },
{ "type": "Feature", "properties": { "ID": 2557250008790, "正式名称": "膳所ゆう薬局", "機関区分": 5, "都道府県コード": 25, "市区町村コード": 201, "所在地": "滋賀県大津市馬場三丁目２－２８", "緯度": 34.999042, "経度": 135.882666, "url": "https://www.iryou.teikyouseido.mhlw.go.jp/znk-web/juminkanja/S2430/initialize?prefCd=25&kikanCd=7250008790&kikanKbn=5", "url2": "http://www.uno-upd.co.jp/", "内容": "膳所ゆう薬局【5:薬局】滋賀県大津市馬場三丁目２－２８" }, "geometry": { "type": "Point", "coordinates": [ 135.882666, 34.999042 ] } },
{ "type": "Feature", "properties": { "ID": 2557250008810, "正式名称": "アイリス薬局", "機関区分": 5, "都道府県コード": 25, "市区町村コード": 201, "所在地": "滋賀県大津市唐崎３丁目１－１０", "緯度": 35.047992, "経度": 135.864094, "url": "https://www.iryou.teikyouseido.mhlw.go.jp/znk-web/juminkanja/S2430/initialize?prefCd=25&kikanCd=7250008810&kikanKbn=5", "url2": null, "内容": "アイリス薬局【5:薬局】滋賀県大津市唐崎３丁目１－１０" }, "geometry": { "type": "Point", "coordinates": [ 135.864094, 35.047992 ] } },
{ "type": "Feature", "properties": { "ID": 2557250008830, "正式名称": "エスケー薬局", "機関区分": 5, "都道府県コード": 25, "市区町村コード": 201, "所在地": "滋賀県大津市中央１丁目１－７", "緯度": 35.007525, "経度": 135.864226, "url": "https://www.iryou.teikyouseido.mhlw.go.jp/znk-web/juminkanja/S2430/initialize?prefCd=25&kikanCd=7250008830&kikanKbn=5", "url2": null, "内容": "エスケー薬局【5:薬局】滋賀県大津市中央１丁目１－７" }, "geometry": { "type": "Point", "coordinates": [ 135.864226, 35.007525 ] } },
{ "type": "Feature", "properties": { "ID": 2557250008860, "正式名称": "スギ薬局　瀬田東店", "機関区分": 5, "都道府県コード": 25, "市区町村コード": 201, "所在地": "滋賀県大津市月輪二丁目１番８号", "緯度": 34.987193, "経度": 135.931421, "url": "https://www.iryou.teikyouseido.mhlw.go.jp/znk-web/juminkanja/S2430/initialize?prefCd=25&kikanCd=7250008860&kikanKbn=5", "url2": "http://www.drug-sugi.co.jp/", "内容": "スギ薬局　瀬田東店【5:薬局】滋賀県大津市月輪二丁目１番８号" }, "geometry": { "type": "Point", "coordinates": [ 135.931421, 34.987193 ] } },
{ "type": "Feature", "properties": { "ID": 2557250008870, "正式名称": "スギ薬局　近江八幡北店", "機関区分": 5, "都道府県コード": 25, "市区町村コード": 204, "所在地": "滋賀県近江八幡市宮内町字道ノ下１８７番地", "緯度": 35.140034, "経度": 136.085253, "url": "https://www.iryou.teikyouseido.mhlw.go.jp/znk-web/juminkanja/S2430/initialize?prefCd=25&kikanCd=7250008870&kikanKbn=5", "url2": "http://www.drug-sugi.co.jp/", "内容": "スギ薬局　近江八幡北店【5:薬局】滋賀県近江八幡市宮内町字道ノ下１８７番地" }, "geometry": { "type": "Point", "coordinates": [ 136.085253, 35.140034 ] } },
{ "type": "Feature", "properties": { "ID": 2557250008880, "正式名称": "イズミヤ調剤薬局", "機関区分": 5, "都道府県コード": 25, "市区町村コード": 203, "所在地": "滋賀県長浜市八幡東町９－１", "緯度": 35.386822, "経度": 136.280713, "url": "https://www.iryou.teikyouseido.mhlw.go.jp/znk-web/juminkanja/S2430/initialize?prefCd=25&kikanCd=7250008880&kikanKbn=5", "url2": null, "内容": "イズミヤ調剤薬局【5:薬局】滋賀県長浜市八幡東町９－１" }, "geometry": { "type": "Point", "coordinates": [ 136.280713, 35.386822 ] } },
{ "type": "Feature", "properties": { "ID": 2557250008900, "正式名称": "アイン薬局　木之本店", "機関区分": 5, "都道府県コード": 25, "市区町村コード": 203, "所在地": "滋賀県長浜市木之本町黒田１０８６－５", "緯度": 35.503588, "経度": 136.213673, "url": "https://www.iryou.teikyouseido.mhlw.go.jp/znk-web/juminkanja/S2430/initialize?prefCd=25&kikanCd=7250008900&kikanKbn=5", "url2": "https://www.ainj.co.jp/", "内容": "アイン薬局　木之本店【5:薬局】滋賀県長浜市木之本町黒田１０８６－５" }, "geometry": { "type": "Point", "coordinates": [ 136.213673, 35.503588 ] } },
{ "type": "Feature", "properties": { "ID": 2557250008910, "正式名称": "スギ薬局　守山東店", "機関区分": 5, "都道府県コード": 25, "市区町村コード": 207, "所在地": "滋賀県守山市勝部５丁目７－１８", "緯度": 35.045348, "経度": 135.993626, "url": "https://www.iryou.teikyouseido.mhlw.go.jp/znk-web/juminkanja/S2430/initialize?prefCd=25&kikanCd=7250008910&kikanKbn=5", "url2": "http://www.drug-sugi.co.jp/", "内容": "スギ薬局　守山東店【5:薬局】滋賀県守山市勝部５丁目７－１８" }, "geometry": { "type": "Point", "coordinates": [ 135.993626, 35.045348 ] } },
{ "type": "Feature", "properties": { "ID": 2557250008920, "正式名称": "みんなの薬局", "機関区分": 5, "都道府県コード": 25, "市区町村コード": 209, "所在地": "滋賀県甲賀市水口町新城４３２－１", "緯度": 34.961636, "経度": 136.195238, "url": "https://www.iryou.teikyouseido.mhlw.go.jp/znk-web/juminkanja/S2430/initialize?prefCd=25&kikanCd=7250008920&kikanKbn=5", "url2": "https://minnnano.jp", "内容": "みんなの薬局【5:薬局】滋賀県甲賀市水口町新城４３２－１" }, "geometry": { "type": "Point", "coordinates": [ 136.195238, 34.961636 ] } },
{ "type": "Feature", "properties": { "ID": 2557250008940, "正式名称": "スマイルひこね薬局", "機関区分": 5, "都道府県コード": 25, "市区町村コード": 202, "所在地": "滋賀県彦根市松原町３６１４番地", "緯度": 35.293529, "経度": 136.242651, "url": "https://www.iryou.teikyouseido.mhlw.go.jp/znk-web/juminkanja/S2430/initialize?prefCd=25&kikanCd=7250008940&kikanKbn=5", "url2": null, "内容": "スマイルひこね薬局【5:薬局】滋賀県彦根市松原町３６１４番地" }, "geometry": { "type": "Point", "coordinates": [ 136.242651, 35.293529 ] } },
{ "type": "Feature", "properties": { "ID": 2557250008950, "正式名称": "クスリのアオキ際川薬局", "機関区分": 5, "都道府県コード": 25, "市区町村コード": 201, "所在地": "滋賀県大津市際川四丁目１０番３１号", "緯度": 35.045985, "経度": 135.868222, "url": "https://www.iryou.teikyouseido.mhlw.go.jp/znk-web/juminkanja/S2430/initialize?prefCd=25&kikanCd=7250008950&kikanKbn=5", "url2": "http://www.kusuri-aoki.co.jp/", "内容": "クスリのアオキ際川薬局【5:薬局】滋賀県大津市際川四丁目１０番３１号" }, "geometry": { "type": "Point", "coordinates": [ 135.868222, 35.045985 ] } },
{ "type": "Feature", "properties": { "ID": 2557250008960, "正式名称": "クスリのアオキ　彦根駅前薬局", "機関区分": 5, "都道府県コード": 25, "市区町村コード": 202, "所在地": "滋賀県彦根市大東町７番３０号", "緯度": 35.270937, "経度": 136.260755, "url": "https://www.iryou.teikyouseido.mhlw.go.jp/znk-web/juminkanja/S2430/initialize?prefCd=25&kikanCd=7250008960&kikanKbn=5", "url2": "http://www.kusuri-aoki.co.jp/", "内容": "クスリのアオキ　彦根駅前薬局【5:薬局】滋賀県彦根市大東町７番３０号" }, "geometry": { "type": "Point", "coordinates": [ 136.260755, 35.270937 ] } },
{ "type": "Feature", "properties": { "ID": 2557250008970, "正式名称": "ウエルシア薬局　大津平津店", "機関区分": 5, "都道府県コード": 25, "市区町村コード": 201, "所在地": "滋賀県大津市平津１－６－１７", "緯度": 34.951599, "経度": 135.909862, "url": "https://www.iryou.teikyouseido.mhlw.go.jp/znk-web/juminkanja/S2430/initialize?prefCd=25&kikanCd=7250008970&kikanKbn=5", "url2": "http://www.welcia-yakkyoku.co.jp/", "内容": "ウエルシア薬局　大津平津店【5:薬局】滋賀県大津市平津１－６－１７" }, "geometry": { "type": "Point", "coordinates": [ 135.909862, 34.951599 ] } },
{ "type": "Feature", "properties": { "ID": 2557250008980, "正式名称": "ウエルシア薬局　高島新旭店", "機関区分": 5, "都道府県コード": 25, "市区町村コード": 212, "所在地": "滋賀県高島市新旭町旭６１０－１", "緯度": 35.354138, "経度": 136.038846, "url": "https://www.iryou.teikyouseido.mhlw.go.jp/znk-web/juminkanja/S2430/initialize?prefCd=25&kikanCd=7250008980&kikanKbn=5", "url2": "http://www.welcia-yakkyoku.co.jp/", "内容": "ウエルシア薬局　高島新旭店【5:薬局】滋賀県高島市新旭町旭６１０－１" }, "geometry": { "type": "Point", "coordinates": [ 136.038846, 35.354138 ] } },
{ "type": "Feature", "properties": { "ID": 2557250008990, "正式名称": "つばさ薬局　野洲店", "機関区分": 5, "都道府県コード": 25, "市区町村コード": 210, "所在地": "滋賀県野洲市久野部１９４－３", "緯度": 35.07213, "経度": 136.025547, "url": "https://www.iryou.teikyouseido.mhlw.go.jp/znk-web/juminkanja/S2430/initialize?prefCd=25&kikanCd=7250008990&kikanKbn=5", "url2": "http://www.murase-group.jp/", "内容": "つばさ薬局　野洲店【5:薬局】滋賀県野洲市久野部１９４－３" }, "geometry": { "type": "Point", "coordinates": [ 136.025547, 35.07213 ] } },
{ "type": "Feature", "properties": { "ID": 2557250009000, "正式名称": "マリーンピア薬局", "機関区分": 5, "都道府県コード": 25, "市区町村コード": 206, "所在地": "滋賀県草津市西大路町４－３２　クサツウエストロイヤルタワー（２－７区画）", "緯度": 35.023441, "経度": 135.959037, "url": "https://www.iryou.teikyouseido.mhlw.go.jp/znk-web/juminkanja/S2430/initialize?prefCd=25&kikanCd=7250009000&kikanKbn=5", "url2": "http://www.marinegroup.jp/", "内容": "マリーンピア薬局【5:薬局】滋賀県草津市西大路町４－３２　クサツウエストロイヤルタワー（２－７区画）" }, "geometry": { "type": "Point", "coordinates": [ 135.959037, 35.023441 ] } },
{ "type": "Feature", "properties": { "ID": 2557250009010, "正式名称": "調剤薬局マリーン五個荘店", "機関区分": 5, "都道府県コード": 25, "市区町村コード": 213, "所在地": "滋賀県東近江市五個荘石塚町２４", "緯度": 35.146016, "経度": 136.181369, "url": "https://www.iryou.teikyouseido.mhlw.go.jp/znk-web/juminkanja/S2430/initialize?prefCd=25&kikanCd=7250009010&kikanKbn=5", "url2": null, "内容": "調剤薬局マリーン五個荘店【5:薬局】滋賀県東近江市五個荘石塚町２４" }, "geometry": { "type": "Point", "coordinates": [ 136.181369, 35.146016 ] } },
{ "type": "Feature", "properties": { "ID": 2557250009020, "正式名称": "ユタカ薬局　能登川", "機関区分": 5, "都道府県コード": 25, "市区町村コード": 213, "所在地": "滋賀県東近江市林町２３６", "緯度": 35.181474, "経度": 136.161314, "url": "https://www.iryou.teikyouseido.mhlw.go.jp/znk-web/juminkanja/S2430/initialize?prefCd=25&kikanCd=7250009020&kikanKbn=5", "url2": "https://www.d-yutaka.co.jp/shop/184.html", "内容": "ユタカ薬局　能登川【5:薬局】滋賀県東近江市林町２３６" }, "geometry": { "type": "Point", "coordinates": [ 136.161314, 35.181474 ] } },
{ "type": "Feature", "properties": { "ID": 2557250009030, "正式名称": "はなちゃん薬局　２号店", "機関区分": 5, "都道府県コード": 25, "市区町村コード": 207, "所在地": "滋賀県守山市金森町４５２－７", "緯度": 35.058246, "経度": 135.981275, "url": "https://www.iryou.teikyouseido.mhlw.go.jp/znk-web/juminkanja/S2430/initialize?prefCd=25&kikanCd=7250009030&kikanKbn=5", "url2": "https://hanachan-yakkyoku.com", "内容": "はなちゃん薬局　２号店【5:薬局】滋賀県守山市金森町４５２－７" }, "geometry": { "type": "Point", "coordinates": [ 135.981275, 35.058246 ] } },
{ "type": "Feature", "properties": { "ID": 2557250009040, "正式名称": "ふれあい薬局・高島", "機関区分": 5, "都道府県コード": 25, "市区町村コード": 212, "所在地": "滋賀県高島市勝野２２４６－４", "緯度": 35.292575, "経度": 136.010948, "url": "https://www.iryou.teikyouseido.mhlw.go.jp/znk-web/juminkanja/S2430/initialize?prefCd=25&kikanCd=7250009040&kikanKbn=5", "url2": "http://www.kinkiyoken.jp", "内容": "ふれあい薬局・高島【5:薬局】滋賀県高島市勝野２２４６－４" }, "geometry": { "type": "Point", "coordinates": [ 136.010948, 35.292575 ] } },
{ "type": "Feature", "properties": { "ID": 2557250009050, "正式名称": "クスリのアオキ　堅田薬局", "機関区分": 5, "都道府県コード": 25, "市区町村コード": 201, "所在地": "滋賀県大津市本堅田六丁目２５番１", "緯度": 35.11861, "経度": 135.910282, "url": "https://www.iryou.teikyouseido.mhlw.go.jp/znk-web/juminkanja/S2430/initialize?prefCd=25&kikanCd=7250009050&kikanKbn=5", "url2": "https://www.kusuri-aoki.co.jp/", "内容": "クスリのアオキ　堅田薬局【5:薬局】滋賀県大津市本堅田六丁目２５番１" }, "geometry": { "type": "Point", "coordinates": [ 135.910282, 35.11861 ] } },
{ "type": "Feature", "properties": { "ID": 2557250009060, "正式名称": "クスリのアオキ　出町薬局", "機関区分": 5, "都道府県コード": 25, "市区町村コード": 204, "所在地": "滋賀県近江八幡市出町１８０番地", "緯度": 35.13012, "経度": 136.10045, "url": "https://www.iryou.teikyouseido.mhlw.go.jp/znk-web/juminkanja/S2430/initialize?prefCd=25&kikanCd=7250009060&kikanKbn=5", "url2": "https://www.kusuri-aoki.co.jp/", "内容": "クスリのアオキ　出町薬局【5:薬局】滋賀県近江八幡市出町１８０番地" }, "geometry": { "type": "Point", "coordinates": [ 136.10045, 35.13012 ] } },
{ "type": "Feature", "properties": { "ID": 2557250009070, "正式名称": "そうごう薬局　高月店", "機関区分": 5, "都道府県コード": 25, "市区町村コード": 203, "所在地": "滋賀県長浜市高月町高月２９１", "緯度": 35.468609, "経度": 136.236238, "url": "https://www.iryou.teikyouseido.mhlw.go.jp/znk-web/juminkanja/S2430/initialize?prefCd=25&kikanCd=7250009070&kikanKbn=5", "url2": "https://www.sogo-pharmacy.jp/shop/view/783", "内容": "そうごう薬局　高月店【5:薬局】滋賀県長浜市高月町高月２９１" }, "geometry": { "type": "Point", "coordinates": [ 136.236238, 35.468609 ] } },
{ "type": "Feature", "properties": { "ID": 2557250009080, "正式名称": "サポート薬局", "機関区分": 5, "都道府県コード": 25, "市区町村コード": 201, "所在地": "滋賀県大津市横木二丁目１３－１　洛東ビル１Ｆ", "緯度": 34.992375, "経度": 135.831948, "url": "https://www.iryou.teikyouseido.mhlw.go.jp/znk-web/juminkanja/S2430/initialize?prefCd=25&kikanCd=7250009080&kikanKbn=5", "url2": "http://www.nagisa-ph.co.jp", "内容": "サポート薬局【5:薬局】滋賀県大津市横木二丁目１３－１　洛東ビル１Ｆ" }, "geometry": { "type": "Point", "coordinates": [ 135.831948, 34.992375 ] } },
{ "type": "Feature", "properties": { "ID": 2557250009090, "正式名称": "フラワー薬局信楽店", "機関区分": 5, "都道府県コード": 25, "市区町村コード": 209, "所在地": "滋賀県甲賀市信楽町長野４７９－１３", "緯度": 34.875783, "経度": 136.054373, "url": "https://www.iryou.teikyouseido.mhlw.go.jp/znk-web/juminkanja/S2430/initialize?prefCd=25&kikanCd=7250009090&kikanKbn=5", "url2": "https://www.m-ikkou.co.jp/", "内容": "フラワー薬局信楽店【5:薬局】滋賀県甲賀市信楽町長野４７９－１３" }, "geometry": { "type": "Point", "coordinates": [ 136.054373, 34.875783 ] } },
{ "type": "Feature", "properties": { "ID": 2557250009110, "正式名称": "フラワー薬局　湖東店", "機関区分": 5, "都道府県コード": 25, "市区町村コード": 213, "所在地": "滋賀県東近江市平松町３０－１", "緯度": 35.145006, "経度": 136.255499, "url": "https://www.iryou.teikyouseido.mhlw.go.jp/znk-web/juminkanja/S2430/initialize?prefCd=25&kikanCd=7250009110&kikanKbn=5", "url2": "https://www.m-ikkou.co.jp/", "内容": "フラワー薬局　湖東店【5:薬局】滋賀県東近江市平松町３０－１" }, "geometry": { "type": "Point", "coordinates": [ 136.255499, 35.145006 ] } },
{ "type": "Feature", "properties": { "ID": 2557250009120, "正式名称": "フラワー薬局　近江八幡店", "機関区分": 5, "都道府県コード": 25, "市区町村コード": 204, "所在地": "滋賀県近江八幡市鷹飼町７４３－５", "緯度": 35.124584, "経度": 136.103788, "url": "https://www.iryou.teikyouseido.mhlw.go.jp/znk-web/juminkanja/S2430/initialize?prefCd=25&kikanCd=7250009120&kikanKbn=5", "url2": "https://www.m-ikkou.co.jp/", "内容": "フラワー薬局　近江八幡店【5:薬局】滋賀県近江八幡市鷹飼町７４３－５" }, "geometry": { "type": "Point", "coordinates": [ 136.103788, 35.124584 ] } },
{ "type": "Feature", "properties": { "ID": 2557250009130, "正式名称": "フラワー薬局　日野店", "機関区分": 5, "都道府県コード": 25, "市区町村コード": 383, "所在地": "滋賀県蒲生郡日野町松尾五丁目５８－１", "緯度": 35.018447, "経度": 136.239659, "url": "https://www.iryou.teikyouseido.mhlw.go.jp/znk-web/juminkanja/S2430/initialize?prefCd=25&kikanCd=7250009130&kikanKbn=5", "url2": "https://www.m-ikkou.co.jp/", "内容": "フラワー薬局　日野店【5:薬局】滋賀県蒲生郡日野町松尾五丁目５８－１" }, "geometry": { "type": "Point", "coordinates": [ 136.239659, 35.018447 ] } },
{ "type": "Feature", "properties": { "ID": 2557250009150, "正式名称": "つなぐ薬局栗東店", "機関区分": 5, "都道府県コード": 25, "市区町村コード": 208, "所在地": "滋賀県栗東市手原５丁目６番１４号", "緯度": 35.024949, "経度": 135.996272, "url": "https://www.iryou.teikyouseido.mhlw.go.jp/znk-web/juminkanja/S2430/initialize?prefCd=25&kikanCd=7250009150&kikanKbn=5", "url2": "https://www.kyodoplan.co.jp/", "内容": "つなぐ薬局栗東店【5:薬局】滋賀県栗東市手原５丁目６番１４号" }, "geometry": { "type": "Point", "coordinates": [ 135.996272, 35.024949 ] } },
{ "type": "Feature", "properties": { "ID": 2557250009160, "正式名称": "ファーマライズ薬局　長浜七条店", "機関区分": 5, "都道府県コード": 25, "市区町村コード": 203, "所在地": "滋賀県長浜市七条町１０２６－４", "緯度": 35.38664, "経度": 136.313308, "url": "https://www.iryou.teikyouseido.mhlw.go.jp/znk-web/juminkanja/S2430/initialize?prefCd=25&kikanCd=7250009160&kikanKbn=5", "url2": "http://www.pharmarise.com/", "内容": "ファーマライズ薬局　長浜七条店【5:薬局】滋賀県長浜市七条町１０２６－４" }, "geometry": { "type": "Point", "coordinates": [ 136.313308, 35.38664 ] } },
{ "type": "Feature", "properties": { "ID": 2557250009180, "正式名称": "ファーマライズ薬局　元浜町店", "機関区分": 5, "都道府県コード": 25, "市区町村コード": 203, "所在地": "滋賀県長浜市元浜町２９－５", "緯度": 35.383282, "経度": 136.267339, "url": "https://www.iryou.teikyouseido.mhlw.go.jp/znk-web/juminkanja/S2430/initialize?prefCd=25&kikanCd=7250009180&kikanKbn=5", "url2": "http://www.pharmarise.com/", "内容": "ファーマライズ薬局　元浜町店【5:薬局】滋賀県長浜市元浜町２９－５" }, "geometry": { "type": "Point", "coordinates": [ 136.267339, 35.383282 ] } },
{ "type": "Feature", "properties": { "ID": 2557250009200, "正式名称": "ぱんだ薬局　瀬田店", "機関区分": 5, "都道府県コード": 25, "市区町村コード": 201, "所在地": "滋賀県大津市大将軍３丁目２４－８", "緯度": 34.991727, "経度": 135.927839, "url": "https://www.iryou.teikyouseido.mhlw.go.jp/znk-web/juminkanja/S2430/initialize?prefCd=25&kikanCd=7250009200&kikanKbn=5", "url2": null, "内容": "ぱんだ薬局　瀬田店【5:薬局】滋賀県大津市大将軍３丁目２４－８" }, "geometry": { "type": "Point", "coordinates": [ 135.927839, 34.991727 ] } },
{ "type": "Feature", "properties": { "ID": 2557250009220, "正式名称": "スギ薬局　能登川店", "機関区分": 5, "都道府県コード": 25, "市区町村コード": 213, "所在地": "滋賀県東近江市垣見町９７１", "緯度": 35.182958, "経度": 136.1654, "url": "https://www.iryou.teikyouseido.mhlw.go.jp/znk-web/juminkanja/S2430/initialize?prefCd=25&kikanCd=7250009220&kikanKbn=5", "url2": "https://www.drug-sugi.co.jp/", "内容": "スギ薬局　能登川店【5:薬局】滋賀県東近江市垣見町９７１" }, "geometry": { "type": "Point", "coordinates": [ 136.1654, 35.182958 ] } },
{ "type": "Feature", "properties": { "ID": 2557250009230, "正式名称": "スギ薬局　草津大路店", "機関区分": 5, "都道府県コード": 25, "市区町村コード": 206, "所在地": "滋賀県草津市大路三丁目５番８号", "緯度": 35.004531, "経度": 135.86859, "url": "https://www.iryou.teikyouseido.mhlw.go.jp/znk-web/juminkanja/S2430/initialize?prefCd=25&kikanCd=7250009230&kikanKbn=5", "url2": "https://www.sugi-net.jp/tenpo/detail/1465.html", "内容": "スギ薬局　草津大路店【5:薬局】滋賀県草津市大路三丁目５番８号" }, "geometry": { "type": "Point", "coordinates": [ 135.86859, 35.004531 ] } },
{ "type": "Feature", "properties": { "ID": 2557250009240, "正式名称": "スギ薬局　栗東ひがし店", "機関区分": 5, "都道府県コード": 25, "市区町村コード": 208, "所在地": "滋賀県栗東市出庭５２３番地１", "緯度": 35.035397, "経度": 136.007189, "url": "https://www.iryou.teikyouseido.mhlw.go.jp/znk-web/juminkanja/S2430/initialize?prefCd=25&kikanCd=7250009240&kikanKbn=5", "url2": "https://www.sugi-net.jp/tenpo/detail/1418.html", "内容": "スギ薬局　栗東ひがし店【5:薬局】滋賀県栗東市出庭５２３番地１" }, "geometry": { "type": "Point", "coordinates": [ 136.007189, 35.035397 ] } },
{ "type": "Feature", "properties": { "ID": 2557250009250, "正式名称": "ドリーム薬局　手原店", "機関区分": 5, "都道府県コード": 25, "市区町村コード": 208, "所在地": "滋賀県栗東市手原３丁目１１番４号", "緯度": 35.02688, "経度": 135.999895, "url": "https://www.iryou.teikyouseido.mhlw.go.jp/znk-web/juminkanja/S2430/initialize?prefCd=25&kikanCd=7250009250&kikanKbn=5", "url2": "https://www.kyodoplan.co.jp/store/", "内容": "ドリーム薬局　手原店【5:薬局】滋賀県栗東市手原３丁目１１番４号" }, "geometry": { "type": "Point", "coordinates": [ 135.999895, 35.02688 ] } },
{ "type": "Feature", "properties": { "ID": 2557250009260, "正式名称": "スギ薬局　神領店", "機関区分": 5, "都道府県コード": 25, "市区町村コード": 201, "所在地": "滋賀県大津市神領２丁目３２番１号", "緯度": 34.970133, "経度": 135.918009, "url": "https://www.iryou.teikyouseido.mhlw.go.jp/znk-web/juminkanja/S2430/initialize?prefCd=25&kikanCd=7250009260&kikanKbn=5", "url2": "http://www.drug-sugi.co.jp/", "内容": "スギ薬局　神領店【5:薬局】滋賀県大津市神領２丁目３２番１号" }, "geometry": { "type": "Point", "coordinates": [ 135.918009, 34.970133 ] } },
{ "type": "Feature", "properties": { "ID": 2557250009270, "正式名称": "まごころ薬局", "機関区分": 5, "都道府県コード": 25, "市区町村コード": 201, "所在地": "滋賀県大津市桜野町２丁目１３－３", "緯度": 35.026472, "経度": 135.861485, "url": "https://www.iryou.teikyouseido.mhlw.go.jp/znk-web/juminkanja/S2430/initialize?prefCd=25&kikanCd=7250009270&kikanKbn=5", "url2": null, "内容": "まごころ薬局【5:薬局】滋賀県大津市桜野町２丁目１３－３" }, "geometry": { "type": "Point", "coordinates": [ 135.861485, 35.026472 ] } },
{ "type": "Feature", "properties": { "ID": 2557250009280, "正式名称": "ぎおう薬局", "機関区分": 5, "都道府県コード": 25, "市区町村コード": 210, "所在地": "滋賀県野洲市永原１８３４－４", "緯度": 35.089196, "経度": 136.039538, "url": "https://www.iryou.teikyouseido.mhlw.go.jp/znk-web/juminkanja/S2430/initialize?prefCd=25&kikanCd=7250009280&kikanKbn=5", "url2": null, "内容": "ぎおう薬局【5:薬局】滋賀県野洲市永原１８３４－４" }, "geometry": { "type": "Point", "coordinates": [ 136.039538, 35.089196 ] } },
{ "type": "Feature", "properties": { "ID": 2557250009290, "正式名称": "阪神調剤薬局　栗東店", "機関区分": 5, "都道府県コード": 25, "市区町村コード": 208, "所在地": "滋賀県栗東市大橋２－５－３６", "緯度": 35.033547, "経度": 136.002476, "url": "https://www.iryou.teikyouseido.mhlw.go.jp/znk-web/juminkanja/S2430/initialize?prefCd=25&kikanCd=7250009290&kikanKbn=5", "url2": "https://www.sugi-net.jp/stores/005052", "内容": "阪神調剤薬局　栗東店【5:薬局】滋賀県栗東市大橋２－５－３６" }, "geometry": { "type": "Point", "coordinates": [ 136.002476, 35.033547 ] } },
{ "type": "Feature", "properties": { "ID": 2557250009300, "正式名称": "阪神調剤薬局　長浜店", "機関区分": 5, "都道府県コード": 25, "市区町村コード": 203, "所在地": "滋賀県長浜市神前町９番３７号", "緯度": 35.384049, "経度": 136.274834, "url": "https://www.iryou.teikyouseido.mhlw.go.jp/znk-web/juminkanja/S2430/initialize?prefCd=25&kikanCd=7250009300&kikanKbn=5", "url2": "https://www.sugi-net.jp/stores/005051", "内容": "阪神調剤薬局　長浜店【5:薬局】滋賀県長浜市神前町９番３７号" }, "geometry": { "type": "Point", "coordinates": [ 136.274834, 35.384049 ] } },
{ "type": "Feature", "properties": { "ID": 2557250009310, "正式名称": "阪神調剤薬局　南彦根店", "機関区分": 5, "都道府県コード": 25, "市区町村コード": 202, "所在地": "滋賀県彦根市西今町２１－１", "緯度": 35.243094, "経度": 136.246802, "url": "https://www.iryou.teikyouseido.mhlw.go.jp/znk-web/juminkanja/S2430/initialize?prefCd=25&kikanCd=7250009310&kikanKbn=5", "url2": "https://i-h-inc.co.jp/", "内容": "阪神調剤薬局　南彦根店【5:薬局】滋賀県彦根市西今町２１－１" }, "geometry": { "type": "Point", "coordinates": [ 136.246802, 35.243094 ] } },
{ "type": "Feature", "properties": { "ID": 2557250009320, "正式名称": "阪神調剤薬局　草津矢橋店", "機関区分": 5, "都道府県コード": 25, "市区町村コード": 206, "所在地": "滋賀県草津市矢橋町１６２９－１５", "緯度": 35.010396, "経度": 135.927591, "url": "https://www.iryou.teikyouseido.mhlw.go.jp/znk-web/juminkanja/S2430/initialize?prefCd=25&kikanCd=7250009320&kikanKbn=5", "url2": "http://www.hanshin-dp.co.jp", "内容": "阪神調剤薬局　草津矢橋店【5:薬局】滋賀県草津市矢橋町１６２９－１５" }, "geometry": { "type": "Point", "coordinates": [ 135.927591, 35.010396 ] } },
{ "type": "Feature", "properties": { "ID": 2557250009340, "正式名称": "阪神調剤薬局　東近江店", "機関区分": 5, "都道府県コード": 25, "市区町村コード": 213, "所在地": "滋賀県東近江市中小路町４９４－４", "緯度": 35.095834, "経度": 136.229844, "url": "https://www.iryou.teikyouseido.mhlw.go.jp/znk-web/juminkanja/S2430/initialize?prefCd=25&kikanCd=7250009340&kikanKbn=5", "url2": null, "内容": "阪神調剤薬局　東近江店【5:薬局】滋賀県東近江市中小路町４９４－４" }, "geometry": { "type": "Point", "coordinates": [ 136.229844, 35.095834 ] } },
{ "type": "Feature", "properties": { "ID": 2557250009350, "正式名称": "ファミリー薬局　寺津店", "機関区分": 5, "都道府県コード": 25, "市区町村コード": 201, "所在地": "滋賀県大津市石山寺三丁目１５－４５", "緯度": 34.954357, "経度": 135.908977, "url": "https://www.iryou.teikyouseido.mhlw.go.jp/znk-web/juminkanja/S2430/initialize?prefCd=25&kikanCd=7250009350&kikanKbn=5", "url2": null, "内容": "ファミリー薬局　寺津店【5:薬局】滋賀県大津市石山寺三丁目１５－４５" }, "geometry": { "type": "Point", "coordinates": [ 135.908977, 34.954357 ] } },
{ "type": "Feature", "properties": { "ID": 2557250009360, "正式名称": "スギ薬局　木之本店", "機関区分": 5, "都道府県コード": 25, "市区町村コード": 203, "所在地": "滋賀県長浜市木之本町木之本１５８６－４", "緯度": 35.503434, "経度": 136.218719, "url": "https://www.iryou.teikyouseido.mhlw.go.jp/znk-web/juminkanja/S2430/initialize?prefCd=25&kikanCd=7250009360&kikanKbn=5", "url2": "http://www.drug-sugi.co.jp/", "内容": "スギ薬局　木之本店【5:薬局】滋賀県長浜市木之本町木之本１５８６－４" }, "geometry": { "type": "Point", "coordinates": [ 136.218719, 35.503434 ] } },
{ "type": "Feature", "properties": { "ID": 2557250009370, "正式名称": "にしあざい調剤薬局", "機関区分": 5, "都道府県コード": 25, "市区町村コード": 203, "所在地": "滋賀県長浜市西浅井町大浦２５９０", "緯度": 35.498459, "経度": 136.123617, "url": "https://www.iryou.teikyouseido.mhlw.go.jp/znk-web/juminkanja/S2430/initialize?prefCd=25&kikanCd=7250009370&kikanKbn=5", "url2": null, "内容": "にしあざい調剤薬局【5:薬局】滋賀県長浜市西浅井町大浦２５９０" }, "geometry": { "type": "Point", "coordinates": [ 136.123617, 35.498459 ] } },
{ "type": "Feature", "properties": { "ID": 2557250009380, "正式名称": "ハーモニー薬局　追分店", "機関区分": 5, "都道府県コード": 25, "市区町村コード": 206, "所在地": "滋賀県草津市追分南四丁目６番２４号", "緯度": 34.996749, "経度": 135.964465, "url": "https://www.iryou.teikyouseido.mhlw.go.jp/znk-web/juminkanja/S2430/initialize?prefCd=25&kikanCd=7250009380&kikanKbn=5", "url2": "https://harmony-gr.com/harmony-pharmacy/", "内容": "ハーモニー薬局　追分店【5:薬局】滋賀県草津市追分南四丁目６番２４号" }, "geometry": { "type": "Point", "coordinates": [ 135.964465, 34.996749 ] } },
{ "type": "Feature", "properties": { "ID": 2557250009390, "正式名称": "ドリーム薬局　安曇川店", "機関区分": 5, "都道府県コード": 25, "市区町村コード": 212, "所在地": "滋賀県高島市安曇川町西万木１２６４－３", "緯度": 35.334371, "経度": 136.028478, "url": "https://www.iryou.teikyouseido.mhlw.go.jp/znk-web/juminkanja/S2430/initialize?prefCd=25&kikanCd=7250009390&kikanKbn=5", "url2": "http://www.tsplan.co.jp", "内容": "ドリーム薬局　安曇川店【5:薬局】滋賀県高島市安曇川町西万木１２６４－３" }, "geometry": { "type": "Point", "coordinates": [ 136.028478, 35.334371 ] } },
{ "type": "Feature", "properties": { "ID": 2557250009410, "正式名称": "調剤薬局マリーン　マキノ病院前店", "機関区分": 5, "都道府県コード": 25, "市区町村コード": 212, "所在地": "滋賀県高島市マキノ町中庄４７３－１３１", "緯度": 35.445163, "経度": 136.031717, "url": "https://www.iryou.teikyouseido.mhlw.go.jp/znk-web/juminkanja/S2430/initialize?prefCd=25&kikanCd=7250009410&kikanKbn=5", "url2": "https://atenapharmacy.jp/", "内容": "調剤薬局マリーン　マキノ病院前店【5:薬局】滋賀県高島市マキノ町中庄４７３－１３１" }, "geometry": { "type": "Point", "coordinates": [ 136.031717, 35.445163 ] } },
{ "type": "Feature", "properties": { "ID": 2557250009420, "正式名称": "凡凡薬局　御園店", "機関区分": 5, "都道府県コード": 25, "市区町村コード": 208, "所在地": "滋賀県栗東市御園１８２９番地２", "緯度": 35.003402, "経度": 136.024424, "url": "https://www.iryou.teikyouseido.mhlw.go.jp/znk-web/juminkanja/S2430/initialize?prefCd=25&kikanCd=7250009420&kikanKbn=5", "url2": "https://www.m-ikkou.co.jp/", "内容": "凡凡薬局　御園店【5:薬局】滋賀県栗東市御園１８２９番地２" }, "geometry": { "type": "Point", "coordinates": [ 136.024424, 35.003402 ] } },
{ "type": "Feature", "properties": { "ID": 2557250009430, "正式名称": "キリン堂薬局　近江八幡医療センター前店", "機関区分": 5, "都道府県コード": 25, "市区町村コード": 204, "所在地": "滋賀県近江八幡市土田町２９６－１　コンフォート・レジデンス１階", "緯度": 35.123406, "経度": 136.088032, "url": "https://www.iryou.teikyouseido.mhlw.go.jp/znk-web/juminkanja/S2430/initialize?prefCd=25&kikanCd=7250009430&kikanKbn=5", "url2": "https://www.kirindo-shop.com/manage/shop/RX1224.html", "内容": "キリン堂薬局　近江八幡医療センター前店【5:薬局】滋賀県近江八幡市土田町２９６－１　コンフォート・レジデンス１階" }, "geometry": { "type": "Point", "coordinates": [ 136.088032, 35.123406 ] } },
{ "type": "Feature", "properties": { "ID": 2557250009440, "正式名称": "クスリのアオキ　大津京薬局", "機関区分": 5, "都道府県コード": 25, "市区町村コード": 201, "所在地": "滋賀県大津市柳川２丁目５番１号", "緯度": 35.031772, "経度": 135.862171, "url": "https://www.iryou.teikyouseido.mhlw.go.jp/znk-web/juminkanja/S2430/initialize?prefCd=25&kikanCd=7250009440&kikanKbn=5", "url2": "https://www.kusuri-aoki.co.jp/", "内容": "クスリのアオキ　大津京薬局【5:薬局】滋賀県大津市柳川２丁目５番１号" }, "geometry": { "type": "Point", "coordinates": [ 135.862171, 35.031772 ] } },
{ "type": "Feature", "properties": { "ID": 2557250009450, "正式名称": "マロン薬局", "機関区分": 5, "都道府県コード": 25, "市区町村コード": 208, "所在地": "滋賀県栗東市綣一丁目１０－１", "緯度": 35.037273, "経度": 135.983958, "url": "https://www.iryou.teikyouseido.mhlw.go.jp/znk-web/juminkanja/S2430/initialize?prefCd=25&kikanCd=7250009450&kikanKbn=5", "url2": "https://shimatany.co.jp/", "内容": "マロン薬局【5:薬局】滋賀県栗東市綣一丁目１０－１" }, "geometry": { "type": "Point", "coordinates": [ 135.983958, 35.037273 ] } },
{ "type": "Feature", "properties": { "ID": 2557250009460, "正式名称": "Ｖ・ｄｒｕｇ　東近江医療センター前薬局", "機関区分": 5, "都道府県コード": 25, "市区町村コード": 213, "所在地": "滋賀県東近江市中小路町６３７－３", "緯度": 35.095221, "経度": 136.228686, "url": "https://www.iryou.teikyouseido.mhlw.go.jp/znk-web/juminkanja/S2430/initialize?prefCd=25&kikanCd=7250009460&kikanKbn=5", "url2": "http://www.vdrug.co.jp/", "内容": "Ｖ・ｄｒｕｇ　東近江医療センター前薬局【5:薬局】滋賀県東近江市中小路町６３７－３" }, "geometry": { "type": "Point", "coordinates": [ 136.228686, 35.095221 ] } },
{ "type": "Feature", "properties": { "ID": 2557250009470, "正式名称": "トマト調剤薬局", "機関区分": 5, "都道府県コード": 25, "市区町村コード": 202, "所在地": "滋賀県彦根市大東町１４番４号", "緯度": 35.269561, "経度": 136.259557, "url": "https://www.iryou.teikyouseido.mhlw.go.jp/znk-web/juminkanja/S2430/initialize?prefCd=25&kikanCd=7250009470&kikanKbn=5", "url2": null, "内容": "トマト調剤薬局【5:薬局】滋賀県彦根市大東町１４番４号" }, "geometry": { "type": "Point", "coordinates": [ 136.259557, 35.269561 ] } },
{ "type": "Feature", "properties": { "ID": 2557250009480, "正式名称": "すずらん薬局蒲生店", "機関区分": 5, "都道府県コード": 25, "市区町村コード": 213, "所在地": "滋賀県東近江市桜川西町８７８", "緯度": 35.060342, "経度": 136.187361, "url": "https://www.iryou.teikyouseido.mhlw.go.jp/znk-web/juminkanja/S2430/initialize?prefCd=25&kikanCd=7250009480&kikanKbn=5", "url2": "https://www.marinegroup.jp", "内容": "すずらん薬局蒲生店【5:薬局】滋賀県東近江市桜川西町８７８" }, "geometry": { "type": "Point", "coordinates": [ 136.187361, 35.060342 ] } },
{ "type": "Feature", "properties": { "ID": 2557250009490, "正式名称": "アイセイ薬局　南草津けやき通り店", "機関区分": 5, "都道府県コード": 25, "市区町村コード": 206, "所在地": "滋賀県草津市南草津三丁目４－３－２", "緯度": 35.014424, "経度": 135.956555, "url": "https://www.iryou.teikyouseido.mhlw.go.jp/znk-web/juminkanja/S2430/initialize?prefCd=25&kikanCd=7250009490&kikanKbn=5", "url2": "http://www.aisei.co.jp/", "内容": "アイセイ薬局　南草津けやき通り店【5:薬局】滋賀県草津市南草津三丁目４－３－２" }, "geometry": { "type": "Point", "coordinates": [ 135.956555, 35.014424 ] } },
{ "type": "Feature", "properties": { "ID": 2557250009500, "正式名称": "クスリのアオキ　比叡辻薬局", "機関区分": 5, "都道府県コード": 25, "市区町村コード": 201, "所在地": "滋賀県大津市比叡辻二丁目８番５号", "緯度": 35.073462, "経度": 135.885283, "url": "https://www.iryou.teikyouseido.mhlw.go.jp/znk-web/juminkanja/S2430/initialize?prefCd=25&kikanCd=7250009500&kikanKbn=5", "url2": "https://www.kusuri-aoki.co.jp/", "内容": "クスリのアオキ　比叡辻薬局【5:薬局】滋賀県大津市比叡辻二丁目８番５号" }, "geometry": { "type": "Point", "coordinates": [ 135.885283, 35.073462 ] } },
{ "type": "Feature", "properties": { "ID": 2557250009510, "正式名称": "ユタカ薬局　大津月輪", "機関区分": 5, "都道府県コード": 25, "市区町村コード": 201, "所在地": "滋賀県大津市月輪三丁目２１番１号", "緯度": 34.983456, "経度": 135.93889, "url": "https://www.iryou.teikyouseido.mhlw.go.jp/znk-web/juminkanja/S2430/initialize?prefCd=25&kikanCd=7250009510&kikanKbn=5", "url2": "https://www.d-yutaka.co.jp/shop/15244.html", "内容": "ユタカ薬局　大津月輪【5:薬局】滋賀県大津市月輪三丁目２１番１号" }, "geometry": { "type": "Point", "coordinates": [ 135.93889, 34.983456 ] } },
{ "type": "Feature", "properties": { "ID": 2557250009520, "正式名称": "金太郎薬局　栗東店", "機関区分": 5, "都道府県コード": 25, "市区町村コード": 208, "所在地": "滋賀県栗東市野尻５９０", "緯度": 35.035136, "経度": 135.985799, "url": "https://www.iryou.teikyouseido.mhlw.go.jp/znk-web/juminkanja/S2430/initialize?prefCd=25&kikanCd=7250009520&kikanKbn=5", "url2": "http://metal-pharmacy.com/", "内容": "金太郎薬局　栗東店【5:薬局】滋賀県栗東市野尻５９０" }, "geometry": { "type": "Point", "coordinates": [ 135.985799, 35.035136 ] } },
{ "type": "Feature", "properties": { "ID": 2557250009530, "正式名称": "ヤマグチ薬局　内保店", "機関区分": 5, "都道府県コード": 25, "市区町村コード": 203, "所在地": "滋賀県長浜市内保町７４０－５", "緯度": 35.42763, "経度": 136.30119, "url": "https://www.iryou.teikyouseido.mhlw.go.jp/znk-web/juminkanja/S2430/initialize?prefCd=25&kikanCd=7250009530&kikanKbn=5", "url2": "http://www.yamaguchi-pha.jp/", "内容": "ヤマグチ薬局　内保店【5:薬局】滋賀県長浜市内保町７４０－５" }, "geometry": { "type": "Point", "coordinates": [ 136.30119, 35.42763 ] } },
{ "type": "Feature", "properties": { "ID": 2557250009540, "正式名称": "ウエルシア薬局　草津野路店", "機関区分": 5, "都道府県コード": 25, "市区町村コード": 206, "所在地": "滋賀県草津市野路　４－４－１", "緯度": 34.998375, "経度": 135.947215, "url": "https://www.iryou.teikyouseido.mhlw.go.jp/znk-web/juminkanja/S2430/initialize?prefCd=25&kikanCd=7250009540&kikanKbn=5", "url2": "http://www.welcia-yakkyoku.co.jp/", "内容": "ウエルシア薬局　草津野路店【5:薬局】滋賀県草津市野路　４－４－１" }, "geometry": { "type": "Point", "coordinates": [ 135.947215, 34.998375 ] } },
{ "type": "Feature", "properties": { "ID": 2557250009550, "正式名称": "ウエルシア薬局　近江八幡多賀町店", "機関区分": 5, "都道府県コード": 25, "市区町村コード": 204, "所在地": "滋賀県近江八幡市多賀町４６０番地", "緯度": 35.141048, "経度": 136.098493, "url": "https://www.iryou.teikyouseido.mhlw.go.jp/znk-web/juminkanja/S2430/initialize?prefCd=25&kikanCd=7250009550&kikanKbn=5", "url2": "https://www.welcia-yakkyoku.co.jp/", "内容": "ウエルシア薬局　近江八幡多賀町店【5:薬局】滋賀県近江八幡市多賀町４６０番地" }, "geometry": { "type": "Point", "coordinates": [ 136.098493, 35.141048 ] } },
{ "type": "Feature", "properties": { "ID": 2557250009560, "正式名称": "クスリのアオキ　平方薬局", "機関区分": 5, "都道府県コード": 25, "市区町村コード": 203, "所在地": "滋賀県長浜市平方町３２８番地", "緯度": 35.373238, "経度": 136.276392, "url": "https://www.iryou.teikyouseido.mhlw.go.jp/znk-web/juminkanja/S2430/initialize?prefCd=25&kikanCd=7250009560&kikanKbn=5", "url2": "https://www.kusuri-aoki.co.jp/", "内容": "クスリのアオキ　平方薬局【5:薬局】滋賀県長浜市平方町３２８番地" }, "geometry": { "type": "Point", "coordinates": [ 136.276392, 35.373238 ] } },
{ "type": "Feature", "properties": { "ID": 2557250009570, "正式名称": "調剤薬局ツルハドラッグ　大津石山店", "機関区分": 5, "都道府県コード": 25, "市区町村コード": 201, "所在地": "滋賀県大津市大平二丁目１－５", "緯度": 34.955355, "経度": 135.897444, "url": "https://www.iryou.teikyouseido.mhlw.go.jp/znk-web/juminkanja/S2430/initialize?prefCd=25&kikanCd=7250009570&kikanKbn=5", "url2": "http://www.tsuruha.co.jp/", "内容": "調剤薬局ツルハドラッグ　大津石山店【5:薬局】滋賀県大津市大平二丁目１－５" }, "geometry": { "type": "Point", "coordinates": [ 135.897444, 34.955355 ] } },
{ "type": "Feature", "properties": { "ID": 2557250009580, "正式名称": "みやもと薬局草津店", "機関区分": 5, "都道府県コード": 25, "市区町村コード": 206, "所在地": "滋賀県草津市平井一丁目１５番３１号", "緯度": 35.031488, "経度": 135.960822, "url": "https://www.iryou.teikyouseido.mhlw.go.jp/znk-web/juminkanja/S2430/initialize?prefCd=25&kikanCd=7250009580&kikanKbn=5", "url2": "https://meron-net.shop/ds/miyamoto-pharmacy", "内容": "みやもと薬局草津店【5:薬局】滋賀県草津市平井一丁目１５番３１号" }, "geometry": { "type": "Point", "coordinates": [ 135.960822, 35.031488 ] } },
{ "type": "Feature", "properties": { "ID": 2557250009590, "正式名称": "甲賀れいめい薬局", "機関区分": 5, "都道府県コード": 25, "市区町村コード": 209, "所在地": "滋賀県甲賀市水口町泉１３００番地４", "緯度": 34.985588, "経度": 136.136148, "url": "https://www.iryou.teikyouseido.mhlw.go.jp/znk-web/juminkanja/S2430/initialize?prefCd=25&kikanCd=7250009590&kikanKbn=5", "url2": "https://kouga-yakkyoku-kounan.com/", "内容": "甲賀れいめい薬局【5:薬局】滋賀県甲賀市水口町泉１３００番地４" }, "geometry": { "type": "Point", "coordinates": [ 136.136148, 34.985588 ] } },
{ "type": "Feature", "properties": { "ID": 2557250009600, "正式名称": "スギ薬局　大津中央店", "機関区分": 5, "都道府県コード": 25, "市区町村コード": 201, "所在地": "滋賀県大津市打出浜１３番２７号", "緯度": 35.005199, "経度": 135.877535, "url": "https://www.iryou.teikyouseido.mhlw.go.jp/znk-web/juminkanja/S2430/initialize?prefCd=25&kikanCd=7250009600&kikanKbn=5", "url2": "https://www.sugi-net.jp/tenpo/detail/1520.html", "内容": "スギ薬局　大津中央店【5:薬局】滋賀県大津市打出浜１３番２７号" }, "geometry": { "type": "Point", "coordinates": [ 135.877535, 35.005199 ] } },
{ "type": "Feature", "properties": { "ID": 2557250009610, "正式名称": "エリー薬局　南草津店", "機関区分": 5, "都道府県コード": 25, "市区町村コード": 206, "所在地": "滋賀県草津市南草津５丁目６－１", "緯度": 35.003979, "経度": 135.939132, "url": "https://www.iryou.teikyouseido.mhlw.go.jp/znk-web/juminkanja/S2430/initialize?prefCd=25&kikanCd=7250009610&kikanKbn=5", "url2": "https://eri-pharmacy.business.site/", "内容": "エリー薬局　南草津店【5:薬局】滋賀県草津市南草津５丁目６－１" }, "geometry": { "type": "Point", "coordinates": [ 135.939132, 35.003979 ] } },
{ "type": "Feature", "properties": { "ID": 2557250009620, "正式名称": "キリン堂　調剤薬局長浜店", "機関区分": 5, "都道府県コード": 25, "市区町村コード": 203, "所在地": "滋賀県長浜市大戌亥町２５４番１", "緯度": 35.371069, "経度": 136.28839, "url": "https://www.iryou.teikyouseido.mhlw.go.jp/znk-web/juminkanja/S2430/initialize?prefCd=25&kikanCd=7250009620&kikanKbn=5", "url2": "http://www.kirindo.co.jp/", "内容": "キリン堂　調剤薬局長浜店【5:薬局】滋賀県長浜市大戌亥町２５４番１" }, "geometry": { "type": "Point", "coordinates": [ 136.28839, 35.371069 ] } },
{ "type": "Feature", "properties": { "ID": 2557250009630, "正式名称": "つばさ薬局　中沢店", "機関区分": 5, "都道府県コード": 25, "市区町村コード": 208, "所在地": "滋賀県栗東市中沢２丁目５－５３", "緯度": 35.027465, "経度": 135.971871, "url": "https://www.iryou.teikyouseido.mhlw.go.jp/znk-web/juminkanja/S2430/initialize?prefCd=25&kikanCd=7250009630&kikanKbn=5", "url2": "http://murase-group.jp/", "内容": "つばさ薬局　中沢店【5:薬局】滋賀県栗東市中沢２丁目５－５３" }, "geometry": { "type": "Point", "coordinates": [ 135.971871, 35.027465 ] } },
{ "type": "Feature", "properties": { "ID": 2557250009640, "正式名称": "ユタカ薬局　栗東野尻", "機関区分": 5, "都道府県コード": 25, "市区町村コード": 208, "所在地": "滋賀県栗東市野尻５８０番地", "緯度": 35.036181, "経度": 135.986147, "url": "https://www.iryou.teikyouseido.mhlw.go.jp/znk-web/juminkanja/S2430/initialize?prefCd=25&kikanCd=7250009640&kikanKbn=5", "url2": "https://www.d-yutaka.co.jp/shop/17365.html", "内容": "ユタカ薬局　栗東野尻【5:薬局】滋賀県栗東市野尻５８０番地" }, "geometry": { "type": "Point", "coordinates": [ 135.986147, 35.036181 ] } },
{ "type": "Feature", "properties": { "ID": 2557250009650, "正式名称": "ウエルシア薬局　東近江沖野店", "機関区分": 5, "都道府県コード": 25, "市区町村コード": 213, "所在地": "滋賀県東近江市沖野４－１－７", "緯度": 35.099665, "経度": 136.208748, "url": "https://www.iryou.teikyouseido.mhlw.go.jp/znk-web/juminkanja/S2430/initialize?prefCd=25&kikanCd=7250009650&kikanKbn=5", "url2": "https://store.welcia.co.jp/welcia/spot/detail?code=6711D", "内容": "ウエルシア薬局　東近江沖野店【5:薬局】滋賀県東近江市沖野４－１－７" }, "geometry": { "type": "Point", "coordinates": [ 136.208748, 35.099665 ] } },
{ "type": "Feature", "properties": { "ID": 2557250009660, "正式名称": "あかつき薬局", "機関区分": 5, "都道府県コード": 25, "市区町村コード": 201, "所在地": "滋賀県大津市富士見台１４－１９", "緯度": 34.986222, "経度": 135.885411, "url": "https://www.iryou.teikyouseido.mhlw.go.jp/znk-web/juminkanja/S2430/initialize?prefCd=25&kikanCd=7250009660&kikanKbn=5", "url2": "https://www.e-classa.net/akatsuki-pharma/", "内容": "あかつき薬局【5:薬局】滋賀県大津市富士見台１４－１９" }, "geometry": { "type": "Point", "coordinates": [ 135.885411, 34.986222 ] } },
{ "type": "Feature", "properties": { "ID": 2557250009670, "正式名称": "スギ薬局　南郷店", "機関区分": 5, "都道府県コード": 25, "市区町村コード": 201, "所在地": "滋賀県大津市南郷一丁目５番１号", "緯度": 34.944096, "経度": 135.907472, "url": "https://www.iryou.teikyouseido.mhlw.go.jp/znk-web/juminkanja/S2430/initialize?prefCd=25&kikanCd=7250009670&kikanKbn=5", "url2": "https://www.sugi-net.jp/tenpo/detail/1646.html", "内容": "スギ薬局　南郷店【5:薬局】滋賀県大津市南郷一丁目５番１号" }, "geometry": { "type": "Point", "coordinates": [ 135.907472, 34.944096 ] } },
{ "type": "Feature", "properties": { "ID": 2557250009680, "正式名称": "ふれあい薬局・みやし", "機関区分": 5, "都道府県コード": 25, "市区町村コード": 203, "所在地": "滋賀県長浜市宮司町１０８６－３", "緯度": 35.379059, "経度": 136.288841, "url": "https://www.iryou.teikyouseido.mhlw.go.jp/znk-web/juminkanja/S2430/initialize?prefCd=25&kikanCd=7250009680&kikanKbn=5", "url2": "http://www.kinkiyoken.co.jp/", "内容": "ふれあい薬局・みやし【5:薬局】滋賀県長浜市宮司町１０８６－３" }, "geometry": { "type": "Point", "coordinates": [ 136.288841, 35.379059 ] } },
{ "type": "Feature", "properties": { "ID": 2557250009690, "正式名称": "こころ薬局", "機関区分": 5, "都道府県コード": 25, "市区町村コード": 201, "所在地": "滋賀県大津市今堅田　２－１６－１", "緯度": 35.122692, "経度": 135.917392, "url": "https://www.iryou.teikyouseido.mhlw.go.jp/znk-web/juminkanja/S2430/initialize?prefCd=25&kikanCd=7250009690&kikanKbn=5", "url2": "https://kokoro-yakkyoku.com/", "内容": "こころ薬局【5:薬局】滋賀県大津市今堅田　２－１６－１" }, "geometry": { "type": "Point", "coordinates": [ 135.917392, 35.122692 ] } },
{ "type": "Feature", "properties": { "ID": 2557250009710, "正式名称": "長生堂薬局　速水店", "機関区分": 5, "都道府県コード": 25, "市区町村コード": 203, "所在地": "滋賀県長浜市湖北町速水２８１６", "緯度": 35.448548, "経度": 136.242055, "url": "https://www.iryou.teikyouseido.mhlw.go.jp/znk-web/juminkanja/S2430/initialize?prefCd=25&kikanCd=7250009710&kikanKbn=5", "url2": "https://www.e-classa.net/logup_tyoseido_hayami", "内容": "長生堂薬局　速水店【5:薬局】滋賀県長浜市湖北町速水２８１６" }, "geometry": { "type": "Point", "coordinates": [ 136.242055, 35.448548 ] } },
{ "type": "Feature", "properties": { "ID": 2557250009720, "正式名称": "けんしん薬局", "機関区分": 5, "都道府県コード": 25, "市区町村コード": 209, "所在地": "滋賀県甲賀市水口町松栄３－２４", "緯度": 34.968245, "経度": 136.172787, "url": "https://www.iryou.teikyouseido.mhlw.go.jp/znk-web/juminkanja/S2430/initialize?prefCd=25&kikanCd=7250009720&kikanKbn=5", "url2": "https://www.medical-wings.com/", "内容": "けんしん薬局【5:薬局】滋賀県甲賀市水口町松栄３－２４" }, "geometry": { "type": "Point", "coordinates": [ 136.172787, 34.968245 ] } },
{ "type": "Feature", "properties": { "ID": 2557250009730, "正式名称": "クスリのアオキ　唐崎薬局", "機関区分": 5, "都道府県コード": 25, "市区町村コード": 201, "所在地": "滋賀県大津市見世一丁目１８－１", "緯度": 35.040653, "経度": 135.860465, "url": "https://www.iryou.teikyouseido.mhlw.go.jp/znk-web/juminkanja/S2430/initialize?prefCd=25&kikanCd=7250009730&kikanKbn=5", "url2": "http://www.kusuri-aoki.co.jp/", "内容": "クスリのアオキ　唐崎薬局【5:薬局】滋賀県大津市見世一丁目１８－１" }, "geometry": { "type": "Point", "coordinates": [ 135.860465, 35.040653 ] } },
{ "type": "Feature", "properties": { "ID": 2557250009740, "正式名称": "にこ薬局", "機関区分": 5, "都道府県コード": 25, "市区町村コード": 208, "所在地": "滋賀県栗東市綣３丁目１０－２２－１Ｆ－２Ａ", "緯度": 35.036691, "経度": 135.979949, "url": "https://www.iryou.teikyouseido.mhlw.go.jp/znk-web/juminkanja/S2430/initialize?prefCd=25&kikanCd=7250009740&kikanKbn=5", "url2": "https://www.nico-ph.com", "内容": "にこ薬局【5:薬局】滋賀県栗東市綣３丁目１０－２２－１Ｆ－２Ａ" }, "geometry": { "type": "Point", "coordinates": [ 135.979949, 35.036691 ] } },
{ "type": "Feature", "properties": { "ID": 2557250009770, "正式名称": "ほたるの薬局", "機関区分": 5, "都道府県コード": 25, "市区町村コード": 203, "所在地": "滋賀県長浜市野瀬町８３４－１", "緯度": 35.474888, "経度": 136.32889, "url": "https://www.iryou.teikyouseido.mhlw.go.jp/znk-web/juminkanja/S2430/initialize?prefCd=25&kikanCd=7250009770&kikanKbn=5", "url2": "http://www.e-classa.net/hotaruno/", "内容": "ほたるの薬局【5:薬局】滋賀県長浜市野瀬町８３４－１" }, "geometry": { "type": "Point", "coordinates": [ 136.32889, 35.474888 ] } },
{ "type": "Feature", "properties": { "ID": 2557250009780, "正式名称": "クスリのアオキ　川田薬局", "機関区分": 5, "都道府県コード": 25, "市区町村コード": 207, "所在地": "滋賀県守山市川田町７５７番地１", "緯度": 35.077368, "経度": 136.000322, "url": "https://www.iryou.teikyouseido.mhlw.go.jp/znk-web/juminkanja/S2430/initialize?prefCd=25&kikanCd=7250009780&kikanKbn=5", "url2": "http://www.kusuri-aoki.co.jp/", "内容": "クスリのアオキ　川田薬局【5:薬局】滋賀県守山市川田町７５７番地１" }, "geometry": { "type": "Point", "coordinates": [ 136.000322, 35.077368 ] } },
{ "type": "Feature", "properties": { "ID": 2557250009790, "正式名称": "スギ薬局　エイクスエア店", "機関区分": 5, "都道府県コード": 25, "市区町村コード": 206, "所在地": "滋賀県草津市西渋川一丁目２３－３　エイスクエアＳＡＲＡ東館１階", "緯度": 35.026457, "経度": 135.96078, "url": "https://www.iryou.teikyouseido.mhlw.go.jp/znk-web/juminkanja/S2430/initialize?prefCd=25&kikanCd=7250009790&kikanKbn=5", "url2": "https://www.sugi-net.jp/tenpo/detail/1703.html", "内容": "スギ薬局　エイクスエア店【5:薬局】滋賀県草津市西渋川一丁目２３－３　エイスクエアＳＡＲＡ東館１階" }, "geometry": { "type": "Point", "coordinates": [ 135.96078, 35.026457 ] } },
{ "type": "Feature", "properties": { "ID": 2557250009800, "正式名称": "アイセイ薬局　大津におの浜店", "機関区分": 5, "都道府県コード": 25, "市区町村コード": 201, "所在地": "滋賀県大津市におの浜三丁目５－１３　クリニックステーション大津におの浜１階", "緯度": 35.004256, "経度": 135.883968, "url": "https://www.iryou.teikyouseido.mhlw.go.jp/znk-web/juminkanja/S2430/initialize?prefCd=25&kikanCd=7250009800&kikanKbn=5", "url2": "http://www.aisei.co.jp/", "内容": "アイセイ薬局　大津におの浜店【5:薬局】滋賀県大津市におの浜三丁目５－１３　クリニックステーション大津におの浜１階" }, "geometry": { "type": "Point", "coordinates": [ 135.883968, 35.004256 ] } },
{ "type": "Feature", "properties": { "ID": 2557250009810, "正式名称": "りあん薬局", "機関区分": 5, "都道府県コード": 25, "市区町村コード": 208, "所在地": "滋賀県栗東市高野５６２番７　プロスペリテⅡ　１階", "緯度": 35.035694, "経度": 136.014335, "url": "https://www.iryou.teikyouseido.mhlw.go.jp/znk-web/juminkanja/S2430/initialize?prefCd=25&kikanCd=7250009810&kikanKbn=5", "url2": "https://lake-care.jp/", "内容": "りあん薬局【5:薬局】滋賀県栗東市高野５６２番７　プロスペリテⅡ　１階" }, "geometry": { "type": "Point", "coordinates": [ 136.014335, 35.035694 ] } },
{ "type": "Feature", "properties": { "ID": 2557250009820, "正式名称": "ウエルシア薬局　近江八幡鷹飼店", "機関区分": 5, "都道府県コード": 25, "市区町村コード": 204, "所在地": "滋賀県近江八幡市鷹飼町４５５番地１", "緯度": 35.12236, "経度": 136.099723, "url": "https://www.iryou.teikyouseido.mhlw.go.jp/znk-web/juminkanja/S2430/initialize?prefCd=25&kikanCd=7250009820&kikanKbn=5", "url2": "https://www.welcia-yakkyoku.co.jp/", "内容": "ウエルシア薬局　近江八幡鷹飼店【5:薬局】滋賀県近江八幡市鷹飼町４５５番地１" }, "geometry": { "type": "Point", "coordinates": [ 136.099723, 35.12236 ] } },
{ "type": "Feature", "properties": { "ID": 2557250009830, "正式名称": "スギ薬局　高畑店", "機関区分": 5, "都道府県コード": 25, "市区町村コード": 203, "所在地": "滋賀県長浜市高田町１１番３３号", "緯度": 35.381456, "経度": 136.276694, "url": "https://www.iryou.teikyouseido.mhlw.go.jp/znk-web/juminkanja/S2430/initialize?prefCd=25&kikanCd=7250009830&kikanKbn=5", "url2": "https://www.drug-sugi.co.jp/", "内容": "スギ薬局　高畑店【5:薬局】滋賀県長浜市高田町１１番３３号" }, "geometry": { "type": "Point", "coordinates": [ 136.276694, 35.381456 ] } },
{ "type": "Feature", "properties": { "ID": 2557250009840, "正式名称": "クスリのアオキ神照薬局", "機関区分": 5, "都道府県コード": 25, "市区町村コード": 203, "所在地": "滋賀県長浜市神照町９３１番地", "緯度": 35.392675, "経度": 136.2682, "url": "https://www.iryou.teikyouseido.mhlw.go.jp/znk-web/juminkanja/S2430/initialize?prefCd=25&kikanCd=7250009840&kikanKbn=5", "url2": "https://www.kusuri-aoki.co.jp/", "内容": "クスリのアオキ神照薬局【5:薬局】滋賀県長浜市神照町９３１番地" }, "geometry": { "type": "Point", "coordinates": [ 136.2682, 35.392675 ] } },
{ "type": "Feature", "properties": { "ID": 2557250009850, "正式名称": "クスリのアオキ　野洲薬局", "機関区分": 5, "都道府県コード": 25, "市区町村コード": 210, "所在地": "滋賀県野洲市小篠原１２６９番地２", "緯度": 35.065808, "経度": 136.039634, "url": "https://www.iryou.teikyouseido.mhlw.go.jp/znk-web/juminkanja/S2430/initialize?prefCd=25&kikanCd=7250009850&kikanKbn=5", "url2": "https://www.kusuri-aoki.co.jp/", "内容": "クスリのアオキ　野洲薬局【5:薬局】滋賀県野洲市小篠原１２６９番地２" }, "geometry": { "type": "Point", "coordinates": [ 136.039634, 35.065808 ] } },
{ "type": "Feature", "properties": { "ID": 2557250009860, "正式名称": "アイランド薬局　守山銀座店", "機関区分": 5, "都道府県コード": 25, "市区町村コード": 207, "所在地": "滋賀県守山市守山一丁目５番１０－１０３号", "緯度": 35.054251, "経度": 135.991707, "url": "https://www.iryou.teikyouseido.mhlw.go.jp/znk-web/juminkanja/S2430/initialize?prefCd=25&kikanCd=7250009860&kikanKbn=5", "url2": "http://www.apocreat.co.jp/", "内容": "アイランド薬局　守山銀座店【5:薬局】滋賀県守山市守山一丁目５番１０－１０３号" }, "geometry": { "type": "Point", "coordinates": [ 135.991707, 35.054251 ] } },
{ "type": "Feature", "properties": { "ID": 2557250009870, "正式名称": "ユタカ薬局　真野", "機関区分": 5, "都道府県コード": 25, "市区町村コード": 201, "所在地": "滋賀県大津市真野６丁目７－２", "緯度": 35.136414, "経度": 135.922512, "url": "https://www.iryou.teikyouseido.mhlw.go.jp/znk-web/juminkanja/S2430/initialize?prefCd=25&kikanCd=7250009870&kikanKbn=5", "url2": "https://www.d-yutaka.co.jp/shop/245.html", "内容": "ユタカ薬局　真野【5:薬局】滋賀県大津市真野６丁目７－２" }, "geometry": { "type": "Point", "coordinates": [ 135.922512, 35.136414 ] } },
{ "type": "Feature", "properties": { "ID": 2557250009880, "正式名称": "ヤクゴ薬局近江八幡駅南店", "機関区分": 5, "都道府県コード": 25, "市区町村コード": 204, "所在地": "滋賀県近江八幡市西本郷町７８番地４", "緯度": 35.118341, "経度": 136.109558, "url": "https://www.iryou.teikyouseido.mhlw.go.jp/znk-web/juminkanja/S2430/initialize?prefCd=25&kikanCd=7250009880&kikanKbn=5", "url2": "http://yakugo.co.jp", "内容": "ヤクゴ薬局近江八幡駅南店【5:薬局】滋賀県近江八幡市西本郷町７８番地４" }, "geometry": { "type": "Point", "coordinates": [ 136.109558, 35.118341 ] } },
{ "type": "Feature", "properties": { "ID": 2557250009900, "正式名称": "健幸薬局南草津ＬＡＢＯ", "機関区分": 5, "都道府県コード": 25, "市区町村コード": 206, "所在地": "滋賀県草津市野路一丁目１３－５", "緯度": 35.002598, "経度": 135.948851, "url": "https://www.iryou.teikyouseido.mhlw.go.jp/znk-web/juminkanja/S2430/initialize?prefCd=25&kikanCd=7250009900&kikanKbn=5", "url2": null, "内容": "健幸薬局南草津ＬＡＢＯ【5:薬局】滋賀県草津市野路一丁目１３－５" }, "geometry": { "type": "Point", "coordinates": [ 135.948851, 35.002598 ] } },
{ "type": "Feature", "properties": { "ID": 2557250009910, "正式名称": "株式会社友愛　オキ薬局", "機関区分": 5, "都道府県コード": 25, "市区町村コード": 201, "所在地": "滋賀県大津市中央一丁目６番２５号", "緯度": 35.009981, "経度": 135.863966, "url": "https://www.iryou.teikyouseido.mhlw.go.jp/znk-web/juminkanja/S2430/initialize?prefCd=25&kikanCd=7250009910&kikanKbn=5", "url2": "yuai-ph.co.jp", "内容": "株式会社友愛　オキ薬局【5:薬局】滋賀県大津市中央一丁目６番２５号" }, "geometry": { "type": "Point", "coordinates": [ 135.863966, 35.009981 ] } },
{ "type": "Feature", "properties": { "ID": 2557250009920, "正式名称": "ふれあい　さふ谷薬局", "機関区分": 5, "都道府県コード": 25, "市区町村コード": 213, "所在地": "滋賀県東近江市宮川町２４４－９０８", "緯度": 35.037525, "経度": 136.161408, "url": "https://www.iryou.teikyouseido.mhlw.go.jp/znk-web/juminkanja/S2430/initialize?prefCd=25&kikanCd=7250009920&kikanKbn=5", "url2": "https://www.fureai-yakkyoku.jp/", "内容": "ふれあい　さふ谷薬局【5:薬局】滋賀県東近江市宮川町２４４－９０８" }, "geometry": { "type": "Point", "coordinates": [ 136.161408, 35.037525 ] } },
{ "type": "Feature", "properties": { "ID": 2557250009930, "正式名称": "守山ゆう薬局", "機関区分": 5, "都道府県コード": 25, "市区町村コード": 207, "所在地": "滋賀県守山市金森町６０３－５", "緯度": 35.058246, "経度": 135.981275, "url": "https://www.iryou.teikyouseido.mhlw.go.jp/znk-web/juminkanja/S2430/initialize?prefCd=25&kikanCd=7250009930&kikanKbn=5", "url2": "http://www.uno-upd.co.jp/store/shigaken/19445/", "内容": "守山ゆう薬局【5:薬局】滋賀県守山市金森町６０３－５" }, "geometry": { "type": "Point", "coordinates": [ 135.981275, 35.058246 ] } },
{ "type": "Feature", "properties": { "ID": 2557250009940, "正式名称": "みのり薬局野村店", "機関区分": 5, "都道府県コード": 25, "市区町村コード": 206, "所在地": "滋賀県草津市野村三丁目１６番２０－１号", "緯度": 35.025993, "経度": 135.950263, "url": "https://www.iryou.teikyouseido.mhlw.go.jp/znk-web/juminkanja/S2430/initialize?prefCd=25&kikanCd=7250009940&kikanKbn=5", "url2": "http://https://minori-ph.com/", "内容": "みのり薬局野村店【5:薬局】滋賀県草津市野村三丁目１６番２０－１号" }, "geometry": { "type": "Point", "coordinates": [ 135.950263, 35.025993 ] } },
{ "type": "Feature", "properties": { "ID": 2557250009950, "正式名称": "ユタカ薬局　彦根高宮", "機関区分": 5, "都道府県コード": 25, "市区町村コード": 202, "所在地": "滋賀県彦根市高宮町１５５８番", "緯度": 35.240515, "経度": 136.257986, "url": "https://www.iryou.teikyouseido.mhlw.go.jp/znk-web/juminkanja/S2430/initialize?prefCd=25&kikanCd=7250009950&kikanKbn=5", "url2": "https://www.d-yutaka.co.jp/shop/134.html", "内容": "ユタカ薬局　彦根高宮【5:薬局】滋賀県彦根市高宮町１５５８番" }, "geometry": { "type": "Point", "coordinates": [ 136.257986, 35.240515 ] } },
{ "type": "Feature", "properties": { "ID": 2557250009970, "正式名称": "日本調剤　近江八幡薬局", "機関区分": 5, "都道府県コード": 25, "市区町村コード": 204, "所在地": "滋賀県近江八幡市土田町１３９６－１", "緯度": 35.126943, "経度": 136.088519, "url": "https://www.iryou.teikyouseido.mhlw.go.jp/znk-web/juminkanja/S2430/initialize?prefCd=25&kikanCd=7250009970&kikanKbn=5", "url2": null, "内容": "日本調剤　近江八幡薬局【5:薬局】滋賀県近江八幡市土田町１３９６－１" }, "geometry": { "type": "Point", "coordinates": [ 136.088519, 35.126943 ] } },
{ "type": "Feature", "properties": { "ID": 2557250009980, "正式名称": "エン薬局　栗東市役所前店", "機関区分": 5, "都道府県コード": 25, "市区町村コード": 208, "所在地": "滋賀県栗東市安養寺一丁目１３番３７号　Ｋビル１ーＡ", "緯度": 35.022074, "経度": 135.997588, "url": "https://www.iryou.teikyouseido.mhlw.go.jp/znk-web/juminkanja/S2430/initialize?prefCd=25&kikanCd=7250009980&kikanKbn=5", "url2": "https://www.axistcoltd.com/menu/pharmacy", "内容": "エン薬局　栗東市役所前店【5:薬局】滋賀県栗東市安養寺一丁目１３番３７号　Ｋビル１ーＡ" }, "geometry": { "type": "Point", "coordinates": [ 135.997588, 35.022074 ] } },
{ "type": "Feature", "properties": { "ID": 2557250010000, "正式名称": "そうごう薬局　膳所駅前店", "機関区分": 5, "都道府県コード": 25, "市区町村コード": 201, "所在地": "滋賀県大津市馬場２丁目９－１　ＩＢ　ＯＴＳＵ　１階", "緯度": 35.000094, "経度": 135.881914, "url": "https://www.iryou.teikyouseido.mhlw.go.jp/znk-web/juminkanja/S2430/initialize?prefCd=25&kikanCd=7250010000&kikanKbn=5", "url2": "https://www.sogo-medical.co.jp/sogopharmacy/shop/view/850", "内容": "そうごう薬局　膳所駅前店【5:薬局】滋賀県大津市馬場２丁目９－１　ＩＢ　ＯＴＳＵ　１階" }, "geometry": { "type": "Point", "coordinates": [ 135.881914, 35.000094 ] } },
{ "type": "Feature", "properties": { "ID": 2557250010010, "正式名称": "はなちゃん薬局　３号店", "機関区分": 5, "都道府県コード": 25, "市区町村コード": 208, "所在地": "滋賀県栗東市綣三丁目５－９", "緯度": 35.034144, "経度": 135.982037, "url": "https://www.iryou.teikyouseido.mhlw.go.jp/znk-web/juminkanja/S2430/initialize?prefCd=25&kikanCd=7250010010&kikanKbn=5", "url2": "https://hanachan-yakkyoku.com/", "内容": "はなちゃん薬局　３号店【5:薬局】滋賀県栗東市綣三丁目５－９" }, "geometry": { "type": "Point", "coordinates": [ 135.982037, 35.034144 ] } },
{ "type": "Feature", "properties": { "ID": 2557250010020, "正式名称": "ゆうなみ薬局", "機関区分": 5, "都道府県コード": 25, "市区町村コード": 204, "所在地": "滋賀県近江八幡市音羽町２４－１", "緯度": 35.134343, "経度": 136.101839, "url": "https://www.iryou.teikyouseido.mhlw.go.jp/znk-web/juminkanja/S2430/initialize?prefCd=25&kikanCd=7250010020&kikanKbn=5", "url2": "http://meron-net.shop/ds/yu_namipharma/", "内容": "ゆうなみ薬局【5:薬局】滋賀県近江八幡市音羽町２４－１" }, "geometry": { "type": "Point", "coordinates": [ 136.101839, 35.134343 ] } },
{ "type": "Feature", "properties": { "ID": 2557250010030, "正式名称": "スギ薬局　御殿浜店", "機関区分": 5, "都道府県コード": 25, "市区町村コード": 201, "所在地": "滋賀県大津市御殿浜２３番１０号", "緯度": 34.988719, "経度": 135.89809, "url": "https://www.iryou.teikyouseido.mhlw.go.jp/znk-web/juminkanja/S2430/initialize?prefCd=25&kikanCd=7250010030&kikanKbn=5", "url2": "https://www.sugi-net.jp/tenpo/detail/1684.html", "内容": "スギ薬局　御殿浜店【5:薬局】滋賀県大津市御殿浜２３番１０号" }, "geometry": { "type": "Point", "coordinates": [ 135.89809, 34.988719 ] } },
{ "type": "Feature", "properties": { "ID": 2557250010040, "正式名称": "スギ薬局　近江八幡南店", "機関区分": 5, "都道府県コード": 25, "市区町村コード": 204, "所在地": "滋賀県近江八幡市鷹飼町南３－１－１１", "緯度": 35.121339, "経度": 136.106621, "url": "https://www.iryou.teikyouseido.mhlw.go.jp/znk-web/juminkanja/S2430/initialize?prefCd=25&kikanCd=7250010040&kikanKbn=5", "url2": "http://www.drug-sugi.co.jp/", "内容": "スギ薬局　近江八幡南店【5:薬局】滋賀県近江八幡市鷹飼町南３－１－１１" }, "geometry": { "type": "Point", "coordinates": [ 136.106621, 35.121339 ] } },
{ "type": "Feature", "properties": { "ID": 2557250010050, "正式名称": "やまのうえ薬局", "機関区分": 5, "都道府県コード": 25, "市区町村コード": 384, "所在地": "滋賀県蒲生郡竜王町山之上５５７２", "緯度": 35.040989, "経度": 136.137454, "url": "https://www.iryou.teikyouseido.mhlw.go.jp/znk-web/juminkanja/S2430/initialize?prefCd=25&kikanCd=7250010050&kikanKbn=5", "url2": "http://www.big-advance.site/s/161/1463", "内容": "やまのうえ薬局【5:薬局】滋賀県蒲生郡竜王町山之上５５７２" }, "geometry": { "type": "Point", "coordinates": [ 136.137454, 35.040989 ] } },
{ "type": "Feature", "properties": { "ID": 2557250010060, "正式名称": "みつばち調剤薬局", "機関区分": 5, "都道府県コード": 25, "市区町村コード": 212, "所在地": "滋賀県高島市安曇川町中央二丁目３－１４", "緯度": 35.327234, "経度": 136.019036, "url": "https://www.iryou.teikyouseido.mhlw.go.jp/znk-web/juminkanja/S2430/initialize?prefCd=25&kikanCd=7250010060&kikanKbn=5", "url2": null, "内容": "みつばち調剤薬局【5:薬局】滋賀県高島市安曇川町中央二丁目３－１４" }, "geometry": { "type": "Point", "coordinates": [ 136.019036, 35.327234 ] } },
{ "type": "Feature", "properties": { "ID": 2557250010070, "正式名称": "はごろも薬局", "機関区分": 5, "都道府県コード": 25, "市区町村コード": 203, "所在地": "滋賀県長浜市余呉町中之郷１１５８", "緯度": 35.542197, "経度": 136.20557, "url": "https://www.iryou.teikyouseido.mhlw.go.jp/znk-web/juminkanja/S2430/initialize?prefCd=25&kikanCd=7250010070&kikanKbn=5", "url2": "https://www.e-classa.net/hagoromo/index.html", "内容": "はごろも薬局【5:薬局】滋賀県長浜市余呉町中之郷１１５８" }, "geometry": { "type": "Point", "coordinates": [ 136.20557, 35.542197 ] } },
{ "type": "Feature", "properties": { "ID": 2557250010080, "正式名称": "ウエルシア薬局　野洲市三宅店", "機関区分": 5, "都道府県コード": 25, "市区町村コード": 210, "所在地": "滋賀県野洲市市三宅２３７５", "緯度": 35.066105, "経度": 136.015284, "url": "https://www.iryou.teikyouseido.mhlw.go.jp/znk-web/juminkanja/S2430/initialize?prefCd=25&kikanCd=7250010080&kikanKbn=5", "url2": "http://www.welcia-yakkyoku.co.jp/", "内容": "ウエルシア薬局　野洲市三宅店【5:薬局】滋賀県野洲市市三宅２３７５" }, "geometry": { "type": "Point", "coordinates": [ 136.015284, 35.066105 ] } },
{ "type": "Feature", "properties": { "ID": 2557250010090, "正式名称": "Ｖ・ｄｒｕｇ　東近江ひよこ薬局", "機関区分": 5, "都道府県コード": 25, "市区町村コード": 213, "所在地": "滋賀県東近江市市子松井町１９１番３", "緯度": 35.049846, "経度": 136.181819, "url": "https://www.iryou.teikyouseido.mhlw.go.jp/znk-web/juminkanja/S2430/initialize?prefCd=25&kikanCd=7250010090&kikanKbn=5", "url2": "https://vdrug.co.jp/pharmacy/", "内容": "Ｖ・ｄｒｕｇ　東近江ひよこ薬局【5:薬局】滋賀県東近江市市子松井町１９１番３" }, "geometry": { "type": "Point", "coordinates": [ 136.181819, 35.049846 ] } },
{ "type": "Feature", "properties": { "ID": 2557250010100, "正式名称": "ユニスマイル薬局　あやの店", "機関区分": 5, "都道府県コード": 25, "市区町村コード": 209, "所在地": "滋賀県甲賀市水口町綾野３番３１号", "緯度": 34.975597, "経度": 136.16797, "url": "https://www.iryou.teikyouseido.mhlw.go.jp/znk-web/juminkanja/S2430/initialize?prefCd=25&kikanCd=7250010100&kikanKbn=5", "url2": "https://unismile.co.jp", "内容": "ユニスマイル薬局　あやの店【5:薬局】滋賀県甲賀市水口町綾野３番３１号" }, "geometry": { "type": "Point", "coordinates": [ 136.16797, 34.975597 ] } },
{ "type": "Feature", "properties": { "ID": 2557250010110, "正式名称": "ユニスマイル薬局　水口店", "機関区分": 5, "都道府県コード": 25, "市区町村コード": 209, "所在地": "滋賀県甲賀市水口町本町２丁目２－４０（１Ｆ）", "緯度": 34.970865, "経度": 136.174729, "url": "https://www.iryou.teikyouseido.mhlw.go.jp/znk-web/juminkanja/S2430/initialize?prefCd=25&kikanCd=7250010110&kikanKbn=5", "url2": "https://unismile.co.jp", "内容": "ユニスマイル薬局　水口店【5:薬局】滋賀県甲賀市水口町本町２丁目２－４０（１Ｆ）" }, "geometry": { "type": "Point", "coordinates": [ 136.174729, 34.970865 ] } },
{ "type": "Feature", "properties": { "ID": 2557250010120, "正式名称": "ユニスマイル薬局　北土山店", "機関区分": 5, "都道府県コード": 25, "市区町村コード": 209, "所在地": "滋賀県甲賀市土山町北土山１６７８番地", "緯度": 34.93903, "経度": 136.292939, "url": "https://www.iryou.teikyouseido.mhlw.go.jp/znk-web/juminkanja/S2430/initialize?prefCd=25&kikanCd=7250010120&kikanKbn=5", "url2": "https://unismile.co.jp", "内容": "ユニスマイル薬局　北土山店【5:薬局】滋賀県甲賀市土山町北土山１６７８番地" }, "geometry": { "type": "Point", "coordinates": [ 136.292939, 34.93903 ] } },
{ "type": "Feature", "properties": { "ID": 2557250010130, "正式名称": "ユニスマイル薬局　みやうち店", "機関区分": 5, "都道府県コード": 25, "市区町村コード": 204, "所在地": "滋賀県近江八幡市宮内町１８８－７", "緯度": 35.140047, "経度": 136.085724, "url": "https://www.iryou.teikyouseido.mhlw.go.jp/znk-web/juminkanja/S2430/initialize?prefCd=25&kikanCd=7250010130&kikanKbn=5", "url2": "https://unismile.co.jp", "内容": "ユニスマイル薬局　みやうち店【5:薬局】滋賀県近江八幡市宮内町１８８－７" }, "geometry": { "type": "Point", "coordinates": [ 136.085724, 35.140047 ] } },
{ "type": "Feature", "properties": { "ID": 2557250010140, "正式名称": "ユタカ薬局　南草津", "機関区分": 5, "都道府県コード": 25, "市区町村コード": 206, "所在地": "滋賀県草津市野路町６８９番地３", "緯度": 35.005103, "経度": 135.946249, "url": "https://www.iryou.teikyouseido.mhlw.go.jp/znk-web/juminkanja/S2430/initialize?prefCd=25&kikanCd=7250010140&kikanKbn=5", "url2": "https://www.d-yutaka.co.jp/shop/22044.html", "内容": "ユタカ薬局　南草津【5:薬局】滋賀県草津市野路町６８９番地３" }, "geometry": { "type": "Point", "coordinates": [ 135.946249, 35.005103 ] } },
{ "type": "Feature", "properties": { "ID": 2557250010150, "正式名称": "ウエルシア薬局　守山今宿店", "機関区分": 5, "都道府県コード": 25, "市区町村コード": 207, "所在地": "滋賀県守山市今宿４－５－１０", "緯度": 35.052482, "経度": 135.984437, "url": "https://www.iryou.teikyouseido.mhlw.go.jp/znk-web/juminkanja/S2430/initialize?prefCd=25&kikanCd=7250010150&kikanKbn=5", "url2": "http://www.welcia-yakkyoku.co.jp", "内容": "ウエルシア薬局　守山今宿店【5:薬局】滋賀県守山市今宿４－５－１０" }, "geometry": { "type": "Point", "coordinates": [ 135.984437, 35.052482 ] } },
{ "type": "Feature", "properties": { "ID": 2557250010160, "正式名称": "スズキ調剤薬局　野路店", "機関区分": 5, "都道府県コード": 25, "市区町村コード": 206, "所在地": "滋賀県草津市野路町６５２－３", "緯度": 35.006537, "経度": 135.942471, "url": "https://www.iryou.teikyouseido.mhlw.go.jp/znk-web/juminkanja/S2430/initialize?prefCd=25&kikanCd=7250010160&kikanKbn=5", "url2": "https://www.suzukiph.co.jp/", "内容": "スズキ調剤薬局　野路店【5:薬局】滋賀県草津市野路町６５２－３" }, "geometry": { "type": "Point", "coordinates": [ 135.942471, 35.006537 ] } },
{ "type": "Feature", "properties": { "ID": 2557250010170, "正式名称": "クスリのアオキ　安土薬局", "機関区分": 5, "都道府県コード": 25, "市区町村コード": 204, "所在地": "滋賀県近江八幡市安土町下豊浦８７１３番地１", "緯度": 35.149616, "経度": 136.131041, "url": "https://www.iryou.teikyouseido.mhlw.go.jp/znk-web/juminkanja/S2430/initialize?prefCd=25&kikanCd=7250010170&kikanKbn=5", "url2": "https://www.kusuri-aoki.co.jp/", "内容": "クスリのアオキ　安土薬局【5:薬局】滋賀県近江八幡市安土町下豊浦８７１３番地１" }, "geometry": { "type": "Point", "coordinates": [ 136.131041, 35.149616 ] } },
{ "type": "Feature", "properties": { "ID": 2557250010180, "正式名称": "せせらぎ調剤薬局", "機関区分": 5, "都道府県コード": 25, "市区町村コード": 209, "所在地": "滋賀県甲賀市水口町京町６番１２号", "緯度": 34.967033, "経度": 136.178613, "url": "https://www.iryou.teikyouseido.mhlw.go.jp/znk-web/juminkanja/S2430/initialize?prefCd=25&kikanCd=7250010180&kikanKbn=5", "url2": null, "内容": "せせらぎ調剤薬局【5:薬局】滋賀県甲賀市水口町京町６番１２号" }, "geometry": { "type": "Point", "coordinates": [ 136.178613, 34.967033 ] } },
{ "type": "Feature", "properties": { "ID": 2557250010190, "正式名称": "スギ薬局　おごと温泉駅前店", "機関区分": 5, "都道府県コード": 25, "市区町村コード": 201, "所在地": "滋賀県大津市仰木の里東一丁目１番８号", "緯度": 35.098224, "経度": 135.892235, "url": "https://www.iryou.teikyouseido.mhlw.go.jp/znk-web/juminkanja/S2430/initialize?prefCd=25&kikanCd=7250010190&kikanKbn=5", "url2": "https://www.sugi-net.jp/tenpo/detail/1778.html", "内容": "スギ薬局　おごと温泉駅前店【5:薬局】滋賀県大津市仰木の里東一丁目１番８号" }, "geometry": { "type": "Point", "coordinates": [ 135.892235, 35.098224 ] } },
{ "type": "Feature", "properties": { "ID": 2557250010200, "正式名称": "こころ薬局　唐崎駅店", "機関区分": 5, "都道府県コード": 25, "市区町村コード": 201, "所在地": "滋賀県大津市唐崎二丁目１１－３", "緯度": 35.049511, "経度": 135.866398, "url": "https://www.iryou.teikyouseido.mhlw.go.jp/znk-web/juminkanja/S2430/initialize?prefCd=25&kikanCd=7250010200&kikanKbn=5", "url2": null, "内容": "こころ薬局　唐崎駅店【5:薬局】滋賀県大津市唐崎二丁目１１－３" }, "geometry": { "type": "Point", "coordinates": [ 135.866398, 35.049511 ] } },
{ "type": "Feature", "properties": { "ID": 2557250010210, "正式名称": "キリン堂薬局　皇子山店", "機関区分": 5, "都道府県コード": 25, "市区町村コード": 201, "所在地": "滋賀県大津市大門通１６－４７", "緯度": 35.014497, "経度": 135.858394, "url": "https://www.iryou.teikyouseido.mhlw.go.jp/znk-web/juminkanja/S2430/initialize?prefCd=25&kikanCd=7250010210&kikanKbn=5", "url2": "http://www.kirindo.co.jp", "内容": "キリン堂薬局　皇子山店【5:薬局】滋賀県大津市大門通１６－４７" }, "geometry": { "type": "Point", "coordinates": [ 135.858394, 35.014497 ] } },
{ "type": "Feature", "properties": { "ID": 2557250010220, "正式名称": "とうじゅ薬局", "機関区分": 5, "都道府県コード": 25, "市区町村コード": 212, "所在地": "滋賀県高島市新旭町旭一丁目８－５　エスパ１階", "緯度": 35.356238, "経度": 136.034947, "url": "https://www.iryou.teikyouseido.mhlw.go.jp/znk-web/juminkanja/S2430/initialize?prefCd=25&kikanCd=7250010220&kikanKbn=5", "url2": "https://r.goope.jp/toujupharmacy", "内容": "とうじゅ薬局【5:薬局】滋賀県高島市新旭町旭一丁目８－５　エスパ１階" }, "geometry": { "type": "Point", "coordinates": [ 136.034947, 35.356238 ] } },
{ "type": "Feature", "properties": { "ID": 2557250010230, "正式名称": "スギ薬局　在宅調剤センター高田店", "機関区分": 5, "都道府県コード": 25, "市区町村コード": 203, "所在地": "滋賀県長浜市高田町１１番３３号", "緯度": 35.004531, "経度": 135.86859, "url": "https://www.iryou.teikyouseido.mhlw.go.jp/znk-web/juminkanja/S2430/initialize?prefCd=25&kikanCd=7250010230&kikanKbn=5", "url2": "http://www.sugi-net.jp", "内容": "スギ薬局　在宅調剤センター高田店【5:薬局】滋賀県長浜市高田町１１番３３号" }, "geometry": { "type": "Point", "coordinates": [ 135.86859, 35.004531 ] } },
{ "type": "Feature", "properties": { "ID": 2557250010240, "正式名称": "クスリのアオキ　浅井薬局", "機関区分": 5, "都道府県コード": 25, "市区町村コード": 203, "所在地": "滋賀県長浜市内保町２７０９番地１", "緯度": 35.429094, "経度": 136.296773, "url": "https://www.iryou.teikyouseido.mhlw.go.jp/znk-web/juminkanja/S2430/initialize?prefCd=25&kikanCd=7250010240&kikanKbn=5", "url2": "https://www.kusuri-aoki.co.jp/", "内容": "クスリのアオキ　浅井薬局【5:薬局】滋賀県長浜市内保町２７０９番地１" }, "geometry": { "type": "Point", "coordinates": [ 136.296773, 35.429094 ] } },
{ "type": "Feature", "properties": { "ID": 2557250010250, "正式名称": "ニシムラ薬局", "機関区分": 5, "都道府県コード": 25, "市区町村コード": 201, "所在地": "滋賀県大津市国分一丁目９－２５", "緯度": 34.970658, "経度": 135.894964, "url": "https://www.iryou.teikyouseido.mhlw.go.jp/znk-web/juminkanja/S2430/initialize?prefCd=25&kikanCd=7250010250&kikanKbn=5", "url2": "https://nishimura-pharmacy.com/", "内容": "ニシムラ薬局【5:薬局】滋賀県大津市国分一丁目９－２５" }, "geometry": { "type": "Point", "coordinates": [ 135.894964, 34.970658 ] } },
{ "type": "Feature", "properties": { "ID": 2557250010260, "正式名称": "サンドラッグ　野洲薬局", "機関区分": 5, "都道府県コード": 25, "市区町村コード": 210, "所在地": "滋賀県野洲市小篠原１０００　アルプラザ野洲店１階", "緯度": 35.06699, "経度": 136.02483, "url": "https://www.iryou.teikyouseido.mhlw.go.jp/znk-web/juminkanja/S2430/initialize?prefCd=25&kikanCd=7250010260&kikanKbn=5", "url2": "https://sundrug-online.com/blogs/search-store/5915", "内容": "サンドラッグ　野洲薬局【5:薬局】滋賀県野洲市小篠原１０００　アルプラザ野洲店１階" }, "geometry": { "type": "Point", "coordinates": [ 136.02483, 35.06699 ] } },
{ "type": "Feature", "properties": { "ID": 2557250010270, "正式名称": "カルム薬局", "機関区分": 5, "都道府県コード": 25, "市区町村コード": 210, "所在地": "滋賀県野洲市久野部１９８－１　アンゲネームＢ－１", "緯度": 35.071836, "経度": 136.025242, "url": "https://www.iryou.teikyouseido.mhlw.go.jp/znk-web/juminkanja/S2430/initialize?prefCd=25&kikanCd=7250010270&kikanKbn=5", "url2": null, "内容": "カルム薬局【5:薬局】滋賀県野洲市久野部１９８－１　アンゲネームＢ－１" }, "geometry": { "type": "Point", "coordinates": [ 136.025242, 35.071836 ] } },
{ "type": "Feature", "properties": { "ID": 2557250010280, "正式名称": "クスリのアオキ　虎姫薬局", "機関区分": 5, "都道府県コード": 25, "市区町村コード": 203, "所在地": "滋賀県長浜市五村２０９番地１", "緯度": 35.421202, "経度": 136.260982, "url": "https://www.iryou.teikyouseido.mhlw.go.jp/znk-web/juminkanja/S2430/initialize?prefCd=25&kikanCd=7250010280&kikanKbn=5", "url2": "https://www.kusuri-aoki.co.jp/", "内容": "クスリのアオキ　虎姫薬局【5:薬局】滋賀県長浜市五村２０９番地１" }, "geometry": { "type": "Point", "coordinates": [ 136.260982, 35.421202 ] } },
{ "type": "Feature", "properties": { "ID": 2557250010290, "正式名称": "松原調剤薬局", "機関区分": 5, "都道府県コード": 25, "市区町村コード": 202, "所在地": "滋賀県彦根市松原町１８９２－２－２", "緯度": 35.278527, "経度": 136.260155, "url": "https://www.iryou.teikyouseido.mhlw.go.jp/znk-web/juminkanja/S2430/initialize?prefCd=25&kikanCd=7250010290&kikanKbn=5", "url2": null, "内容": "松原調剤薬局【5:薬局】滋賀県彦根市松原町１８９２－２－２" }, "geometry": { "type": "Point", "coordinates": [ 136.260155, 35.278527 ] } },
{ "type": "Feature", "properties": { "ID": 2557250010310, "正式名称": "キリン堂薬局　守山梅田店", "機関区分": 5, "都道府県コード": 25, "市区町村コード": 207, "所在地": "滋賀県守山市梅田町１１－１９", "緯度": 35.053439, "経度": 135.995925, "url": "https://www.iryou.teikyouseido.mhlw.go.jp/znk-web/juminkanja/S2430/initialize?prefCd=25&kikanCd=7250010310&kikanKbn=5", "url2": "http://kirindo-shop.com", "内容": "キリン堂薬局　守山梅田店【5:薬局】滋賀県守山市梅田町１１－１９" }, "geometry": { "type": "Point", "coordinates": [ 135.995925, 35.053439 ] } },
{ "type": "Feature", "properties": { "ID": 2557250010320, "正式名称": "ヤクゴ薬局　まるやま水郷店", "機関区分": 5, "都道府県コード": 25, "市区町村コード": 204, "所在地": "滋賀県近江八幡市円山町字岩崎９２７－７", "緯度": 35.162144, "経度": 136.09782, "url": "https://www.iryou.teikyouseido.mhlw.go.jp/znk-web/juminkanja/S2430/initialize?prefCd=25&kikanCd=7250010320&kikanKbn=5", "url2": null, "内容": "ヤクゴ薬局　まるやま水郷店【5:薬局】滋賀県近江八幡市円山町字岩崎９２７－７" }, "geometry": { "type": "Point", "coordinates": [ 136.09782, 35.162144 ] } },
{ "type": "Feature", "properties": { "ID": 2557250010330, "正式名称": "キリン堂薬局　草津追分店", "機関区分": 5, "都道府県コード": 25, "市区町村コード": 206, "所在地": "滋賀県草津市追分南六丁目１番６号", "緯度": 34.995036, "経度": 135.964436, "url": "https://www.iryou.teikyouseido.mhlw.go.jp/znk-web/juminkanja/S2430/initialize?prefCd=25&kikanCd=7250010330&kikanKbn=5", "url2": null, "内容": "キリン堂薬局　草津追分店【5:薬局】滋賀県草津市追分南六丁目１番６号" }, "geometry": { "type": "Point", "coordinates": [ 135.964436, 34.995036 ] } },
{ "type": "Feature", "properties": { "ID": 2557250010340, "正式名称": "ユタカ薬局　水口的場", "機関区分": 5, "都道府県コード": 25, "市区町村コード": 209, "所在地": "滋賀県甲賀市水口町的場１０６", "緯度": 34.968954, "経度": 136.161547, "url": "https://www.iryou.teikyouseido.mhlw.go.jp/znk-web/juminkanja/S2430/initialize?prefCd=25&kikanCd=7250010340&kikanKbn=5", "url2": "https://www.d-yutaka.co.jp/shop/18350.html", "内容": "ユタカ薬局　水口的場【5:薬局】滋賀県甲賀市水口町的場１０６" }, "geometry": { "type": "Point", "coordinates": [ 136.161547, 34.968954 ] } },
{ "type": "Feature", "properties": { "ID": 2557250010350, "正式名称": "このはな薬局", "機関区分": 5, "都道府県コード": 25, "市区町村コード": 209, "所在地": "滋賀県甲賀市土山町徳原４５６番地", "緯度": 34.948328, "経度": 136.229674, "url": "https://www.iryou.teikyouseido.mhlw.go.jp/znk-web/juminkanja/S2430/initialize?prefCd=25&kikanCd=7250010350&kikanKbn=5", "url2": "https://konohana-ph.com", "内容": "このはな薬局【5:薬局】滋賀県甲賀市土山町徳原４５６番地" }, "geometry": { "type": "Point", "coordinates": [ 136.229674, 34.948328 ] } },
{ "type": "Feature", "properties": { "ID": 2557250010360, "正式名称": "ウエルシア薬局　滋賀草津町店", "機関区分": 5, "都道府県コード": 25, "市区町村コード": 206, "所在地": "滋賀県草津市草津町１８９９番地", "緯度": 35.017239, "経度": 135.949439, "url": "https://www.iryou.teikyouseido.mhlw.go.jp/znk-web/juminkanja/S2430/initialize?prefCd=25&kikanCd=7250010360&kikanKbn=5", "url2": "http://welcia-yakkyoku.co.jp", "内容": "ウエルシア薬局　滋賀草津町店【5:薬局】滋賀県草津市草津町１８９９番地" }, "geometry": { "type": "Point", "coordinates": [ 135.949439, 35.017239 ] } },
{ "type": "Feature", "properties": { "ID": 2557250010370, "正式名称": "株式会社アーガス　あんず薬局", "機関区分": 5, "都道府県コード": 25, "市区町村コード": 201, "所在地": "滋賀県大津市札ノ辻３－１２", "緯度": 34.951403, "経度": 135.980703, "url": "https://www.iryou.teikyouseido.mhlw.go.jp/znk-web/juminkanja/S2430/initialize?prefCd=25&kikanCd=7250010370&kikanKbn=5", "url2": "http://argusol.com/cont4/24.html", "内容": "株式会社アーガス　あんず薬局【5:薬局】滋賀県大津市札ノ辻３－１２" }, "geometry": { "type": "Point", "coordinates": [ 135.980703, 34.951403 ] } },
{ "type": "Feature", "properties": { "ID": 2557250010380, "正式名称": "コスモス調剤薬局　八幡中山店", "機関区分": 5, "都道府県コード": 25, "市区町村コード": 203, "所在地": "滋賀県長浜市八幡中山町３０５－４", "緯度": 35.392753, "経度": 136.279444, "url": "https://www.iryou.teikyouseido.mhlw.go.jp/znk-web/juminkanja/S2430/initialize?prefCd=25&kikanCd=7250010380&kikanKbn=5", "url2": "http://www.cosmospc.co.jp", "内容": "コスモス調剤薬局　八幡中山店【5:薬局】滋賀県長浜市八幡中山町３０５－４" }, "geometry": { "type": "Point", "coordinates": [ 136.279444, 35.392753 ] } },
{ "type": "Feature", "properties": { "ID": 2557250010390, "正式名称": "フタツカ薬局　湖南店", "機関区分": 5, "都道府県コード": 25, "市区町村コード": 211, "所在地": "滋賀県湖南市菩提寺東三丁目６－２０", "緯度": 35.039111, "経度": 136.062094, "url": "https://www.iryou.teikyouseido.mhlw.go.jp/znk-web/juminkanja/S2430/initialize?prefCd=25&kikanCd=7250010390&kikanKbn=5", "url2": "https://www.cocokarafine.co.jp", "内容": "フタツカ薬局　湖南店【5:薬局】滋賀県湖南市菩提寺東三丁目６－２０" }, "geometry": { "type": "Point", "coordinates": [ 136.062094, 35.039111 ] } },
{ "type": "Feature", "properties": { "ID": 2557250010400, "正式名称": "ユタカ薬局　長浜宮司", "機関区分": 5, "都道府県コード": 25, "市区町村コード": 203, "所在地": "滋賀県長浜市宮司町１２００番地", "緯度": 35.383507, "経度": 136.29013, "url": "https://www.iryou.teikyouseido.mhlw.go.jp/znk-web/juminkanja/S2430/initialize?prefCd=25&kikanCd=7250010400&kikanKbn=5", "url2": "https://www.d-yutaka.co.jp/shop/19657.html", "内容": "ユタカ薬局　長浜宮司【5:薬局】滋賀県長浜市宮司町１２００番地" }, "geometry": { "type": "Point", "coordinates": [ 136.29013, 35.383507 ] } },
{ "type": "Feature", "properties": { "ID": 2557250010410, "正式名称": "みらい薬局石部", "機関区分": 5, "都道府県コード": 25, "市区町村コード": 211, "所在地": "滋賀県湖南市石部中央一丁目３－２４", "緯度": 35.009324, "経度": 136.059609, "url": "https://www.iryou.teikyouseido.mhlw.go.jp/znk-web/juminkanja/S2430/initialize?prefCd=25&kikanCd=7250010410&kikanKbn=5", "url2": null, "内容": "みらい薬局石部【5:薬局】滋賀県湖南市石部中央一丁目３－２４" }, "geometry": { "type": "Point", "coordinates": [ 136.059609, 35.009324 ] } },
{ "type": "Feature", "properties": { "ID": 2557250010420, "正式名称": "ファーマライズ薬局　雄琴駅前店", "機関区分": 5, "都道府県コード": 25, "市区町村コード": 201, "所在地": "滋賀県大津市雄琴北二丁目２番１０号　フレンドマート雄琴駅前店内", "緯度": 35.0977978, "経度": 135.8927986, "url": "https://www.iryou.teikyouseido.mhlw.go.jp/znk-web/juminkanja/S2430/initialize?prefCd=25&kikanCd=7250010420&kikanKbn=5", "url2": "https://www.pharmarise.com/", "内容": "ファーマライズ薬局　雄琴駅前店【5:薬局】滋賀県大津市雄琴北二丁目２番１０号　フレンドマート雄琴駅前店内" }, "geometry": { "type": "Point", "coordinates": [ 135.8927986, 35.0977978 ] } },
{ "type": "Feature", "properties": { "ID": 2557250010430, "正式名称": "大津京こと薬局", "機関区分": 5, "都道府県コード": 25, "市区町村コード": 201, "所在地": "滋賀県大津市二本松１－１　ブランチ大津京２階", "緯度": 35.030397, "経度": 135.864728, "url": "https://www.iryou.teikyouseido.mhlw.go.jp/znk-web/juminkanja/S2430/initialize?prefCd=25&kikanCd=7250010430&kikanKbn=5", "url2": "http://lake-ph.com", "内容": "大津京こと薬局【5:薬局】滋賀県大津市二本松１－１　ブランチ大津京２階" }, "geometry": { "type": "Point", "coordinates": [ 135.864728, 35.030397 ] } },
{ "type": "Feature", "properties": { "ID": 2557250010440, "正式名称": "かえる薬局　篠原駅前店", "機関区分": 5, "都道府県コード": 25, "市区町村コード": 204, "所在地": "滋賀県近江八幡市安養寺町８７４－１", "緯度": 35.101078, "経度": 136.074107, "url": "https://www.iryou.teikyouseido.mhlw.go.jp/znk-web/juminkanja/S2430/initialize?prefCd=25&kikanCd=7250010440&kikanKbn=5", "url2": "https://www.kusurinomadoguchi.com/shiga/s1000122372/hearing", "内容": "かえる薬局　篠原駅前店【5:薬局】滋賀県近江八幡市安養寺町８７４－１" }, "geometry": { "type": "Point", "coordinates": [ 136.074107, 35.101078 ] } },
{ "type": "Feature", "properties": { "ID": 2557250010450, "正式名称": "近江八幡ゆう薬局", "機関区分": 5, "都道府県コード": 25, "市区町村コード": 204, "所在地": "滋賀県近江八幡市鷹飼町５４７－２　きよし堂ビル１階", "緯度": 35.124676, "経度": 136.099463, "url": "https://www.iryou.teikyouseido.mhlw.go.jp/znk-web/juminkanja/S2430/initialize?prefCd=25&kikanCd=7250010450&kikanKbn=5", "url2": "https://www.uno-upd.co.jp/store/shigaken/19779/", "内容": "近江八幡ゆう薬局【5:薬局】滋賀県近江八幡市鷹飼町５４７－２　きよし堂ビル１階" }, "geometry": { "type": "Point", "coordinates": [ 136.099463, 35.124676 ] } },
{ "type": "Feature", "properties": { "ID": 2557250010460, "正式名称": "ファースト薬局　八日市店", "機関区分": 5, "都道府県コード": 25, "市区町村コード": 213, "所在地": "滋賀県東近江市蛇溝町１２０－３", "緯度": 35.098504, "経度": 136.207681, "url": "https://www.iryou.teikyouseido.mhlw.go.jp/znk-web/juminkanja/S2430/initialize?prefCd=25&kikanCd=7250010460&kikanKbn=5", "url2": null, "内容": "ファースト薬局　八日市店【5:薬局】滋賀県東近江市蛇溝町１２０－３" }, "geometry": { "type": "Point", "coordinates": [ 136.207681, 35.098504 ] } },
{ "type": "Feature", "properties": { "ID": 2557250010470, "正式名称": "アイセイハート薬局　栗東安養寺店", "機関区分": 5, "都道府県コード": 25, "市区町村コード": 208, "所在地": "滋賀県栗東市安養寺一丁目９－１０", "緯度": 35.02197, "経度": 135.999407, "url": "https://www.iryou.teikyouseido.mhlw.go.jp/znk-web/juminkanja/S2430/initialize?prefCd=25&kikanCd=7250010470&kikanKbn=5", "url2": "https://www.aisei.co.jp/", "内容": "アイセイハート薬局　栗東安養寺店【5:薬局】滋賀県栗東市安養寺一丁目９－１０" }, "geometry": { "type": "Point", "coordinates": [ 135.999407, 35.02197 ] } },
{ "type": "Feature", "properties": { "ID": 2557250010480, "正式名称": "ポプラ薬局", "機関区分": 5, "都道府県コード": 25, "市区町村コード": 201, "所在地": "滋賀県大津市中央三丁目５－９", "緯度": 35.006213, "経度": 135.869425, "url": "https://www.iryou.teikyouseido.mhlw.go.jp/znk-web/juminkanja/S2430/initialize?prefCd=25&kikanCd=7250010480&kikanKbn=5", "url2": null, "内容": "ポプラ薬局【5:薬局】滋賀県大津市中央三丁目５－９" }, "geometry": { "type": "Point", "coordinates": [ 135.869425, 35.006213 ] } },
{ "type": "Feature", "properties": { "ID": 2557250010490, "正式名称": "レモン薬局　矢橋店", "機関区分": 5, "都道府県コード": 25, "市区町村コード": 206, "所在地": "滋賀県草津市矢橋町１０２－８", "緯度": 34.9968, "経度": 135.952758, "url": "https://www.iryou.teikyouseido.mhlw.go.jp/znk-web/juminkanja/S2430/initialize?prefCd=25&kikanCd=7250010490&kikanKbn=5", "url2": "http://nexus-lemon.com/store/yabase/", "内容": "レモン薬局　矢橋店【5:薬局】滋賀県草津市矢橋町１０２－８" }, "geometry": { "type": "Point", "coordinates": [ 135.952758, 34.9968 ] } },
{ "type": "Feature", "properties": { "ID": 2557250010500, "正式名称": "はりまだゆう薬局", "機関区分": 5, "都道府県コード": 25, "市区町村コード": 207, "所在地": "滋賀県守山市播磨田町３０６０", "緯度": 35.067094, "経度": 135.992145, "url": "https://www.iryou.teikyouseido.mhlw.go.jp/znk-web/juminkanja/S2430/initialize?prefCd=25&kikanCd=7250010500&kikanKbn=5", "url2": "http://www.uno-upd.co.jp/store/shigaken/20539", "内容": "はりまだゆう薬局【5:薬局】滋賀県守山市播磨田町３０６０" }, "geometry": { "type": "Point", "coordinates": [ 135.992145, 35.067094 ] } },
{ "type": "Feature", "properties": { "ID": 2557250010510, "正式名称": "Ｉ＆Ｈ滋賀甲南薬局", "機関区分": 5, "都道府県コード": 25, "市区町村コード": 209, "所在地": "滋賀県甲賀市甲南町葛木１００４－１", "緯度": 34.928325, "経度": 136.175681, "url": "https://www.iryou.teikyouseido.mhlw.go.jp/znk-web/juminkanja/S2430/initialize?prefCd=25&kikanCd=7250010510&kikanKbn=5", "url2": "https://www.sugi-net.jp/", "内容": "Ｉ＆Ｈ滋賀甲南薬局【5:薬局】滋賀県甲賀市甲南町葛木１００４－１" }, "geometry": { "type": "Point", "coordinates": [ 136.175681, 34.928325 ] } },
{ "type": "Feature", "properties": { "ID": 2557250010520, "正式名称": "アイセイハート薬局　草津店", "機関区分": 5, "都道府県コード": 25, "市区町村コード": 208, "所在地": "滋賀県栗東市小柿七丁目９－１１　クリニックステーション草津１Ｆ", "緯度": 35.019879, "経度": 135.969757, "url": "https://www.iryou.teikyouseido.mhlw.go.jp/znk-web/juminkanja/S2430/initialize?prefCd=25&kikanCd=7250010520&kikanKbn=5", "url2": "http://www.aisei.co.jp", "内容": "アイセイハート薬局　草津店【5:薬局】滋賀県栗東市小柿七丁目９－１１　クリニックステーション草津１Ｆ" }, "geometry": { "type": "Point", "coordinates": [ 135.969757, 35.019879 ] } },
{ "type": "Feature", "properties": { "ID": 2557250010530, "正式名称": "Ｖ・ｄｒｕｇ　大将軍薬局", "機関区分": 5, "都道府県コード": 25, "市区町村コード": 201, "所在地": "滋賀県大津市大将軍１丁目２番１５号", "緯度": 34.994093, "経度": 135.921426, "url": "https://www.iryou.teikyouseido.mhlw.go.jp/znk-web/juminkanja/S2430/initialize?prefCd=25&kikanCd=7250010530&kikanKbn=5", "url2": "https://vdrug.co.jp/pharmacy/store/%e5%a4%a7%e5%b0%86%e8%bb%8d%e8%96%ac%e5%b1%80/", "内容": "Ｖ・ｄｒｕｇ　大将軍薬局【5:薬局】滋賀県大津市大将軍１丁目２番１５号" }, "geometry": { "type": "Point", "coordinates": [ 135.921426, 34.994093 ] } },
{ "type": "Feature", "properties": { "ID": 2557250010540, "正式名称": "あすなろ薬局", "機関区分": 5, "都道府県コード": 25, "市区町村コード": 206, "所在地": "滋賀県草津市下笠町７６－６", "緯度": 35.034378, "経度": 135.939988, "url": "https://www.iryou.teikyouseido.mhlw.go.jp/znk-web/juminkanja/S2430/initialize?prefCd=25&kikanCd=7250010540&kikanKbn=5", "url2": "https://meron-net.shop/ds/asunaropha-3767", "内容": "あすなろ薬局【5:薬局】滋賀県草津市下笠町７６－６" }, "geometry": { "type": "Point", "coordinates": [ 135.939988, 35.034378 ] } },
{ "type": "Feature", "properties": { "ID": 2557250010550, "正式名称": "高寿薬局", "機関区分": 5, "都道府県コード": 25, "市区町村コード": 206, "所在地": "滋賀県草津市新浜町８５－１９", "緯度": 34.998891, "経度": 135.92233, "url": "https://www.iryou.teikyouseido.mhlw.go.jp/znk-web/juminkanja/S2430/initialize?prefCd=25&kikanCd=7250010550&kikanKbn=5", "url2": null, "内容": "高寿薬局【5:薬局】滋賀県草津市新浜町８５－１９" }, "geometry": { "type": "Point", "coordinates": [ 135.92233, 34.998891 ] } },
{ "type": "Feature", "properties": { "ID": 2557250010560, "正式名称": "いちえ薬局八日市緑町店", "機関区分": 5, "都道府県コード": 25, "市区町村コード": 213, "所在地": "滋賀県東近江市八日市緑町２８ー１", "緯度": 35.1124, "経度": 136.20764, "url": "https://www.iryou.teikyouseido.mhlw.go.jp/znk-web/juminkanja/S2430/initialize?prefCd=25&kikanCd=7250010560&kikanKbn=5", "url2": "https://ichie.k-pharma.co.jp/page-715/", "内容": "いちえ薬局八日市緑町店【5:薬局】滋賀県東近江市八日市緑町２８ー１" }, "geometry": { "type": "Point", "coordinates": [ 136.20764, 35.1124 ] } },
{ "type": "Feature", "properties": { "ID": 2557250010570, "正式名称": "ひなつ薬局", "機関区分": 5, "都道府県コード": 25, "市区町村コード": 202, "所在地": "滋賀県彦根市日夏町６７０－１", "緯度": 35.235621, "経度": 136.220964, "url": "https://www.iryou.teikyouseido.mhlw.go.jp/znk-web/juminkanja/S2430/initialize?prefCd=25&kikanCd=7250010570&kikanKbn=5", "url2": null, "内容": "ひなつ薬局【5:薬局】滋賀県彦根市日夏町６７０－１" }, "geometry": { "type": "Point", "coordinates": [ 136.220964, 35.235621 ] } },
{ "type": "Feature", "properties": { "ID": 2557250010580, "正式名称": "株式会社スギ薬局長浜南店", "機関区分": 5, "都道府県コード": 25, "市区町村コード": 203, "所在地": "滋賀県長浜市勝町１０５", "緯度": 35.373617, "経度": 136.284767, "url": "https://www.iryou.teikyouseido.mhlw.go.jp/znk-web/juminkanja/S2430/initialize?prefCd=25&kikanCd=7250010580&kikanKbn=5", "url2": "https://www.sugi-net.jp/stores/001803", "内容": "株式会社スギ薬局長浜南店【5:薬局】滋賀県長浜市勝町１０５" }, "geometry": { "type": "Point", "coordinates": [ 136.284767, 35.373617 ] } },
{ "type": "Feature", "properties": { "ID": 2557250010590, "正式名称": "さつき調剤薬局", "機関区分": 5, "都道府県コード": 25, "市区町村コード": 202, "所在地": "滋賀県彦根市高宮町１７９３－１", "緯度": 35.238719, "経度": 136.257666, "url": "https://www.iryou.teikyouseido.mhlw.go.jp/znk-web/juminkanja/S2430/initialize?prefCd=25&kikanCd=7250010590&kikanKbn=5", "url2": "https://pharmacy-satsuki.com/", "内容": "さつき調剤薬局【5:薬局】滋賀県彦根市高宮町１７９３－１" }, "geometry": { "type": "Point", "coordinates": [ 136.257666, 35.238719 ] } },
{ "type": "Feature", "properties": { "ID": 2557250010610, "正式名称": "スギ薬局在宅調剤センター大津北店", "機関区分": 5, "都道府県コード": 25, "市区町村コード": 201, "所在地": "滋賀県大津市今堅田２丁目１３－２５", "緯度": 35.122769, "経度": 135.918417, "url": "https://www.iryou.teikyouseido.mhlw.go.jp/znk-web/juminkanja/S2430/initialize?prefCd=25&kikanCd=7250010610&kikanKbn=5", "url2": "http://www.drug-sugi.co.jp", "内容": "スギ薬局在宅調剤センター大津北店【5:薬局】滋賀県大津市今堅田２丁目１３－２５" }, "geometry": { "type": "Point", "coordinates": [ 135.918417, 35.122769 ] } },
{ "type": "Feature", "properties": { "ID": 2557250010620, "正式名称": "ユタカ薬局栗東小柿", "機関区分": 5, "都道府県コード": 25, "市区町村コード": 208, "所在地": "滋賀県栗東市小柿六丁目４ー２８", "緯度": 35.02178, "経度": 135.969958, "url": "https://www.iryou.teikyouseido.mhlw.go.jp/znk-web/juminkanja/S2430/initialize?prefCd=25&kikanCd=7250010620&kikanKbn=5", "url2": null, "内容": "ユタカ薬局栗東小柿【5:薬局】滋賀県栗東市小柿六丁目４ー２８" }, "geometry": { "type": "Point", "coordinates": [ 135.969958, 35.02178 ] } },
{ "type": "Feature", "properties": { "ID": 2557250010640, "正式名称": "ユタカ薬局浅井", "機関区分": 5, "都道府県コード": 25, "市区町村コード": 203, "所在地": "滋賀県長浜市三田町１７４４－１", "緯度": 35.426139, "経度": 136.310986, "url": "https://www.iryou.teikyouseido.mhlw.go.jp/znk-web/juminkanja/S2430/initialize?prefCd=25&kikanCd=7250010640&kikanKbn=5", "url2": "www.d-yutaka.co.jp", "内容": "ユタカ薬局浅井【5:薬局】滋賀県長浜市三田町１７４４－１" }, "geometry": { "type": "Point", "coordinates": [ 136.310986, 35.426139 ] } },
{ "type": "Feature", "properties": { "ID": 2557250010650, "正式名称": "ユタカ薬局３６５", "機関区分": 5, "都道府県コード": 25, "市区町村コード": 214, "所在地": "滋賀県米原市間田５０６－２", "緯度": 35.387452, "経度": 136.363143, "url": "https://www.iryou.teikyouseido.mhlw.go.jp/znk-web/juminkanja/S2430/initialize?prefCd=25&kikanCd=7250010650&kikanKbn=5", "url2": null, "内容": "ユタカ薬局３６５【5:薬局】滋賀県米原市間田５０６－２" }, "geometry": { "type": "Point", "coordinates": [ 136.363143, 35.387452 ] } },
{ "type": "Feature", "properties": { "ID": 2557250010660, "正式名称": "ユタカ薬局長浜祇園", "機関区分": 5, "都道府県コード": 25, "市区町村コード": 203, "所在地": "滋賀県長浜市祇園町２１番地", "緯度": 35.388426, "経度": 136.258569, "url": "https://www.iryou.teikyouseido.mhlw.go.jp/znk-web/juminkanja/S2430/initialize?prefCd=25&kikanCd=7250010660&kikanKbn=5", "url2": "https://www.d-yutaka.co.jp/shop/16990.html", "内容": "ユタカ薬局長浜祇園【5:薬局】滋賀県長浜市祇園町２１番地" }, "geometry": { "type": "Point", "coordinates": [ 136.258569, 35.388426 ] } },
{ "type": "Feature", "properties": { "ID": 2557250010730, "正式名称": "うぃんぐ薬局", "機関区分": 5, "都道府県コード": 25, "市区町村コード": 214, "所在地": "滋賀県米原市井之口", "緯度": 35.395075, "経度": 136.349344, "url": "https://www.iryou.teikyouseido.mhlw.go.jp/znk-web/juminkanja/S2430/initialize?prefCd=25&kikanCd=7250010730&kikanKbn=5", "url2": "https://pharmacy-wing.com/", "内容": "うぃんぐ薬局【5:薬局】滋賀県米原市井之口" }, "geometry": { "type": "Point", "coordinates": [ 136.349344, 35.395075 ] } },
{ "type": "Feature", "properties": { "ID": 2557250010740, "正式名称": "ウエルシア薬局　東近江市子殿店", "機関区分": 5, "都道府県コード": 25, "市区町村コード": 213, "所在地": "滋賀県東近江市市子殿町２４０ー２", "緯度": 35.058566, "経度": 136.178276, "url": "https://www.iryou.teikyouseido.mhlw.go.jp/znk-web/juminkanja/S2430/initialize?prefCd=25&kikanCd=7250010740&kikanKbn=5", "url2": "https://store.welcia.co.jp/welcia/spot/detail?code=6890D", "内容": "ウエルシア薬局　東近江市子殿店【5:薬局】滋賀県東近江市市子殿町２４０ー２" }, "geometry": { "type": "Point", "coordinates": [ 136.178276, 35.058566 ] } },
{ "type": "Feature", "properties": { "ID": 2557250010750, "正式名称": "おひさま薬局　目川店", "機関区分": 5, "都道府県コード": 25, "市区町村コード": 208, "所在地": "滋賀県栗東市目川１４０２", "緯度": 35.017742, "経度": 135.980967, "url": "https://www.iryou.teikyouseido.mhlw.go.jp/znk-web/juminkanja/S2430/initialize?prefCd=25&kikanCd=7250010750&kikanKbn=5", "url2": "https://sun-ph.jp/", "内容": "おひさま薬局　目川店【5:薬局】滋賀県栗東市目川１４０２" }, "geometry": { "type": "Point", "coordinates": [ 135.980967, 35.017742 ] } },
{ "type": "Feature", "properties": { "ID": 2557250010760, "正式名称": "りゅうおう薬局", "機関区分": 5, "都道府県コード": 25, "市区町村コード": 384, "所在地": "滋賀県蒲生郡竜王町須恵８１４－９８", "緯度": 35.076906, "経度": 136.100653, "url": "https://www.iryou.teikyouseido.mhlw.go.jp/znk-web/juminkanja/S2430/initialize?prefCd=25&kikanCd=7250010760&kikanKbn=5", "url2": null, "内容": "りゅうおう薬局【5:薬局】滋賀県蒲生郡竜王町須恵８１４－９８" }, "geometry": { "type": "Point", "coordinates": [ 136.100653, 35.076906 ] } },
{ "type": "Feature", "properties": { "ID": 2557250010770, "正式名称": "ピーチ薬局", "機関区分": 5, "都道府県コード": 25, "市区町村コード": 204, "所在地": "滋賀県近江八幡市出町４１７番地１", "緯度": 35.129122, "経度": 136.100173, "url": "https://www.iryou.teikyouseido.mhlw.go.jp/znk-web/juminkanja/S2430/initialize?prefCd=25&kikanCd=7250010770&kikanKbn=5", "url2": "https://shimatany.co.jp/pharmacy_list/pharmacy11/", "内容": "ピーチ薬局【5:薬局】滋賀県近江八幡市出町４１７番地１" }, "geometry": { "type": "Point", "coordinates": [ 136.100173, 35.129122 ] } },
{ "type": "Feature", "properties": { "ID": 2557250010780, "正式名称": "いちえ薬局草津店", "機関区分": 5, "都道府県コード": 25, "市区町村コード": 206, "所在地": "滋賀県草津市草津３丁目４－１４", "緯度": 35.013832, "経度": 135.957164, "url": "https://www.iryou.teikyouseido.mhlw.go.jp/znk-web/juminkanja/S2430/initialize?prefCd=25&kikanCd=7250010780&kikanKbn=5", "url2": "http://ichie.k-pharma.co.jp", "内容": "いちえ薬局草津店【5:薬局】滋賀県草津市草津３丁目４－１４" }, "geometry": { "type": "Point", "coordinates": [ 135.957164, 35.013832 ] } },
{ "type": "Feature", "properties": { "ID": 2557250010790, "正式名称": "アイ薬局", "機関区分": 5, "都道府県コード": 25, "市区町村コード": 206, "所在地": "滋賀県草津市大路２－１－２７伽羅ガーデンスクエア１０３", "緯度": 35.019158, "経度": 135.96725, "url": "https://www.iryou.teikyouseido.mhlw.go.jp/znk-web/juminkanja/S2430/initialize?prefCd=25&kikanCd=7250010790&kikanKbn=5", "url2": "https://www.marinegroup.jp/detail/", "内容": "アイ薬局【5:薬局】滋賀県草津市大路２－１－２７伽羅ガーデンスクエア１０３" }, "geometry": { "type": "Point", "coordinates": [ 135.96725, 35.019158 ] } },
{ "type": "Feature", "properties": { "ID": 2557250010810, "正式名称": "株式会社キリン堂　キリン堂薬局彦根後三条店", "機関区分": 5, "都道府県コード": 25, "市区町村コード": 202, "所在地": "滋賀県彦根市後三条町６３１番地", "緯度": 35.266868, "経度": 136.245707, "url": "https://www.iryou.teikyouseido.mhlw.go.jp/znk-web/juminkanja/S2430/initialize?prefCd=25&kikanCd=7250010810&kikanKbn=5", "url2": "https://www.kirindo-shop.com/manage/shop/DG0693.html", "内容": "株式会社キリン堂　キリン堂薬局彦根後三条店【5:薬局】滋賀県彦根市後三条町６３１番地" }, "geometry": { "type": "Point", "coordinates": [ 136.245707, 35.266868 ] } },
{ "type": "Feature", "properties": { "ID": 2557250010820, "正式名称": "クスリのアオキ日野薬局", "機関区分": 5, "都道府県コード": 25, "市区町村コード": 383, "所在地": "滋賀県蒲生郡日野町松尾一丁目１８番地", "緯度": 35.017226, "経度": 136.245516, "url": "https://www.iryou.teikyouseido.mhlw.go.jp/znk-web/juminkanja/S2430/initialize?prefCd=25&kikanCd=7250010820&kikanKbn=5", "url2": "https://www.kusuri-aoki.co.jp/", "内容": "クスリのアオキ日野薬局【5:薬局】滋賀県蒲生郡日野町松尾一丁目１８番地" }, "geometry": { "type": "Point", "coordinates": [ 136.245516, 35.017226 ] } },
{ "type": "Feature", "properties": { "ID": 2557250010830, "正式名称": "クスリのアオキ草津下物薬局", "機関区分": 5, "都道府県コード": 25, "市区町村コード": 206, "所在地": "滋賀県草津市下物町５１番地１", "緯度": 35.059046, "経度": 135.949371, "url": "https://www.iryou.teikyouseido.mhlw.go.jp/znk-web/juminkanja/S2430/initialize?prefCd=25&kikanCd=7250010830&kikanKbn=5", "url2": "https://www.kusuri-aoki.co.jp/", "内容": "クスリのアオキ草津下物薬局【5:薬局】滋賀県草津市下物町５１番地１" }, "geometry": { "type": "Point", "coordinates": [ 135.949371, 35.059046 ] } },
{ "type": "Feature", "properties": { "ID": 2557250010870, "正式名称": "スギ薬局　近江八幡西店", "機関区分": 5, "都道府県コード": 25, "市区町村コード": 204, "所在地": "滋賀県近江八幡市堀上町１２７番地１", "緯度": 35.120584, "経度": 136.094549, "url": "https://www.iryou.teikyouseido.mhlw.go.jp/znk-web/juminkanja/S2430/initialize?prefCd=25&kikanCd=7250010870&kikanKbn=5", "url2": "http://www.drug-sugi.co.jp/", "内容": "スギ薬局　近江八幡西店【5:薬局】滋賀県近江八幡市堀上町１２７番地１" }, "geometry": { "type": "Point", "coordinates": [ 136.094549, 35.120584 ] } },
{ "type": "Feature", "properties": { "ID": 2557250010880, "正式名称": "アイセイハート薬局　南草津三丁目店", "機関区分": 5, "都道府県コード": 25, "市区町村コード": 206, "所在地": "滋賀県草津市南草津三丁目４－４", "緯度": 35.005076, "経度": 135.941841, "url": "https://www.iryou.teikyouseido.mhlw.go.jp/znk-web/juminkanja/S2430/initialize?prefCd=25&kikanCd=7250010880&kikanKbn=5", "url2": "https://store.aisei.co.jp/detail/0646", "内容": "アイセイハート薬局　南草津三丁目店【5:薬局】滋賀県草津市南草津三丁目４－４" }, "geometry": { "type": "Point", "coordinates": [ 135.941841, 35.005076 ] } },
{ "type": "Feature", "properties": { "ID": 2557250010890, "正式名称": "スギ薬局八日市南店", "機関区分": 5, "都道府県コード": 25, "市区町村コード": 213, "所在地": "滋賀県東近江市東中野町４番２３号", "緯度": 35.105222, "経度": 136.196308, "url": "https://www.iryou.teikyouseido.mhlw.go.jp/znk-web/juminkanja/S2430/initialize?prefCd=25&kikanCd=7250010890&kikanKbn=5", "url2": "http://www.drug-sugi.co.jp/", "内容": "スギ薬局八日市南店【5:薬局】滋賀県東近江市東中野町４番２３号" }, "geometry": { "type": "Point", "coordinates": [ 136.196308, 35.105222 ] } },
{ "type": "Feature", "properties": { "ID": 2557250010900, "正式名称": "ファーマライズ薬局　キクヤ愛知川店", "機関区分": 5, "都道府県コード": 25, "市区町村コード": 425, "所在地": "滋賀県愛知郡愛荘町愛知川１５３５ー４", "緯度": 35.173231, "経度": 136.208521, "url": "https://www.iryou.teikyouseido.mhlw.go.jp/znk-web/juminkanja/S2430/initialize?prefCd=25&kikanCd=7250010900&kikanKbn=5", "url2": "https://www.pharmarise.com/company/store/store.php?store_id=705", "内容": "ファーマライズ薬局　キクヤ愛知川店【5:薬局】滋賀県愛知郡愛荘町愛知川１５３５ー４" }, "geometry": { "type": "Point", "coordinates": [ 136.208521, 35.173231 ] } },
{ "type": "Feature", "properties": { "ID": 2557250010910, "正式名称": "キリン堂薬局守山播磨田店", "機関区分": 5, "都道府県コード": 25, "市区町村コード": 207, "所在地": "滋賀県守山市播磨田町３０６３", "緯度": 35.067453, "経度": 135.992516, "url": "https://www.iryou.teikyouseido.mhlw.go.jp/znk-web/juminkanja/S2430/initialize?prefCd=25&kikanCd=7250010910&kikanKbn=5", "url2": null, "内容": "キリン堂薬局守山播磨田店【5:薬局】滋賀県守山市播磨田町３０６３" }, "geometry": { "type": "Point", "coordinates": [ 135.992516, 35.067453 ] } },
{ "type": "Feature", "properties": { "ID": 2557250010920, "正式名称": "たんぽぽ薬局　草津店", "機関区分": 5, "都道府県コード": 25, "市区町村コード": 206, "所在地": "滋賀県草津市東矢倉３丁目３３ー３４", "緯度": 35.002445, "経度": 135.957549, "url": "https://www.iryou.teikyouseido.mhlw.go.jp/znk-web/juminkanja/S2430/initialize?prefCd=25&kikanCd=7250010920&kikanKbn=5", "url2": "https://www.tanpopo-ph.co.jp/", "内容": "たんぽぽ薬局　草津店【5:薬局】滋賀県草津市東矢倉３丁目３３ー３４" }, "geometry": { "type": "Point", "coordinates": [ 135.957549, 35.002445 ] } },
{ "type": "Feature", "properties": { "ID": 2557250010930, "正式名称": "きいろ薬局", "機関区分": 5, "都道府県コード": 25, "市区町村コード": 201, "所在地": "滋賀県大津市真野一丁目３－４８", "緯度": 35.12201, "経度": 135.912777, "url": "https://www.iryou.teikyouseido.mhlw.go.jp/znk-web/juminkanja/S2430/initialize?prefCd=25&kikanCd=7250010930&kikanKbn=5", "url2": "https://kokoro-yakkyoku.com/", "内容": "きいろ薬局【5:薬局】滋賀県大津市真野一丁目３－４８" }, "geometry": { "type": "Point", "coordinates": [ 135.912777, 35.12201 ] } },
{ "type": "Feature", "properties": { "ID": 2557250010940, "正式名称": "春日薬局　賀田山店", "機関区分": 5, "都道府県コード": 25, "市区町村コード": 202, "所在地": "滋賀県彦根市賀田山町１４１０－４", "緯度": 35.220118, "経度": 136.212079, "url": "https://www.iryou.teikyouseido.mhlw.go.jp/znk-web/juminkanja/S2430/initialize?prefCd=25&kikanCd=7250010940&kikanKbn=5", "url2": "https://www.kusurinomadoguchi.com/shiga/s1000126558", "内容": "春日薬局　賀田山店【5:薬局】滋賀県彦根市賀田山町１４１０－４" }, "geometry": { "type": "Point", "coordinates": [ 136.212079, 35.220118 ] } },
{ "type": "Feature", "properties": { "ID": 2557250010950, "正式名称": "ユタカ薬局瀬田西", "機関区分": 5, "都道府県コード": 25, "市区町村コード": 201, "所在地": "滋賀県大津市瀬田二丁目９番３４号", "緯度": 34.970321, "経度": 135.909925, "url": "https://www.iryou.teikyouseido.mhlw.go.jp/znk-web/juminkanja/S2430/initialize?prefCd=25&kikanCd=7250010950&kikanKbn=5", "url2": "https://www.d-yutaka.co.jp/shop/19660.html", "内容": "ユタカ薬局瀬田西【5:薬局】滋賀県大津市瀬田二丁目９番３４号" }, "geometry": { "type": "Point", "coordinates": [ 135.909925, 34.970321 ] } },
{ "type": "Feature", "properties": { "ID": 2557250010960, "正式名称": "リペアス調剤薬局　栗東小柿店", "機関区分": 5, "都道府県コード": 25, "市区町村コード": 208, "所在地": "滋賀県栗東市小柿七丁目１－２", "緯度": 35.021678, "経度": 135.974121, "url": "https://www.iryou.teikyouseido.mhlw.go.jp/znk-web/juminkanja/S2430/initialize?prefCd=25&kikanCd=7250010960&kikanKbn=5", "url2": "https://www.ph-mirai.com/", "内容": "リペアス調剤薬局　栗東小柿店【5:薬局】滋賀県栗東市小柿七丁目１－２" }, "geometry": { "type": "Point", "coordinates": [ 135.974121, 35.021678 ] } },
{ "type": "Feature", "properties": { "ID": 2557250010970, "正式名称": "株式会社アクシスト　エン薬局　堅田店", "機関区分": 5, "都道府県コード": 25, "市区町村コード": 201, "所在地": "滋賀県大津市本堅田６丁目８番３７号", "緯度": 35.11684, "経度": 135.909245, "url": "https://www.iryou.teikyouseido.mhlw.go.jp/znk-web/juminkanja/S2430/initialize?prefCd=25&kikanCd=7250010970&kikanKbn=5", "url2": "https://axist.co.jp/", "内容": "株式会社アクシスト　エン薬局　堅田店【5:薬局】滋賀県大津市本堅田６丁目８番３７号" }, "geometry": { "type": "Point", "coordinates": [ 135.909245, 35.11684 ] } },
{ "type": "Feature", "properties": { "ID": 2557250010980, "正式名称": "エン薬局　唐崎店", "機関区分": 5, "都道府県コード": 25, "市区町村コード": 201, "所在地": "滋賀県大津市滋賀里四丁目１９番１７号", "緯度": 35.04768, "経度": 135.863312, "url": "https://www.iryou.teikyouseido.mhlw.go.jp/znk-web/juminkanja/S2430/initialize?prefCd=25&kikanCd=7250010980&kikanKbn=5", "url2": "https://axist.co.jp", "内容": "エン薬局　唐崎店【5:薬局】滋賀県大津市滋賀里四丁目１９番１７号" }, "geometry": { "type": "Point", "coordinates": [ 135.863312, 35.04768 ] } },
{ "type": "Feature", "properties": { "ID": 2557250010990, "正式名称": "株式会社キリン堂　栗東店", "機関区分": 5, "都道府県コード": 25, "市区町村コード": 208, "所在地": "滋賀県栗東市霊仙寺３丁目２－２９", "緯度": 35.038456, "経度": 135.968636, "url": "https://www.iryou.teikyouseido.mhlw.go.jp/znk-web/juminkanja/S2430/initialize?prefCd=25&kikanCd=7250010990&kikanKbn=5", "url2": null, "内容": "株式会社キリン堂　栗東店【5:薬局】滋賀県栗東市霊仙寺３丁目２－２９" }, "geometry": { "type": "Point", "coordinates": [ 135.968636, 35.038456 ] } },
{ "type": "Feature", "properties": { "ID": 2557250011000, "正式名称": "ユタカ薬局膳所", "機関区分": 5, "都道府県コード": 25, "市区町村コード": 201, "所在地": "滋賀県大津市相模町４－３", "緯度": 34.996439, "経度": 135.886205, "url": "https://www.iryou.teikyouseido.mhlw.go.jp/znk-web/juminkanja/S2430/initialize?prefCd=25&kikanCd=7250011000&kikanKbn=5", "url2": "https://www.d-yutaka.co.jp/shop/5937.html", "内容": "ユタカ薬局膳所【5:薬局】滋賀県大津市相模町４－３" }, "geometry": { "type": "Point", "coordinates": [ 135.886205, 34.996439 ] } },
{ "type": "Feature", "properties": { "ID": 2557250011010, "正式名称": "ユタカ薬局野洲", "機関区分": 5, "都道府県コード": 25, "市区町村コード": 210, "所在地": "滋賀県野洲市冨波乙８２８", "緯度": 35.076444, "経度": 136.028081, "url": "https://www.iryou.teikyouseido.mhlw.go.jp/znk-web/juminkanja/S2430/initialize?prefCd=25&kikanCd=7250011010&kikanKbn=5", "url2": "https://www.d-yutaka.co.jp/shop/8493.html", "内容": "ユタカ薬局野洲【5:薬局】滋賀県野洲市冨波乙８２８" }, "geometry": { "type": "Point", "coordinates": [ 136.028081, 35.076444 ] } },
{ "type": "Feature", "properties": { "ID": 2557250011020, "正式名称": "八日市ゆう薬局", "機関区分": 5, "都道府県コード": 25, "市区町村コード": 213, "所在地": "滋賀県東近江市八日市上之町９－２－２", "緯度": 35.111469, "経度": 136.205268, "url": "https://www.iryou.teikyouseido.mhlw.go.jp/znk-web/juminkanja/S2430/initialize?prefCd=25&kikanCd=7250011020&kikanKbn=5", "url2": "https://www.uno-upd.co.jp/store/shigaken/21382/", "内容": "八日市ゆう薬局【5:薬局】滋賀県東近江市八日市上之町９－２－２" }, "geometry": { "type": "Point", "coordinates": [ 136.205268, 35.111469 ] } },
{ "type": "Feature", "properties": { "ID": 2557250011030, "正式名称": "カナール調剤薬局　唐崎店", "機関区分": 5, "都道府県コード": 25, "市区町村コード": 201, "所在地": "滋賀県大津市唐崎２丁目１１－３", "緯度": 35.049461, "経度": 135.866383, "url": "https://www.iryou.teikyouseido.mhlw.go.jp/znk-web/juminkanja/S2430/initialize?prefCd=25&kikanCd=7250011030&kikanKbn=5", "url2": null, "内容": "カナール調剤薬局　唐崎店【5:薬局】滋賀県大津市唐崎２丁目１１－３" }, "geometry": { "type": "Point", "coordinates": [ 135.866383, 35.049461 ] } },
{ "type": "Feature", "properties": { "ID": 2557250011040, "正式名称": "すまいる薬局草津店", "機関区分": 5, "都道府県コード": 25, "市区町村コード": 206, "所在地": "滋賀県草津市西渋川１－２１－１４エルミナＭＣビル１階", "緯度": 35.02741, "経度": 135.958717, "url": "https://www.iryou.teikyouseido.mhlw.go.jp/znk-web/juminkanja/S2430/initialize?prefCd=25&kikanCd=7250011040&kikanKbn=5", "url2": "https://www.linkth-corp.com/", "内容": "すまいる薬局草津店【5:薬局】滋賀県草津市西渋川１－２１－１４エルミナＭＣビル１階" }, "geometry": { "type": "Point", "coordinates": [ 135.958717, 35.02741 ] } },
{ "type": "Feature", "properties": { "ID": 2557250011050, "正式名称": "コストコホールセール東近江倉庫店薬局", "機関区分": 5, "都道府県コード": 25, "市区町村コード": 213, "所在地": "滋賀県東近江市中小路町２０１－１", "緯度": 35.102508, "経度": 136.229982, "url": "https://www.iryou.teikyouseido.mhlw.go.jp/znk-web/juminkanja/S2430/initialize?prefCd=25&kikanCd=7250011050&kikanKbn=5", "url2": "https://phm.costco.co.jp", "内容": "コストコホールセール東近江倉庫店薬局【5:薬局】滋賀県東近江市中小路町２０１－１" }, "geometry": { "type": "Point", "coordinates": [ 136.229982, 35.102508 ] } },
{ "type": "Feature", "properties": { "ID": 2557250011060, "正式名称": "ユタカ薬局　高月", "機関区分": 5, "都道府県コード": 25, "市区町村コード": 203, "所在地": "滋賀県長浜市高月町高月９１０－１", "緯度": 35.470697, "経度": 136.233636, "url": "https://www.iryou.teikyouseido.mhlw.go.jp/znk-web/juminkanja/S2430/initialize?prefCd=25&kikanCd=7250011060&kikanKbn=5", "url2": "https://www.d-yutaka.co.jp/shop/158.html", "内容": "ユタカ薬局　高月【5:薬局】滋賀県長浜市高月町高月９１０－１" }, "geometry": { "type": "Point", "coordinates": [ 136.233636, 35.470697 ] } },
{ "type": "Feature", "properties": { "ID": 2557250011070, "正式名称": "ふれあい薬局・大宝", "機関区分": 5, "都道府県コード": 25, "市区町村コード": 208, "所在地": "滋賀県栗東市北中小路３４４－３", "緯度": 35.042708, "経度": 135.97109, "url": "https://www.iryou.teikyouseido.mhlw.go.jp/znk-web/juminkanja/S2430/initialize?prefCd=25&kikanCd=7250011070&kikanKbn=5", "url2": "http://www.fureai-yakkyoku.jp/index.html", "内容": "ふれあい薬局・大宝【5:薬局】滋賀県栗東市北中小路３４４－３" }, "geometry": { "type": "Point", "coordinates": [ 135.97109, 35.042708 ] } },
{ "type": "Feature", "properties": { "ID": 2557250011080, "正式名称": "どんぐり薬局　中山店", "機関区分": 5, "都道府県コード": 25, "市区町村コード": 203, "所在地": "滋賀県長浜市分木町２ー１７", "緯度": 35.388424, "経度": 136.26982, "url": "https://www.iryou.teikyouseido.mhlw.go.jp/znk-web/juminkanja/S2430/initialize?prefCd=25&kikanCd=7250011080&kikanKbn=5", "url2": "https://www.donguri-pharmacy.com/", "内容": "どんぐり薬局　中山店【5:薬局】滋賀県長浜市分木町２ー１７" }, "geometry": { "type": "Point", "coordinates": [ 136.26982, 35.388424 ] } },
{ "type": "Feature", "properties": { "ID": 2557250011090, "正式名称": "メロディ薬局", "機関区分": 5, "都道府県コード": 25, "市区町村コード": 201, "所在地": "滋賀県大津市大萱１丁目１６ー２３", "緯度": 34.986544, "経度": 135.928337, "url": "https://www.iryou.teikyouseido.mhlw.go.jp/znk-web/juminkanja/S2430/initialize?prefCd=25&kikanCd=7250011090&kikanKbn=5", "url2": null, "内容": "メロディ薬局【5:薬局】滋賀県大津市大萱１丁目１６ー２３" }, "geometry": { "type": "Point", "coordinates": [ 135.928337, 34.986544 ] } },
{ "type": "Feature", "properties": { "ID": 2557250011100, "正式名称": "クスリのアオキ湖東薬局", "機関区分": 5, "都道府県コード": 25, "市区町村コード": 213, "所在地": "滋賀県東近江市池庄町２１３１番地", "緯度": 35.131601, "経度": 136.242814, "url": "https://www.iryou.teikyouseido.mhlw.go.jp/znk-web/juminkanja/S2430/initialize?prefCd=25&kikanCd=7250011100&kikanKbn=5", "url2": "https://www.kusuri-aoki.co.jp/", "内容": "クスリのアオキ湖東薬局【5:薬局】滋賀県東近江市池庄町２１３１番地" }, "geometry": { "type": "Point", "coordinates": [ 136.242814, 35.131601 ] } },
{ "type": "Feature", "properties": { "ID": 2557250011110, "正式名称": "かえる薬局大津京店", "機関区分": 5, "都道府県コード": 25, "市区町村コード": 201, "所在地": "滋賀県大津市松山町１－２４", "緯度": 35.025476, "経度": 135.862452, "url": "https://www.iryou.teikyouseido.mhlw.go.jp/znk-web/juminkanja/S2430/initialize?prefCd=25&kikanCd=7250011110&kikanKbn=5", "url2": null, "内容": "かえる薬局大津京店【5:薬局】滋賀県大津市松山町１－２４" }, "geometry": { "type": "Point", "coordinates": [ 135.862452, 35.025476 ] } },
{ "type": "Feature", "properties": { "ID": 2557250011120, "正式名称": "クオール薬局長浜高月店", "機関区分": 5, "都道府県コード": 25, "市区町村コード": 203, "所在地": "滋賀県長浜市高月町渡岸寺１５３－７", "緯度": 35.474934, "経度": 136.238072, "url": "https://www.iryou.teikyouseido.mhlw.go.jp/znk-web/juminkanja/S2430/initialize?prefCd=25&kikanCd=7250011120&kikanKbn=5", "url2": "https://www.qol-net.co.jp/", "内容": "クオール薬局長浜高月店【5:薬局】滋賀県長浜市高月町渡岸寺１５３－７" }, "geometry": { "type": "Point", "coordinates": [ 136.238072, 35.474934 ] } },
{ "type": "Feature", "properties": { "ID": 2557250011130, "正式名称": "なの花薬局平和堂わに店", "機関区分": 5, "都道府県コード": 25, "市区町村コード": 201, "所在地": "滋賀県大津市和邇中浜４３２番地　平和堂和邇店１階", "緯度": 35.1615266, "経度": 135.9232489, "url": "https://www.iryou.teikyouseido.mhlw.go.jp/znk-web/juminkanja/S2430/initialize?prefCd=25&kikanCd=7250011130&kikanKbn=5", "url2": "https://www.nanohana-ph.jp/shop/kinki/shiga/otsu/heiwadowani.php", "内容": "なの花薬局平和堂わに店【5:薬局】滋賀県大津市和邇中浜４３２番地　平和堂和邇店１階" }, "geometry": { "type": "Point", "coordinates": [ 135.9232489, 35.1615266 ] } },
{ "type": "Feature", "properties": { "ID": 2557250011140, "正式名称": "リペアス調剤薬局浜大津店", "機関区分": 5, "都道府県コード": 25, "市区町村コード": 201, "所在地": "滋賀県大津市長等二丁目１０番１号　ＴＲＪメディカルビルディング　１Ｆ", "緯度": 35.008954, "経度": 135.862208, "url": "https://www.iryou.teikyouseido.mhlw.go.jp/znk-web/juminkanja/S2430/initialize?prefCd=25&kikanCd=7250011140&kikanKbn=5", "url2": "https://www.ph-mirai.com/shop_hamaotsu.html", "内容": "リペアス調剤薬局浜大津店【5:薬局】滋賀県大津市長等二丁目１０番１号　ＴＲＪメディカルビルディング　１Ｆ" }, "geometry": { "type": "Point", "coordinates": [ 135.862208, 35.008954 ] } },
{ "type": "Feature", "properties": { "ID": 2557250011150, "正式名称": "長浜調剤薬局", "機関区分": 5, "都道府県コード": 25, "市区町村コード": 203, "所在地": "滋賀県長浜市八幡中山町３９４", "緯度": 35.388703, "経度": 136.279309, "url": "https://www.iryou.teikyouseido.mhlw.go.jp/znk-web/juminkanja/S2430/initialize?prefCd=25&kikanCd=7250011150&kikanKbn=5", "url2": "https://selenegroup.jp/", "内容": "長浜調剤薬局【5:薬局】滋賀県長浜市八幡中山町３９４" }, "geometry": { "type": "Point", "coordinates": [ 136.279309, 35.388703 ] } },
{ "type": "Feature", "properties": { "ID": 2557250011160, "正式名称": "ファーマライズ薬局大津横木店", "機関区分": 5, "都道府県コード": 25, "市区町村コード": 201, "所在地": "滋賀県大津市横木２丁目１３‐１　洛東ビル１階", "緯度": 34.992371, "経度": 135.831953, "url": "https://www.iryou.teikyouseido.mhlw.go.jp/znk-web/juminkanja/S2430/initialize?prefCd=25&kikanCd=7250011160&kikanKbn=5", "url2": "https://www.pharmarise.com/company/store/store.php?store_id=615", "内容": "ファーマライズ薬局大津横木店【5:薬局】滋賀県大津市横木２丁目１３‐１　洛東ビル１階" }, "geometry": { "type": "Point", "coordinates": [ 135.831953, 34.992371 ] } },
{ "type": "Feature", "properties": { "ID": 2557250011170, "正式名称": "ハーモニー薬局はりまだ店", "機関区分": 5, "都道府県コード": 25, "市区町村コード": 207, "所在地": "滋賀県守山市播磨田町１４５６－１－１", "緯度": 35.075035, "経度": 135.986196, "url": "https://www.iryou.teikyouseido.mhlw.go.jp/znk-web/juminkanja/S2430/initialize?prefCd=25&kikanCd=7250011170&kikanKbn=5", "url2": "http://www.harmony-pharmacy.com/", "内容": "ハーモニー薬局はりまだ店【5:薬局】滋賀県守山市播磨田町１４５６－１－１" }, "geometry": { "type": "Point", "coordinates": [ 135.986196, 35.075035 ] } },
{ "type": "Feature", "properties": { "ID": 2557250011180, "正式名称": "久保薬局", "機関区分": 5, "都道府県コード": 25, "市区町村コード": 214, "所在地": "滋賀県米原市春照１１２１－２", "緯度": 35.386823, "経度": 136.376208, "url": "https://www.iryou.teikyouseido.mhlw.go.jp/znk-web/juminkanja/S2430/initialize?prefCd=25&kikanCd=7250011180&kikanKbn=5", "url2": "http://www.kuboyakkyoku.com/", "内容": "久保薬局【5:薬局】滋賀県米原市春照１１２１－２" }, "geometry": { "type": "Point", "coordinates": [ 136.376208, 35.386823 ] } },
{ "type": "Feature", "properties": { "ID": 2557250011190, "正式名称": "ニカ薬局長浜店", "機関区分": 5, "都道府県コード": 25, "市区町村コード": 203, "所在地": "滋賀県長浜市八幡中山町３０５－６－１０２", "緯度": 35.392471, "経度": 136.278924, "url": "https://www.iryou.teikyouseido.mhlw.go.jp/znk-web/juminkanja/S2430/initialize?prefCd=25&kikanCd=7250011190&kikanKbn=5", "url2": "https://nica-pharmacy.jp", "内容": "ニカ薬局長浜店【5:薬局】滋賀県長浜市八幡中山町３０５－６－１０２" }, "geometry": { "type": "Point", "coordinates": [ 136.278924, 35.392471 ] } },
{ "type": "Feature", "properties": { "ID": 2557250011200, "正式名称": "レークケア薬局", "機関区分": 5, "都道府県コード": 25, "市区町村コード": 209, "所在地": "滋賀県甲賀市甲南町深川２１７６", "緯度": 34.929546, "経度": 136.16433, "url": "https://www.iryou.teikyouseido.mhlw.go.jp/znk-web/juminkanja/S2430/initialize?prefCd=25&kikanCd=7250011200&kikanKbn=5", "url2": "https://lake-care.jp/", "内容": "レークケア薬局【5:薬局】滋賀県甲賀市甲南町深川２１７６" }, "geometry": { "type": "Point", "coordinates": [ 136.16433, 34.929546 ] } },
{ "type": "Feature", "properties": { "ID": 2557250011210, "正式名称": "ココレ薬局坂本店", "機関区分": 5, "都道府県コード": 25, "市区町村コード": 201, "所在地": "滋賀県大津市日吉台４丁目１５－１", "緯度": 35.081476, "経度": 135.881071, "url": "https://www.iryou.teikyouseido.mhlw.go.jp/znk-web/juminkanja/S2430/initialize?prefCd=25&kikanCd=7250011210&kikanKbn=5", "url2": "https://www.shimatany.com", "内容": "ココレ薬局坂本店【5:薬局】滋賀県大津市日吉台４丁目１５－１" }, "geometry": { "type": "Point", "coordinates": [ 135.881071, 35.081476 ] } },
{ "type": "Feature", "properties": { "ID": 2557250011220, "正式名称": "ユタカ薬局甲南", "機関区分": 5, "都道府県コード": 25, "市区町村コード": 209, "所在地": "滋賀県甲賀市甲南町新治２０２７", "緯度": 34.927805, "経度": 136.160835, "url": "https://www.iryou.teikyouseido.mhlw.go.jp/znk-web/juminkanja/S2430/initialize?prefCd=25&kikanCd=7250011220&kikanKbn=5", "url2": "https://www.d-yutaka.co.jp/shop/135.html", "内容": "ユタカ薬局甲南【5:薬局】滋賀県甲賀市甲南町新治２０２７" }, "geometry": { "type": "Point", "coordinates": [ 136.160835, 34.927805 ] } },
{ "type": "Feature", "properties": { "ID": 2557250011230, "正式名称": "ユタカ薬局米原下多良", "機関区分": 5, "都道府県コード": 25, "市区町村コード": 214, "所在地": "滋賀県米原市下多良二丁目５６番地", "緯度": 35.315459, "経度": 136.283953, "url": "https://www.iryou.teikyouseido.mhlw.go.jp/znk-web/juminkanja/S2430/initialize?prefCd=25&kikanCd=7250011230&kikanKbn=5", "url2": null, "内容": "ユタカ薬局米原下多良【5:薬局】滋賀県米原市下多良二丁目５６番地" }, "geometry": { "type": "Point", "coordinates": [ 136.283953, 35.315459 ] } },
{ "type": "Feature", "properties": { "ID": 2557250011240, "正式名称": "ウエルシア薬局　東近江佐野町店", "機関区分": 5, "都道府県コード": 25, "市区町村コード": 213, "所在地": "滋賀県東近江市佐野町６６５ー１", "緯度": 35.178268, "経度": 136.173982, "url": "https://www.iryou.teikyouseido.mhlw.go.jp/znk-web/juminkanja/S2430/initialize?prefCd=25&kikanCd=7250011240&kikanKbn=5", "url2": null, "内容": "ウエルシア薬局　東近江佐野町店【5:薬局】滋賀県東近江市佐野町６６５ー１" }, "geometry": { "type": "Point", "coordinates": [ 136.173982, 35.178268 ] } },
{ "type": "Feature", "properties": { "ID": 2557250011250, "正式名称": "サンドラッグ石山駅前薬局", "機関区分": 5, "都道府県コード": 25, "市区町村コード": 201, "所在地": "滋賀県大津市粟津町６－５", "緯度": 34.979133, "経度": 135.90139, "url": "https://www.iryou.teikyouseido.mhlw.go.jp/znk-web/juminkanja/S2430/initialize?prefCd=25&kikanCd=7250011250&kikanKbn=5", "url2": "https://sundrug-online.com/blogs/search-store/5936", "内容": "サンドラッグ石山駅前薬局【5:薬局】滋賀県大津市粟津町６－５" }, "geometry": { "type": "Point", "coordinates": [ 135.90139, 34.979133 ] } },
{ "type": "Feature", "properties": { "ID": 2557250011280, "正式名称": "ユタカ薬局守山", "機関区分": 5, "都道府県コード": 25, "市区町村コード": 207, "所在地": "滋賀県守山市古高町字福田３８４番地", "緯度": 35.050518, "経度": 135.97673, "url": "https://www.iryou.teikyouseido.mhlw.go.jp/znk-web/juminkanja/S2430/initialize?prefCd=25&kikanCd=7250011280&kikanKbn=5", "url2": "https://www.d-yutaka.co.jp/shop/143.html", "内容": "ユタカ薬局守山【5:薬局】滋賀県守山市古高町字福田３８４番地" }, "geometry": { "type": "Point", "coordinates": [ 135.97673, 35.050518 ] } },
{ "type": "Feature", "properties": { "ID": 2557250011300, "正式名称": "フロンティア薬局堅田駅前店", "機関区分": 5, "都道府県コード": 25, "市区町村コード": 201, "所在地": "滋賀県大津市本堅田五丁目２１－１０", "緯度": 35.120166, "経度": 135.916021, "url": "https://www.iryou.teikyouseido.mhlw.go.jp/znk-web/juminkanja/S2430/initialize?prefCd=25&kikanCd=7250011300&kikanKbn=5", "url2": null, "内容": "フロンティア薬局堅田駅前店【5:薬局】滋賀県大津市本堅田五丁目２１－１０" }, "geometry": { "type": "Point", "coordinates": [ 135.916021, 35.120166 ] } },
{ "type": "Feature", "properties": { "ID": 2557250011310, "正式名称": "イオン薬局近江八幡店", "機関区分": 5, "都道府県コード": 25, "市区町村コード": 204, "所在地": "滋賀県近江八幡市鷹飼町南三丁目７イオン近江八幡店２階", "緯度": 35.121499, "経度": 136.102951, "url": "https://www.iryou.teikyouseido.mhlw.go.jp/znk-web/juminkanja/S2430/initialize?prefCd=25&kikanCd=7250011310&kikanKbn=5", "url2": "https://www.aeonretail.jp/syohousen/pdf/00386.pdf", "内容": "イオン薬局近江八幡店【5:薬局】滋賀県近江八幡市鷹飼町南三丁目７イオン近江八幡店２階" }, "geometry": { "type": "Point", "coordinates": [ 136.102951, 35.121499 ] } },
{ "type": "Feature", "properties": { "ID": 2557250011320, "正式名称": "ユタカ薬局大津唐崎", "機関区分": 5, "都道府県コード": 25, "市区町村コード": 201, "所在地": "滋賀県大津市唐崎一丁目２１番５号", "緯度": 35.046752, "経度": 135.872357, "url": "https://www.iryou.teikyouseido.mhlw.go.jp/znk-web/juminkanja/S2430/initialize?prefCd=25&kikanCd=7250011320&kikanKbn=5", "url2": "https://www.d-yutaka.co.jp/shop/31787.html", "内容": "ユタカ薬局大津唐崎【5:薬局】滋賀県大津市唐崎一丁目２１番５号" }, "geometry": { "type": "Point", "coordinates": [ 135.872357, 35.046752 ] } },
{ "type": "Feature", "properties": { "ID": 2557250011330, "正式名称": "みつば薬局", "機関区分": 5, "都道府県コード": 25, "市区町村コード": 210, "所在地": "滋賀県野洲市小篠原９５８－３４", "緯度": 35.064975, "経度": 136.027715, "url": "https://www.iryou.teikyouseido.mhlw.go.jp/znk-web/juminkanja/S2430/initialize?prefCd=25&kikanCd=7250011330&kikanKbn=5", "url2": "https://lake-care.jp/", "内容": "みつば薬局【5:薬局】滋賀県野洲市小篠原９５８－３４" }, "geometry": { "type": "Point", "coordinates": [ 136.027715, 35.064975 ] } },
{ "type": "Feature", "properties": { "ID": 2557250011340, "正式名称": "つづく薬局", "機関区分": 5, "都道府県コード": 25, "市区町村コード": 202, "所在地": "滋賀県彦根市南川瀬町１４８０－３７", "緯度": 35.221657, "経度": 136.22307, "url": "https://www.iryou.teikyouseido.mhlw.go.jp/znk-web/juminkanja/S2430/initialize?prefCd=25&kikanCd=7250011340&kikanKbn=5", "url2": null, "内容": "つづく薬局【5:薬局】滋賀県彦根市南川瀬町１４８０－３７" }, "geometry": { "type": "Point", "coordinates": [ 136.22307, 35.221657 ] } },
{ "type": "Feature", "properties": { "ID": 2557250011350, "正式名称": "ユタカ薬局甲西", "機関区分": 5, "都道府県コード": 25, "市区町村コード": 211, "所在地": "滋賀県湖南市岩根中央３－７", "緯度": 35.002261, "経度": 136.120183, "url": "https://www.iryou.teikyouseido.mhlw.go.jp/znk-web/juminkanja/S2430/initialize?prefCd=25&kikanCd=7250011350&kikanKbn=5", "url2": "https://www.d-yutaka.co.jp/shop/15470.html", "内容": "ユタカ薬局甲西【5:薬局】滋賀県湖南市岩根中央３－７" }, "geometry": { "type": "Point", "coordinates": [ 136.120183, 35.002261 ] } },
{ "type": "Feature", "properties": { "ID": 2557250011360, "正式名称": "いちえ薬局甲良店", "機関区分": 5, "都道府県コード": 25, "市区町村コード": 442, "所在地": "滋賀県犬上郡甲良町尼子２００８番地１", "緯度": 35.205778, "経度": 136.254447, "url": "https://www.iryou.teikyouseido.mhlw.go.jp/znk-web/juminkanja/S2430/initialize?prefCd=25&kikanCd=7250011360&kikanKbn=5", "url2": "https://ichie.k-pharma.co.jp/", "内容": "いちえ薬局甲良店【5:薬局】滋賀県犬上郡甲良町尼子２００８番地１" }, "geometry": { "type": "Point", "coordinates": [ 136.254447, 35.205778 ] } },
{ "type": "Feature", "properties": { "ID": 2557250011370, "正式名称": "みやもと薬局長田町店", "機関区分": 5, "都道府県コード": 25, "市区町村コード": 204, "所在地": "滋賀県近江八幡市長田町１２６８−３", "緯度": 35.136705, "経度": 136.118739, "url": "https://www.iryou.teikyouseido.mhlw.go.jp/znk-web/juminkanja/S2430/initialize?prefCd=25&kikanCd=7250011370&kikanKbn=5", "url2": null, "内容": "みやもと薬局長田町店【5:薬局】滋賀県近江八幡市長田町１２６８−３" }, "geometry": { "type": "Point", "coordinates": [ 136.118739, 35.136705 ] } },
{ "type": "Feature", "properties": { "ID": 2557250011380, "正式名称": "なの花薬局フレンドタウン守山店", "機関区分": 5, "都道府県コード": 25, "市区町村コード": 207, "所在地": "滋賀県守山市梅田町６番２号", "緯度": 35.053217, "経度": 135.993594, "url": "https://www.iryou.teikyouseido.mhlw.go.jp/znk-web/juminkanja/S2430/initialize?prefCd=25&kikanCd=7250011380&kikanKbn=5", "url2": "https://www.nanohana-ph.jp/shop/kinki/shiga/moriyama/post.php", "内容": "なの花薬局フレンドタウン守山店【5:薬局】滋賀県守山市梅田町６番２号" }, "geometry": { "type": "Point", "coordinates": [ 135.993594, 35.053217 ] } }
]
}
