{
"type": "FeatureCollection",
"name": "geo_25_2",
"crs": { "type": "name", "properties": { "name": "urn:ogc:def:crs:OGC:1.3:CRS84" } },
"features": [
{ "type": "Feature", "properties": { "ID": 2522250000060, "正式名称": "ふじせき医院", "機関区分": 2, "都道府県コード": 25, "市区町村コード": 202, "所在地": "滋賀県彦根市高宮町２０３７", "緯度": 35.235961, "経度": 136.254703, "url": "https://www.iryou.teikyouseido.mhlw.go.jp/znk-web/juminkanja/S2430/initialize?prefCd=25&kikanCd=2250000060&kikanKbn=2", "url2": "https://fujiseki.com/", "内容": "ふじせき医院【2:診療所】【診療科目:内科_小児科】滋賀県彦根市高宮町２０３７" }, "geometry": { "type": "Point", "coordinates": [ 136.254703, 35.235961 ] } },
{ "type": "Feature", "properties": { "ID": 2522250000110, "正式名称": "医療法人　矢部医院", "機関区分": 2, "都道府県コード": 25, "市区町村コード": 425, "所在地": "滋賀県愛知郡愛荘町愛知川１３３２－１", "緯度": 35.173433, "経度": 136.207842, "url": "https://www.iryou.teikyouseido.mhlw.go.jp/znk-web/juminkanja/S2430/initialize?prefCd=25&kikanCd=2250000110&kikanKbn=2", "url2": "http://www.myclinic.ne.jp/yabe_iin/", "内容": "医療法人　矢部医院【2:診療所】【診療科目:内科_循環器内科_小児科】滋賀県愛知郡愛荘町愛知川１３３２－１" }, "geometry": { "type": "Point", "coordinates": [ 136.207842, 35.173433 ] } },
{ "type": "Feature", "properties": { "ID": 2522250000130, "正式名称": "大辻医院　川相診療所", "機関区分": 2, "都道府県コード": 25, "市区町村コード": 443, "所在地": "滋賀県犬上郡多賀町川相２５４", "緯度": 35.187878, "経度": 136.319092, "url": "https://www.iryou.teikyouseido.mhlw.go.jp/znk-web/juminkanja/S2430/initialize?prefCd=25&kikanCd=2250000130&kikanKbn=2", "url2": null, "内容": "大辻医院　川相診療所【2:診療所】【診療科目:内科_外科_脳神経外科】滋賀県犬上郡多賀町川相２５４" }, "geometry": { "type": "Point", "coordinates": [ 136.319092, 35.187878 ] } },
{ "type": "Feature", "properties": { "ID": 2522250000150, "正式名称": "足立レディースクリニック", "機関区分": 2, "都道府県コード": 25, "市区町村コード": 202, "所在地": "滋賀県彦根市佐和町５－４１", "緯度": 35.272628, "経度": 136.258925, "url": "https://www.iryou.teikyouseido.mhlw.go.jp/znk-web/juminkanja/S2430/initialize?prefCd=25&kikanCd=2250000150&kikanKbn=2", "url2": null, "内容": "足立レディースクリニック【2:診療所】【診療科目:産婦人科】滋賀県彦根市佐和町５－４１" }, "geometry": { "type": "Point", "coordinates": [ 136.258925, 35.272628 ] } },
{ "type": "Feature", "properties": { "ID": 2522250000170, "正式名称": "白石外科", "機関区分": 2, "都道府県コード": 25, "市区町村コード": 202, "所在地": "滋賀県彦根市肥田町９１５－３３", "緯度": 35.203961, "経度": 136.201508, "url": "https://www.iryou.teikyouseido.mhlw.go.jp/znk-web/juminkanja/S2430/initialize?prefCd=25&kikanCd=2250000170&kikanKbn=2", "url2": "http:/www.shiraishigeka.jp", "内容": "白石外科【2:診療所】【診療科目:内科_胃腸内科_外科_肛門外科_整形外科】滋賀県彦根市肥田町９１５－３３" }, "geometry": { "type": "Point", "coordinates": [ 136.201508, 35.203961 ] } },
{ "type": "Feature", "properties": { "ID": 2522250000180, "正式名称": "馬場医院", "機関区分": 2, "都道府県コード": 25, "市区町村コード": 202, "所在地": "滋賀県彦根市高宮町３０２０番地", "緯度": 35.229267, "経度": 136.252758, "url": "https://www.iryou.teikyouseido.mhlw.go.jp/znk-web/juminkanja/S2430/initialize?prefCd=25&kikanCd=2250000180&kikanKbn=2", "url2": null, "内容": "馬場医院【2:診療所】【診療科目:内科_消化器内科】滋賀県彦根市高宮町３０２０番地" }, "geometry": { "type": "Point", "coordinates": [ 136.252758, 35.229267 ] } },
{ "type": "Feature", "properties": { "ID": 2522250000190, "正式名称": "医療法人　さかたクリニック", "機関区分": 2, "都道府県コード": 25, "市区町村コード": 202, "所在地": "滋賀県彦根市清崎町２８８－３７", "緯度": 35.226792, "経度": 136.219236, "url": "https://www.iryou.teikyouseido.mhlw.go.jp/znk-web/juminkanja/S2430/initialize?prefCd=25&kikanCd=2250000190&kikanKbn=2", "url2": null, "内容": "医療法人　さかたクリニック【2:診療所】【診療科目:内科_糖尿病内科_整形外科_リウマチ科_リハビリテーション科_放射線科】滋賀県彦根市清崎町２８８－３７" }, "geometry": { "type": "Point", "coordinates": [ 136.219236, 35.226792 ] } },
{ "type": "Feature", "properties": { "ID": 2522250000200, "正式名称": "医療法人　しみずクリニック", "機関区分": 2, "都道府県コード": 25, "市区町村コード": 202, "所在地": "滋賀県彦根市中央町３－５５", "緯度": 35.268989, "経度": 136.254953, "url": "https://www.iryou.teikyouseido.mhlw.go.jp/znk-web/juminkanja/S2430/initialize?prefCd=25&kikanCd=2250000200&kikanKbn=2", "url2": null, "内容": "医療法人　しみずクリニック【2:診療所】【診療科目:内科_消化器内科】滋賀県彦根市中央町３－５５" }, "geometry": { "type": "Point", "coordinates": [ 136.254953, 35.268989 ] } },
{ "type": "Feature", "properties": { "ID": 2522250000220, "正式名称": "おおはし内科循環器科クリニック", "機関区分": 2, "都道府県コード": 25, "市区町村コード": 202, "所在地": "滋賀県彦根市後三条町６４９番地", "緯度": 35.268017, "経度": 136.246314, "url": "https://www.iryou.teikyouseido.mhlw.go.jp/znk-web/juminkanja/S2430/initialize?prefCd=25&kikanCd=2250000220&kikanKbn=2", "url2": "https://www.ocvc.jp", "内容": "おおはし内科循環器科クリニック【2:診療所】【診療科目:内科_循環器内科】滋賀県彦根市後三条町６４９番地" }, "geometry": { "type": "Point", "coordinates": [ 136.246314, 35.268017 ] } },
{ "type": "Feature", "properties": { "ID": 2522250000230, "正式名称": "宮尾医院", "機関区分": 2, "都道府県コード": 25, "市区町村コード": 442, "所在地": "滋賀県犬上郡甲良町在士６０３", "緯度": 35.209587, "経度": 136.255683, "url": "https://www.iryou.teikyouseido.mhlw.go.jp/znk-web/juminkanja/S2430/initialize?prefCd=25&kikanCd=2250000230&kikanKbn=2", "url2": null, "内容": "宮尾医院【2:診療所】【診療科目:内科_外科_小児科】滋賀県犬上郡甲良町在士６０３" }, "geometry": { "type": "Point", "coordinates": [ 136.255683, 35.209587 ] } },
{ "type": "Feature", "properties": { "ID": 2522250000270, "正式名称": "医療法人社団　小森医院", "機関区分": 2, "都道府県コード": 25, "市区町村コード": 202, "所在地": "滋賀県彦根市旭町２－１８", "緯度": 35.273961, "経度": 136.261008, "url": "https://www.iryou.teikyouseido.mhlw.go.jp/znk-web/juminkanja/S2430/initialize?prefCd=25&kikanCd=2250000270&kikanKbn=2", "url2": null, "内容": "医療法人社団　小森医院【2:診療所】【診療科目:内科_胃腸内科_小児科】滋賀県彦根市旭町２－１８" }, "geometry": { "type": "Point", "coordinates": [ 136.261008, 35.273961 ] } },
{ "type": "Feature", "properties": { "ID": 2522250000280, "正式名称": "医療法人　優心会　中橋整形外科クリニック", "機関区分": 2, "都道府県コード": 25, "市区町村コード": 202, "所在地": "滋賀県彦根市高宮町１７９３－３", "緯度": 35.238933, "経度": 136.257869, "url": "https://www.iryou.teikyouseido.mhlw.go.jp/znk-web/juminkanja/S2430/initialize?prefCd=25&kikanCd=2250000280&kikanKbn=2", "url2": null, "内容": "医療法人　優心会　中橋整形外科クリニック【2:診療所】【診療科目:整形外科_リウマチ科_リハビリテーション科】滋賀県彦根市高宮町１７９３－３" }, "geometry": { "type": "Point", "coordinates": [ 136.257869, 35.238933 ] } },
{ "type": "Feature", "properties": { "ID": 2522250000310, "正式名称": "医療法人　池田クリニック彦根", "機関区分": 2, "都道府県コード": 25, "市区町村コード": 202, "所在地": "滋賀県彦根市大東町９－１６　上野ビル本館２階", "緯度": 35.269683, "経度": 136.260397, "url": "https://www.iryou.teikyouseido.mhlw.go.jp/znk-web/juminkanja/S2430/initialize?prefCd=25&kikanCd=2250000310&kikanKbn=2", "url2": null, "内容": "医療法人　池田クリニック彦根【2:診療所】【診療科目:人工透析内科】滋賀県彦根市大東町９－１６　上野ビル本館２階" }, "geometry": { "type": "Point", "coordinates": [ 136.260397, 35.269683 ] } },
{ "type": "Feature", "properties": { "ID": 2522250000330, "正式名称": "曽我医院", "機関区分": 2, "都道府県コード": 25, "市区町村コード": 202, "所在地": "滋賀県彦根市清崎町８７８", "緯度": 35.230294, "経度": 136.212981, "url": "https://www.iryou.teikyouseido.mhlw.go.jp/znk-web/juminkanja/S2430/initialize?prefCd=25&kikanCd=2250000330&kikanKbn=2", "url2": null, "内容": "曽我医院【2:診療所】【診療科目:内科_小児科】滋賀県彦根市清崎町８７８" }, "geometry": { "type": "Point", "coordinates": [ 136.212981, 35.230294 ] } },
{ "type": "Feature", "properties": { "ID": 2522250000340, "正式名称": "医療法人社団　くるみ会　田口診療所", "機関区分": 2, "都道府県コード": 25, "市区町村コード": 202, "所在地": "滋賀県彦根市彦富町９０５－３", "緯度": 35.204072, "経度": 136.186703, "url": "https://www.iryou.teikyouseido.mhlw.go.jp/znk-web/juminkanja/S2430/initialize?prefCd=25&kikanCd=2250000340&kikanKbn=2", "url2": null, "内容": "医療法人社団　くるみ会　田口診療所【2:診療所】【診療科目:内科_小児科】滋賀県彦根市彦富町９０５－３" }, "geometry": { "type": "Point", "coordinates": [ 136.186703, 35.204072 ] } },
{ "type": "Feature", "properties": { "ID": 2522250000370, "正式名称": "医療法人　江竜皮ふ科", "機関区分": 2, "都道府県コード": 25, "市区町村コード": 202, "所在地": "滋賀県彦根市後三条町５９３－９", "緯度": 35.265794, "経度": 136.246064, "url": "https://www.iryou.teikyouseido.mhlw.go.jp/znk-web/juminkanja/S2430/initialize?prefCd=25&kikanCd=2250000370&kikanKbn=2", "url2": null, "内容": "医療法人　江竜皮ふ科【2:診療所】【診療科目:皮膚科】滋賀県彦根市後三条町５９３－９" }, "geometry": { "type": "Point", "coordinates": [ 136.246064, 35.265794 ] } },
{ "type": "Feature", "properties": { "ID": 2522250000390, "正式名称": "野口小児科", "機関区分": 2, "都道府県コード": 25, "市区町村コード": 425, "所在地": "滋賀県愛知郡愛荘町沓掛３８８", "緯度": 35.181044, "経度": 136.210758, "url": "https://www.iryou.teikyouseido.mhlw.go.jp/znk-web/juminkanja/S2430/initialize?prefCd=25&kikanCd=2250000390&kikanKbn=2", "url2": null, "内容": "野口小児科【2:診療所】【診療科目:内科_小児科】滋賀県愛知郡愛荘町沓掛３８８" }, "geometry": { "type": "Point", "coordinates": [ 136.210758, 35.181044 ] } },
{ "type": "Feature", "properties": { "ID": 2522250000400, "正式名称": "彦根休日急病診療所", "機関区分": 2, "都道府県コード": 25, "市区町村コード": 202, "所在地": "滋賀県彦根市八坂町１９００番地４　くすのきセンター１階", "緯度": 35.262845, "経度": 136.224479, "url": "https://www.iryou.teikyouseido.mhlw.go.jp/znk-web/juminkanja/S2430/initialize?prefCd=25&kikanCd=2250000400&kikanKbn=2", "url2": "https://www.city.hikone.lg.jp/kurashi/shisetsu/13/index.html", "内容": "彦根休日急病診療所【2:診療所】【診療科目:内科_小児科】滋賀県彦根市八坂町１９００番地４　くすのきセンター１階" }, "geometry": { "type": "Point", "coordinates": [ 136.224479, 35.262845 ] } },
{ "type": "Feature", "properties": { "ID": 2522250000410, "正式名称": "医療法人　徳田医院", "機関区分": 2, "都道府県コード": 25, "市区町村コード": 202, "所在地": "滋賀県彦根市出路町２１８－１", "緯度": 35.211211, "経度": 136.178536, "url": "https://www.iryou.teikyouseido.mhlw.go.jp/znk-web/juminkanja/S2430/initialize?prefCd=25&kikanCd=2250000410&kikanKbn=2", "url2": "https://kuwa-kuwa.jp/tokudaiin/", "内容": "医療法人　徳田医院【2:診療所】【診療科目:内科_小児科_放射線科】滋賀県彦根市出路町２１８－１" }, "geometry": { "type": "Point", "coordinates": [ 136.178536, 35.211211 ] } },
{ "type": "Feature", "properties": { "ID": 2522250000420, "正式名称": "医療法人　高山内科循環器科", "機関区分": 2, "都道府県コード": 25, "市区町村コード": 202, "所在地": "滋賀県彦根市日夏町２６８０－３５", "緯度": 35.234294, "経度": 136.220647, "url": "https://www.iryou.teikyouseido.mhlw.go.jp/znk-web/juminkanja/S2430/initialize?prefCd=25&kikanCd=2250000420&kikanKbn=2", "url2": null, "内容": "医療法人　高山内科循環器科【2:診療所】【診療科目:内科_呼吸器内科_循環器内科】滋賀県彦根市日夏町２６８０－３５" }, "geometry": { "type": "Point", "coordinates": [ 136.220647, 35.234294 ] } },
{ "type": "Feature", "properties": { "ID": 2522250000430, "正式名称": "高原アイ・クリニック", "機関区分": 2, "都道府県コード": 25, "市区町村コード": 202, "所在地": "滋賀県彦根市長曽根南町４４３　高木ビル５０２", "緯度": 35.264267, "経度": 136.242536, "url": "https://www.iryou.teikyouseido.mhlw.go.jp/znk-web/juminkanja/S2430/initialize?prefCd=25&kikanCd=2250000430&kikanKbn=2", "url2": null, "内容": "高原アイ・クリニック【2:診療所】【診療科目:眼科】滋賀県彦根市長曽根南町４４３　高木ビル５０２" }, "geometry": { "type": "Point", "coordinates": [ 136.242536, 35.264267 ] } },
{ "type": "Feature", "properties": { "ID": 2522250000460, "正式名称": "医療法人　佑友会　世一クリニック", "機関区分": 2, "都道府県コード": 25, "市区町村コード": 425, "所在地": "滋賀県愛知郡愛荘町中宿３１－３", "緯度": 35.176239, "経度": 136.210703, "url": "https://www.iryou.teikyouseido.mhlw.go.jp/znk-web/juminkanja/S2430/initialize?prefCd=25&kikanCd=2250000460&kikanKbn=2", "url2": null, "内容": "医療法人　佑友会　世一クリニック【2:診療所】【診療科目:内科_神経内科_漢方内科_精神科_心療内科】滋賀県愛知郡愛荘町中宿３１－３" }, "geometry": { "type": "Point", "coordinates": [ 136.210703, 35.176239 ] } },
{ "type": "Feature", "properties": { "ID": 2522250000480, "正式名称": "医療法人　中西医院", "機関区分": 2, "都道府県コード": 25, "市区町村コード": 202, "所在地": "滋賀県彦根市芹橋二丁目９－１４", "緯度": 35.267794, "経度": 136.251425, "url": "https://www.iryou.teikyouseido.mhlw.go.jp/znk-web/juminkanja/S2430/initialize?prefCd=25&kikanCd=2250000480&kikanKbn=2", "url2": "http://http://www.nakanishi-iin.info/pc/", "内容": "医療法人　中西医院【2:診療所】【診療科目:内科_消化器内科_小児科】滋賀県彦根市芹橋二丁目９－１４" }, "geometry": { "type": "Point", "coordinates": [ 136.251425, 35.267794 ] } },
{ "type": "Feature", "properties": { "ID": 2522250000500, "正式名称": "医療法人　厚生会　城東眼科", "機関区分": 2, "都道府県コード": 25, "市区町村コード": 202, "所在地": "滋賀県彦根市旭町９－３１", "緯度": 35.274173, "経度": 136.263021, "url": "https://www.iryou.teikyouseido.mhlw.go.jp/znk-web/juminkanja/S2430/initialize?prefCd=25&kikanCd=2250000500&kikanKbn=2", "url2": "https://jyoto-ganka.com/", "内容": "医療法人　厚生会　城東眼科【2:診療所】【診療科目:眼科】滋賀県彦根市旭町９－３１" }, "geometry": { "type": "Point", "coordinates": [ 136.263021, 35.274173 ] } },
{ "type": "Feature", "properties": { "ID": 2522250000510, "正式名称": "西川医院", "機関区分": 2, "都道府県コード": 25, "市区町村コード": 202, "所在地": "滋賀県彦根市鳥居本町１７３２番地", "緯度": 35.279819, "経度": 136.282595, "url": "https://www.iryou.teikyouseido.mhlw.go.jp/znk-web/juminkanja/S2430/initialize?prefCd=25&kikanCd=2250000510&kikanKbn=2", "url2": null, "内容": "西川医院【2:診療所】【診療科目:内科】滋賀県彦根市鳥居本町１７３２番地" }, "geometry": { "type": "Point", "coordinates": [ 136.282595, 35.279819 ] } },
{ "type": "Feature", "properties": { "ID": 2522250000520, "正式名称": "小菅医院　多賀診療所", "機関区分": 2, "都道府県コード": 25, "市区町村コード": 443, "所在地": "滋賀県犬上郡多賀町多賀１３２８", "緯度": 35.226072, "経度": 136.284119, "url": "https://www.iryou.teikyouseido.mhlw.go.jp/znk-web/juminkanja/S2430/initialize?prefCd=25&kikanCd=2250000520&kikanKbn=2", "url2": null, "内容": "小菅医院　多賀診療所【2:診療所】【診療科目:内科_小児科】滋賀県犬上郡多賀町多賀１３２８" }, "geometry": { "type": "Point", "coordinates": [ 136.284119, 35.226072 ] } },
{ "type": "Feature", "properties": { "ID": 2522250000540, "正式名称": "伊藤整形外科", "機関区分": 2, "都道府県コード": 25, "市区町村コード": 202, "所在地": "滋賀県彦根市西今町１０４１－１８", "緯度": 35.257406, "経度": 136.232869, "url": "https://www.iryou.teikyouseido.mhlw.go.jp/znk-web/juminkanja/S2430/initialize?prefCd=25&kikanCd=2250000540&kikanKbn=2", "url2": null, "内容": "伊藤整形外科【2:診療所】【診療科目:内科_整形外科_リウマチ科_リハビリテーション科】滋賀県彦根市西今町１０４１－１８" }, "geometry": { "type": "Point", "coordinates": [ 136.232869, 35.257406 ] } },
{ "type": "Feature", "properties": { "ID": 2522250000560, "正式名称": "重森医院", "機関区分": 2, "都道府県コード": 25, "市区町村コード": 441, "所在地": "滋賀県犬上郡豊郷町四十九院８６７番地", "緯度": 35.206572, "経度": 136.234203, "url": "https://www.iryou.teikyouseido.mhlw.go.jp/znk-web/juminkanja/S2430/initialize?prefCd=25&kikanCd=2250000560&kikanKbn=2", "url2": null, "内容": "重森医院【2:診療所】【診療科目:内科_消化器内科】滋賀県犬上郡豊郷町四十九院８６７番地" }, "geometry": { "type": "Point", "coordinates": [ 136.234203, 35.206572 ] } },
{ "type": "Feature", "properties": { "ID": 2522250000570, "正式名称": "医療法人　社団健友会　若松医院", "機関区分": 2, "都道府県コード": 25, "市区町村コード": 442, "所在地": "滋賀県犬上郡甲良町尼子２０１９－１", "緯度": 35.2061, "経度": 136.253897, "url": "https://www.iryou.teikyouseido.mhlw.go.jp/znk-web/juminkanja/S2430/initialize?prefCd=25&kikanCd=2250000570&kikanKbn=2", "url2": null, "内容": "医療法人　社団健友会　若松医院【2:診療所】【診療科目:内科_胃腸内科_小児科】滋賀県犬上郡甲良町尼子２０１９－１" }, "geometry": { "type": "Point", "coordinates": [ 136.253897, 35.2061 ] } },
{ "type": "Feature", "properties": { "ID": 2522250000590, "正式名称": "石川医院", "機関区分": 2, "都道府県コード": 25, "市区町村コード": 425, "所在地": "滋賀県愛知郡愛荘町蚊野１８８２", "緯度": 35.169378, "経度": 136.258342, "url": "https://www.iryou.teikyouseido.mhlw.go.jp/znk-web/juminkanja/S2430/initialize?prefCd=25&kikanCd=2250000590&kikanKbn=2", "url2": "https://www.dr-ishikawa.com/", "内容": "石川医院【2:診療所】【診療科目:内科_小児科】滋賀県愛知郡愛荘町蚊野１８８２" }, "geometry": { "type": "Point", "coordinates": [ 136.258342, 35.169378 ] } },
{ "type": "Feature", "properties": { "ID": 2522250000600, "正式名称": "医療法人　蒼明会　橋添眼科", "機関区分": 2, "都道府県コード": 25, "市区町村コード": 202, "所在地": "滋賀県彦根市西今町５８－６　北栄ビル１Ｆ", "緯度": 35.246072, "経度": 136.247147, "url": "https://www.iryou.teikyouseido.mhlw.go.jp/znk-web/juminkanja/S2430/initialize?prefCd=25&kikanCd=2250000600&kikanKbn=2", "url2": null, "内容": "医療法人　蒼明会　橋添眼科【2:診療所】【診療科目:眼科】滋賀県彦根市西今町５８－６　北栄ビル１Ｆ" }, "geometry": { "type": "Point", "coordinates": [ 136.247147, 35.246072 ] } },
{ "type": "Feature", "properties": { "ID": 2522250000620, "正式名称": "きたむらクリニック", "機関区分": 2, "都道府県コード": 25, "市区町村コード": 202, "所在地": "滋賀県彦根市長曽根南町４４８－２５", "緯度": 35.277711, "経度": 136.241231, "url": "https://www.iryou.teikyouseido.mhlw.go.jp/znk-web/juminkanja/S2430/initialize?prefCd=25&kikanCd=2250000620&kikanKbn=2", "url2": null, "内容": "きたむらクリニック【2:診療所】【診療科目:内科_循環器内科】滋賀県彦根市長曽根南町４４８－２５" }, "geometry": { "type": "Point", "coordinates": [ 136.241231, 35.277711 ] } },
{ "type": "Feature", "properties": { "ID": 2522250000680, "正式名称": "医療法人社団　松本医院", "機関区分": 2, "都道府県コード": 25, "市区町村コード": 202, "所在地": "滋賀県彦根市日夏町３６６２番地", "緯度": 35.232267, "経度": 136.217897, "url": "https://www.iryou.teikyouseido.mhlw.go.jp/znk-web/juminkanja/S2430/initialize?prefCd=25&kikanCd=2250000680&kikanKbn=2", "url2": null, "内容": "医療法人社団　松本医院【2:診療所】【診療科目:内科_小児科_眼科】滋賀県彦根市日夏町３６６２番地" }, "geometry": { "type": "Point", "coordinates": [ 136.217897, 35.232267 ] } },
{ "type": "Feature", "properties": { "ID": 2522250000690, "正式名称": "菅原メンタルクリニック", "機関区分": 2, "都道府県コード": 25, "市区町村コード": 202, "所在地": "滋賀県彦根市大東町９番１６号　上野ビル本館２Ｆ", "緯度": 35.269683, "経度": 136.260397, "url": "https://www.iryou.teikyouseido.mhlw.go.jp/znk-web/juminkanja/S2430/initialize?prefCd=25&kikanCd=2250000690&kikanKbn=2", "url2": "http://www.ex.biwa.ne.jp/~o-mi/", "内容": "菅原メンタルクリニック【2:診療所】【診療科目:精神科_心療内科】滋賀県彦根市大東町９番１６号　上野ビル本館２Ｆ" }, "geometry": { "type": "Point", "coordinates": [ 136.260397, 35.269683 ] } },
{ "type": "Feature", "properties": { "ID": 2522250000740, "正式名称": "しらいし耳鼻咽喉科", "機関区分": 2, "都道府県コード": 25, "市区町村コード": 202, "所在地": "滋賀県彦根市金沢町５８６－４", "緯度": 35.207156, "経度": 136.201481, "url": "https://www.iryou.teikyouseido.mhlw.go.jp/znk-web/juminkanja/S2430/initialize?prefCd=25&kikanCd=2250000740&kikanKbn=2", "url2": "https:www.shiraishi-ent.jp", "内容": "しらいし耳鼻咽喉科【2:診療所】【診療科目:耳鼻いんこう科】滋賀県彦根市金沢町５８６－４" }, "geometry": { "type": "Point", "coordinates": [ 136.201481, 35.207156 ] } },
{ "type": "Feature", "properties": { "ID": 2522250000760, "正式名称": "医療法人　おくの内科", "機関区分": 2, "都道府県コード": 25, "市区町村コード": 202, "所在地": "滋賀県彦根市本町１丁目４－２８", "緯度": 35.270128, "経度": 136.253175, "url": "https://www.iryou.teikyouseido.mhlw.go.jp/znk-web/juminkanja/S2430/initialize?prefCd=25&kikanCd=2250000760&kikanKbn=2", "url2": "okunonaika.com", "内容": "医療法人　おくの内科【2:診療所】【診療科目:内科_呼吸器内科_消化器内科】滋賀県彦根市本町１丁目４－２８" }, "geometry": { "type": "Point", "coordinates": [ 136.253175, 35.270128 ] } },
{ "type": "Feature", "properties": { "ID": 2522250000770, "正式名称": "上林医院", "機関区分": 2, "都道府県コード": 25, "市区町村コード": 425, "所在地": "滋賀県愛知郡愛荘町目加田８８２", "緯度": 35.187239, "経度": 136.236703, "url": "https://www.iryou.teikyouseido.mhlw.go.jp/znk-web/juminkanja/S2430/initialize?prefCd=25&kikanCd=2250000770&kikanKbn=2", "url2": null, "内容": "上林医院【2:診療所】【診療科目:内科_小児科】滋賀県愛知郡愛荘町目加田８８２" }, "geometry": { "type": "Point", "coordinates": [ 136.236703, 35.187239 ] } },
{ "type": "Feature", "properties": { "ID": 2522250000780, "正式名称": "医療法人友仁会　山崎外科", "機関区分": 2, "都道府県コード": 25, "市区町村コード": 202, "所在地": "滋賀県彦根市河原３丁目１－２０", "緯度": 35.265909, "経度": 136.255537, "url": "https://www.iryou.teikyouseido.mhlw.go.jp/znk-web/juminkanja/S2430/initialize?prefCd=25&kikanCd=2250000780&kikanKbn=2", "url2": null, "内容": "医療法人友仁会　山崎外科【2:診療所】【診療科目:内科_消化器内科_外科_肛門外科_整形外科_リハビリテーション科_放射線科】滋賀県彦根市河原３丁目１－２０" }, "geometry": { "type": "Point", "coordinates": [ 136.255537, 35.265909 ] } },
{ "type": "Feature", "properties": { "ID": 2522250000810, "正式名称": "山下医院", "機関区分": 2, "都道府県コード": 25, "市区町村コード": 202, "所在地": "滋賀県彦根市長曽根町５－２５－１", "緯度": 35.274437, "経度": 136.240169, "url": "https://www.iryou.teikyouseido.mhlw.go.jp/znk-web/juminkanja/S2430/initialize?prefCd=25&kikanCd=2250000810&kikanKbn=2", "url2": "https://yamasitaiin-hikone.com/", "内容": "山下医院【2:診療所】【診療科目:内科_小児科】滋賀県彦根市長曽根町５－２５－１" }, "geometry": { "type": "Point", "coordinates": [ 136.240169, 35.274437 ] } },
{ "type": "Feature", "properties": { "ID": 2522250000820, "正式名称": "医療法人　たけは内科医院", "機関区分": 2, "都道府県コード": 25, "市区町村コード": 441, "所在地": "滋賀県犬上郡豊郷町下枝２３－２", "緯度": 35.193572, "経度": 136.221314, "url": "https://www.iryou.teikyouseido.mhlw.go.jp/znk-web/juminkanja/S2430/initialize?prefCd=25&kikanCd=2250000820&kikanKbn=2", "url2": "http://www.eonet.ne.jp/~takehanaikaiin/", "内容": "医療法人　たけは内科医院【2:診療所】【診療科目:内科_消化器内科_胃腸内科】滋賀県犬上郡豊郷町下枝２３－２" }, "geometry": { "type": "Point", "coordinates": [ 136.221314, 35.193572 ] } },
{ "type": "Feature", "properties": { "ID": 2522250000830, "正式名称": "医療法人　おした整形外科医院", "機関区分": 2, "都道府県コード": 25, "市区町村コード": 441, "所在地": "滋賀県犬上郡豊郷町下枝２３番１", "緯度": 35.193572, "経度": 136.221314, "url": "https://www.iryou.teikyouseido.mhlw.go.jp/znk-web/juminkanja/S2430/initialize?prefCd=25&kikanCd=2250000830&kikanKbn=2", "url2": "http://oshita-seikei.com/", "内容": "医療法人　おした整形外科医院【2:診療所】【診療科目:整形外科_リウマチ科_リハビリテーション科】滋賀県犬上郡豊郷町下枝２３番１" }, "geometry": { "type": "Point", "coordinates": [ 136.221314, 35.193572 ] } },
{ "type": "Feature", "properties": { "ID": 2522250000850, "正式名称": "医療法人　若樹会　橋本医院", "機関区分": 2, "都道府県コード": 25, "市区町村コード": 202, "所在地": "滋賀県彦根市上西川町３８４", "緯度": 35.221072, "経度": 136.174869, "url": "https://www.iryou.teikyouseido.mhlw.go.jp/znk-web/juminkanja/S2430/initialize?prefCd=25&kikanCd=2250000850&kikanKbn=2", "url2": null, "内容": "医療法人　若樹会　橋本医院【2:診療所】【診療科目:内科_呼吸器内科_循環器内科_漢方内科_老年内科_アレルギー科】滋賀県彦根市上西川町３８４" }, "geometry": { "type": "Point", "coordinates": [ 136.174869, 35.221072 ] } },
{ "type": "Feature", "properties": { "ID": 2522250000870, "正式名称": "はやし婦人クリニック", "機関区分": 2, "都道府県コード": 25, "市区町村コード": 202, "所在地": "滋賀県彦根市竹ヶ鼻町６５８", "緯度": 35.242628, "経度": 136.242897, "url": "https://www.iryou.teikyouseido.mhlw.go.jp/znk-web/juminkanja/S2430/initialize?prefCd=25&kikanCd=2250000870&kikanKbn=2", "url2": "https://hayashi-womens-clinic.com/", "内容": "はやし婦人クリニック【2:診療所】【診療科目:内科_性感染症内科_女性内科_産科_婦人科】滋賀県彦根市竹ヶ鼻町６５８" }, "geometry": { "type": "Point", "coordinates": [ 136.242897, 35.242628 ] } },
{ "type": "Feature", "properties": { "ID": 2522250000880, "正式名称": "田中クリニック", "機関区分": 2, "都道府県コード": 25, "市区町村コード": 202, "所在地": "滋賀県彦根市開出今町１５１６－１８", "緯度": 35.262489, "経度": 136.229036, "url": "https://www.iryou.teikyouseido.mhlw.go.jp/znk-web/juminkanja/S2430/initialize?prefCd=25&kikanCd=2250000880&kikanKbn=2", "url2": null, "内容": "田中クリニック【2:診療所】【診療科目:内科_胃腸内科_外科_肛門外科_リハビリテーション科】滋賀県彦根市開出今町１５１６－１８" }, "geometry": { "type": "Point", "coordinates": [ 136.229036, 35.262489 ] } },
{ "type": "Feature", "properties": { "ID": 2522250000900, "正式名称": "松木診療所", "機関区分": 2, "都道府県コード": 25, "市区町村コード": 202, "所在地": "滋賀県彦根市平田町６７８－１０", "緯度": 35.256767, "経度": 136.244453, "url": "https://www.iryou.teikyouseido.mhlw.go.jp/znk-web/juminkanja/S2430/initialize?prefCd=25&kikanCd=2250000900&kikanKbn=2", "url2": null, "内容": "松木診療所【2:診療所】【診療科目:内科_小児科】滋賀県彦根市平田町６７８－１０" }, "geometry": { "type": "Point", "coordinates": [ 136.244453, 35.256767 ] } },
{ "type": "Feature", "properties": { "ID": 2522250000910, "正式名称": "医療法人　北村医院", "機関区分": 2, "都道府県コード": 25, "市区町村コード": 425, "所在地": "滋賀県愛知郡愛荘町蚊野１７３２", "緯度": 35.170414, "経度": 136.259825, "url": "https://www.iryou.teikyouseido.mhlw.go.jp/znk-web/juminkanja/S2430/initialize?prefCd=25&kikanCd=2250000910&kikanKbn=2", "url2": null, "内容": "医療法人　北村医院【2:診療所】【診療科目:内科_小児科】滋賀県愛知郡愛荘町蚊野１７３２" }, "geometry": { "type": "Point", "coordinates": [ 136.259825, 35.170414 ] } },
{ "type": "Feature", "properties": { "ID": 2522250000920, "正式名称": "医療法人　遙山会　南彦根クリニック", "機関区分": 2, "都道府県コード": 25, "市区町村コード": 202, "所在地": "滋賀県彦根市西今町１３８番地", "緯度": 35.2461, "経度": 136.244203, "url": "https://www.iryou.teikyouseido.mhlw.go.jp/znk-web/juminkanja/S2430/initialize?prefCd=25&kikanCd=2250000920&kikanKbn=2", "url2": "https://mihiko-cl.net/", "内容": "医療法人　遙山会　南彦根クリニック【2:診療所】【診療科目:精神科_神経科_心療内科】滋賀県彦根市西今町１３８番地" }, "geometry": { "type": "Point", "coordinates": [ 136.244203, 35.2461 ] } },
{ "type": "Feature", "properties": { "ID": 2522250000930, "正式名称": "医療法人　ひろた皮ふ科医院", "機関区分": 2, "都道府県コード": 25, "市区町村コード": 202, "所在地": "滋賀県彦根市西今町１４２番地の１５", "緯度": 35.245989, "経度": 136.243619, "url": "https://www.iryou.teikyouseido.mhlw.go.jp/znk-web/juminkanja/S2430/initialize?prefCd=25&kikanCd=2250000930&kikanKbn=2", "url2": null, "内容": "医療法人　ひろた皮ふ科医院【2:診療所】【診療科目:皮膚科】滋賀県彦根市西今町１４２番地の１５" }, "geometry": { "type": "Point", "coordinates": [ 136.243619, 35.245989 ] } },
{ "type": "Feature", "properties": { "ID": 2522250000960, "正式名称": "医療法人　尚友会　速水医院", "機関区分": 2, "都道府県コード": 25, "市区町村コード": 209, "所在地": "滋賀県甲賀市水口町北泉１丁目１２８番地", "緯度": 34.984572, "経度": 136.143619, "url": "https://www.iryou.teikyouseido.mhlw.go.jp/znk-web/juminkanja/S2430/initialize?prefCd=25&kikanCd=2250000960&kikanKbn=2", "url2": null, "内容": "医療法人　尚友会　速水医院【2:診療所】【診療科目:内科_外科_脳神経外科_リハビリテーション科】滋賀県甲賀市水口町北泉１丁目１２８番地" }, "geometry": { "type": "Point", "coordinates": [ 136.143619, 34.984572 ] } },
{ "type": "Feature", "properties": { "ID": 2522250000980, "正式名称": "かりゆしクリニック", "機関区分": 2, "都道府県コード": 25, "市区町村コード": 209, "所在地": "滋賀県甲賀市土山町大野４０１", "緯度": 34.945322, "経度": 136.240064, "url": "https://www.iryou.teikyouseido.mhlw.go.jp/znk-web/juminkanja/S2430/initialize?prefCd=25&kikanCd=2250000980&kikanKbn=2", "url2": "http://www.eonet.ne.jp/~kariyushi/", "内容": "かりゆしクリニック【2:診療所】【診療科目:内科_小児科_皮膚科_精神科_心療内科】滋賀県甲賀市土山町大野４０１" }, "geometry": { "type": "Point", "coordinates": [ 136.240064, 34.945322 ] } },
{ "type": "Feature", "properties": { "ID": 2522250001000, "正式名称": "医療法人　親愛レディースクリニック", "機関区分": 2, "都道府県コード": 25, "市区町村コード": 209, "所在地": "滋賀県甲賀市水口町虫生野１０９８－１", "緯度": 34.949156, "経度": 136.157564, "url": "https://www.iryou.teikyouseido.mhlw.go.jp/znk-web/juminkanja/S2430/initialize?prefCd=25&kikanCd=2250001000&kikanKbn=2", "url2": "http://www.shinai-lc.jp/", "内容": "医療法人　親愛レディースクリニック【2:診療所】【診療科目:産婦人科】滋賀県甲賀市水口町虫生野１０９８－１" }, "geometry": { "type": "Point", "coordinates": [ 136.157564, 34.949156 ] } },
{ "type": "Feature", "properties": { "ID": 2522250001010, "正式名称": "佐野医院", "機関区分": 2, "都道府県コード": 25, "市区町村コード": 211, "所在地": "滋賀県湖南市石部中央４丁目１－５７", "緯度": 35.009961, "経度": 136.055925, "url": "https://www.iryou.teikyouseido.mhlw.go.jp/znk-web/juminkanja/S2430/initialize?prefCd=25&kikanCd=2250001010&kikanKbn=2", "url2": null, "内容": "佐野医院【2:診療所】【診療科目:内科_消化器内科_外科_肛門外科_リハビリテーション科】滋賀県湖南市石部中央４丁目１－５７" }, "geometry": { "type": "Point", "coordinates": [ 136.055925, 35.009961 ] } },
{ "type": "Feature", "properties": { "ID": 2522250001020, "正式名称": "医療法人社団　ゆずりは会　たなか小児科医院", "機関区分": 2, "都道府県コード": 25, "市区町村コード": 209, "所在地": "滋賀県甲賀市水口町暁２－３", "緯度": 34.96535, "経度": 136.172064, "url": "https://www.iryou.teikyouseido.mhlw.go.jp/znk-web/juminkanja/S2430/initialize?prefCd=25&kikanCd=2250001020&kikanKbn=2", "url2": "http://www.tanaka-kids.net", "内容": "医療法人社団　ゆずりは会　たなか小児科医院【2:診療所】【診療科目:小児科】滋賀県甲賀市水口町暁２－３" }, "geometry": { "type": "Point", "coordinates": [ 136.172064, 34.96535 ] } },
{ "type": "Feature", "properties": { "ID": 2522250001050, "正式名称": "医療法人社団　村上整形外科クリニック", "機関区分": 2, "都道府県コード": 25, "市区町村コード": 209, "所在地": "滋賀県甲賀市水口町虫生野１０９５－４", "緯度": 34.949044, "経度": 136.158397, "url": "https://www.iryou.teikyouseido.mhlw.go.jp/znk-web/juminkanja/S2430/initialize?prefCd=25&kikanCd=2250001050&kikanKbn=2", "url2": "https://koka-murakami.jp/", "内容": "医療法人社団　村上整形外科クリニック【2:診療所】【診療科目:外科_整形外科_リウマチ科_リハビリテーション科】滋賀県甲賀市水口町虫生野１０９５－４" }, "geometry": { "type": "Point", "coordinates": [ 136.158397, 34.949044 ] } },
{ "type": "Feature", "properties": { "ID": 2522250001060, "正式名称": "医療法人　深井クリニック", "機関区分": 2, "都道府県コード": 25, "市区町村コード": 209, "所在地": "滋賀県甲賀市水口町伴中山３８０２番地", "緯度": 34.996517, "経度": 136.152981, "url": "https://www.iryou.teikyouseido.mhlw.go.jp/znk-web/juminkanja/S2430/initialize?prefCd=25&kikanCd=2250001060&kikanKbn=2", "url2": null, "内容": "医療法人　深井クリニック【2:診療所】【診療科目:内科_呼吸器内科_循環器内科_小児科】滋賀県甲賀市水口町伴中山３８０２番地" }, "geometry": { "type": "Point", "coordinates": [ 136.152981, 34.996517 ] } },
{ "type": "Feature", "properties": { "ID": 2522250001070, "正式名称": "医療法人　岩谷医院", "機関区分": 2, "都道府県コード": 25, "市区町村コード": 209, "所在地": "滋賀県甲賀市水口町中邸２番１０号", "緯度": 34.973183, "経度": 136.161508, "url": "https://www.iryou.teikyouseido.mhlw.go.jp/znk-web/juminkanja/S2430/initialize?prefCd=25&kikanCd=2250001070&kikanKbn=2", "url2": "http://www.myclinic.ne.jp/iwayaiin", "内容": "医療法人　岩谷医院【2:診療所】【診療科目:内科_糖尿病・内分泌内科_循環器内科_腎臓内科】滋賀県甲賀市水口町中邸２番１０号" }, "geometry": { "type": "Point", "coordinates": [ 136.161508, 34.973183 ] } },
{ "type": "Feature", "properties": { "ID": 2522250001080, "正式名称": "医療法人社団　平川クリニック", "機関区分": 2, "都道府県コード": 25, "市区町村コード": 209, "所在地": "滋賀県甲賀市水口町東名坂１８４－２", "緯度": 34.979989, "経度": 136.171175, "url": "https://www.iryou.teikyouseido.mhlw.go.jp/znk-web/juminkanja/S2430/initialize?prefCd=25&kikanCd=2250001080&kikanKbn=2", "url2": "https://hira-cl.com/", "内容": "医療法人社団　平川クリニック【2:診療所】【診療科目:内科_消化器内科_外科_整形外科】滋賀県甲賀市水口町東名坂１８４－２" }, "geometry": { "type": "Point", "coordinates": [ 136.171175, 34.979989 ] } },
{ "type": "Feature", "properties": { "ID": 2522250001090, "正式名称": "医療法人　うだ医院", "機関区分": 2, "都道府県コード": 25, "市区町村コード": 209, "所在地": "滋賀県甲賀市土山町北土山１６８４－１", "緯度": 34.93628, "経度": 136.281427, "url": "https://www.iryou.teikyouseido.mhlw.go.jp/znk-web/juminkanja/S2430/initialize?prefCd=25&kikanCd=2250001090&kikanKbn=2", "url2": null, "内容": "医療法人　うだ医院【2:診療所】【診療科目:内科_消化器内科_小児科_放射線科】滋賀県甲賀市土山町北土山１６８４－１" }, "geometry": { "type": "Point", "coordinates": [ 136.281427, 34.93628 ] } },
{ "type": "Feature", "properties": { "ID": 2522250001130, "正式名称": "ほしやま内科医院", "機関区分": 2, "都道府県コード": 25, "市区町村コード": 211, "所在地": "滋賀県湖南市菩提寺西１－９－２３－１０１", "緯度": 35.034909, "経度": 136.062021, "url": "https://www.iryou.teikyouseido.mhlw.go.jp/znk-web/juminkanja/S2430/initialize?prefCd=25&kikanCd=2250001130&kikanKbn=2", "url2": null, "内容": "ほしやま内科医院【2:診療所】【診療科目:内科_呼吸器内科_循環器内科_小児科_アレルギー科】滋賀県湖南市菩提寺西１－９－２３－１０１" }, "geometry": { "type": "Point", "coordinates": [ 136.062021, 35.034909 ] } },
{ "type": "Feature", "properties": { "ID": 2522250001140, "正式名称": "あん医院", "機関区分": 2, "都道府県コード": 25, "市区町村コード": 209, "所在地": "滋賀県甲賀市水口町虫生野中央１１９－１", "緯度": 34.952183, "経度": 136.156842, "url": "https://www.iryou.teikyouseido.mhlw.go.jp/znk-web/juminkanja/S2430/initialize?prefCd=25&kikanCd=2250001140&kikanKbn=2", "url2": null, "内容": "あん医院【2:診療所】【診療科目:皮膚科_泌尿器科】滋賀県甲賀市水口町虫生野中央１１９－１" }, "geometry": { "type": "Point", "coordinates": [ 136.156842, 34.952183 ] } },
{ "type": "Feature", "properties": { "ID": 2522250001150, "正式名称": "佐藤眼科", "機関区分": 2, "都道府県コード": 25, "市区町村コード": 209, "所在地": "滋賀県甲賀市水口町名坂７８１－１", "緯度": 34.980544, "経度": 136.167981, "url": "https://www.iryou.teikyouseido.mhlw.go.jp/znk-web/juminkanja/S2430/initialize?prefCd=25&kikanCd=2250001150&kikanKbn=2", "url2": "satoganka.jp", "内容": "佐藤眼科【2:診療所】【診療科目:眼科】滋賀県甲賀市水口町名坂７８１－１" }, "geometry": { "type": "Point", "coordinates": [ 136.167981, 34.980544 ] } },
{ "type": "Feature", "properties": { "ID": 2522250001170, "正式名称": "湖南市国民健康保険　夏見診療所", "機関区分": 2, "都道府県コード": 25, "市区町村コード": 211, "所在地": "滋賀県湖南市夏見１５０６－１", "緯度": 34.992711, "経度": 136.089647, "url": "https://www.iryou.teikyouseido.mhlw.go.jp/znk-web/juminkanja/S2430/initialize?prefCd=25&kikanCd=2250001170&kikanKbn=2", "url2": null, "内容": "湖南市国民健康保険　夏見診療所【2:診療所】【診療科目:内科_循環器内科_小児科】滋賀県湖南市夏見１５０６－１" }, "geometry": { "type": "Point", "coordinates": [ 136.089647, 34.992711 ] } },
{ "type": "Feature", "properties": { "ID": 2522250001210, "正式名称": "医療法人　高志会　竹内リウマチ科整形外科", "機関区分": 2, "都道府県コード": 25, "市区町村コード": 209, "所在地": "滋賀県甲賀市甲南町野尻７７－１", "緯度": 34.915044, "経度": 136.182564, "url": "https://www.iryou.teikyouseido.mhlw.go.jp/znk-web/juminkanja/S2430/initialize?prefCd=25&kikanCd=2250001210&kikanKbn=2", "url2": "t-seikei.jp", "内容": "医療法人　高志会　竹内リウマチ科整形外科【2:診療所】【診療科目:整形外科_リウマチ科_リハビリテーション科】滋賀県甲賀市甲南町野尻７７－１" }, "geometry": { "type": "Point", "coordinates": [ 136.182564, 34.915044 ] } },
{ "type": "Feature", "properties": { "ID": 2522250001220, "正式名称": "医療法人　木村医院", "機関区分": 2, "都道府県コード": 25, "市区町村コード": 209, "所在地": "滋賀県甲賀市水口町虫生野１０１５－９", "緯度": 34.950921, "経度": 136.153519, "url": "https://www.iryou.teikyouseido.mhlw.go.jp/znk-web/juminkanja/S2430/initialize?prefCd=25&kikanCd=2250001220&kikanKbn=2", "url2": null, "内容": "医療法人　木村医院【2:診療所】【診療科目:内科_循環器内科_胃腸内科】滋賀県甲賀市水口町虫生野１０１５－９" }, "geometry": { "type": "Point", "coordinates": [ 136.153519, 34.950921 ] } },
{ "type": "Feature", "properties": { "ID": 2522250001240, "正式名称": "医療法人社団　布留クリニック", "機関区分": 2, "都道府県コード": 25, "市区町村コード": 209, "所在地": "滋賀県甲賀市甲南町寺庄１０９８", "緯度": 34.966156, "経度": 136.167036, "url": "https://www.iryou.teikyouseido.mhlw.go.jp/znk-web/juminkanja/S2430/initialize?prefCd=25&kikanCd=2250001240&kikanKbn=2", "url2": "www.furu-clinic.jp", "内容": "医療法人社団　布留クリニック【2:診療所】【診療科目:内科_外科_整形外科_皮膚科_泌尿器科_リウマチ科_リハビリテーション科_放射線科】滋賀県甲賀市甲南町寺庄１０９８" }, "geometry": { "type": "Point", "coordinates": [ 136.167036, 34.966156 ] } },
{ "type": "Feature", "properties": { "ID": 2522250001270, "正式名称": "医療法人　寺井医院", "機関区分": 2, "都道府県コード": 25, "市区町村コード": 209, "所在地": "滋賀県甲賀市甲南町希望ヶ丘本町６－８５７－８１", "緯度": 34.942461, "経度": 136.175842, "url": "https://www.iryou.teikyouseido.mhlw.go.jp/znk-web/juminkanja/S2430/initialize?prefCd=25&kikanCd=2250001270&kikanKbn=2", "url2": null, "内容": "医療法人　寺井医院【2:診療所】【診療科目:内科_呼吸器内科_小児科】滋賀県甲賀市甲南町希望ヶ丘本町６－８５７－８１" }, "geometry": { "type": "Point", "coordinates": [ 136.175842, 34.942461 ] } },
{ "type": "Feature", "properties": { "ID": 2522250001280, "正式名称": "湖南市立石部診療所", "機関区分": 2, "都道府県コード": 25, "市区町村コード": 211, "所在地": "滋賀県湖南市石部東５丁目３番１号", "緯度": 35.003433, "経度": 136.064508, "url": "https://www.iryou.teikyouseido.mhlw.go.jp/znk-web/juminkanja/S2430/initialize?prefCd=25&kikanCd=2250001280&kikanKbn=2", "url2": "http://www.city.konan-shiga.jp/guide/shisetsu/i-iryo.htm", "内容": "湖南市立石部診療所【2:診療所】【診療科目:内科_眼科_皮膚科】滋賀県湖南市石部東５丁目３番１号" }, "geometry": { "type": "Point", "coordinates": [ 136.064508, 35.003433 ] } },
{ "type": "Feature", "properties": { "ID": 2522250001290, "正式名称": "甲賀市立信楽中央病院　朝宮出張診療所", "機関区分": 2, "都道府県コード": 25, "市区町村コード": 209, "所在地": "滋賀県甲賀市信楽町上朝宮４６７", "緯度": 34.852315, "経度": 135.982068, "url": "https://www.iryou.teikyouseido.mhlw.go.jp/znk-web/juminkanja/S2430/initialize?prefCd=25&kikanCd=2250001290&kikanKbn=2", "url2": null, "内容": "甲賀市立信楽中央病院　朝宮出張診療所【2:診療所】【診療科目:内科_外科】滋賀県甲賀市信楽町上朝宮４６７" }, "geometry": { "type": "Point", "coordinates": [ 135.982068, 34.852315 ] } },
{ "type": "Feature", "properties": { "ID": 2522250001300, "正式名称": "甲賀市立信楽中央病院　田代出張診療所", "機関区分": 2, "都道府県コード": 25, "市区町村コード": 209, "所在地": "滋賀県甲賀市信楽町田代６１９", "緯度": 34.905628, "経度": 136.021119, "url": "https://www.iryou.teikyouseido.mhlw.go.jp/znk-web/juminkanja/S2430/initialize?prefCd=25&kikanCd=2250001300&kikanKbn=2", "url2": null, "内容": "甲賀市立信楽中央病院　田代出張診療所【2:診療所】【診療科目:内科】滋賀県甲賀市信楽町田代６１９" }, "geometry": { "type": "Point", "coordinates": [ 136.021119, 34.905628 ] } },
{ "type": "Feature", "properties": { "ID": 2522250001310, "正式名称": "甲賀市立信楽中央病院　多羅尾出張診療所", "機関区分": 2, "都道府県コード": 25, "市区町村コード": 209, "所在地": "滋賀県甲賀市信楽町多羅尾２０１４", "緯度": 34.819267, "経度": 136.050258, "url": "https://www.iryou.teikyouseido.mhlw.go.jp/znk-web/juminkanja/S2430/initialize?prefCd=25&kikanCd=2250001310&kikanKbn=2", "url2": null, "内容": "甲賀市立信楽中央病院　多羅尾出張診療所【2:診療所】【診療科目:内科_外科】滋賀県甲賀市信楽町多羅尾２０１４" }, "geometry": { "type": "Point", "coordinates": [ 136.050258, 34.819267 ] } },
{ "type": "Feature", "properties": { "ID": 2522250001330, "正式名称": "医療法人　真心会　野村産婦人科", "機関区分": 2, "都道府県コード": 25, "市区町村コード": 211, "所在地": "滋賀県湖南市柑子袋６１１", "緯度": 35.005989, "経度": 136.071369, "url": "https://www.iryou.teikyouseido.mhlw.go.jp/znk-web/juminkanja/S2430/initialize?prefCd=25&kikanCd=2250001330&kikanKbn=2", "url2": "http://nms.nomura-magokoro-med.or.jp/", "内容": "医療法人　真心会　野村産婦人科【2:診療所】【診療科目:小児科_産科_婦人科】滋賀県湖南市柑子袋６１１" }, "geometry": { "type": "Point", "coordinates": [ 136.071369, 35.005989 ] } },
{ "type": "Feature", "properties": { "ID": 2522250001340, "正式名称": "阿星山診療所", "機関区分": 2, "都道府県コード": 25, "市区町村コード": 211, "所在地": "滋賀県湖南市中央５丁目１６８　甲西中央ビル１０１", "緯度": 35.003322, "経度": 136.087758, "url": "https://www.iryou.teikyouseido.mhlw.go.jp/znk-web/juminkanja/S2430/initialize?prefCd=25&kikanCd=2250001340&kikanKbn=2", "url2": null, "内容": "阿星山診療所【2:診療所】【診療科目:精神科_神経科_心療内科】滋賀県湖南市中央５丁目１６８　甲西中央ビル１０１" }, "geometry": { "type": "Point", "coordinates": [ 136.087758, 35.003322 ] } },
{ "type": "Feature", "properties": { "ID": 2522250001350, "正式名称": "しがらきクリニック", "機関区分": 2, "都道府県コード": 25, "市区町村コード": 209, "所在地": "滋賀県甲賀市信楽町長野６１９－１", "緯度": 34.874517, "経度": 136.049508, "url": "https://www.iryou.teikyouseido.mhlw.go.jp/znk-web/juminkanja/S2430/initialize?prefCd=25&kikanCd=2250001350&kikanKbn=2", "url2": null, "内容": "しがらきクリニック【2:診療所】【診療科目:内科_循環器内科_消化器内科_外科】滋賀県甲賀市信楽町長野６１９－１" }, "geometry": { "type": "Point", "coordinates": [ 136.049508, 34.874517 ] } },
{ "type": "Feature", "properties": { "ID": 2522250001360, "正式名称": "中西医院", "機関区分": 2, "都道府県コード": 25, "市区町村コード": 209, "所在地": "滋賀県甲賀市土山町北土山１４３３－２", "緯度": 34.9366, "経度": 136.285564, "url": "https://www.iryou.teikyouseido.mhlw.go.jp/znk-web/juminkanja/S2430/initialize?prefCd=25&kikanCd=2250001360&kikanKbn=2", "url2": null, "内容": "中西医院【2:診療所】【診療科目:内科_小児科】滋賀県甲賀市土山町北土山１４３３－２" }, "geometry": { "type": "Point", "coordinates": [ 136.285564, 34.9366 ] } },
{ "type": "Feature", "properties": { "ID": 2522250001380, "正式名称": "医療法人社団寿久　カズ皮フ科医院", "機関区分": 2, "都道府県コード": 25, "市区町村コード": 211, "所在地": "滋賀県湖南市夏見６３４－２", "緯度": 34.997322, "経度": 136.095064, "url": "https://www.iryou.teikyouseido.mhlw.go.jp/znk-web/juminkanja/S2430/initialize?prefCd=25&kikanCd=2250001380&kikanKbn=2", "url2": "http://www.kaz-skin-clinic.com/", "内容": "医療法人社団寿久　カズ皮フ科医院【2:診療所】【診療科目:皮膚科_美容皮膚科_アレルギー科】滋賀県湖南市夏見６３４－２" }, "geometry": { "type": "Point", "coordinates": [ 136.095064, 34.997322 ] } },
{ "type": "Feature", "properties": { "ID": 2522250001420, "正式名称": "今村医院", "機関区分": 2, "都道府県コード": 25, "市区町村コード": 209, "所在地": "滋賀県甲賀市甲南町深川２２０１番地", "緯度": 34.929211, "経度": 136.164425, "url": "https://www.iryou.teikyouseido.mhlw.go.jp/znk-web/juminkanja/S2430/initialize?prefCd=25&kikanCd=2250001420&kikanKbn=2", "url2": "https://www.imamuraiin.jp/home", "内容": "今村医院【2:診療所】【診療科目:内科_消化器内科_小児科_心療内科】滋賀県甲賀市甲南町深川２２０１番地" }, "geometry": { "type": "Point", "coordinates": [ 136.164425, 34.929211 ] } },
{ "type": "Feature", "properties": { "ID": 2522250001450, "正式名称": "医療法人青葉会　イーリスウィメンズクリニック", "機関区分": 2, "都道府県コード": 25, "市区町村コード": 202, "所在地": "滋賀県彦根市中央町３－７３", "緯度": 35.2701, "経度": 136.255286, "url": "https://www.iryou.teikyouseido.mhlw.go.jp/znk-web/juminkanja/S2430/initialize?prefCd=25&kikanCd=2250001450&kikanKbn=2", "url2": "https://www.aoba-iris.com", "内容": "医療法人青葉会　イーリスウィメンズクリニック【2:診療所】【診療科目:産科_婦人科_産婦人科（生殖医療）】滋賀県彦根市中央町３－７３" }, "geometry": { "type": "Point", "coordinates": [ 136.255286, 35.2701 ] } },
{ "type": "Feature", "properties": { "ID": 2522250001510, "正式名称": "瀬古内科クリニック", "機関区分": 2, "都道府県コード": 25, "市区町村コード": 201, "所在地": "滋賀県大津市馬場３丁目２－２５", "緯度": 34.99885, "経度": 135.882981, "url": "https://www.iryou.teikyouseido.mhlw.go.jp/znk-web/juminkanja/S2430/initialize?prefCd=25&kikanCd=2250001510&kikanKbn=2", "url2": "http://www.seko-clinic.sakura.ne.jp", "内容": "瀬古内科クリニック【2:診療所】【診療科目:内科_消化器内科】滋賀県大津市馬場３丁目２－２５" }, "geometry": { "type": "Point", "coordinates": [ 135.882981, 34.99885 ] } },
{ "type": "Feature", "properties": { "ID": 2522250001530, "正式名称": "医療法人さんらく会　遠藤クリニック", "機関区分": 2, "都道府県コード": 25, "市区町村コード": 201, "所在地": "滋賀県大津市千町２丁目１５番２２号", "緯度": 34.945933, "経度": 135.905564, "url": "https://www.iryou.teikyouseido.mhlw.go.jp/znk-web/juminkanja/S2430/initialize?prefCd=25&kikanCd=2250001530&kikanKbn=2", "url2": "http://endo-clinic.or.jp", "内容": "医療法人さんらく会　遠藤クリニック【2:診療所】【診療科目:内科_整形外科_眼科_リハビリテーション科】滋賀県大津市千町２丁目１５番２２号" }, "geometry": { "type": "Point", "coordinates": [ 135.905564, 34.945933 ] } },
{ "type": "Feature", "properties": { "ID": 2522250001540, "正式名称": "坂本民主診療所", "機関区分": 2, "都道府県コード": 25, "市区町村コード": 201, "所在地": "滋賀県大津市坂本６丁目２５－３０", "緯度": 35.074656, "経度": 135.873397, "url": "https://www.iryou.teikyouseido.mhlw.go.jp/znk-web/juminkanja/S2430/initialize?prefCd=25&kikanCd=2250001540&kikanKbn=2", "url2": "http://shigamin.jp/sakamoto/", "内容": "坂本民主診療所【2:診療所】【診療科目:内科_整形外科_小児科_放射線科】滋賀県大津市坂本６丁目２５－３０" }, "geometry": { "type": "Point", "coordinates": [ 135.873397, 35.074656 ] } },
{ "type": "Feature", "properties": { "ID": 2522250001560, "正式名称": "由良クリニック", "機関区分": 2, "都道府県コード": 25, "市区町村コード": 201, "所在地": "滋賀県大津市浜大津２丁目１－２９", "緯度": 35.011267, "経度": 135.862814, "url": "https://www.iryou.teikyouseido.mhlw.go.jp/znk-web/juminkanja/S2430/initialize?prefCd=25&kikanCd=2250001560&kikanKbn=2", "url2": "http://r.goope.jp/yura-clinic", "内容": "由良クリニック【2:診療所】【診療科目:整形外科_眼科_リウマチ科_リハビリテーション科】滋賀県大津市浜大津２丁目１－２９" }, "geometry": { "type": "Point", "coordinates": [ 135.862814, 35.011267 ] } },
{ "type": "Feature", "properties": { "ID": 2522250001570, "正式名称": "ののむら眼科", "機関区分": 2, "都道府県コード": 25, "市区町村コード": 201, "所在地": "滋賀県大津市大将軍１丁目１３－１２", "緯度": 34.992961, "経度": 135.924897, "url": "https://www.iryou.teikyouseido.mhlw.go.jp/znk-web/juminkanja/S2430/initialize?prefCd=25&kikanCd=2250001570&kikanKbn=2", "url2": "https://www.nonomuraganka21.com", "内容": "ののむら眼科【2:診療所】【診療科目:眼科】滋賀県大津市大将軍１丁目１３－１２" }, "geometry": { "type": "Point", "coordinates": [ 135.924897, 34.992961 ] } },
{ "type": "Feature", "properties": { "ID": 2522250001590, "正式名称": "あらい整形外科", "機関区分": 2, "都道府県コード": 25, "市区町村コード": 201, "所在地": "滋賀県大津市皇子が丘２丁目１０番２５ー１０８号ファーストタワー大津ＭＡＲＹ１階", "緯度": 35.023544, "経度": 135.857314, "url": "https://www.iryou.teikyouseido.mhlw.go.jp/znk-web/juminkanja/S2430/initialize?prefCd=25&kikanCd=2250001590&kikanKbn=2", "url2": null, "内容": "あらい整形外科【2:診療所】【診療科目:整形外科_リウマチ科_リハビリテーション科】滋賀県大津市皇子が丘２丁目１０番２５ー１０８号ファーストタワー大津ＭＡＲＹ１階" }, "geometry": { "type": "Point", "coordinates": [ 135.857314, 35.023544 ] } },
{ "type": "Feature", "properties": { "ID": 2522250001600, "正式名称": "山元医院眼科皮膚科", "機関区分": 2, "都道府県コード": 25, "市区町村コード": 201, "所在地": "滋賀県大津市今堅田２－２６－２０", "緯度": 35.122626, "経度": 135.921526, "url": "https://www.iryou.teikyouseido.mhlw.go.jp/znk-web/juminkanja/S2430/initialize?prefCd=25&kikanCd=2250001600&kikanKbn=2", "url2": null, "内容": "山元医院眼科皮膚科【2:診療所】【診療科目:眼科_皮膚科】滋賀県大津市今堅田２－２６－２０" }, "geometry": { "type": "Point", "coordinates": [ 135.921526, 35.122626 ] } },
{ "type": "Feature", "properties": { "ID": 2522250001610, "正式名称": "医療法人　竹林ウィメンズクリニック", "機関区分": 2, "都道府県コード": 25, "市区町村コード": 201, "所在地": "滋賀県大津市大萱１丁目１番１号", "緯度": 34.983767, "経度": 135.920453, "url": "https://www.iryou.teikyouseido.mhlw.go.jp/znk-web/juminkanja/S2430/initialize?prefCd=25&kikanCd=2250001610&kikanKbn=2", "url2": "https//www.takebayashi-clinic.com", "内容": "医療法人　竹林ウィメンズクリニック【2:診療所】【診療科目:産科_婦人科】滋賀県大津市大萱１丁目１番１号" }, "geometry": { "type": "Point", "coordinates": [ 135.920453, 34.983767 ] } },
{ "type": "Feature", "properties": { "ID": 2522250001640, "正式名称": "医療法人湊心会　きづみのるクリニック", "機関区分": 2, "都道府県コード": 25, "市区町村コード": 201, "所在地": "滋賀県大津市浜大津１丁目２番２５号", "緯度": 35.010961, "経度": 135.863981, "url": "https://www.iryou.teikyouseido.mhlw.go.jp/znk-web/juminkanja/S2430/initialize?prefCd=25&kikanCd=2250001640&kikanKbn=2", "url2": "http://www.kiduclinic.jp/", "内容": "医療法人湊心会　きづみのるクリニック【2:診療所】【診療科目:内科_循環器内科】滋賀県大津市浜大津１丁目２番２５号" }, "geometry": { "type": "Point", "coordinates": [ 135.863981, 35.010961 ] } },
{ "type": "Feature", "properties": { "ID": 2522250001660, "正式名称": "大西医院", "機関区分": 2, "都道府県コード": 25, "市区町村コード": 201, "所在地": "滋賀県大津市中央３－１－１６", "緯度": 35.006767, "経度": 135.867731, "url": "https://www.iryou.teikyouseido.mhlw.go.jp/znk-web/juminkanja/S2430/initialize?prefCd=25&kikanCd=2250001660&kikanKbn=2", "url2": "www.onishi-iin.com", "内容": "大西医院【2:診療所】【診療科目:内科_循環器内科】滋賀県大津市中央３－１－１６" }, "geometry": { "type": "Point", "coordinates": [ 135.867731, 35.006767 ] } },
{ "type": "Feature", "properties": { "ID": 2522250001670, "正式名称": "医療法人　石場診療所", "機関区分": 2, "都道府県コード": 25, "市区町村コード": 201, "所在地": "滋賀県大津市石場９ー６", "緯度": 35.002711, "経度": 135.874675, "url": "https://www.iryou.teikyouseido.mhlw.go.jp/znk-web/juminkanja/S2430/initialize?prefCd=25&kikanCd=2250001670&kikanKbn=2", "url2": "isibasin.com", "内容": "医療法人　石場診療所【2:診療所】【診療科目:内科_腎臓内科_漢方内科_肛門内科_外科_皮膚科】滋賀県大津市石場９ー６" }, "geometry": { "type": "Point", "coordinates": [ 135.874675, 35.002711 ] } },
{ "type": "Feature", "properties": { "ID": 2522250001710, "正式名称": "医療法人　金谷クリニック", "機関区分": 2, "都道府県コード": 25, "市区町村コード": 201, "所在地": "滋賀県大津市湖青１丁目１－３１", "緯度": 35.138544, "経度": 135.921731, "url": "https://www.iryou.teikyouseido.mhlw.go.jp/znk-web/juminkanja/S2430/initialize?prefCd=25&kikanCd=2250001710&kikanKbn=2", "url2": null, "内容": "医療法人　金谷クリニック【2:診療所】【診療科目:内科_循環器内科_消化器内科_胃腸内科】滋賀県大津市湖青１丁目１－３１" }, "geometry": { "type": "Point", "coordinates": [ 135.921731, 35.138544 ] } },
{ "type": "Feature", "properties": { "ID": 2522250001720, "正式名称": "医療法人社団　あしはら整形外科", "機関区分": 2, "都道府県コード": 25, "市区町村コード": 201, "所在地": "滋賀県大津市下阪本６－２１－５", "緯度": 35.068989, "経度": 135.883453, "url": "https://www.iryou.teikyouseido.mhlw.go.jp/znk-web/juminkanja/S2430/initialize?prefCd=25&kikanCd=2250001720&kikanKbn=2", "url2": null, "内容": "医療法人社団　あしはら整形外科【2:診療所】【診療科目:整形外科_リウマチ科_リハビリテーション科】滋賀県大津市下阪本６－２１－５" }, "geometry": { "type": "Point", "coordinates": [ 135.883453, 35.068989 ] } },
{ "type": "Feature", "properties": { "ID": 2522250001730, "正式名称": "医療法人　よしかわ医院", "機関区分": 2, "都道府県コード": 25, "市区町村コード": 201, "所在地": "滋賀県大津市平津１－６－２２", "緯度": 34.9516, "経度": 135.909481, "url": "https://www.iryou.teikyouseido.mhlw.go.jp/znk-web/juminkanja/S2430/initialize?prefCd=25&kikanCd=2250001730&kikanKbn=2", "url2": "yoshikawa-iin.jp", "内容": "医療法人　よしかわ医院【2:診療所】【診療科目:内科_消化器内科_外科_小児科_皮膚科】滋賀県大津市平津１－６－２２" }, "geometry": { "type": "Point", "coordinates": [ 135.909481, 34.9516 ] } },
{ "type": "Feature", "properties": { "ID": 2522250001740, "正式名称": "西山医院", "機関区分": 2, "都道府県コード": 25, "市区町村コード": 201, "所在地": "滋賀県大津市皇子が丘２丁目２番１２号", "緯度": 35.022544, "経度": 135.857703, "url": "https://www.iryou.teikyouseido.mhlw.go.jp/znk-web/juminkanja/S2430/initialize?prefCd=25&kikanCd=2250001740&kikanKbn=2", "url2": "http://www.nishiyama-iin.com", "内容": "西山医院【2:診療所】【診療科目:内科_循環器内科_消化器内科_胃腸内科】滋賀県大津市皇子が丘２丁目２番１２号" }, "geometry": { "type": "Point", "coordinates": [ 135.857703, 35.022544 ] } },
{ "type": "Feature", "properties": { "ID": 2522250001750, "正式名称": "びわこクリニック", "機関区分": 2, "都道府県コード": 25, "市区町村コード": 201, "所在地": "滋賀県大津市真野１丁目１２番２３号", "緯度": 35.123448, "経度": 135.914699, "url": "https://www.iryou.teikyouseido.mhlw.go.jp/znk-web/juminkanja/S2430/initialize?prefCd=25&kikanCd=2250001750&kikanKbn=2", "url2": "www.biwako.or.jp", "内容": "びわこクリニック【2:診療所】【診療科目:内科_精神科】滋賀県大津市真野１丁目１２番２３号" }, "geometry": { "type": "Point", "coordinates": [ 135.914699, 35.123448 ] } },
{ "type": "Feature", "properties": { "ID": 2522250001760, "正式名称": "はえうち診療所", "機関区分": 2, "都道府県コード": 25, "市区町村コード": 201, "所在地": "滋賀県大津市一里山４丁目２５番２１号", "緯度": 34.9801, "経度": 135.931675, "url": "https://www.iryou.teikyouseido.mhlw.go.jp/znk-web/juminkanja/S2430/initialize?prefCd=25&kikanCd=2250001760&kikanKbn=2", "url2": "https://haeuchi-clinic.com", "内容": "はえうち診療所【2:診療所】【診療科目:内科_胃腸内科_外科_肛門外科_歯科】滋賀県大津市一里山４丁目２５番２１号" }, "geometry": { "type": "Point", "coordinates": [ 135.931675, 34.9801 ] } },
{ "type": "Feature", "properties": { "ID": 2522250001770, "正式名称": "よしだクリニック", "機関区分": 2, "都道府県コード": 25, "市区町村コード": 201, "所在地": "滋賀県大津市本堅田３－１８－３", "緯度": 35.114544, "経度": 135.916731, "url": "https://www.iryou.teikyouseido.mhlw.go.jp/znk-web/juminkanja/S2430/initialize?prefCd=25&kikanCd=2250001770&kikanKbn=2", "url2": "http://yoshida-cl.webmedipr.jp", "内容": "よしだクリニック【2:診療所】【診療科目:内科_消化器内科_胃腸内科_外科_整形外科】滋賀県大津市本堅田３－１８－３" }, "geometry": { "type": "Point", "coordinates": [ 135.916731, 35.114544 ] } },
{ "type": "Feature", "properties": { "ID": 2522250001780, "正式名称": "医療法人　藤井医院", "機関区分": 2, "都道府県コード": 25, "市区町村コード": 201, "所在地": "滋賀県大津市馬場１丁目６－１９", "緯度": 35.005239, "経度": 135.881453, "url": "https://www.iryou.teikyouseido.mhlw.go.jp/znk-web/juminkanja/S2430/initialize?prefCd=25&kikanCd=2250001780&kikanKbn=2", "url2": null, "内容": "医療法人　藤井医院【2:診療所】【診療科目:内科_呼吸器内科_小児科】滋賀県大津市馬場１丁目６－１９" }, "geometry": { "type": "Point", "coordinates": [ 135.881453, 35.005239 ] } },
{ "type": "Feature", "properties": { "ID": 2522250001800, "正式名称": "永井医院", "機関区分": 2, "都道府県コード": 25, "市区町村コード": 201, "所在地": "滋賀県大津市石山寺３丁目７－１５", "緯度": 34.957683, "経度": 135.909731, "url": "https://www.iryou.teikyouseido.mhlw.go.jp/znk-web/juminkanja/S2430/initialize?prefCd=25&kikanCd=2250001800&kikanKbn=2", "url2": "https://nagai-iin.jimdosite.com/", "内容": "永井医院【2:診療所】【診療科目:内科_胃腸内科】滋賀県大津市石山寺３丁目７－１５" }, "geometry": { "type": "Point", "coordinates": [ 135.909731, 34.957683 ] } },
{ "type": "Feature", "properties": { "ID": 2522250001830, "正式名称": "かとう医院", "機関区分": 2, "都道府県コード": 25, "市区町村コード": 201, "所在地": "滋賀県大津市大将軍３丁目８－１６", "緯度": 34.989433, "経度": 135.926481, "url": "https://www.iryou.teikyouseido.mhlw.go.jp/znk-web/juminkanja/S2430/initialize?prefCd=25&kikanCd=2250001830&kikanKbn=2", "url2": null, "内容": "かとう医院【2:診療所】【診療科目:内科_循環器内科】滋賀県大津市大将軍３丁目８－１６" }, "geometry": { "type": "Point", "coordinates": [ 135.926481, 34.989433 ] } },
{ "type": "Feature", "properties": { "ID": 2522250001880, "正式名称": "浜大津まつだ医院", "機関区分": 2, "都道府県コード": 25, "市区町村コード": 201, "所在地": "滋賀県大津市浜大津３丁目１０－３　ハイツ浜大津１階", "緯度": 35.01308, "経度": 135.860928, "url": "https://www.iryou.teikyouseido.mhlw.go.jp/znk-web/juminkanja/S2430/initialize?prefCd=25&kikanCd=2250001880&kikanKbn=2", "url2": null, "内容": "浜大津まつだ医院【2:診療所】【診療科目:内科_精神科_神経科_心療内科】滋賀県大津市浜大津３丁目１０－３　ハイツ浜大津１階" }, "geometry": { "type": "Point", "coordinates": [ 135.860928, 35.01308 ] } },
{ "type": "Feature", "properties": { "ID": 2522250001890, "正式名称": "医療法人社団　理庵　北沢医院", "機関区分": 2, "都道府県コード": 25, "市区町村コード": 201, "所在地": "滋賀県大津市木戸１４０", "緯度": 35.20285, "経度": 135.923814, "url": "https://www.iryou.teikyouseido.mhlw.go.jp/znk-web/juminkanja/S2430/initialize?prefCd=25&kikanCd=2250001890&kikanKbn=2", "url2": null, "内容": "医療法人社団　理庵　北沢医院【2:診療所】【診療科目:内科_糖尿病内科_老年内科】滋賀県大津市木戸１４０" }, "geometry": { "type": "Point", "coordinates": [ 135.923814, 35.20285 ] } },
{ "type": "Feature", "properties": { "ID": 2522250001900, "正式名称": "医療法人　緑陽会　緑が丘クリニック", "機関区分": 2, "都道府県コード": 25, "市区町村コード": 201, "所在地": "滋賀県大津市横木２丁目１３－５", "緯度": 34.992572, "経度": 135.831925, "url": "https://www.iryou.teikyouseido.mhlw.go.jp/znk-web/juminkanja/S2430/initialize?prefCd=25&kikanCd=2250001900&kikanKbn=2", "url2": "http://www.midorigaoka-cl.com", "内容": "医療法人　緑陽会　緑が丘クリニック【2:診療所】【診療科目:内科_消化器内科_外科_リハビリテーション科_麻酔科】滋賀県大津市横木２丁目１３－５" }, "geometry": { "type": "Point", "coordinates": [ 135.831925, 34.992572 ] } },
{ "type": "Feature", "properties": { "ID": 2522250001920, "正式名称": "医療法人　誠仁会　吉徳医院", "機関区分": 2, "都道府県コード": 25, "市区町村コード": 201, "所在地": "滋賀県大津市里５－２－１４", "緯度": 34.936906, "経度": 135.928119, "url": "https://www.iryou.teikyouseido.mhlw.go.jp/znk-web/juminkanja/S2430/initialize?prefCd=25&kikanCd=2250001920&kikanKbn=2", "url2": null, "内容": "医療法人　誠仁会　吉徳医院【2:診療所】【診療科目:内科_リハビリテーション科】滋賀県大津市里５－２－１４" }, "geometry": { "type": "Point", "coordinates": [ 135.928119, 34.936906 ] } },
{ "type": "Feature", "properties": { "ID": 2522250001930, "正式名称": "中井医院", "機関区分": 2, "都道府県コード": 25, "市区町村コード": 201, "所在地": "滋賀県大津市和迩今宿５７２－４", "緯度": 35.154855, "経度": 135.921948, "url": "https://www.iryou.teikyouseido.mhlw.go.jp/znk-web/juminkanja/S2430/initialize?prefCd=25&kikanCd=2250001930&kikanKbn=2", "url2": "http://www.nakai-iin.net/", "内容": "中井医院【2:診療所】【診療科目:内科_老年内科_アレルギー科】滋賀県大津市和迩今宿５７２－４" }, "geometry": { "type": "Point", "coordinates": [ 135.921948, 35.154855 ] } },
{ "type": "Feature", "properties": { "ID": 2522250001940, "正式名称": "ふじかわ耳鼻咽喉科", "機関区分": 2, "都道府県コード": 25, "市区町村コード": 201, "所在地": "滋賀県大津市比叡辻２－１１－１７", "緯度": 35.074322, "経度": 135.884314, "url": "https://www.iryou.teikyouseido.mhlw.go.jp/znk-web/juminkanja/S2430/initialize?prefCd=25&kikanCd=2250001940&kikanKbn=2", "url2": "https://www.fujikawa-do.jp", "内容": "ふじかわ耳鼻咽喉科【2:診療所】【診療科目:耳鼻いんこう科_アレルギー科】滋賀県大津市比叡辻２－１１－１７" }, "geometry": { "type": "Point", "coordinates": [ 135.884314, 35.074322 ] } },
{ "type": "Feature", "properties": { "ID": 2522250001950, "正式名称": "医療法人社団　エルシーエー　日吉台診療所", "機関区分": 2, "都道府県コード": 25, "市区町村コード": 201, "所在地": "滋賀県大津市日吉台４丁目１５番１号", "緯度": 35.081544, "経度": 135.880953, "url": "https://www.iryou.teikyouseido.mhlw.go.jp/znk-web/juminkanja/S2430/initialize?prefCd=25&kikanCd=2250001950&kikanKbn=2", "url2": "www.hiyoshidai-clinic.jp", "内容": "医療法人社団　エルシーエー　日吉台診療所【2:診療所】【診療科目:内科_消化器内科_リハビリテーション科】滋賀県大津市日吉台４丁目１５番１号" }, "geometry": { "type": "Point", "coordinates": [ 135.880953, 35.081544 ] } },
{ "type": "Feature", "properties": { "ID": 2522250001960, "正式名称": "おの医院", "機関区分": 2, "都道府県コード": 25, "市区町村コード": 201, "所在地": "滋賀県大津市青山３丁目１３－１１", "緯度": 34.980156, "経度": 135.973814, "url": "https://www.iryou.teikyouseido.mhlw.go.jp/znk-web/juminkanja/S2430/initialize?prefCd=25&kikanCd=2250001960&kikanKbn=2", "url2": null, "内容": "おの医院【2:診療所】【診療科目:内科_小児科】滋賀県大津市青山３丁目１３－１１" }, "geometry": { "type": "Point", "coordinates": [ 135.973814, 34.980156 ] } },
{ "type": "Feature", "properties": { "ID": 2522250001970, "正式名称": "医療法人社団　加藤内科胃腸科", "機関区分": 2, "都道府県コード": 25, "市区町村コード": 201, "所在地": "滋賀県大津市神領２丁目３９－３", "緯度": 34.972183, "経度": 135.914508, "url": "https://www.iryou.teikyouseido.mhlw.go.jp/znk-web/juminkanja/S2430/initialize?prefCd=25&kikanCd=2250001970&kikanKbn=2", "url2": "https://www.kato-naika-ichouka.com/", "内容": "医療法人社団　加藤内科胃腸科【2:診療所】【診療科目:内科_消化器内科_胃腸内科_漢方内科_内視鏡内科】滋賀県大津市神領２丁目３９－３" }, "geometry": { "type": "Point", "coordinates": [ 135.914508, 34.972183 ] } },
{ "type": "Feature", "properties": { "ID": 2522250001980, "正式名称": "医療法人　緑泉会　小泉医院", "機関区分": 2, "都道府県コード": 25, "市区町村コード": 201, "所在地": "滋賀県大津市今堅田２丁目２６番１５号", "緯度": 35.122239, "経度": 135.921175, "url": "https://www.iryou.teikyouseido.mhlw.go.jp/znk-web/juminkanja/S2430/initialize?prefCd=25&kikanCd=2250001980&kikanKbn=2", "url2": "https://www.koizumiiin-otsu.com", "内容": "医療法人　緑泉会　小泉医院【2:診療所】【診療科目:内科_消化器内科】滋賀県大津市今堅田２丁目２６番１５号" }, "geometry": { "type": "Point", "coordinates": [ 135.921175, 35.122239 ] } },
{ "type": "Feature", "properties": { "ID": 2522250002000, "正式名称": "浜本内科医院", "機関区分": 2, "都道府県コード": 25, "市区町村コード": 201, "所在地": "滋賀県大津市国分１丁目９番２３号", "緯度": 34.970711, "経度": 135.895147, "url": "https://www.iryou.teikyouseido.mhlw.go.jp/znk-web/juminkanja/S2430/initialize?prefCd=25&kikanCd=2250002000&kikanKbn=2", "url2": null, "内容": "浜本内科医院【2:診療所】【診療科目:内科_循環器内科】滋賀県大津市国分１丁目９番２３号" }, "geometry": { "type": "Point", "coordinates": [ 135.895147, 34.970711 ] } },
{ "type": "Feature", "properties": { "ID": 2522250002010, "正式名称": "医療法人社団　日高内科胃腸科", "機関区分": 2, "都道府県コード": 25, "市区町村コード": 201, "所在地": "滋賀県大津市滋賀里４丁目１９番１６号", "緯度": 35.047708, "経度": 135.863374, "url": "https://www.iryou.teikyouseido.mhlw.go.jp/znk-web/juminkanja/S2430/initialize?prefCd=25&kikanCd=2250002010&kikanKbn=2", "url2": "https://hidaka-naika.com", "内容": "医療法人社団　日高内科胃腸科【2:診療所】【診療科目:内科_消化器内科_胃腸内科_肝臓内科_内視鏡内科】滋賀県大津市滋賀里４丁目１９番１６号" }, "geometry": { "type": "Point", "coordinates": [ 135.863374, 35.047708 ] } },
{ "type": "Feature", "properties": { "ID": 2522250002040, "正式名称": "医療法人　小澤耳鼻咽喉科医院", "機関区分": 2, "都道府県コード": 25, "市区町村コード": 201, "所在地": "滋賀県大津市錦織２－２－２４", "緯度": 35.029267, "経度": 135.857953, "url": "https://www.iryou.teikyouseido.mhlw.go.jp/znk-web/juminkanja/S2430/initialize?prefCd=25&kikanCd=2250002040&kikanKbn=2", "url2": "http://ozawa-ent.com", "内容": "医療法人　小澤耳鼻咽喉科医院【2:診療所】【診療科目:耳鼻いんこう科】滋賀県大津市錦織２－２－２４" }, "geometry": { "type": "Point", "coordinates": [ 135.857953, 35.029267 ] } },
{ "type": "Feature", "properties": { "ID": 2522250002050, "正式名称": "森寺眼科医院", "機関区分": 2, "都道府県コード": 25, "市区町村コード": 201, "所在地": "滋賀県大津市中央３－５－３２", "緯度": 35.005722, "経度": 135.869629, "url": "https://www.iryou.teikyouseido.mhlw.go.jp/znk-web/juminkanja/S2430/initialize?prefCd=25&kikanCd=2250002050&kikanKbn=2", "url2": null, "内容": "森寺眼科医院【2:診療所】【診療科目:眼科】滋賀県大津市中央３－５－３２" }, "geometry": { "type": "Point", "coordinates": [ 135.869629, 35.005722 ] } },
{ "type": "Feature", "properties": { "ID": 2522250002060, "正式名称": "医療法人社団　瀬田クリニック", "機関区分": 2, "都道府県コード": 25, "市区町村コード": 201, "所在地": "滋賀県大津市一里山３丁目１番５号", "緯度": 34.985767, "経度": 135.932203, "url": "https://www.iryou.teikyouseido.mhlw.go.jp/znk-web/juminkanja/S2430/initialize?prefCd=25&kikanCd=2250002060&kikanKbn=2", "url2": "https://www.seta-clinic.jp/", "内容": "医療法人社団　瀬田クリニック【2:診療所】【診療科目:内科_糖尿病内科_脳神経内科_人工透析内科】滋賀県大津市一里山３丁目１番５号" }, "geometry": { "type": "Point", "coordinates": [ 135.932203, 34.985767 ] } },
{ "type": "Feature", "properties": { "ID": 2522250002070, "正式名称": "林クリニック", "機関区分": 2, "都道府県コード": 25, "市区町村コード": 201, "所在地": "滋賀県大津市松原町１７－１０コスモ石山１Ｆ", "緯度": 34.977656, "経度": 135.904008, "url": "https://www.iryou.teikyouseido.mhlw.go.jp/znk-web/juminkanja/S2430/initialize?prefCd=25&kikanCd=2250002070&kikanKbn=2", "url2": null, "内容": "林クリニック【2:診療所】【診療科目:内科_循環器内科】滋賀県大津市松原町１７－１０コスモ石山１Ｆ" }, "geometry": { "type": "Point", "coordinates": [ 135.904008, 34.977656 ] } },
{ "type": "Feature", "properties": { "ID": 2522250002080, "正式名称": "深野内科医院", "機関区分": 2, "都道府県コード": 25, "市区町村コード": 211, "所在地": "滋賀県湖南市平松北２丁目５３", "緯度": 35.002711, "経度": 136.080675, "url": "https://www.iryou.teikyouseido.mhlw.go.jp/znk-web/juminkanja/S2430/initialize?prefCd=25&kikanCd=2250002080&kikanKbn=2", "url2": "www.ex.biwa.ne.jp/~fukano-cli/", "内容": "深野内科医院【2:診療所】【診療科目:内科】滋賀県湖南市平松北２丁目５３" }, "geometry": { "type": "Point", "coordinates": [ 136.080675, 35.002711 ] } },
{ "type": "Feature", "properties": { "ID": 2522250002090, "正式名称": "医療法人圭裕会　田代クリニック", "機関区分": 2, "都道府県コード": 25, "市区町村コード": 209, "所在地": "滋賀県甲賀市水口町新城４３３番地１", "緯度": 34.961903, "経度": 136.195813, "url": "https://www.iryou.teikyouseido.mhlw.go.jp/znk-web/juminkanja/S2430/initialize?prefCd=25&kikanCd=2250002090&kikanKbn=2", "url2": "https://tashiro-cl.com", "内容": "医療法人圭裕会　田代クリニック【2:診療所】【診療科目:内科_消化器内科_外科_整形外科_リハビリテーション科】滋賀県甲賀市水口町新城４３３番地１" }, "geometry": { "type": "Point", "coordinates": [ 136.195813, 34.961903 ] } },
{ "type": "Feature", "properties": { "ID": 2522250002100, "正式名称": "医療法人　桂川レディースクリニック", "機関区分": 2, "都道府県コード": 25, "市区町村コード": 201, "所在地": "滋賀県大津市御殿浜２１－８", "緯度": 34.988628, "経度": 135.896869, "url": "https://www.iryou.teikyouseido.mhlw.go.jp/znk-web/juminkanja/S2430/initialize?prefCd=25&kikanCd=2250002100&kikanKbn=2", "url2": "http://www.katsuragawa-lc.com", "内容": "医療法人　桂川レディースクリニック【2:診療所】【診療科目:産科_婦人科_産婦人科（生殖医療）_麻酔科】滋賀県大津市御殿浜２１－８" }, "geometry": { "type": "Point", "coordinates": [ 135.896869, 34.988628 ] } },
{ "type": "Feature", "properties": { "ID": 2522250002110, "正式名称": "諸賀整形外科医院", "機関区分": 2, "都道府県コード": 25, "市区町村コード": 201, "所在地": "滋賀県大津市和邇中浜３３４－１", "緯度": 35.162832, "経度": 135.922328, "url": "https://www.iryou.teikyouseido.mhlw.go.jp/znk-web/juminkanja/S2430/initialize?prefCd=25&kikanCd=2250002110&kikanKbn=2", "url2": null, "内容": "諸賀整形外科医院【2:診療所】【診療科目:整形外科_リハビリテーション科】滋賀県大津市和邇中浜３３４－１" }, "geometry": { "type": "Point", "coordinates": [ 135.922328, 35.162832 ] } },
{ "type": "Feature", "properties": { "ID": 2522250002160, "正式名称": "桜谷診療所", "機関区分": 2, "都道府県コード": 25, "市区町村コード": 201, "所在地": "滋賀県大津市大石東４－３－１", "緯度": 34.915461, "経度": 135.922147, "url": "https://www.iryou.teikyouseido.mhlw.go.jp/znk-web/juminkanja/S2430/initialize?prefCd=25&kikanCd=2250002160&kikanKbn=2", "url2": null, "内容": "桜谷診療所【2:診療所】【診療科目:内科_小児科_眼科】滋賀県大津市大石東４－３－１" }, "geometry": { "type": "Point", "coordinates": [ 135.922147, 34.915461 ] } },
{ "type": "Feature", "properties": { "ID": 2522250002170, "正式名称": "仰木の里クリニック", "機関区分": 2, "都道府県コード": 25, "市区町村コード": 201, "所在地": "滋賀県大津市仰木の里１丁目１４番７号", "緯度": 35.101572, "経度": 135.889619, "url": "https://www.iryou.teikyouseido.mhlw.go.jp/znk-web/juminkanja/S2430/initialize?prefCd=25&kikanCd=2250002170&kikanKbn=2", "url2": null, "内容": "仰木の里クリニック【2:診療所】【診療科目:内科_消化器内科_放射線科】滋賀県大津市仰木の里１丁目１４番７号" }, "geometry": { "type": "Point", "coordinates": [ 135.889619, 35.101572 ] } },
{ "type": "Feature", "properties": { "ID": 2522250002190, "正式名称": "曽田医院", "機関区分": 2, "都道府県コード": 25, "市区町村コード": 201, "所在地": "滋賀県大津市桜野町２－１３－９", "緯度": 35.026544, "経度": 135.861147, "url": "https://www.iryou.teikyouseido.mhlw.go.jp/znk-web/juminkanja/S2430/initialize?prefCd=25&kikanCd=2250002190&kikanKbn=2", "url2": null, "内容": "曽田医院【2:診療所】【診療科目:内科_消化器内科_外科_肛門外科】滋賀県大津市桜野町２－１３－９" }, "geometry": { "type": "Point", "coordinates": [ 135.861147, 35.026544 ] } },
{ "type": "Feature", "properties": { "ID": 2522250002220, "正式名称": "医療法人　輝生産婦人科内科小児科医院", "機関区分": 2, "都道府県コード": 25, "市区町村コード": 201, "所在地": "滋賀県大津市下阪本６－２９－１９", "緯度": 35.068137, "経度": 135.881234, "url": "https://www.iryou.teikyouseido.mhlw.go.jp/znk-web/juminkanja/S2430/initialize?prefCd=25&kikanCd=2250002220&kikanKbn=2", "url2": "http://kiseihospital.com/", "内容": "医療法人　輝生産婦人科内科小児科医院【2:診療所】【診療科目:内科_小児科_産婦人科】滋賀県大津市下阪本６－２９－１９" }, "geometry": { "type": "Point", "coordinates": [ 135.881234, 35.068137 ] } },
{ "type": "Feature", "properties": { "ID": 2522250002250, "正式名称": "医療法人社団　水谷医院", "機関区分": 2, "都道府県コード": 25, "市区町村コード": 201, "所在地": "滋賀県大津市大萱３－６－３３", "緯度": 34.990628, "経度": 135.919453, "url": "https://www.iryou.teikyouseido.mhlw.go.jp/znk-web/juminkanja/S2430/initialize?prefCd=25&kikanCd=2250002250&kikanKbn=2", "url2": null, "内容": "医療法人社団　水谷医院【2:診療所】【診療科目:内科_消化器内科_外科_肛門外科_整形外科】滋賀県大津市大萱３－６－３３" }, "geometry": { "type": "Point", "coordinates": [ 135.919453, 34.990628 ] } },
{ "type": "Feature", "properties": { "ID": 2522250002260, "正式名称": "村田内科小児科クリニック", "機関区分": 2, "都道府県コード": 25, "市区町村コード": 201, "所在地": "滋賀県大津市馬場２丁目６－２０", "緯度": 35.000628, "経度": 135.880814, "url": "https://www.iryou.teikyouseido.mhlw.go.jp/znk-web/juminkanja/S2430/initialize?prefCd=25&kikanCd=2250002260&kikanKbn=2", "url2": null, "内容": "村田内科小児科クリニック【2:診療所】【診療科目:内科_循環器内科_消化器内科_小児科】滋賀県大津市馬場２丁目６－２０" }, "geometry": { "type": "Point", "coordinates": [ 135.880814, 35.000628 ] } },
{ "type": "Feature", "properties": { "ID": 2522250002290, "正式名称": "伏木医院", "機関区分": 2, "都道府県コード": 25, "市区町村コード": 201, "所在地": "滋賀県大津市見世２－１２－１２", "緯度": 35.043479, "経度": 135.860926, "url": "https://www.iryou.teikyouseido.mhlw.go.jp/znk-web/juminkanja/S2430/initialize?prefCd=25&kikanCd=2250002290&kikanKbn=2", "url2": "http://fushiki-iin.com", "内容": "伏木医院【2:診療所】【診療科目:内科_消化器内科_外科_脳神経外科】滋賀県大津市見世２－１２－１２" }, "geometry": { "type": "Point", "coordinates": [ 135.860926, 35.043479 ] } },
{ "type": "Feature", "properties": { "ID": 2522250002310, "正式名称": "医療法人　池ノ上医院", "機関区分": 2, "都道府県コード": 25, "市区町村コード": 201, "所在地": "滋賀県大津市湖青１丁目７番地１", "緯度": 35.138211, "経度": 135.920008, "url": "https://www.iryou.teikyouseido.mhlw.go.jp/znk-web/juminkanja/S2430/initialize?prefCd=25&kikanCd=2250002310&kikanKbn=2", "url2": null, "内容": "医療法人　池ノ上医院【2:診療所】【診療科目:内科_循環器内科】滋賀県大津市湖青１丁目７番地１" }, "geometry": { "type": "Point", "coordinates": [ 135.920008, 35.138211 ] } },
{ "type": "Feature", "properties": { "ID": 2522250002330, "正式名称": "医療法人社団あかつき会本丸たけだ医院", "機関区分": 2, "都道府県コード": 25, "市区町村コード": 201, "所在地": "滋賀県大津市本丸町２番１８号", "緯度": 34.99281, "経度": 135.891827, "url": "https://www.iryou.teikyouseido.mhlw.go.jp/znk-web/juminkanja/S2430/initialize?prefCd=25&kikanCd=2250002330&kikanKbn=2", "url2": "http://www12.ocn.ne.jp/~aoikai/", "内容": "医療法人社団あかつき会本丸たけだ医院【2:診療所】【診療科目:内科_整形外科_皮膚科】滋賀県大津市本丸町２番１８号" }, "geometry": { "type": "Point", "coordinates": [ 135.891827, 34.99281 ] } },
{ "type": "Feature", "properties": { "ID": 2522250002350, "正式名称": "いのうえ内科クリニック", "機関区分": 2, "都道府県コード": 25, "市区町村コード": 201, "所在地": "滋賀県大津市桜野町２－４－７パデシオン西大津１Ｆ", "緯度": 35.025517, "経度": 135.859786, "url": "https://www.iryou.teikyouseido.mhlw.go.jp/znk-web/juminkanja/S2430/initialize?prefCd=25&kikanCd=2250002350&kikanKbn=2", "url2": "http://www.inoue-naika-clinic.net/", "内容": "いのうえ内科クリニック【2:診療所】【診療科目:内科_消化器内科】滋賀県大津市桜野町２－４－７パデシオン西大津１Ｆ" }, "geometry": { "type": "Point", "coordinates": [ 135.859786, 35.025517 ] } },
{ "type": "Feature", "properties": { "ID": 2522250002360, "正式名称": "皇子山こどもクリニック", "機関区分": 2, "都道府県コード": 25, "市区町村コード": 201, "所在地": "滋賀県大津市皇子が丘２丁目１０－２５ファーストタワー大津マリー１０５号", "緯度": 35.02285, "経度": 135.856981, "url": "https://www.iryou.teikyouseido.mhlw.go.jp/znk-web/juminkanja/S2430/initialize?prefCd=25&kikanCd=2250002360&kikanKbn=2", "url2": "http://www.eonet.ne.jp/~oujiyama-kc", "内容": "皇子山こどもクリニック【2:診療所】【診療科目:小児科】滋賀県大津市皇子が丘２丁目１０－２５ファーストタワー大津マリー１０５号" }, "geometry": { "type": "Point", "coordinates": [ 135.856981, 35.02285 ] } },
{ "type": "Feature", "properties": { "ID": 2522250002380, "正式名称": "ひらた耳鼻咽喉科", "機関区分": 2, "都道府県コード": 25, "市区町村コード": 201, "所在地": "滋賀県大津市和邇高城２６７番１の２", "緯度": 35.162278, "経度": 135.920276, "url": "https://www.iryou.teikyouseido.mhlw.go.jp/znk-web/juminkanja/S2430/initialize?prefCd=25&kikanCd=2250002380&kikanKbn=2", "url2": "https://www7b.biglobe.ne.jp/~hiratajibika/", "内容": "ひらた耳鼻咽喉科【2:診療所】【診療科目:耳鼻いんこう科】滋賀県大津市和邇高城２６７番１の２" }, "geometry": { "type": "Point", "coordinates": [ 135.920276, 35.162278 ] } },
{ "type": "Feature", "properties": { "ID": 2522250002390, "正式名称": "こうなみクリニック", "機関区分": 2, "都道府県コード": 25, "市区町村コード": 201, "所在地": "滋賀県大津市比叡辻２－７－１０", "緯度": 35.074028, "経度": 135.885353, "url": "https://www.iryou.teikyouseido.mhlw.go.jp/znk-web/juminkanja/S2430/initialize?prefCd=25&kikanCd=2250002390&kikanKbn=2", "url2": null, "内容": "こうなみクリニック【2:診療所】【診療科目:外科_皮膚科_泌尿器科】滋賀県大津市比叡辻２－７－１０" }, "geometry": { "type": "Point", "coordinates": [ 135.885353, 35.074028 ] } },
{ "type": "Feature", "properties": { "ID": 2522250002410, "正式名称": "しみず小児科内科医院", "機関区分": 2, "都道府県コード": 25, "市区町村コード": 201, "所在地": "滋賀県大津市木下町９番２９号", "緯度": 34.998017, "経度": 135.892814, "url": "https://www.iryou.teikyouseido.mhlw.go.jp/znk-web/juminkanja/S2430/initialize?prefCd=25&kikanCd=2250002410&kikanKbn=2", "url2": null, "内容": "しみず小児科内科医院【2:診療所】【診療科目:内科_小児科_アレルギー科】滋賀県大津市木下町９番２９号" }, "geometry": { "type": "Point", "coordinates": [ 135.892814, 34.998017 ] } },
{ "type": "Feature", "properties": { "ID": 2522250002420, "正式名称": "大道医院", "機関区分": 2, "都道府県コード": 25, "市区町村コード": 201, "所在地": "滋賀県大津市大将軍１丁目１５－７", "緯度": 34.9936, "経度": 135.924703, "url": "https://www.iryou.teikyouseido.mhlw.go.jp/znk-web/juminkanja/S2430/initialize?prefCd=25&kikanCd=2250002420&kikanKbn=2", "url2": null, "内容": "大道医院【2:診療所】【診療科目:内科_呼吸器内科_循環器内科_小児科】滋賀県大津市大将軍１丁目１５－７" }, "geometry": { "type": "Point", "coordinates": [ 135.924703, 34.9936 ] } },
{ "type": "Feature", "properties": { "ID": 2522250002430, "正式名称": "医療法人レイクサイドクリニック　レイクサイドクリニック", "機関区分": 2, "都道府県コード": 25, "市区町村コード": 201, "所在地": "滋賀県大津市大江１丁目３番２０号", "緯度": 34.985822, "経度": 135.913147, "url": "https://www.iryou.teikyouseido.mhlw.go.jp/znk-web/juminkanja/S2430/initialize?prefCd=25&kikanCd=2250002430&kikanKbn=2", "url2": null, "内容": "医療法人レイクサイドクリニック　レイクサイドクリニック【2:診療所】【診療科目:内科_小児科】滋賀県大津市大江１丁目３番２０号" }, "geometry": { "type": "Point", "coordinates": [ 135.913147, 34.985822 ] } },
{ "type": "Feature", "properties": { "ID": 2522250002440, "正式名称": "医療法人　吉田医院", "機関区分": 2, "都道府県コード": 25, "市区町村コード": 201, "所在地": "滋賀県大津市中央１丁目２－９", "緯度": 35.007794, "経度": 135.863342, "url": "https://www.iryou.teikyouseido.mhlw.go.jp/znk-web/juminkanja/S2430/initialize?prefCd=25&kikanCd=2250002440&kikanKbn=2", "url2": "http://www.myclinic.ne.jp/1567/", "内容": "医療法人　吉田医院【2:診療所】【診療科目:内科_糖尿病内科_内分泌内科_代謝・内分泌内科】滋賀県大津市中央１丁目２－９" }, "geometry": { "type": "Point", "coordinates": [ 135.863342, 35.007794 ] } },
{ "type": "Feature", "properties": { "ID": 2522250002470, "正式名称": "坂部医院", "機関区分": 2, "都道府県コード": 25, "市区町村コード": 201, "所在地": "滋賀県大津市におの浜３丁目５－１５　大津アクアエール１Ｆ", "緯度": 35.004683, "経度": 135.884203, "url": "https://www.iryou.teikyouseido.mhlw.go.jp/znk-web/juminkanja/S2430/initialize?prefCd=25&kikanCd=2250002470&kikanKbn=2", "url2": "http://www.myclinic.ne.jp/sakabeiin/", "内容": "坂部医院【2:診療所】【診療科目:内科_消化器内科】滋賀県大津市におの浜３丁目５－１５　大津アクアエール１Ｆ" }, "geometry": { "type": "Point", "coordinates": [ 135.884203, 35.004683 ] } },
{ "type": "Feature", "properties": { "ID": 2522250002500, "正式名称": "医療法人社団　山中医院", "機関区分": 2, "都道府県コード": 25, "市区町村コード": 201, "所在地": "滋賀県大津市里３丁目６番２２号", "緯度": 34.940711, "経度": 135.928731, "url": "https://www.iryou.teikyouseido.mhlw.go.jp/znk-web/juminkanja/S2430/initialize?prefCd=25&kikanCd=2250002500&kikanKbn=2", "url2": null, "内容": "医療法人社団　山中医院【2:診療所】【診療科目:内科_循環器内科】滋賀県大津市里３丁目６番２２号" }, "geometry": { "type": "Point", "coordinates": [ 135.928731, 34.940711 ] } },
{ "type": "Feature", "properties": { "ID": 2522250002520, "正式名称": "医療法人　北村医院", "機関区分": 2, "都道府県コード": 25, "市区町村コード": 201, "所在地": "滋賀県大津市南郷５丁目１２－１４", "緯度": 34.93685, "経度": 135.908953, "url": "https://www.iryou.teikyouseido.mhlw.go.jp/znk-web/juminkanja/S2430/initialize?prefCd=25&kikanCd=2250002520&kikanKbn=2", "url2": "http://kitamuraiin.jp/", "内容": "医療法人　北村医院【2:診療所】【診療科目:内科_糖尿病内科_糖尿病・内分泌内科_小児科】滋賀県大津市南郷５丁目１２－１４" }, "geometry": { "type": "Point", "coordinates": [ 135.908953, 34.93685 ] } },
{ "type": "Feature", "properties": { "ID": 2522250002530, "正式名称": "野口医院", "機関区分": 2, "都道府県コード": 25, "市区町村コード": 201, "所在地": "滋賀県大津市栄町２０－１２", "緯度": 34.975211, "経度": 135.901731, "url": "https://www.iryou.teikyouseido.mhlw.go.jp/znk-web/juminkanja/S2430/initialize?prefCd=25&kikanCd=2250002530&kikanKbn=2", "url2": null, "内容": "野口医院【2:診療所】【診療科目:内科_外科_肛門外科】滋賀県大津市栄町２０－１２" }, "geometry": { "type": "Point", "coordinates": [ 135.901731, 34.975211 ] } },
{ "type": "Feature", "properties": { "ID": 2522250002550, "正式名称": "ふくた診療所", "機関区分": 2, "都道府県コード": 25, "市区町村コード": 201, "所在地": "滋賀県大津市八屋戸９７１－５", "緯度": 35.18235, "経度": 135.913397, "url": "https://www.iryou.teikyouseido.mhlw.go.jp/znk-web/juminkanja/S2430/initialize?prefCd=25&kikanCd=2250002550&kikanKbn=2", "url2": null, "内容": "ふくた診療所【2:診療所】【診療科目:内科_消化器内科】滋賀県大津市八屋戸９７１－５" }, "geometry": { "type": "Point", "coordinates": [ 135.913397, 35.18235 ] } },
{ "type": "Feature", "properties": { "ID": 2522250002560, "正式名称": "瀬田医院", "機関区分": 2, "都道府県コード": 25, "市区町村コード": 201, "所在地": "滋賀県大津市神領１－９－２０", "緯度": 35.017767, "経度": 135.854619, "url": "https://www.iryou.teikyouseido.mhlw.go.jp/znk-web/juminkanja/S2430/initialize?prefCd=25&kikanCd=2250002560&kikanKbn=2", "url2": null, "内容": "瀬田医院【2:診療所】【診療科目:内科_消化器内科_皮膚科】滋賀県大津市神領１－９－２０" }, "geometry": { "type": "Point", "coordinates": [ 135.854619, 35.017767 ] } },
{ "type": "Feature", "properties": { "ID": 2522250002580, "正式名称": "医療法人　ひろせ耳鼻咽喉科医院", "機関区分": 2, "都道府県コード": 25, "市区町村コード": 201, "所在地": "滋賀県大津市におの浜２丁目２－５大津スカイハイツ１０６号", "緯度": 35.005202, "経度": 135.881432, "url": "https://www.iryou.teikyouseido.mhlw.go.jp/znk-web/juminkanja/S2430/initialize?prefCd=25&kikanCd=2250002580&kikanKbn=2", "url2": "https://hirose-ent.com", "内容": "医療法人　ひろせ耳鼻咽喉科医院【2:診療所】【診療科目:耳鼻いんこう科_アレルギー科】滋賀県大津市におの浜２丁目２－５大津スカイハイツ１０６号" }, "geometry": { "type": "Point", "coordinates": [ 135.881432, 35.005202 ] } },
{ "type": "Feature", "properties": { "ID": 2522250002620, "正式名称": "重永医院", "機関区分": 2, "都道府県コード": 25, "市区町村コード": 201, "所在地": "滋賀県大津市中央２丁目３－１６", "緯度": 35.008544, "経度": 135.866481, "url": "https://www.iryou.teikyouseido.mhlw.go.jp/znk-web/juminkanja/S2430/initialize?prefCd=25&kikanCd=2250002620&kikanKbn=2", "url2": null, "内容": "重永医院【2:診療所】【診療科目:内科_外科】滋賀県大津市中央２丁目３－１６" }, "geometry": { "type": "Point", "coordinates": [ 135.866481, 35.008544 ] } },
{ "type": "Feature", "properties": { "ID": 2522250002660, "正式名称": "貴田耳鼻咽喉科", "機関区分": 2, "都道府県コード": 25, "市区町村コード": 201, "所在地": "滋賀県大津市本堅田５丁目２１－６", "緯度": 35.119961, "経度": 135.916147, "url": "https://www.iryou.teikyouseido.mhlw.go.jp/znk-web/juminkanja/S2430/initialize?prefCd=25&kikanCd=2250002660&kikanKbn=2", "url2": "https://kida-jibika.com/", "内容": "貴田耳鼻咽喉科【2:診療所】【診療科目:耳鼻いんこう科_アレルギー科】滋賀県大津市本堅田５丁目２１－６" }, "geometry": { "type": "Point", "coordinates": [ 135.916147, 35.119961 ] } },
{ "type": "Feature", "properties": { "ID": 2522250002700, "正式名称": "饗庭医院", "機関区分": 2, "都道府県コード": 25, "市区町村コード": 201, "所在地": "滋賀県大津市苗鹿２丁目３４－１５", "緯度": 35.086782, "経度": 135.891463, "url": "https://www.iryou.teikyouseido.mhlw.go.jp/znk-web/juminkanja/S2430/initialize?prefCd=25&kikanCd=2250002700&kikanKbn=2", "url2": null, "内容": "饗庭医院【2:診療所】【診療科目:内科_消化器内科】滋賀県大津市苗鹿２丁目３４－１５" }, "geometry": { "type": "Point", "coordinates": [ 135.891463, 35.086782 ] } },
{ "type": "Feature", "properties": { "ID": 2522250002720, "正式名称": "はやし眼科医院", "機関区分": 2, "都道府県コード": 25, "市区町村コード": 201, "所在地": "滋賀県大津市今堅田２－１４－３", "緯度": 35.121461, "経度": 135.917342, "url": "https://www.iryou.teikyouseido.mhlw.go.jp/znk-web/juminkanja/S2430/initialize?prefCd=25&kikanCd=2250002720&kikanKbn=2", "url2": null, "内容": "はやし眼科医院【2:診療所】【診療科目:眼科】滋賀県大津市今堅田２－１４－３" }, "geometry": { "type": "Point", "coordinates": [ 135.917342, 35.121461 ] } },
{ "type": "Feature", "properties": { "ID": 2522250002750, "正式名称": "田井中内科医院", "機関区分": 2, "都道府県コード": 25, "市区町村コード": 201, "所在地": "滋賀県大津市粟津町３－２ＪＲ石山駅ＮＫビル４Ｆ", "緯度": 34.979989, "経度": 135.897897, "url": "https://www.iryou.teikyouseido.mhlw.go.jp/znk-web/juminkanja/S2430/initialize?prefCd=25&kikanCd=2250002750&kikanKbn=2", "url2": null, "内容": "田井中内科医院【2:診療所】【診療科目:内科_胃腸内科_放射線科】滋賀県大津市粟津町３－２ＪＲ石山駅ＮＫビル４Ｆ" }, "geometry": { "type": "Point", "coordinates": [ 135.897897, 34.979989 ] } },
{ "type": "Feature", "properties": { "ID": 2522250002760, "正式名称": "横田眼科", "機関区分": 2, "都道府県コード": 25, "市区町村コード": 201, "所在地": "滋賀県大津市杉浦町２４－５", "緯度": 34.985989, "経度": 135.894592, "url": "https://www.iryou.teikyouseido.mhlw.go.jp/znk-web/juminkanja/S2430/initialize?prefCd=25&kikanCd=2250002760&kikanKbn=2", "url2": "http://nttbj.itp.ne.jp/0775370520", "内容": "横田眼科【2:診療所】【診療科目:眼科】滋賀県大津市杉浦町２４－５" }, "geometry": { "type": "Point", "coordinates": [ 135.894592, 34.985989 ] } },
{ "type": "Feature", "properties": { "ID": 2522250002770, "正式名称": "米村小児科", "機関区分": 2, "都道府県コード": 25, "市区町村コード": 201, "所在地": "滋賀県大津市栄町４－３昴ビル２Ｆ", "緯度": 34.976961, "経度": 135.901592, "url": "https://www.iryou.teikyouseido.mhlw.go.jp/znk-web/juminkanja/S2430/initialize?prefCd=25&kikanCd=2250002770&kikanKbn=2", "url2": null, "内容": "米村小児科【2:診療所】【診療科目:小児科】滋賀県大津市栄町４－３昴ビル２Ｆ" }, "geometry": { "type": "Point", "coordinates": [ 135.901592, 34.976961 ] } },
{ "type": "Feature", "properties": { "ID": 2522250002800, "正式名称": "医療法人社団　ローズ診療所", "機関区分": 2, "都道府県コード": 25, "市区町村コード": 201, "所在地": "滋賀県大津市花園町１番１号", "緯度": 35.135683, "経度": 135.913092, "url": "https://www.iryou.teikyouseido.mhlw.go.jp/znk-web/juminkanja/S2430/initialize?prefCd=25&kikanCd=2250002800&kikanKbn=2", "url2": "http://www.shiga.med.or.jp", "内容": "医療法人社団　ローズ診療所【2:診療所】【診療科目:内科_胃腸内科_外科_整形外科】滋賀県大津市花園町１番１号" }, "geometry": { "type": "Point", "coordinates": [ 135.913092, 35.135683 ] } },
{ "type": "Feature", "properties": { "ID": 2522250002810, "正式名称": "高山クリニック", "機関区分": 2, "都道府県コード": 25, "市区町村コード": 201, "所在地": "滋賀県大津市雄琴北２－２－３１", "緯度": 35.097656, "経度": 135.893481, "url": "https://www.iryou.teikyouseido.mhlw.go.jp/znk-web/juminkanja/S2430/initialize?prefCd=25&kikanCd=2250002810&kikanKbn=2", "url2": null, "内容": "高山クリニック【2:診療所】【診療科目:脳神経外科_整形外科_リハビリテーション科】滋賀県大津市雄琴北２－２－３１" }, "geometry": { "type": "Point", "coordinates": [ 135.893481, 35.097656 ] } },
{ "type": "Feature", "properties": { "ID": 2522250002850, "正式名称": "華房クリニック", "機関区分": 2, "都道府県コード": 25, "市区町村コード": 203, "所在地": "滋賀県長浜市南呉服町１１－２１", "緯度": 35.382128, "経度": 136.265286, "url": "https://www.iryou.teikyouseido.mhlw.go.jp/znk-web/juminkanja/S2430/initialize?prefCd=25&kikanCd=2250002850&kikanKbn=2", "url2": null, "内容": "華房クリニック【2:診療所】【診療科目:内科_小児科】滋賀県長浜市南呉服町１１－２１" }, "geometry": { "type": "Point", "coordinates": [ 136.265286, 35.382128 ] } },
{ "type": "Feature", "properties": { "ID": 2522250002870, "正式名称": "岩本整形外科", "機関区分": 2, "都道府県コード": 25, "市区町村コード": 203, "所在地": "滋賀県長浜市大戌亥町７３８－４", "緯度": 35.368044, "経度": 136.281092, "url": "https://www.iryou.teikyouseido.mhlw.go.jp/znk-web/juminkanja/S2430/initialize?prefCd=25&kikanCd=2250002870&kikanKbn=2", "url2": "http://www.i-pain.com/", "内容": "岩本整形外科【2:診療所】【診療科目:ペインクリニック外科_整形外科_リウマチ科_リハビリテーション科_放射線科_麻酔科】滋賀県長浜市大戌亥町７３８－４" }, "geometry": { "type": "Point", "coordinates": [ 136.281092, 35.368044 ] } },
{ "type": "Feature", "properties": { "ID": 2522250002880, "正式名称": "医療法人　下坂クリニック", "機関区分": 2, "都道府県コード": 25, "市区町村コード": 203, "所在地": "滋賀県長浜市下坂中町１７７－６", "緯度": 35.365961, "経度": 136.285508, "url": "https://www.iryou.teikyouseido.mhlw.go.jp/znk-web/juminkanja/S2430/initialize?prefCd=25&kikanCd=2250002880&kikanKbn=2", "url2": "http:///www.simosaka.jp", "内容": "医療法人　下坂クリニック【2:診療所】【診療科目:内科_糖尿病内科_脂質代謝内科_腎臓内科_人工透析内科_小児科】滋賀県長浜市下坂中町１７７－６" }, "geometry": { "type": "Point", "coordinates": [ 136.285508, 35.365961 ] } },
{ "type": "Feature", "properties": { "ID": 2522250002900, "正式名称": "浅井診療所", "機関区分": 2, "都道府県コード": 25, "市区町村コード": 203, "所在地": "滋賀県長浜市当目町８４－７", "緯度": 35.433183, "経度": 136.326036, "url": "https://www.iryou.teikyouseido.mhlw.go.jp/znk-web/juminkanja/S2430/initialize?prefCd=25&kikanCd=2250002900&kikanKbn=2", "url2": "azai.hcfm.jp", "内容": "浅井診療所【2:診療所】【診療科目:内科_小児科】滋賀県長浜市当目町８４－７" }, "geometry": { "type": "Point", "coordinates": [ 136.326036, 35.433183 ] } },
{ "type": "Feature", "properties": { "ID": 2522250002940, "正式名称": "中西医院", "機関区分": 2, "都道府県コード": 25, "市区町村コード": 203, "所在地": "滋賀県長浜市高田町５－３７", "緯度": 35.380506, "経度": 136.271508, "url": "https://www.iryou.teikyouseido.mhlw.go.jp/znk-web/juminkanja/S2430/initialize?prefCd=25&kikanCd=2250002940&kikanKbn=2", "url2": null, "内容": "中西医院【2:診療所】【診療科目:内科_小児科】滋賀県長浜市高田町５－３７" }, "geometry": { "type": "Point", "coordinates": [ 136.271508, 35.380506 ] } },
{ "type": "Feature", "properties": { "ID": 2522250002950, "正式名称": "医療法人　橋場レディスクリニック", "機関区分": 2, "都道府県コード": 25, "市区町村コード": 203, "所在地": "滋賀県長浜市南高田町５番８号", "緯度": 35.377839, "経度": 136.27279, "url": "https://www.iryou.teikyouseido.mhlw.go.jp/znk-web/juminkanja/S2430/initialize?prefCd=25&kikanCd=2250002950&kikanKbn=2", "url2": "http://www.mediqube.com/hashiba/", "内容": "医療法人　橋場レディスクリニック【2:診療所】【診療科目:産婦人科】滋賀県長浜市南高田町５番８号" }, "geometry": { "type": "Point", "coordinates": [ 136.27279, 35.377839 ] } },
{ "type": "Feature", "properties": { "ID": 2522250002960, "正式名称": "医療法人　橋本医院", "機関区分": 2, "都道府県コード": 25, "市区町村コード": 203, "所在地": "滋賀県長浜市川道町６１１", "緯度": 35.396544, "経度": 136.236842, "url": "https://www.iryou.teikyouseido.mhlw.go.jp/znk-web/juminkanja/S2430/initialize?prefCd=25&kikanCd=2250002960&kikanKbn=2", "url2": null, "内容": "医療法人　橋本医院【2:診療所】【診療科目:内科_消化器内科_神経内科_小児科】滋賀県長浜市川道町６１１" }, "geometry": { "type": "Point", "coordinates": [ 136.236842, 35.396544 ] } },
{ "type": "Feature", "properties": { "ID": 2522250002970, "正式名称": "医療法人　厚生会　三愛眼科", "機関区分": 2, "都道府県コード": 25, "市区町村コード": 203, "所在地": "滋賀県長浜市八幡東町９－１", "緯度": 35.387183, "経度": 136.281897, "url": "https://www.iryou.teikyouseido.mhlw.go.jp/znk-web/juminkanja/S2430/initialize?prefCd=25&kikanCd=2250002970&kikanKbn=2", "url2": "https://sanai-ganka.com/", "内容": "医療法人　厚生会　三愛眼科【2:診療所】【診療科目:眼科】滋賀県長浜市八幡東町９－１" }, "geometry": { "type": "Point", "coordinates": [ 136.281897, 35.387183 ] } },
{ "type": "Feature", "properties": { "ID": 2522250002980, "正式名称": "医療法人社団　クリニック・ムライ", "機関区分": 2, "都道府県コード": 25, "市区町村コード": 203, "所在地": "滋賀県長浜市八幡中山町８０４－４", "緯度": 35.390755, "経度": 136.273948, "url": "https://www.iryou.teikyouseido.mhlw.go.jp/znk-web/juminkanja/S2430/initialize?prefCd=25&kikanCd=2250002980&kikanKbn=2", "url2": null, "内容": "医療法人社団　クリニック・ムライ【2:診療所】【診療科目:内科_消化器内科_胃腸内科_小児科】滋賀県長浜市八幡中山町８０４－４" }, "geometry": { "type": "Point", "coordinates": [ 136.273948, 35.390755 ] } },
{ "type": "Feature", "properties": { "ID": 2522250002990, "正式名称": "医療法人　メディカルアート　澤田医院", "機関区分": 2, "都道府県コード": 25, "市区町村コード": 203, "所在地": "滋賀県長浜市大宮町５－２４", "緯度": 35.380395, "経度": 136.270042, "url": "https://www.iryou.teikyouseido.mhlw.go.jp/znk-web/juminkanja/S2430/initialize?prefCd=25&kikanCd=2250002990&kikanKbn=2", "url2": null, "内容": "医療法人　メディカルアート　澤田医院【2:診療所】【診療科目:内科_小児科】滋賀県長浜市大宮町５－２４" }, "geometry": { "type": "Point", "coordinates": [ 136.270042, 35.380395 ] } },
{ "type": "Feature", "properties": { "ID": 2522250003000, "正式名称": "医療法人　紫水会　近藤クリニック", "機関区分": 2, "都道府県コード": 25, "市区町村コード": 203, "所在地": "滋賀県長浜市元浜町３０番２６号", "緯度": 35.384044, "経度": 136.267675, "url": "https://www.iryou.teikyouseido.mhlw.go.jp/znk-web/juminkanja/S2430/initialize?prefCd=25&kikanCd=2250003000&kikanKbn=2", "url2": null, "内容": "医療法人　紫水会　近藤クリニック【2:診療所】【診療科目:内科_リハビリテーション科】滋賀県長浜市元浜町３０番２６号" }, "geometry": { "type": "Point", "coordinates": [ 136.267675, 35.384044 ] } },
{ "type": "Feature", "properties": { "ID": 2522250003010, "正式名称": "東野医院", "機関区分": 2, "都道府県コード": 25, "市区町村コード": 203, "所在地": "滋賀県長浜市加田町１８３９", "緯度": 35.363294, "経度": 136.299564, "url": "https://www.iryou.teikyouseido.mhlw.go.jp/znk-web/juminkanja/S2430/initialize?prefCd=25&kikanCd=2250003010&kikanKbn=2", "url2": null, "内容": "東野医院【2:診療所】【診療科目:内科_胃腸内科_小児科_リハビリテーション科】滋賀県長浜市加田町１８３９" }, "geometry": { "type": "Point", "coordinates": [ 136.299564, 35.363294 ] } },
{ "type": "Feature", "properties": { "ID": 2522250003020, "正式名称": "医療法人　順清会　小林クリニック", "機関区分": 2, "都道府県コード": 25, "市区町村コード": 203, "所在地": "滋賀県長浜市国友町３３１", "緯度": 35.408628, "経度": 136.284397, "url": "https://www.iryou.teikyouseido.mhlw.go.jp/znk-web/juminkanja/S2430/initialize?prefCd=25&kikanCd=2250003020&kikanKbn=2", "url2": null, "内容": "医療法人　順清会　小林クリニック【2:診療所】【診療科目:内科_循環器内科_消化器内科_小児科】滋賀県長浜市国友町３３１" }, "geometry": { "type": "Point", "coordinates": [ 136.284397, 35.408628 ] } },
{ "type": "Feature", "properties": { "ID": 2522250003040, "正式名称": "白川眼科クリニック", "機関区分": 2, "都道府県コード": 25, "市区町村コード": 203, "所在地": "滋賀県長浜市宮司町１１０５－３　プラム１階", "緯度": 35.380878, "経度": 136.287397, "url": "https://www.iryou.teikyouseido.mhlw.go.jp/znk-web/juminkanja/S2430/initialize?prefCd=25&kikanCd=2250003040&kikanKbn=2", "url2": null, "内容": "白川眼科クリニック【2:診療所】【診療科目:眼科】滋賀県長浜市宮司町１１０５－３　プラム１階" }, "geometry": { "type": "Point", "coordinates": [ 136.287397, 35.380878 ] } },
{ "type": "Feature", "properties": { "ID": 2522250003050, "正式名称": "布施クリニック", "機関区分": 2, "都道府県コード": 25, "市区町村コード": 203, "所在地": "滋賀県長浜市列見町４５－４", "緯度": 35.389433, "経度": 136.264231, "url": "https://www.iryou.teikyouseido.mhlw.go.jp/znk-web/juminkanja/S2430/initialize?prefCd=25&kikanCd=2250003050&kikanKbn=2", "url2": "http://fuse-clinic.com", "内容": "布施クリニック【2:診療所】【診療科目:内科_脳神経外科_整形外科_リハビリテーション科】滋賀県長浜市列見町４５－４" }, "geometry": { "type": "Point", "coordinates": [ 136.264231, 35.389433 ] } },
{ "type": "Feature", "properties": { "ID": 2522250003060, "正式名称": "医療法人千手会中川医院", "機関区分": 2, "都道府県コード": 25, "市区町村コード": 203, "所在地": "滋賀県長浜市曽根町１２２５", "緯度": 35.403072, "経度": 136.252036, "url": "https://www.iryou.teikyouseido.mhlw.go.jp/znk-web/juminkanja/S2430/initialize?prefCd=25&kikanCd=2250003060&kikanKbn=2", "url2": "http://www.nakagawaiin.com", "内容": "医療法人千手会中川医院【2:診療所】【診療科目:内科_呼吸器内科_循環器内科_小児科_リハビリテーション科】滋賀県長浜市曽根町１２２５" }, "geometry": { "type": "Point", "coordinates": [ 136.252036, 35.403072 ] } },
{ "type": "Feature", "properties": { "ID": 2522250003070, "正式名称": "澤田耳鼻咽喉科", "機関区分": 2, "都道府県コード": 25, "市区町村コード": 203, "所在地": "滋賀県長浜市祇園町１３０－５", "緯度": 35.387767, "経度": 136.259981, "url": "https://www.iryou.teikyouseido.mhlw.go.jp/znk-web/juminkanja/S2430/initialize?prefCd=25&kikanCd=2250003070&kikanKbn=2", "url2": null, "内容": "澤田耳鼻咽喉科【2:診療所】【診療科目:耳鼻いんこう科】滋賀県長浜市祇園町１３０－５" }, "geometry": { "type": "Point", "coordinates": [ 136.259981, 35.387767 ] } },
{ "type": "Feature", "properties": { "ID": 2522250003080, "正式名称": "医療法人　浩成会　こだまクリニック", "機関区分": 2, "都道府県コード": 25, "市区町村コード": 203, "所在地": "滋賀県長浜市内保町１０３３番地", "緯度": 35.381544, "経度": 136.275453, "url": "https://www.iryou.teikyouseido.mhlw.go.jp/znk-web/juminkanja/S2430/initialize?prefCd=25&kikanCd=2250003080&kikanKbn=2", "url2": "https://kouseikai-kodama-clinic.com/", "内容": "医療法人　浩成会　こだまクリニック【2:診療所】【診療科目:内科_循環器内科_小児科】滋賀県長浜市内保町１０３３番地" }, "geometry": { "type": "Point", "coordinates": [ 136.275453, 35.381544 ] } },
{ "type": "Feature", "properties": { "ID": 2522250003110, "正式名称": "医療法人　つつみクリニック", "機関区分": 2, "都道府県コード": 25, "市区町村コード": 203, "所在地": "滋賀県長浜市神照町４８０－２", "緯度": 35.399236, "経度": 136.272297, "url": "https://www.iryou.teikyouseido.mhlw.go.jp/znk-web/juminkanja/S2430/initialize?prefCd=25&kikanCd=2250003110&kikanKbn=2", "url2": null, "内容": "医療法人　つつみクリニック【2:診療所】【診療科目:内科_心療内科】滋賀県長浜市神照町４８０－２" }, "geometry": { "type": "Point", "coordinates": [ 136.272297, 35.399236 ] } },
{ "type": "Feature", "properties": { "ID": 2522250003140, "正式名称": "くもん医院", "機関区分": 2, "都道府県コード": 25, "市区町村コード": 203, "所在地": "滋賀県長浜市勝町２０", "緯度": 35.3711, "経度": 136.285925, "url": "https://www.iryou.teikyouseido.mhlw.go.jp/znk-web/juminkanja/S2430/initialize?prefCd=25&kikanCd=2250003140&kikanKbn=2", "url2": null, "内容": "くもん医院【2:診療所】【診療科目:内科_呼吸器内科】滋賀県長浜市勝町２０" }, "geometry": { "type": "Point", "coordinates": [ 136.285925, 35.3711 ] } },
{ "type": "Feature", "properties": { "ID": 2522250003150, "正式名称": "医療法人　東川クリニック", "機関区分": 2, "都道府県コード": 25, "市区町村コード": 203, "所在地": "滋賀県長浜市弓削町３４２", "緯度": 35.419433, "経度": 136.231953, "url": "https://www.iryou.teikyouseido.mhlw.go.jp/znk-web/juminkanja/S2430/initialize?prefCd=25&kikanCd=2250003150&kikanKbn=2", "url2": null, "内容": "医療法人　東川クリニック【2:診療所】【診療科目:内科_呼吸器内科_循環器内科_小児科】滋賀県長浜市弓削町３４２" }, "geometry": { "type": "Point", "coordinates": [ 136.231953, 35.419433 ] } },
{ "type": "Feature", "properties": { "ID": 2522250003180, "正式名称": "上松医院", "機関区分": 2, "都道府県コード": 25, "市区町村コード": 203, "所在地": "滋賀県長浜市高月町磯野５３７", "緯度": 35.477822, "経度": 136.210703, "url": "https://www.iryou.teikyouseido.mhlw.go.jp/znk-web/juminkanja/S2430/initialize?prefCd=25&kikanCd=2250003180&kikanKbn=2", "url2": null, "内容": "上松医院【2:診療所】【診療科目:内科_精神科_神経科】滋賀県長浜市高月町磯野５３７" }, "geometry": { "type": "Point", "coordinates": [ 136.210703, 35.477822 ] } },
{ "type": "Feature", "properties": { "ID": 2522250003190, "正式名称": "医療法人　おくだ医院", "機関区分": 2, "都道府県コード": 25, "市区町村コード": 203, "所在地": "滋賀県長浜市平方町１１８５－９", "緯度": 35.378517, "経度": 136.283731, "url": "https://www.iryou.teikyouseido.mhlw.go.jp/znk-web/juminkanja/S2430/initialize?prefCd=25&kikanCd=2250003190&kikanKbn=2", "url2": "http:/www.biwa.ne.jp./~okkun", "内容": "医療法人　おくだ医院【2:診療所】【診療科目:内科】滋賀県長浜市平方町１１８５－９" }, "geometry": { "type": "Point", "coordinates": [ 136.283731, 35.378517 ] } },
{ "type": "Feature", "properties": { "ID": 2522250003200, "正式名称": "医療法人　森上内科循環器科クリニック", "機関区分": 2, "都道府県コード": 25, "市区町村コード": 203, "所在地": "滋賀県長浜市七条町１０２３－１", "緯度": 35.386767, "経度": 136.309981, "url": "https://www.iryou.teikyouseido.mhlw.go.jp/znk-web/juminkanja/S2430/initialize?prefCd=25&kikanCd=2250003200&kikanKbn=2", "url2": null, "内容": "医療法人　森上内科循環器科クリニック【2:診療所】【診療科目:内科_循環器内科】滋賀県長浜市七条町１０２３－１" }, "geometry": { "type": "Point", "coordinates": [ 136.309981, 35.386767 ] } },
{ "type": "Feature", "properties": { "ID": 2522250003210, "正式名称": "医療法人　安井医院", "機関区分": 2, "都道府県コード": 25, "市区町村コード": 203, "所在地": "滋賀県長浜市高月２０１", "緯度": 35.468183, "経度": 136.235925, "url": "https://www.iryou.teikyouseido.mhlw.go.jp/znk-web/juminkanja/S2430/initialize?prefCd=25&kikanCd=2250003210&kikanKbn=2", "url2": null, "内容": "医療法人　安井医院【2:診療所】【診療科目:内科_呼吸器内科_小児科】滋賀県長浜市高月２０１" }, "geometry": { "type": "Point", "coordinates": [ 136.235925, 35.468183 ] } },
{ "type": "Feature", "properties": { "ID": 2522250003230, "正式名称": "医療法人社団　雨森医院", "機関区分": 2, "都道府県コード": 25, "市区町村コード": 203, "所在地": "滋賀県長浜市雨森３７２番地", "緯度": 35.485294, "経度": 136.243647, "url": "https://www.iryou.teikyouseido.mhlw.go.jp/znk-web/juminkanja/S2430/initialize?prefCd=25&kikanCd=2250003230&kikanKbn=2", "url2": null, "内容": "医療法人社団　雨森医院【2:診療所】【診療科目:内科_小児科】滋賀県長浜市雨森３７２番地" }, "geometry": { "type": "Point", "coordinates": [ 136.243647, 35.485294 ] } },
{ "type": "Feature", "properties": { "ID": 2522250003240, "正式名称": "医療法人社団布施内科医院", "機関区分": 2, "都道府県コード": 25, "市区町村コード": 203, "所在地": "滋賀県長浜市高月町高月５９３－４", "緯度": 35.473683, "経度": 136.236064, "url": "https://www.iryou.teikyouseido.mhlw.go.jp/znk-web/juminkanja/S2430/initialize?prefCd=25&kikanCd=2250003240&kikanKbn=2", "url2": "https://fuse-naika.com", "内容": "医療法人社団布施内科医院【2:診療所】【診療科目:内科_糖尿病・代謝内科_胃腸内科_小児科】滋賀県長浜市高月町高月５９３－４" }, "geometry": { "type": "Point", "coordinates": [ 136.236064, 35.473683 ] } },
{ "type": "Feature", "properties": { "ID": 2522250003250, "正式名称": "嶋田ファミリークリニック", "機関区分": 2, "都道府県コード": 25, "市区町村コード": 203, "所在地": "滋賀県長浜市内保町７３７－５", "緯度": 35.428072, "経度": 136.292953, "url": "https://www.iryou.teikyouseido.mhlw.go.jp/znk-web/juminkanja/S2430/initialize?prefCd=25&kikanCd=2250003250&kikanKbn=2", "url2": null, "内容": "嶋田ファミリークリニック【2:診療所】【診療科目:内科_呼吸器内科_胃腸内科_小児科】滋賀県長浜市内保町７３７－５" }, "geometry": { "type": "Point", "coordinates": [ 136.292953, 35.428072 ] } },
{ "type": "Feature", "properties": { "ID": 2522250003260, "正式名称": "医療法人　愛帆会　よしだクリニック", "機関区分": 2, "都道府県コード": 25, "市区町村コード": 203, "所在地": "滋賀県長浜市山階町４５５－３", "緯度": 35.395461, "経度": 136.288619, "url": "https://www.iryou.teikyouseido.mhlw.go.jp/znk-web/juminkanja/S2430/initialize?prefCd=25&kikanCd=2250003260&kikanKbn=2", "url2": null, "内容": "医療法人　愛帆会　よしだクリニック【2:診療所】【診療科目:整形外科_形成外科_皮膚科】滋賀県長浜市山階町４５５－３" }, "geometry": { "type": "Point", "coordinates": [ 136.288619, 35.395461 ] } },
{ "type": "Feature", "properties": { "ID": 2522250003280, "正式名称": "荻野医院", "機関区分": 2, "都道府県コード": 25, "市区町村コード": 203, "所在地": "滋賀県長浜市木之本町木之本２０１２", "緯度": 35.509044, "経度": 136.224231, "url": "https://www.iryou.teikyouseido.mhlw.go.jp/znk-web/juminkanja/S2430/initialize?prefCd=25&kikanCd=2250003280&kikanKbn=2", "url2": "http://www.myclinik.ne.jp/kenji126/", "内容": "荻野医院【2:診療所】【診療科目:内科_呼吸器内科_消化器内科】滋賀県長浜市木之本町木之本２０１２" }, "geometry": { "type": "Point", "coordinates": [ 136.224231, 35.509044 ] } },
{ "type": "Feature", "properties": { "ID": 2522250003300, "正式名称": "佐野クリニック", "機関区分": 2, "都道府県コード": 25, "市区町村コード": 203, "所在地": "滋賀県長浜市相撲町１４７５－１４", "緯度": 35.389878, "経度": 136.251869, "url": "https://www.iryou.teikyouseido.mhlw.go.jp/znk-web/juminkanja/S2430/initialize?prefCd=25&kikanCd=2250003300&kikanKbn=2", "url2": null, "内容": "佐野クリニック【2:診療所】【診療科目:内科_リハビリテーション科】滋賀県長浜市相撲町１４７５－１４" }, "geometry": { "type": "Point", "coordinates": [ 136.251869, 35.389878 ] } },
{ "type": "Feature", "properties": { "ID": 2522250003310, "正式名称": "岩根医院", "機関区分": 2, "都道府県コード": 25, "市区町村コード": 203, "所在地": "滋賀県長浜市木之本１１１２", "緯度": 35.504683, "経度": 136.225592, "url": "https://www.iryou.teikyouseido.mhlw.go.jp/znk-web/juminkanja/S2430/initialize?prefCd=25&kikanCd=2250003310&kikanKbn=2", "url2": null, "内容": "岩根医院【2:診療所】【診療科目:内科_小児科】滋賀県長浜市木之本１１１２" }, "geometry": { "type": "Point", "coordinates": [ 136.225592, 35.504683 ] } },
{ "type": "Feature", "properties": { "ID": 2522250003320, "正式名称": "のざと内科", "機関区分": 2, "都道府県コード": 25, "市区町村コード": 203, "所在地": "滋賀県長浜市平方町３６８－５", "緯度": 35.373485, "経度": 136.2749, "url": "https://www.iryou.teikyouseido.mhlw.go.jp/znk-web/juminkanja/S2430/initialize?prefCd=25&kikanCd=2250003320&kikanKbn=2", "url2": null, "内容": "のざと内科【2:診療所】【診療科目:内科】滋賀県長浜市平方町３６８－５" }, "geometry": { "type": "Point", "coordinates": [ 136.2749, 35.373485 ] } },
{ "type": "Feature", "properties": { "ID": 2522250003330, "正式名称": "前川医院", "機関区分": 2, "都道府県コード": 25, "市区町村コード": 203, "所在地": "滋賀県長浜市木之本町木之本１３２４", "緯度": 35.506122, "経度": 136.223047, "url": "https://www.iryou.teikyouseido.mhlw.go.jp/znk-web/juminkanja/S2430/initialize?prefCd=25&kikanCd=2250003330&kikanKbn=2", "url2": null, "内容": "前川医院【2:診療所】【診療科目:内科_外科_皮膚科】滋賀県長浜市木之本町木之本１３２４" }, "geometry": { "type": "Point", "coordinates": [ 136.223047, 35.506122 ] } },
{ "type": "Feature", "properties": { "ID": 2522250003360, "正式名称": "伊藤内科医院", "機関区分": 2, "都道府県コード": 25, "市区町村コード": 214, "所在地": "滋賀県米原市入江１６７３番地", "緯度": 35.305282, "経度": 136.28314, "url": "https://www.iryou.teikyouseido.mhlw.go.jp/znk-web/juminkanja/S2430/initialize?prefCd=25&kikanCd=2250003360&kikanKbn=2", "url2": "http://www.itonaika-maibara.jp", "内容": "伊藤内科医院【2:診療所】【診療科目:内科_消化器内科】滋賀県米原市入江１６７３番地" }, "geometry": { "type": "Point", "coordinates": [ 136.28314, 35.305282 ] } },
{ "type": "Feature", "properties": { "ID": 2522250003380, "正式名称": "医療法人　緑泉会　水野医院", "機関区分": 2, "都道府県コード": 25, "市区町村コード": 214, "所在地": "滋賀県米原市長岡６００", "緯度": 35.362767, "経度": 136.371925, "url": "https://www.iryou.teikyouseido.mhlw.go.jp/znk-web/juminkanja/S2430/initialize?prefCd=25&kikanCd=2250003380&kikanKbn=2", "url2": null, "内容": "医療法人　緑泉会　水野医院【2:診療所】【診療科目:内科_外科】滋賀県米原市長岡６００" }, "geometry": { "type": "Point", "coordinates": [ 136.371925, 35.362767 ] } },
{ "type": "Feature", "properties": { "ID": 2522250003390, "正式名称": "三浦医院", "機関区分": 2, "都道府県コード": 25, "市区町村コード": 214, "所在地": "滋賀県米原市市場３５９", "緯度": 35.378933, "経度": 136.355758, "url": "https://www.iryou.teikyouseido.mhlw.go.jp/znk-web/juminkanja/S2430/initialize?prefCd=25&kikanCd=2250003390&kikanKbn=2", "url2": null, "内容": "三浦医院【2:診療所】【診療科目:内科】滋賀県米原市市場３５９" }, "geometry": { "type": "Point", "coordinates": [ 136.355758, 35.378933 ] } },
{ "type": "Feature", "properties": { "ID": 2522250003400, "正式名称": "菅浦出張診療所", "機関区分": 2, "都道府県コード": 25, "市区町村コード": 203, "所在地": "滋賀県長浜市西浅井町菅浦２１８番地", "緯度": 35.459239, "経度": 136.144175, "url": "https://www.iryou.teikyouseido.mhlw.go.jp/znk-web/juminkanja/S2430/initialize?prefCd=25&kikanCd=2250003400&kikanKbn=2", "url2": null, "内容": "菅浦出張診療所【2:診療所】【診療科目:内科_外科_小児科_小児眼科】滋賀県長浜市西浅井町菅浦２１８番地" }, "geometry": { "type": "Point", "coordinates": [ 136.144175, 35.459239 ] } },
{ "type": "Feature", "properties": { "ID": 2522250003440, "正式名称": "医療法人　緑泉会　水野医院　甲津原分院", "機関区分": 2, "都道府県コード": 25, "市区町村コード": 214, "所在地": "滋賀県米原市甲津原４９７", "緯度": 35.509739, "経度": 136.364758, "url": "https://www.iryou.teikyouseido.mhlw.go.jp/znk-web/juminkanja/S2430/initialize?prefCd=25&kikanCd=2250003440&kikanKbn=2", "url2": null, "内容": "医療法人　緑泉会　水野医院　甲津原分院【2:診療所】【診療科目:内科_外科_小児科】滋賀県米原市甲津原４９７" }, "geometry": { "type": "Point", "coordinates": [ 136.364758, 35.509739 ] } },
{ "type": "Feature", "properties": { "ID": 2522250003480, "正式名称": "医療法人社団　柴田医院", "機関区分": 2, "都道府県コード": 25, "市区町村コード": 214, "所在地": "滋賀県米原市入江５００番地", "緯度": 35.318572, "経度": 136.272175, "url": "https://www.iryou.teikyouseido.mhlw.go.jp/znk-web/juminkanja/S2430/initialize?prefCd=25&kikanCd=2250003480&kikanKbn=2", "url2": "https://shibataiin-maibara.com", "内容": "医療法人社団　柴田医院【2:診療所】【診療科目:内科】滋賀県米原市入江５００番地" }, "geometry": { "type": "Point", "coordinates": [ 136.272175, 35.318572 ] } },
{ "type": "Feature", "properties": { "ID": 2522250003500, "正式名称": "北村内科循環器科医院", "機関区分": 2, "都道府県コード": 25, "市区町村コード": 214, "所在地": "滋賀県米原市下多良１丁目７番地", "緯度": 35.315357, "経度": 136.287588, "url": "https://www.iryou.teikyouseido.mhlw.go.jp/znk-web/juminkanja/S2430/initialize?prefCd=25&kikanCd=2250003500&kikanKbn=2", "url2": null, "内容": "北村内科循環器科医院【2:診療所】【診療科目:内科_循環器内科_皮膚科】滋賀県米原市下多良１丁目７番地" }, "geometry": { "type": "Point", "coordinates": [ 136.287588, 35.315357 ] } },
{ "type": "Feature", "properties": { "ID": 2522250003530, "正式名称": "医療法人　　悠悠会　いそクリニック", "機関区分": 2, "都道府県コード": 25, "市区町村コード": 214, "所在地": "滋賀県米原市磯１７２９－１", "緯度": 35.310183, "経度": 136.261897, "url": "https://www.iryou.teikyouseido.mhlw.go.jp/znk-web/juminkanja/S2430/initialize?prefCd=25&kikanCd=2250003530&kikanKbn=2", "url2": "http://www.iso-clinic.jp/", "内容": "医療法人　　悠悠会　いそクリニック【2:診療所】【診療科目:内科_歯科】滋賀県米原市磯１７２９－１" }, "geometry": { "type": "Point", "coordinates": [ 136.261897, 35.310183 ] } },
{ "type": "Feature", "properties": { "ID": 2522250003570, "正式名称": "米原診療所", "機関区分": 2, "都道府県コード": 25, "市区町村コード": 214, "所在地": "滋賀県米原市三吉５８１番地", "緯度": 35.320628, "経度": 136.321925, "url": "https://www.iryou.teikyouseido.mhlw.go.jp/znk-web/juminkanja/S2430/initialize?prefCd=25&kikanCd=2250003570&kikanKbn=2", "url2": "https://maibara.jadecom.or.jp", "内容": "米原診療所【2:診療所】【診療科目:内科_外科_小児科】滋賀県米原市三吉５８１番地" }, "geometry": { "type": "Point", "coordinates": [ 136.321925, 35.320628 ] } },
{ "type": "Feature", "properties": { "ID": 2522250003590, "正式名称": "医療法人　吉田内科クリニック", "機関区分": 2, "都道府県コード": 25, "市区町村コード": 214, "所在地": "滋賀県米原市宇賀野８８－２０", "緯度": 35.344989, "経度": 136.290592, "url": "https://www.iryou.teikyouseido.mhlw.go.jp/znk-web/juminkanja/S2430/initialize?prefCd=25&kikanCd=2250003590&kikanKbn=2", "url2": null, "内容": "医療法人　吉田内科クリニック【2:診療所】【診療科目:内科_呼吸器内科_循環器内科_消化器内科_小児科】滋賀県米原市宇賀野８８－２０" }, "geometry": { "type": "Point", "coordinates": [ 136.290592, 35.344989 ] } },
{ "type": "Feature", "properties": { "ID": 2522250003600, "正式名称": "おおはらクリニック", "機関区分": 2, "都道府県コード": 25, "市区町村コード": 214, "所在地": "滋賀県米原市市場４１１番地", "緯度": 35.382378, "経度": 136.354703, "url": "https://www.iryou.teikyouseido.mhlw.go.jp/znk-web/juminkanja/S2430/initialize?prefCd=25&kikanCd=2250003600&kikanKbn=2", "url2": null, "内容": "おおはらクリニック【2:診療所】【診療科目:内科_消化器内科_小児科】滋賀県米原市市場４１１番地" }, "geometry": { "type": "Point", "coordinates": [ 136.354703, 35.382378 ] } },
{ "type": "Feature", "properties": { "ID": 2522250003610, "正式名称": "医療法人　かしはら診療所", "機関区分": 2, "都道府県コード": 25, "市区町村コード": 214, "所在地": "滋賀県米原市柏原２１００番地", "緯度": 35.342739, "経度": 136.398758, "url": "https://www.iryou.teikyouseido.mhlw.go.jp/znk-web/juminkanja/S2430/initialize?prefCd=25&kikanCd=2250003610&kikanKbn=2", "url2": null, "内容": "医療法人　かしはら診療所【2:診療所】【診療科目:内科_循環器内科】滋賀県米原市柏原２１００番地" }, "geometry": { "type": "Point", "coordinates": [ 136.398758, 35.342739 ] } },
{ "type": "Feature", "properties": { "ID": 2522250003630, "正式名称": "かがい医院", "機関区分": 2, "都道府県コード": 25, "市区町村コード": 214, "所在地": "滋賀県米原市箕浦３７２", "緯度": 35.332128, "経度": 136.302369, "url": "https://www.iryou.teikyouseido.mhlw.go.jp/znk-web/juminkanja/S2430/initialize?prefCd=25&kikanCd=2250003630&kikanKbn=2", "url2": null, "内容": "かがい医院【2:診療所】【診療科目:内科_小児科_リハビリテーション科_放射線科】滋賀県米原市箕浦３７２" }, "geometry": { "type": "Point", "coordinates": [ 136.302369, 35.332128 ] } },
{ "type": "Feature", "properties": { "ID": 2522250003640, "正式名称": "地域包括ケアセンターいぶき", "機関区分": 2, "都道府県コード": 25, "市区町村コード": 214, "所在地": "滋賀県米原市春照５８－１", "緯度": 35.383433, "経度": 136.382758, "url": "https://www.iryou.teikyouseido.mhlw.go.jp/znk-web/juminkanja/S2430/initialize?prefCd=25&kikanCd=2250003640&kikanKbn=2", "url2": "https://www.jadecom.or.jp/jadecomhp/ibuki", "内容": "地域包括ケアセンターいぶき【2:診療所】【診療科目:内科_循環器内科_消化器内科_整形外科_小児科_皮膚科_リハビリテーション科】滋賀県米原市春照５８－１" }, "geometry": { "type": "Point", "coordinates": [ 136.382758, 35.383433 ] } },
{ "type": "Feature", "properties": { "ID": 2522250003650, "正式名称": "虎姫診療所", "機関区分": 2, "都道府県コード": 25, "市区町村コード": 203, "所在地": "滋賀県長浜市田町６１", "緯度": 35.422431, "経度": 136.262692, "url": "https://www.iryou.teikyouseido.mhlw.go.jp/znk-web/juminkanja/S2430/initialize?prefCd=25&kikanCd=2250003650&kikanKbn=2", "url2": null, "内容": "虎姫診療所【2:診療所】【診療科目:内科_小児科】滋賀県長浜市田町６１" }, "geometry": { "type": "Point", "coordinates": [ 136.262692, 35.422431 ] } },
{ "type": "Feature", "properties": { "ID": 2522250003670, "正式名称": "太田医院", "機関区分": 2, "都道府県コード": 25, "市区町村コード": 203, "所在地": "滋賀県長浜市大井町１８５", "緯度": 35.411739, "経度": 136.265008, "url": "https://www.iryou.teikyouseido.mhlw.go.jp/znk-web/juminkanja/S2430/initialize?prefCd=25&kikanCd=2250003670&kikanKbn=2", "url2": null, "内容": "太田医院【2:診療所】【診療科目:内科_消化器内科】滋賀県長浜市大井町１８５" }, "geometry": { "type": "Point", "coordinates": [ 136.265008, 35.411739 ] } },
{ "type": "Feature", "properties": { "ID": 2522250003680, "正式名称": "はれやま眼科", "機関区分": 2, "都道府県コード": 25, "市区町村コード": 212, "所在地": "滋賀県高島市安曇川町末広三丁目２番地２", "緯度": 35.327461, "経度": 136.022203, "url": "https://www.iryou.teikyouseido.mhlw.go.jp/znk-web/juminkanja/S2430/initialize?prefCd=25&kikanCd=2250003680&kikanKbn=2", "url2": null, "内容": "はれやま眼科【2:診療所】【診療科目:眼科】滋賀県高島市安曇川町末広三丁目２番地２" }, "geometry": { "type": "Point", "coordinates": [ 136.022203, 35.327461 ] } },
{ "type": "Feature", "properties": { "ID": 2522250003690, "正式名称": "社会福祉法人　滋賀県障害児協会　湖北グリーブクリニック", "機関区分": 2, "都道府県コード": 25, "市区町村コード": 203, "所在地": "滋賀県長浜市月ヶ瀬町５２５", "緯度": 35.42635, "経度": 136.254092, "url": "https://www.iryou.teikyouseido.mhlw.go.jp/znk-web/juminkanja/S2430/initialize?prefCd=25&kikanCd=2250003690&kikanKbn=2", "url2": "http://open-mind.jp/", "内容": "社会福祉法人　滋賀県障害児協会　湖北グリーブクリニック【2:診療所】【診療科目:内科_小児科_リハビリテーション科】滋賀県長浜市月ヶ瀬町５２５" }, "geometry": { "type": "Point", "coordinates": [ 136.254092, 35.42635 ] } },
{ "type": "Feature", "properties": { "ID": 2522250003700, "正式名称": "医療法人　さざなみ整形外科", "機関区分": 2, "都道府県コード": 25, "市区町村コード": 203, "所在地": "滋賀県長浜市宮部町３０２９－１", "緯度": 35.420656, "経度": 136.277314, "url": "https://www.iryou.teikyouseido.mhlw.go.jp/znk-web/juminkanja/S2430/initialize?prefCd=25&kikanCd=2250003700&kikanKbn=2", "url2": null, "内容": "医療法人　さざなみ整形外科【2:診療所】【診療科目:整形外科_リウマチ科_リハビリテーション科】滋賀県長浜市宮部町３０２９－１" }, "geometry": { "type": "Point", "coordinates": [ 136.277314, 35.420656 ] } },
{ "type": "Feature", "properties": { "ID": 2522250003710, "正式名称": "医療法人　中西眼科医院　マキノ診療所", "機関区分": 2, "都道府県コード": 25, "市区町村コード": 212, "所在地": "滋賀県高島市マキノ町沢１６１番地９７", "緯度": 35.452711, "経度": 136.036119, "url": "https://www.iryou.teikyouseido.mhlw.go.jp/znk-web/juminkanja/S2430/initialize?prefCd=25&kikanCd=2250003710&kikanKbn=2", "url2": null, "内容": "医療法人　中西眼科医院　マキノ診療所【2:診療所】【診療科目:眼科】滋賀県高島市マキノ町沢１６１番地９７" }, "geometry": { "type": "Point", "coordinates": [ 136.036119, 35.452711 ] } },
{ "type": "Feature", "properties": { "ID": 2522250003720, "正式名称": "医療法人社団　江村医院", "機関区分": 2, "都道府県コード": 25, "市区町村コード": 203, "所在地": "滋賀県長浜市山本１１７８", "緯度": 35.444211, "経度": 136.213008, "url": "https://www.iryou.teikyouseido.mhlw.go.jp/znk-web/juminkanja/S2430/initialize?prefCd=25&kikanCd=2250003720&kikanKbn=2", "url2": null, "内容": "医療法人社団　江村医院【2:診療所】【診療科目:内科_小児科】滋賀県長浜市山本１１７８" }, "geometry": { "type": "Point", "coordinates": [ 136.213008, 35.444211 ] } },
{ "type": "Feature", "properties": { "ID": 2522250003750, "正式名称": "安達クリニック", "機関区分": 2, "都道府県コード": 25, "市区町村コード": 203, "所在地": "滋賀県長浜市速水２４１－１", "緯度": 35.448517, "経度": 136.236814, "url": "https://www.iryou.teikyouseido.mhlw.go.jp/znk-web/juminkanja/S2430/initialize?prefCd=25&kikanCd=2250003750&kikanKbn=2", "url2": null, "内容": "安達クリニック【2:診療所】【診療科目:内科_小児科】滋賀県長浜市速水２４１－１" }, "geometry": { "type": "Point", "coordinates": [ 136.236814, 35.448517 ] } },
{ "type": "Feature", "properties": { "ID": 2522250003760, "正式名称": "おかだ小児科医院", "機関区分": 2, "都道府県コード": 25, "市区町村コード": 212, "所在地": "滋賀県高島市今津町名小路１丁目１－６", "緯度": 35.398739, "経度": 136.030592, "url": "https://www.iryou.teikyouseido.mhlw.go.jp/znk-web/juminkanja/S2430/initialize?prefCd=25&kikanCd=2250003760&kikanKbn=2", "url2": "https://www.okadaiin.com", "内容": "おかだ小児科医院【2:診療所】【診療科目:小児科_小児皮膚科_アレルギー科】滋賀県高島市今津町名小路１丁目１－６" }, "geometry": { "type": "Point", "coordinates": [ 136.030592, 35.398739 ] } },
{ "type": "Feature", "properties": { "ID": 2522250003780, "正式名称": "医療法人みやこ　みやこクリニック", "機関区分": 2, "都道府県コード": 25, "市区町村コード": 203, "所在地": "滋賀県長浜市湖北町速水２７７８", "緯度": 35.448543, "経度": 136.243369, "url": "https://www.iryou.teikyouseido.mhlw.go.jp/znk-web/juminkanja/S2430/initialize?prefCd=25&kikanCd=2250003780&kikanKbn=2", "url2": "http://www.miyakoclinic.net/", "内容": "医療法人みやこ　みやこクリニック【2:診療所】【診療科目:内科_外科_整形外科_形成外科】滋賀県長浜市湖北町速水２７７８" }, "geometry": { "type": "Point", "coordinates": [ 136.243369, 35.448543 ] } },
{ "type": "Feature", "properties": { "ID": 2522250003790, "正式名称": "マキノ駅前診療所", "機関区分": 2, "都道府県コード": 25, "市区町村コード": 212, "所在地": "滋賀県高島市マキノ町高木浜一丁目２２－１５", "緯度": 35.4613, "経度": 136.065447, "url": "https://www.iryou.teikyouseido.mhlw.go.jp/znk-web/juminkanja/S2430/initialize?prefCd=25&kikanCd=2250003790&kikanKbn=2", "url2": null, "内容": "マキノ駅前診療所【2:診療所】【診療科目:内科】滋賀県高島市マキノ町高木浜一丁目２２－１５" }, "geometry": { "type": "Point", "coordinates": [ 136.065447, 35.4613 ] } },
{ "type": "Feature", "properties": { "ID": 2522250003800, "正式名称": "医療法人　片岡クリニック", "機関区分": 2, "都道府県コード": 25, "市区町村コード": 212, "所在地": "滋賀県高島市新旭町新庄９８９番地４", "緯度": 35.344794, "経度": 136.041481, "url": "https://www.iryou.teikyouseido.mhlw.go.jp/znk-web/juminkanja/S2430/initialize?prefCd=25&kikanCd=2250003800&kikanKbn=2", "url2": null, "内容": "医療法人　片岡クリニック【2:診療所】【診療科目:内科_循環器内科_小児科】滋賀県高島市新旭町新庄９８９番地４" }, "geometry": { "type": "Point", "coordinates": [ 136.041481, 35.344794 ] } },
{ "type": "Feature", "properties": { "ID": 2522250003810, "正式名称": "医療法人　玉川医院", "機関区分": 2, "都道府県コード": 25, "市区町村コード": 201, "所在地": "滋賀県大津市大江５丁目３３－５", "緯度": 34.977128, "経度": 135.925147, "url": "https://www.iryou.teikyouseido.mhlw.go.jp/znk-web/juminkanja/S2430/initialize?prefCd=25&kikanCd=2250003810&kikanKbn=2", "url2": null, "内容": "医療法人　玉川医院【2:診療所】【診療科目:内科_消化器内科_外科_リハビリテーション科】滋賀県大津市大江５丁目３３－５" }, "geometry": { "type": "Point", "coordinates": [ 135.925147, 34.977128 ] } },
{ "type": "Feature", "properties": { "ID": 2522250003820, "正式名称": "医療法人社団　山内耳鼻いんこう科", "機関区分": 2, "都道府県コード": 25, "市区町村コード": 212, "所在地": "滋賀県高島市新旭町熊野本一丁目１－１５", "緯度": 35.354017, "経度": 136.031925, "url": "https://www.iryou.teikyouseido.mhlw.go.jp/znk-web/juminkanja/S2430/initialize?prefCd=25&kikanCd=2250003820&kikanKbn=2", "url2": null, "内容": "医療法人社団　山内耳鼻いんこう科【2:診療所】【診療科目:耳鼻いんこう科_アレルギー科】滋賀県高島市新旭町熊野本一丁目１－１５" }, "geometry": { "type": "Point", "coordinates": [ 136.031925, 35.354017 ] } },
{ "type": "Feature", "properties": { "ID": 2522250003840, "正式名称": "医療法人　林田医院", "機関区分": 2, "都道府県コード": 25, "市区町村コード": 212, "所在地": "滋賀県高島市安曇川町中央２－２－１", "緯度": 35.327433, "経度": 136.019147, "url": "https://www.iryou.teikyouseido.mhlw.go.jp/znk-web/juminkanja/S2430/initialize?prefCd=25&kikanCd=2250003840&kikanKbn=2", "url2": null, "内容": "医療法人　林田医院【2:診療所】【診療科目:皮膚科_泌尿器科】滋賀県高島市安曇川町中央２－２－１" }, "geometry": { "type": "Point", "coordinates": [ 136.019147, 35.327433 ] } },
{ "type": "Feature", "properties": { "ID": 2522250003850, "正式名称": "南医院", "機関区分": 2, "都道府県コード": 25, "市区町村コード": 210, "所在地": "滋賀県野洲市吉地１４１２", "緯度": 35.104711, "経度": 136.011814, "url": "https://www.iryou.teikyouseido.mhlw.go.jp/znk-web/juminkanja/S2430/initialize?prefCd=25&kikanCd=2250003850&kikanKbn=2", "url2": "http://www.minami-iin.com/", "内容": "南医院【2:診療所】【診療科目:内科_循環器内科_消化器内科_小児科_皮膚科】滋賀県野洲市吉地１４１２" }, "geometry": { "type": "Point", "coordinates": [ 136.011814, 35.104711 ] } },
{ "type": "Feature", "properties": { "ID": 2522250003860, "正式名称": "まつもと整形外科", "機関区分": 2, "都道府県コード": 25, "市区町村コード": 212, "所在地": "滋賀県高島市新旭町旭８７０－２０", "緯度": 35.354683, "経度": 136.036175, "url": "https://www.iryou.teikyouseido.mhlw.go.jp/znk-web/juminkanja/S2430/initialize?prefCd=25&kikanCd=2250003860&kikanKbn=2", "url2": "http://www.matsumotoseikei.com", "内容": "まつもと整形外科【2:診療所】【診療科目:整形外科_リウマチ科_リハビリテーション科】滋賀県高島市新旭町旭８７０－２０" }, "geometry": { "type": "Point", "coordinates": [ 136.036175, 35.354683 ] } },
{ "type": "Feature", "properties": { "ID": 2522250003870, "正式名称": "医療法人　吉川医院", "機関区分": 2, "都道府県コード": 25, "市区町村コード": 210, "所在地": "滋賀県野洲市吉川９２８", "緯度": 35.124489, "経度": 135.989786, "url": "https://www.iryou.teikyouseido.mhlw.go.jp/znk-web/juminkanja/S2430/initialize?prefCd=25&kikanCd=2250003870&kikanKbn=2", "url2": "yoshikawa-iin.com", "内容": "医療法人　吉川医院【2:診療所】【診療科目:内科_消化器内科_胃腸内科_外科_乳腺外科_肛門外科_整形外科_皮膚科】滋賀県野洲市吉川９２８" }, "geometry": { "type": "Point", "coordinates": [ 135.989786, 35.124489 ] } },
{ "type": "Feature", "properties": { "ID": 2522250003880, "正式名称": "山田クリニック", "機関区分": 2, "都道府県コード": 25, "市区町村コード": 210, "所在地": "滋賀県野洲市市三宅２７２５", "緯度": 35.0696, "経度": 136.018842, "url": "https://www.iryou.teikyouseido.mhlw.go.jp/znk-web/juminkanja/S2430/initialize?prefCd=25&kikanCd=2250003880&kikanKbn=2", "url2": "http://yasu-yamadaclinic.net/", "内容": "山田クリニック【2:診療所】【診療科目:内科_胃腸内科_外科_肛門外科_皮膚科】滋賀県野洲市市三宅２７２５" }, "geometry": { "type": "Point", "coordinates": [ 136.018842, 35.0696 ] } },
{ "type": "Feature", "properties": { "ID": 2522250003940, "正式名称": "小児科　伊吹医院", "機関区分": 2, "都道府県コード": 25, "市区町村コード": 201, "所在地": "滋賀県大津市蓮池町７－３", "緯度": 35.045044, "経度": 135.862842, "url": "https://www.iryou.teikyouseido.mhlw.go.jp/znk-web/juminkanja/S2430/initialize?prefCd=25&kikanCd=2250003940&kikanKbn=2", "url2": "http://www.ibukiped.jp/", "内容": "小児科　伊吹医院【2:診療所】【診療科目:小児科_アレルギー科】滋賀県大津市蓮池町７－３" }, "geometry": { "type": "Point", "coordinates": [ 135.862842, 35.045044 ] } },
{ "type": "Feature", "properties": { "ID": 2522250003960, "正式名称": "におの浜クリニック", "機関区分": 2, "都道府県コード": 25, "市区町村コード": 201, "所在地": "滋賀県大津市におの浜２丁目２－６　コスモ大津１０１", "緯度": 35.005461, "経度": 135.880869, "url": "https://www.iryou.teikyouseido.mhlw.go.jp/znk-web/juminkanja/S2430/initialize?prefCd=25&kikanCd=2250003960&kikanKbn=2", "url2": null, "内容": "におの浜クリニック【2:診療所】【診療科目:内科_精神科_心療内科】滋賀県大津市におの浜２丁目２－６　コスモ大津１０１" }, "geometry": { "type": "Point", "coordinates": [ 135.880869, 35.005461 ] } },
{ "type": "Feature", "properties": { "ID": 2522250003970, "正式名称": "医療法人　山地内科", "機関区分": 2, "都道府県コード": 25, "市区町村コード": 210, "所在地": "滋賀県野洲市三上２７９－１", "緯度": 35.046294, "経度": 136.029536, "url": "https://www.iryou.teikyouseido.mhlw.go.jp/znk-web/juminkanja/S2430/initialize?prefCd=25&kikanCd=2250003970&kikanKbn=2", "url2": null, "内容": "医療法人　山地内科【2:診療所】【診療科目:内科_呼吸器内科_循環器内科】滋賀県野洲市三上２７９－１" }, "geometry": { "type": "Point", "coordinates": [ 136.029536, 35.046294 ] } },
{ "type": "Feature", "properties": { "ID": 2522250003990, "正式名称": "医療法人社団　岡島内科胃腸科医院", "機関区分": 2, "都道府県コード": 25, "市区町村コード": 201, "所在地": "滋賀県大津市大江四丁目１９－１２", "緯度": 34.981767, "経度": 135.926147, "url": "https://www.iryou.teikyouseido.mhlw.go.jp/znk-web/juminkanja/S2430/initialize?prefCd=25&kikanCd=2250003990&kikanKbn=2", "url2": null, "内容": "医療法人社団　岡島内科胃腸科医院【2:診療所】【診療科目:内科_消化器内科_胃腸内科】滋賀県大津市大江四丁目１９－１２" }, "geometry": { "type": "Point", "coordinates": [ 135.926147, 34.981767 ] } },
{ "type": "Feature", "properties": { "ID": 2522250004000, "正式名称": "医療法人　岡本医院", "機関区分": 2, "都道府県コード": 25, "市区町村コード": 201, "所在地": "滋賀県大津市本堅田１－１８－２１", "緯度": 35.11185, "経度": 135.921369, "url": "https://www.iryou.teikyouseido.mhlw.go.jp/znk-web/juminkanja/S2430/initialize?prefCd=25&kikanCd=2250004000&kikanKbn=2", "url2": "okamoto-cl.jp", "内容": "医療法人　岡本医院【2:診療所】【診療科目:内科_小児科】滋賀県大津市本堅田１－１８－２１" }, "geometry": { "type": "Point", "coordinates": [ 135.921369, 35.11185 ] } },
{ "type": "Feature", "properties": { "ID": 2522250004030, "正式名称": "医療法人こまくさ会　やすホームケアクリニック", "機関区分": 2, "都道府県コード": 25, "市区町村コード": 210, "所在地": "滋賀県野洲市小篠原９５８－３", "緯度": 35.065156, "経度": 136.027842, "url": "https://www.iryou.teikyouseido.mhlw.go.jp/znk-web/juminkanja/S2430/initialize?prefCd=25&kikanCd=2250004030&kikanKbn=2", "url2": "https://www.yasu-hcc.com/", "内容": "医療法人こまくさ会　やすホームケアクリニック【2:診療所】【診療科目:内科_小児科_リハビリテーション科】滋賀県野洲市小篠原９５８－３" }, "geometry": { "type": "Point", "coordinates": [ 136.027842, 35.065156 ] } },
{ "type": "Feature", "properties": { "ID": 2522250004050, "正式名称": "なかにし耳鼻咽喉科", "機関区分": 2, "都道府県コード": 25, "市区町村コード": 210, "所在地": "滋賀県野洲市小篠原１０３３－１", "緯度": 35.06601, "経度": 136.02695, "url": "https://www.iryou.teikyouseido.mhlw.go.jp/znk-web/juminkanja/S2430/initialize?prefCd=25&kikanCd=2250004050&kikanKbn=2", "url2": "http://www.nakanishizibika.jp/", "内容": "なかにし耳鼻咽喉科【2:診療所】【診療科目:小児耳鼻いんこう科_耳鼻いんこう科_気管食道・耳鼻いんこう科_アレルギー科】滋賀県野洲市小篠原１０３３－１" }, "geometry": { "type": "Point", "coordinates": [ 136.02695, 35.06601 ] } },
{ "type": "Feature", "properties": { "ID": 2522250004060, "正式名称": "医療法人社団　すぎやま内科", "機関区分": 2, "都道府県コード": 25, "市区町村コード": 210, "所在地": "滋賀県野洲市小篠原１９７４－１", "緯度": 35.069489, "経度": 136.027481, "url": "https://www.iryou.teikyouseido.mhlw.go.jp/znk-web/juminkanja/S2430/initialize?prefCd=25&kikanCd=2250004060&kikanKbn=2", "url2": "https://sugiyamanaika.net/", "内容": "医療法人社団　すぎやま内科【2:診療所】【診療科目:内科_循環器内科_消化器内科_小児科】滋賀県野洲市小篠原１９７４－１" }, "geometry": { "type": "Point", "coordinates": [ 136.027481, 35.069489 ] } },
{ "type": "Feature", "properties": { "ID": 2522250004070, "正式名称": "医療法人社団　医真会　野村内科医院", "機関区分": 2, "都道府県コード": 25, "市区町村コード": 210, "所在地": "滋賀県野洲市小篠原２１７７番地", "緯度": 35.065711, "経度": 136.021703, "url": "https://www.iryou.teikyouseido.mhlw.go.jp/znk-web/juminkanja/S2430/initialize?prefCd=25&kikanCd=2250004070&kikanKbn=2", "url2": "https://www.nomura-naika-iin.com/", "内容": "医療法人社団　医真会　野村内科医院【2:診療所】【診療科目:内科_糖尿病・内分泌内科】滋賀県野洲市小篠原２１７７番地" }, "geometry": { "type": "Point", "coordinates": [ 136.021703, 35.065711 ] } },
{ "type": "Feature", "properties": { "ID": 2522250004080, "正式名称": "ちかもち内科医院", "機関区分": 2, "都道府県コード": 25, "市区町村コード": 210, "所在地": "滋賀県野洲市小篠原２２０８－１", "緯度": 35.067294, "経度": 136.023258, "url": "https://www.iryou.teikyouseido.mhlw.go.jp/znk-web/juminkanja/S2430/initialize?prefCd=25&kikanCd=2250004080&kikanKbn=2", "url2": null, "内容": "ちかもち内科医院【2:診療所】【診療科目:内科_消化器内科_皮膚科】滋賀県野洲市小篠原２２０８－１" }, "geometry": { "type": "Point", "coordinates": [ 136.023258, 35.067294 ] } },
{ "type": "Feature", "properties": { "ID": 2522250004090, "正式名称": "医療法人　森野内科医院", "機関区分": 2, "都道府県コード": 25, "市区町村コード": 210, "所在地": "滋賀県野洲市北野１丁目１９－３３", "緯度": 35.07135, "経度": 136.023231, "url": "https://www.iryou.teikyouseido.mhlw.go.jp/znk-web/juminkanja/S2430/initialize?prefCd=25&kikanCd=2250004090&kikanKbn=2", "url2": null, "内容": "医療法人　森野内科医院【2:診療所】【診療科目:内科_糖尿病内科_循環器内科_胃腸内科】滋賀県野洲市北野１丁目１９－３３" }, "geometry": { "type": "Point", "coordinates": [ 136.023231, 35.07135 ] } },
{ "type": "Feature", "properties": { "ID": 2522250004100, "正式名称": "伊藤整形外科", "機関区分": 2, "都道府県コード": 25, "市区町村コード": 210, "所在地": "滋賀県野洲市大畑１４－１２", "緯度": 35.057704, "経度": 136.014891, "url": "https://www.iryou.teikyouseido.mhlw.go.jp/znk-web/juminkanja/S2430/initialize?prefCd=25&kikanCd=2250004100&kikanKbn=2", "url2": "https://www.yasushi-itoseikei.com", "内容": "伊藤整形外科【2:診療所】【診療科目:外科_整形外科_リウマチ科_リハビリテーション科】滋賀県野洲市大畑１４－１２" }, "geometry": { "type": "Point", "coordinates": [ 136.014891, 35.057704 ] } },
{ "type": "Feature", "properties": { "ID": 2522250004110, "正式名称": "澤田医院", "機関区分": 2, "都道府県コード": 25, "市区町村コード": 210, "所在地": "滋賀県野洲市冨波甲１０８７－１", "緯度": 35.083406, "経度": 136.034536, "url": "https://www.iryou.teikyouseido.mhlw.go.jp/znk-web/juminkanja/S2430/initialize?prefCd=25&kikanCd=2250004110&kikanKbn=2", "url2": "https://sawadaiin-shiga.com", "内容": "澤田医院【2:診療所】【診療科目:内科_小児科_リハビリテーション科】滋賀県野洲市冨波甲１０８７－１" }, "geometry": { "type": "Point", "coordinates": [ 136.034536, 35.083406 ] } },
{ "type": "Feature", "properties": { "ID": 2522250004120, "正式名称": "医療法人　ほりで医院", "機関区分": 2, "都道府県コード": 25, "市区町村コード": 210, "所在地": "滋賀県野洲市久野部１－１５", "緯度": 35.075628, "経度": 136.028703, "url": "https://www.iryou.teikyouseido.mhlw.go.jp/znk-web/juminkanja/S2430/initialize?prefCd=25&kikanCd=2250004120&kikanKbn=2", "url2": null, "内容": "医療法人　ほりで医院【2:診療所】【診療科目:内科_外科_小児科】滋賀県野洲市久野部１－１５" }, "geometry": { "type": "Point", "coordinates": [ 136.028703, 35.075628 ] } },
{ "type": "Feature", "properties": { "ID": 2522250004130, "正式名称": "医療法人　桜井皮ふ科医院", "機関区分": 2, "都道府県コード": 25, "市区町村コード": 210, "所在地": "滋賀県野洲市久野部１９２－１", "緯度": 35.072503, "経度": 136.025379, "url": "https://www.iryou.teikyouseido.mhlw.go.jp/znk-web/juminkanja/S2430/initialize?prefCd=25&kikanCd=2250004130&kikanKbn=2", "url2": null, "内容": "医療法人　桜井皮ふ科医院【2:診療所】【診療科目:小児皮膚科_皮膚科_アレルギー科】滋賀県野洲市久野部１９２－１" }, "geometry": { "type": "Point", "coordinates": [ 136.025379, 35.072503 ] } },
{ "type": "Feature", "properties": { "ID": 2522250004140, "正式名称": "医療法人社団　たちいり小児科医院", "機関区分": 2, "都道府県コード": 25, "市区町村コード": 210, "所在地": "滋賀県野洲市久野部１９８－１", "緯度": 35.071822, "経度": 136.025092, "url": "https://www.iryou.teikyouseido.mhlw.go.jp/znk-web/juminkanja/S2430/initialize?prefCd=25&kikanCd=2250004140&kikanKbn=2", "url2": "http://www18.ocn.ne.jp/~tachiiri/", "内容": "医療法人社団　たちいり小児科医院【2:診療所】【診療科目:内科_小児科】滋賀県野洲市久野部１９８－１" }, "geometry": { "type": "Point", "coordinates": [ 136.025092, 35.071822 ] } },
{ "type": "Feature", "properties": { "ID": 2522250004150, "正式名称": "かねこ整形外科", "機関区分": 2, "都道府県コード": 25, "市区町村コード": 210, "所在地": "滋賀県野洲市久野部１９１－１", "緯度": 35.074183, "経度": 136.027647, "url": "https://www.iryou.teikyouseido.mhlw.go.jp/znk-web/juminkanja/S2430/initialize?prefCd=25&kikanCd=2250004150&kikanKbn=2", "url2": null, "内容": "かねこ整形外科【2:診療所】【診療科目:整形外科_リウマチ科_リハビリテーション科】滋賀県野洲市久野部１９１－１" }, "geometry": { "type": "Point", "coordinates": [ 136.027647, 35.074183 ] } },
{ "type": "Feature", "properties": { "ID": 2522250004170, "正式名称": "やすだ眼科", "機関区分": 2, "都道府県コード": 25, "市区町村コード": 210, "所在地": "滋賀県野洲市北野１丁目１－８", "緯度": 35.068017, "経度": 136.021092, "url": "https://www.iryou.teikyouseido.mhlw.go.jp/znk-web/juminkanja/S2430/initialize?prefCd=25&kikanCd=2250004170&kikanKbn=2", "url2": null, "内容": "やすだ眼科【2:診療所】【診療科目:眼科】滋賀県野洲市北野１丁目１－８" }, "geometry": { "type": "Point", "coordinates": [ 136.021092, 35.068017 ] } },
{ "type": "Feature", "properties": { "ID": 2522250004260, "正式名称": "高島市民病院朽木診療所", "機関区分": 2, "都道府県コード": 25, "市区町村コード": 212, "所在地": "滋賀県高島市朽木市場７０１番地", "緯度": 35.353258, "経度": 135.917848, "url": "https://www.iryou.teikyouseido.mhlw.go.jp/znk-web/juminkanja/S2430/initialize?prefCd=25&kikanCd=2250004260&kikanKbn=2", "url2": "http://www.city.takashima.shiga.jp/www/contents/1133942324303/index.html", "内容": "高島市民病院朽木診療所【2:診療所】【診療科目:内科_外科_整形外科_小児科】滋賀県高島市朽木市場７０１番地" }, "geometry": { "type": "Point", "coordinates": [ 135.917848, 35.353258 ] } },
{ "type": "Feature", "properties": { "ID": 2522250004280, "正式名称": "すぎた耳鼻咽喉科クリニック", "機関区分": 2, "都道府県コード": 25, "市区町村コード": 201, "所在地": "滋賀県大津市湖青一丁目１－２０　ローズプラザ小野", "緯度": 35.138628, "経度": 135.922064, "url": "https://www.iryou.teikyouseido.mhlw.go.jp/znk-web/juminkanja/S2430/initialize?prefCd=25&kikanCd=2250004280&kikanKbn=2", "url2": "http://sugita-cl.main.jp", "内容": "すぎた耳鼻咽喉科クリニック【2:診療所】【診療科目:耳鼻いんこう科_アレルギー科】滋賀県大津市湖青一丁目１－２０　ローズプラザ小野" }, "geometry": { "type": "Point", "coordinates": [ 135.922064, 35.138628 ] } },
{ "type": "Feature", "properties": { "ID": 2522250004290, "正式名称": "田中診療所", "機関区分": 2, "都道府県コード": 25, "市区町村コード": 201, "所在地": "滋賀県大津市下阪本６－１２－２４", "緯度": 35.068239, "経度": 135.884814, "url": "https://www.iryou.teikyouseido.mhlw.go.jp/znk-web/juminkanja/S2430/initialize?prefCd=25&kikanCd=2250004290&kikanKbn=2", "url2": null, "内容": "田中診療所【2:診療所】【診療科目:内科_アレルギー科_リウマチ科】滋賀県大津市下阪本６－１２－２４" }, "geometry": { "type": "Point", "coordinates": [ 135.884814, 35.068239 ] } },
{ "type": "Feature", "properties": { "ID": 2522250004300, "正式名称": "高島市民病院針畑診療所", "機関区分": 2, "都道府県コード": 25, "市区町村コード": 212, "所在地": "滋賀県高島市朽木生杉５８８", "緯度": 35.357974, "経度": 135.791575, "url": "https://www.iryou.teikyouseido.mhlw.go.jp/znk-web/juminkanja/S2430/initialize?prefCd=25&kikanCd=2250004300&kikanKbn=2", "url2": null, "内容": "高島市民病院針畑診療所【2:診療所】【診療科目:内科】滋賀県高島市朽木生杉５８８" }, "geometry": { "type": "Point", "coordinates": [ 135.791575, 35.357974 ] } },
{ "type": "Feature", "properties": { "ID": 2522250004310, "正式名称": "医療法人湖明会たかはし内科・循環器内科医院", "機関区分": 2, "都道府県コード": 25, "市区町村コード": 201, "所在地": "滋賀県大津市真野一丁目３番４５号", "緯度": 35.121882, "経度": 135.913288, "url": "https://www.iryou.teikyouseido.mhlw.go.jp/znk-web/juminkanja/S2430/initialize?prefCd=25&kikanCd=2250004310&kikanKbn=2", "url2": "http://komeikai.jp", "内容": "医療法人湖明会たかはし内科・循環器内科医院【2:診療所】【診療科目:内科_循環器内科】滋賀県大津市真野一丁目３番４５号" }, "geometry": { "type": "Point", "coordinates": [ 135.913288, 35.121882 ] } },
{ "type": "Feature", "properties": { "ID": 2522250004340, "正式名称": "医療法人社団あなむら診療所", "機関区分": 2, "都道府県コード": 25, "市区町村コード": 206, "所在地": "滋賀県草津市穴村町３１１", "緯度": 35.048544, "経度": 135.948147, "url": "https://www.iryou.teikyouseido.mhlw.go.jp/znk-web/juminkanja/S2430/initialize?prefCd=25&kikanCd=2250004340&kikanKbn=2", "url2": "http://anamura.or.jp", "内容": "医療法人社団あなむら診療所【2:診療所】【診療科目:内科_消化器内科_小児科】滋賀県草津市穴村町３１１" }, "geometry": { "type": "Point", "coordinates": [ 135.948147, 35.048544 ] } },
{ "type": "Feature", "properties": { "ID": 2522250004350, "正式名称": "医療法人ハートセンター　草津ハートセンター", "機関区分": 2, "都道府県コード": 25, "市区町村コード": 206, "所在地": "滋賀県草津市駒井沢町４０７－１", "緯度": 35.045267, "経度": 135.958786, "url": "https://www.iryou.teikyouseido.mhlw.go.jp/znk-web/juminkanja/S2430/initialize?prefCd=25&kikanCd=2250004350&kikanKbn=2", "url2": "http://www.kusatsu.-heartcenter.co.jp", "内容": "医療法人ハートセンター　草津ハートセンター【2:診療所】【診療科目:循環器内科】滋賀県草津市駒井沢町４０７－１" }, "geometry": { "type": "Point", "coordinates": [ 135.958786, 35.045267 ] } },
{ "type": "Feature", "properties": { "ID": 2522250004360, "正式名称": "東医院", "機関区分": 2, "都道府県コード": 25, "市区町村コード": 212, "所在地": "滋賀県高島市安曇川町青柳９１５", "緯度": 35.331156, "経度": 136.033592, "url": "https://www.iryou.teikyouseido.mhlw.go.jp/znk-web/juminkanja/S2430/initialize?prefCd=25&kikanCd=2250004360&kikanKbn=2", "url2": null, "内容": "東医院【2:診療所】【診療科目:内科_整形外科_リハビリテーション科_麻酔科】滋賀県高島市安曇川町青柳９１５" }, "geometry": { "type": "Point", "coordinates": [ 136.033592, 35.331156 ] } },
{ "type": "Feature", "properties": { "ID": 2522250004380, "正式名称": "医療法人　すぎうら皮ふ科医院", "機関区分": 2, "都道府県コード": 25, "市区町村コード": 206, "所在地": "滋賀県草津市川原二丁目１５－１０", "緯度": 35.034044, "経度": 135.952397, "url": "https://www.iryou.teikyouseido.mhlw.go.jp/znk-web/juminkanja/S2430/initialize?prefCd=25&kikanCd=2250004380&kikanKbn=2", "url2": "http://www.sugiura-hiuka.jp/", "内容": "医療法人　すぎうら皮ふ科医院【2:診療所】【診療科目:皮膚科_アレルギー科】滋賀県草津市川原二丁目１５－１０" }, "geometry": { "type": "Point", "coordinates": [ 135.952397, 35.034044 ] } },
{ "type": "Feature", "properties": { "ID": 2522250004390, "正式名称": "医療法人湖西クリニック", "機関区分": 2, "都道府県コード": 25, "市区町村コード": 212, "所在地": "滋賀県高島市新旭町安井川１２１８－１", "緯度": 35.350489, "経度": 136.027564, "url": "https://www.iryou.teikyouseido.mhlw.go.jp/znk-web/juminkanja/S2430/initialize?prefCd=25&kikanCd=2250004390&kikanKbn=2", "url2": null, "内容": "医療法人湖西クリニック【2:診療所】【診療科目:外科_整形外科_リハビリテーション科】滋賀県高島市新旭町安井川１２１８－１" }, "geometry": { "type": "Point", "coordinates": [ 136.027564, 35.350489 ] } },
{ "type": "Feature", "properties": { "ID": 2522250004410, "正式名称": "橋本内科医院", "機関区分": 2, "都道府県コード": 25, "市区町村コード": 206, "所在地": "滋賀県草津市川原町３０２－５", "緯度": 35.03535, "経度": 135.953647, "url": "https://www.iryou.teikyouseido.mhlw.go.jp/znk-web/juminkanja/S2430/initialize?prefCd=25&kikanCd=2250004410&kikanKbn=2", "url2": "http://www.shiga-doctor.net/web/hasimoto", "内容": "橋本内科医院【2:診療所】【診療科目:内科_循環器内科】滋賀県草津市川原町３０２－５" }, "geometry": { "type": "Point", "coordinates": [ 135.953647, 35.03535 ] } },
{ "type": "Feature", "properties": { "ID": 2522250004420, "正式名称": "やまもと　クリニック", "機関区分": 2, "都道府県コード": 25, "市区町村コード": 206, "所在地": "滋賀県草津市平井２－１－１", "緯度": 35.031183, "経度": 135.958064, "url": "https://www.iryou.teikyouseido.mhlw.go.jp/znk-web/juminkanja/S2430/initialize?prefCd=25&kikanCd=2250004420&kikanKbn=2", "url2": null, "内容": "やまもと　クリニック【2:診療所】【診療科目:内科_消化器内科_胃腸内科_外科】滋賀県草津市平井２－１－１" }, "geometry": { "type": "Point", "coordinates": [ 135.958064, 35.031183 ] } },
{ "type": "Feature", "properties": { "ID": 2522250004450, "正式名称": "なかの医院", "機関区分": 2, "都道府県コード": 25, "市区町村コード": 206, "所在地": "滋賀県草津市平井一丁目１５－２６", "緯度": 35.03135, "経度": 135.961203, "url": "https://www.iryou.teikyouseido.mhlw.go.jp/znk-web/juminkanja/S2430/initialize?prefCd=25&kikanCd=2250004450&kikanKbn=2", "url2": "https://www.nakano-iin.jp/", "内容": "なかの医院【2:診療所】【診療科目:内科_消化器内科_リハビリテーション科】滋賀県草津市平井一丁目１５－２６" }, "geometry": { "type": "Point", "coordinates": [ 135.961203, 35.03135 ] } },
{ "type": "Feature", "properties": { "ID": 2522250004460, "正式名称": "医療法人あいりんクリニック", "機関区分": 2, "都道府県コード": 25, "市区町村コード": 212, "所在地": "滋賀県高島市今津町中沼１－５－６", "緯度": 35.397767, "経度": 136.033953, "url": "https://www.iryou.teikyouseido.mhlw.go.jp/znk-web/juminkanja/S2430/initialize?prefCd=25&kikanCd=2250004460&kikanKbn=2", "url2": "https://cl-airin.jp/", "内容": "医療法人あいりんクリニック【2:診療所】【診療科目:内科_小児科】滋賀県高島市今津町中沼１－５－６" }, "geometry": { "type": "Point", "coordinates": [ 136.033953, 35.397767 ] } },
{ "type": "Feature", "properties": { "ID": 2522250004470, "正式名称": "医療法人　上原眼科", "機関区分": 2, "都道府県コード": 25, "市区町村コード": 206, "所在地": "滋賀県草津市西渋川１－２－２２", "緯度": 35.024739, "経度": 135.961842, "url": "https://www.iryou.teikyouseido.mhlw.go.jp/znk-web/juminkanja/S2430/initialize?prefCd=25&kikanCd=2250004470&kikanKbn=2", "url2": "https://www.ueharaganka.com/", "内容": "医療法人　上原眼科【2:診療所】【診療科目:眼科】滋賀県草津市西渋川１－２－２２" }, "geometry": { "type": "Point", "coordinates": [ 135.961842, 35.024739 ] } },
{ "type": "Feature", "properties": { "ID": 2522250004480, "正式名称": "富田クリニック", "機関区分": 2, "都道府県コード": 25, "市区町村コード": 206, "所在地": "滋賀県草津市西渋川一丁目３－２２", "緯度": 35.025878, "経度": 135.962786, "url": "https://www.iryou.teikyouseido.mhlw.go.jp/znk-web/juminkanja/S2430/initialize?prefCd=25&kikanCd=2250004480&kikanKbn=2", "url2": "www.tomita-cl.or.jp/", "内容": "富田クリニック【2:診療所】【診療科目:内科_糖尿病・代謝内科_循環器内科_腎臓内科_人工透析内科】滋賀県草津市西渋川一丁目３－２２" }, "geometry": { "type": "Point", "coordinates": [ 135.962786, 35.025878 ] } },
{ "type": "Feature", "properties": { "ID": 2522250004490, "正式名称": "医療法人前川クリニック", "機関区分": 2, "都道府県コード": 25, "市区町村コード": 212, "所在地": "滋賀県高島市今津町桜町１丁目７番地３", "緯度": 35.399989, "経度": 136.029397, "url": "https://www.iryou.teikyouseido.mhlw.go.jp/znk-web/juminkanja/S2430/initialize?prefCd=25&kikanCd=2250004490&kikanKbn=2", "url2": null, "内容": "医療法人前川クリニック【2:診療所】【診療科目:内科_呼吸器内科_消化器内科_小児科_皮膚科】滋賀県高島市今津町桜町１丁目７番地３" }, "geometry": { "type": "Point", "coordinates": [ 136.029397, 35.399989 ] } },
{ "type": "Feature", "properties": { "ID": 2522250004500, "正式名称": "澤村医院", "機関区分": 2, "都道府県コード": 25, "市区町村コード": 212, "所在地": "滋賀県高島市安曇川町中央４丁目１番地３", "緯度": 35.328878, "経度": 136.017814, "url": "https://www.iryou.teikyouseido.mhlw.go.jp/znk-web/juminkanja/S2430/initialize?prefCd=25&kikanCd=2250004500&kikanKbn=2", "url2": null, "内容": "澤村医院【2:診療所】【診療科目:内科】滋賀県高島市安曇川町中央４丁目１番地３" }, "geometry": { "type": "Point", "coordinates": [ 136.017814, 35.328878 ] } },
{ "type": "Feature", "properties": { "ID": 2522250004520, "正式名称": "医療法人　尾松医院", "機関区分": 2, "都道府県コード": 25, "市区町村コード": 206, "所在地": "滋賀県草津市野村６－１－１８　コンフォーレＴ２", "緯度": 35.026739, "経度": 135.954314, "url": "https://www.iryou.teikyouseido.mhlw.go.jp/znk-web/juminkanja/S2430/initialize?prefCd=25&kikanCd=2250004520&kikanKbn=2", "url2": "http://www.omatsuiin.jp/", "内容": "医療法人　尾松医院【2:診療所】【診療科目:性感染症内科_皮膚科_泌尿器科_アレルギー科】滋賀県草津市野村６－１－１８　コンフォーレＴ２" }, "geometry": { "type": "Point", "coordinates": [ 135.954314, 35.026739 ] } },
{ "type": "Feature", "properties": { "ID": 2522250004540, "正式名称": "澤村クリニック", "機関区分": 2, "都道府県コード": 25, "市区町村コード": 212, "所在地": "滋賀県高島市新旭町旭１－７－１", "緯度": 35.354933, "経度": 136.034508, "url": "https://www.iryou.teikyouseido.mhlw.go.jp/znk-web/juminkanja/S2430/initialize?prefCd=25&kikanCd=2250004540&kikanKbn=2", "url2": null, "内容": "澤村クリニック【2:診療所】【診療科目:内科】滋賀県高島市新旭町旭１－７－１" }, "geometry": { "type": "Point", "coordinates": [ 136.034508, 35.354933 ] } },
{ "type": "Feature", "properties": { "ID": 2522250004550, "正式名称": "水口クリニック", "機関区分": 2, "都道府県コード": 25, "市区町村コード": 206, "所在地": "滋賀県草津市野村一丁目１－１０", "緯度": 35.026072, "経度": 135.956981, "url": "https://www.iryou.teikyouseido.mhlw.go.jp/znk-web/juminkanja/S2430/initialize?prefCd=25&kikanCd=2250004550&kikanKbn=2", "url2": null, "内容": "水口クリニック【2:診療所】【診療科目:精神科_神経科_心療内科】滋賀県草津市野村一丁目１－１０" }, "geometry": { "type": "Point", "coordinates": [ 135.956981, 35.026072 ] } },
{ "type": "Feature", "properties": { "ID": 2522250004570, "正式名称": "医療法人かおり会本多医院", "機関区分": 2, "都道府県コード": 25, "市区町村コード": 212, "所在地": "滋賀県高島市新旭町旭１０６９－２", "緯度": 35.356878, "経度": 136.038258, "url": "https://www.iryou.teikyouseido.mhlw.go.jp/znk-web/juminkanja/S2430/initialize?prefCd=25&kikanCd=2250004570&kikanKbn=2", "url2": "http://www.honda-clinic.com", "内容": "医療法人かおり会本多医院【2:診療所】【診療科目:内科_外科_小児科_皮膚科_リハビリテーション科】滋賀県高島市新旭町旭１０６９－２" }, "geometry": { "type": "Point", "coordinates": [ 136.038258, 35.356878 ] } },
{ "type": "Feature", "properties": { "ID": 2522250004580, "正式名称": "耳鼻咽喉科　岸本医院", "機関区分": 2, "都道府県コード": 25, "市区町村コード": 206, "所在地": "滋賀県草津市野村３－１７－１９", "緯度": 35.026193, "経度": 135.950042, "url": "https://www.iryou.teikyouseido.mhlw.go.jp/znk-web/juminkanja/S2430/initialize?prefCd=25&kikanCd=2250004580&kikanKbn=2", "url2": null, "内容": "耳鼻咽喉科　岸本医院【2:診療所】【診療科目:耳鼻いんこう科_アレルギー科】滋賀県草津市野村３－１７－１９" }, "geometry": { "type": "Point", "coordinates": [ 135.950042, 35.026193 ] } },
{ "type": "Feature", "properties": { "ID": 2522250004610, "正式名称": "医療法人社団　せき川クリニック", "機関区分": 2, "都道府県コード": 25, "市区町村コード": 206, "所在地": "滋賀県草津市野村四丁目９－１０", "緯度": 35.028646, "経度": 135.949695, "url": "https://www.iryou.teikyouseido.mhlw.go.jp/znk-web/juminkanja/S2430/initialize?prefCd=25&kikanCd=2250004610&kikanKbn=2", "url2": "http://sekigawaclinic.jp/", "内容": "医療法人社団　せき川クリニック【2:診療所】【診療科目:内科_外科_整形外科_皮膚科】滋賀県草津市野村四丁目９－１０" }, "geometry": { "type": "Point", "coordinates": [ 135.949695, 35.028646 ] } },
{ "type": "Feature", "properties": { "ID": 2522250004620, "正式名称": "岡診療所", "機関区分": 2, "都道府県コード": 25, "市区町村コード": 206, "所在地": "滋賀県草津市野村６－１４－１４", "緯度": 35.029068, "経度": 135.954369, "url": "https://www.iryou.teikyouseido.mhlw.go.jp/znk-web/juminkanja/S2430/initialize?prefCd=25&kikanCd=2250004620&kikanKbn=2", "url2": null, "内容": "岡診療所【2:診療所】【診療科目:内科_小児科】滋賀県草津市野村６－１４－１４" }, "geometry": { "type": "Point", "coordinates": [ 135.954369, 35.029068 ] } },
{ "type": "Feature", "properties": { "ID": 2522250004640, "正式名称": "医療法人　土田医院", "機関区分": 2, "都道府県コード": 25, "市区町村コード": 212, "所在地": "滋賀県高島市安曇川町末広３丁目２２番地１", "緯度": 35.326739, "経度": 136.021592, "url": "https://www.iryou.teikyouseido.mhlw.go.jp/znk-web/juminkanja/S2430/initialize?prefCd=25&kikanCd=2250004640&kikanKbn=2", "url2": "tsuchida-cl.com", "内容": "医療法人　土田医院【2:診療所】【診療科目:内科_呼吸器内科_循環器内科_外科_小児科_耳鼻いんこう科_気管食道・耳鼻いんこう科_皮膚科_アレルギー科】滋賀県高島市安曇川町末広３丁目２２番地１" }, "geometry": { "type": "Point", "coordinates": [ 136.021592, 35.326739 ] } },
{ "type": "Feature", "properties": { "ID": 2522250004670, "正式名称": "ひの医院", "機関区分": 2, "都道府県コード": 25, "市区町村コード": 206, "所在地": "滋賀県草津市野村八丁目９－１", "緯度": 35.031378, "経度": 135.955592, "url": "https://www.iryou.teikyouseido.mhlw.go.jp/znk-web/juminkanja/S2430/initialize?prefCd=25&kikanCd=2250004670&kikanKbn=2", "url2": "https://hino-cli26.com/", "内容": "ひの医院【2:診療所】【診療科目:内科_整形外科_リウマチ科_リハビリテーション科】滋賀県草津市野村八丁目９－１" }, "geometry": { "type": "Point", "coordinates": [ 135.955592, 35.031378 ] } },
{ "type": "Feature", "properties": { "ID": 2522250004690, "正式名称": "白波瀬小児科", "機関区分": 2, "都道府県コード": 25, "市区町村コード": 206, "所在地": "滋賀県草津市野村八丁目９－３７", "緯度": 35.031683, "経度": 135.955814, "url": "https://www.iryou.teikyouseido.mhlw.go.jp/znk-web/juminkanja/S2430/initialize?prefCd=25&kikanCd=2250004690&kikanKbn=2", "url2": "http://www.myclinic.ne.jp/shirahase/pc/", "内容": "白波瀬小児科【2:診療所】【診療科目:小児科】滋賀県草津市野村八丁目９－３７" }, "geometry": { "type": "Point", "coordinates": [ 135.955814, 35.031683 ] } },
{ "type": "Feature", "properties": { "ID": 2522250004750, "正式名称": "医療法人社団　宮本クリニック", "機関区分": 2, "都道府県コード": 25, "市区町村コード": 206, "所在地": "滋賀県草津市上笠四丁目６－６", "緯度": 35.029433, "経度": 135.942258, "url": "https://www.iryou.teikyouseido.mhlw.go.jp/znk-web/juminkanja/S2430/initialize?prefCd=25&kikanCd=2250004750&kikanKbn=2", "url2": "http://miyamoto-clinic.ijfo/", "内容": "医療法人社団　宮本クリニック【2:診療所】【診療科目:内科_小児科_小児皮膚科_皮膚科_アレルギー科】滋賀県草津市上笠四丁目６－６" }, "geometry": { "type": "Point", "coordinates": [ 135.942258, 35.029433 ] } },
{ "type": "Feature", "properties": { "ID": 2522250004760, "正式名称": "医療法人　ながおか医院", "機関区分": 2, "都道府県コード": 25, "市区町村コード": 212, "所在地": "滋賀県高島市今津町今津１４８７番地", "緯度": 35.402794, "経度": 136.031119, "url": "https://www.iryou.teikyouseido.mhlw.go.jp/znk-web/juminkanja/S2430/initialize?prefCd=25&kikanCd=2250004760&kikanKbn=2", "url2": "nagaoka-clinic.jp", "内容": "医療法人　ながおか医院【2:診療所】【診療科目:内科_循環器内科】滋賀県高島市今津町今津１４８７番地" }, "geometry": { "type": "Point", "coordinates": [ 136.031119, 35.402794 ] } },
{ "type": "Feature", "properties": { "ID": 2522250004780, "正式名称": "医療法人かおり会藁園本多医院", "機関区分": 2, "都道府県コード": 25, "市区町村コード": 212, "所在地": "滋賀県高島市新旭町太田８８８－１", "緯度": 35.343322, "経度": 136.050564, "url": "https://www.iryou.teikyouseido.mhlw.go.jp/znk-web/juminkanja/S2430/initialize?prefCd=25&kikanCd=2250004780&kikanKbn=2", "url2": "http://www.honda-clinic.com", "内容": "医療法人かおり会藁園本多医院【2:診療所】【診療科目:内科_外科_リハビリテーション科】滋賀県高島市新旭町太田８８８－１" }, "geometry": { "type": "Point", "coordinates": [ 136.050564, 35.343322 ] } },
{ "type": "Feature", "properties": { "ID": 2522250004800, "正式名称": "医療法人のぞみ会　藤井医院", "機関区分": 2, "都道府県コード": 25, "市区町村コード": 212, "所在地": "滋賀県高島市今津町南新保５１４番地－１", "緯度": 35.407322, "経度": 136.039786, "url": "https://www.iryou.teikyouseido.mhlw.go.jp/znk-web/juminkanja/S2430/initialize?prefCd=25&kikanCd=2250004800&kikanKbn=2", "url2": "http://www.myclinic.ne.jp/fujii", "内容": "医療法人のぞみ会　藤井医院【2:診療所】【診療科目:内科_外科_整形外科_リハビリテーション科】滋賀県高島市今津町南新保５１４番地－１" }, "geometry": { "type": "Point", "coordinates": [ 136.039786, 35.407322 ] } },
{ "type": "Feature", "properties": { "ID": 2522250004830, "正式名称": "内田内科循環器内科", "機関区分": 2, "都道府県コード": 25, "市区町村コード": 206, "所在地": "滋賀県草津市渋川１丁目２－２６　ザ・草津タワー２階", "緯度": 35.02235, "経度": 135.963786, "url": "https://www.iryou.teikyouseido.mhlw.go.jp/znk-web/juminkanja/S2430/initialize?prefCd=25&kikanCd=2250004830&kikanKbn=2", "url2": "http://www.uchida-naika.jp", "内容": "内田内科循環器内科【2:診療所】【診療科目:内科_心臓内科】滋賀県草津市渋川１丁目２－２６　ザ・草津タワー２階" }, "geometry": { "type": "Point", "coordinates": [ 135.963786, 35.02235 ] } },
{ "type": "Feature", "properties": { "ID": 2522250004850, "正式名称": "医療法人氷室内科医院", "機関区分": 2, "都道府県コード": 25, "市区町村コード": 212, "所在地": "滋賀県高島市安曇川町末広２丁目１２", "緯度": 35.32781, "経度": 136.023581, "url": "https://www.iryou.teikyouseido.mhlw.go.jp/znk-web/juminkanja/S2430/initialize?prefCd=25&kikanCd=2250004850&kikanKbn=2", "url2": null, "内容": "医療法人氷室内科医院【2:診療所】【診療科目:内科_消化器内科_胃腸内科】滋賀県高島市安曇川町末広２丁目１２" }, "geometry": { "type": "Point", "coordinates": [ 136.023581, 35.32781 ] } },
{ "type": "Feature", "properties": { "ID": 2522250004860, "正式名称": "はしたに眼科", "機関区分": 2, "都道府県コード": 25, "市区町村コード": 206, "所在地": "滋賀県草津市大路一丁目１１－３０", "緯度": 35.021461, "経度": 135.962842, "url": "https://www.iryou.teikyouseido.mhlw.go.jp/znk-web/juminkanja/S2430/initialize?prefCd=25&kikanCd=2250004860&kikanKbn=2", "url2": "https://www.hashitani-ganka.com/", "内容": "はしたに眼科【2:診療所】【診療科目:眼科】滋賀県草津市大路一丁目１１－３０" }, "geometry": { "type": "Point", "coordinates": [ 135.962842, 35.021461 ] } },
{ "type": "Feature", "properties": { "ID": 2522250004900, "正式名称": "医療法人津田皮フ科", "機関区分": 2, "都道府県コード": 25, "市区町村コード": 206, "所在地": "滋賀県草津市大路一丁目１５－２１", "緯度": 35.019947, "経度": 135.963569, "url": "https://www.iryou.teikyouseido.mhlw.go.jp/znk-web/juminkanja/S2430/initialize?prefCd=25&kikanCd=2250004900&kikanKbn=2", "url2": "www.tsudahifuka.jp", "内容": "医療法人津田皮フ科【2:診療所】【診療科目:形成外科_皮膚科】滋賀県草津市大路一丁目１５－２１" }, "geometry": { "type": "Point", "coordinates": [ 135.963569, 35.019947 ] } },
{ "type": "Feature", "properties": { "ID": 2522250004910, "正式名称": "中野クリニック", "機関区分": 2, "都道府県コード": 25, "市区町村コード": 206, "所在地": "滋賀県草津市大路１－１５－４３", "緯度": 35.020739, "経度": 135.963119, "url": "https://www.iryou.teikyouseido.mhlw.go.jp/znk-web/juminkanja/S2430/initialize?prefCd=25&kikanCd=2250004910&kikanKbn=2", "url2": "https://nakanocl.com/", "内容": "中野クリニック【2:診療所】【診療科目:内科_泌尿器科】滋賀県草津市大路１－１５－４３" }, "geometry": { "type": "Point", "coordinates": [ 135.963119, 35.020739 ] } },
{ "type": "Feature", "properties": { "ID": 2522250004950, "正式名称": "医療法人井上医院", "機関区分": 2, "都道府県コード": 25, "市区町村コード": 206, "所在地": "滋賀県草津市草津４丁目５－２３", "緯度": 35.013183, "経度": 135.957231, "url": "https://www.iryou.teikyouseido.mhlw.go.jp/znk-web/juminkanja/S2430/initialize?prefCd=25&kikanCd=2250004950&kikanKbn=2", "url2": null, "内容": "医療法人井上医院【2:診療所】【診療科目:内科_皮膚科_泌尿器科_アレルギー科】滋賀県草津市草津４丁目５－２３" }, "geometry": { "type": "Point", "coordinates": [ 135.957231, 35.013183 ] } },
{ "type": "Feature", "properties": { "ID": 2522250004960, "正式名称": "医療法人　九谷医院", "機関区分": 2, "都道府県コード": 25, "市区町村コード": 206, "所在地": "滋賀県草津市大路１－１８－３１", "緯度": 35.019267, "経度": 135.961842, "url": "https://www.iryou.teikyouseido.mhlw.go.jp/znk-web/juminkanja/S2430/initialize?prefCd=25&kikanCd=2250004960&kikanKbn=2", "url2": "www.web-clover.net/kutani-iin/", "内容": "医療法人　九谷医院【2:診療所】【診療科目:内科_呼吸器内科_循環器内科_胃腸内科_神経内科_耳鼻いんこう科_アレルギー科】滋賀県草津市大路１－１８－３１" }, "geometry": { "type": "Point", "coordinates": [ 135.961842, 35.019267 ] } },
{ "type": "Feature", "properties": { "ID": 2522250004970, "正式名称": "久保婦人科", "機関区分": 2, "都道府県コード": 25, "市区町村コード": 207, "所在地": "滋賀県守山市小島町１０８２", "緯度": 35.071205, "経度": 135.999368, "url": "https://www.iryou.teikyouseido.mhlw.go.jp/znk-web/juminkanja/S2430/initialize?prefCd=25&kikanCd=2250004970&kikanKbn=2", "url2": null, "内容": "久保婦人科【2:診療所】【診療科目:婦人科】滋賀県守山市小島町１０８２" }, "geometry": { "type": "Point", "coordinates": [ 135.999368, 35.071205 ] } },
{ "type": "Feature", "properties": { "ID": 2522250004980, "正式名称": "入江産婦人科", "機関区分": 2, "都道府県コード": 25, "市区町村コード": 206, "所在地": "滋賀県草津市大路二丁目３－１１　ハイレス２１", "緯度": 35.018683, "経度": 135.963869, "url": "https://www.iryou.teikyouseido.mhlw.go.jp/znk-web/juminkanja/S2430/initialize?prefCd=25&kikanCd=2250004980&kikanKbn=2", "url2": "http://www.jmare-irie.com/", "内容": "入江産婦人科【2:診療所】【診療科目:産科_婦人科_美容皮膚科】滋賀県草津市大路二丁目３－１１　ハイレス２１" }, "geometry": { "type": "Point", "coordinates": [ 135.963869, 35.018683 ] } },
{ "type": "Feature", "properties": { "ID": 2522250005000, "正式名称": "医療法人社団　いずみ医院", "機関区分": 2, "都道府県コード": 25, "市区町村コード": 206, "所在地": "滋賀県草津市東草津二丁目２－５３", "緯度": 35.013267, "経度": 135.963814, "url": "https://www.iryou.teikyouseido.mhlw.go.jp/znk-web/juminkanja/S2430/initialize?prefCd=25&kikanCd=2250005000&kikanKbn=2", "url2": null, "内容": "医療法人社団　いずみ医院【2:診療所】【診療科目:内科_消化器内科_外科_整形外科_皮膚科】滋賀県草津市東草津二丁目２－５３" }, "geometry": { "type": "Point", "coordinates": [ 135.963814, 35.013267 ] } },
{ "type": "Feature", "properties": { "ID": 2522250005010, "正式名称": "医療法人　加藤乳腺クリニック", "機関区分": 2, "都道府県コード": 25, "市区町村コード": 206, "所在地": "滋賀県草津市西大路町８－１２", "緯度": 35.022572, "経度": 135.958258, "url": "https://www.iryou.teikyouseido.mhlw.go.jp/znk-web/juminkanja/S2430/initialize?prefCd=25&kikanCd=2250005010&kikanKbn=2", "url2": "http://www.katobreast.com", "内容": "医療法人　加藤乳腺クリニック【2:診療所】【診療科目:乳腺外科_肛門外科_形成外科_麻酔科】滋賀県草津市西大路町８－１２" }, "geometry": { "type": "Point", "coordinates": [ 135.958258, 35.022572 ] } },
{ "type": "Feature", "properties": { "ID": 2522250005050, "正式名称": "医療法人社団　きどわき医院", "機関区分": 2, "都道府県コード": 25, "市区町村コード": 207, "所在地": "滋賀県守山市播磨田町３０６７", "緯度": 35.067457, "経度": 135.991957, "url": "https://www.iryou.teikyouseido.mhlw.go.jp/znk-web/juminkanja/S2430/initialize?prefCd=25&kikanCd=2250005050&kikanKbn=2", "url2": "https://kidowaki-clinic.jp/", "内容": "医療法人社団　きどわき医院【2:診療所】【診療科目:内科_小児科_耳鼻いんこう科_アレルギー科】滋賀県守山市播磨田町３０６７" }, "geometry": { "type": "Point", "coordinates": [ 135.991957, 35.067457 ] } },
{ "type": "Feature", "properties": { "ID": 2522250005060, "正式名称": "医療法人　佐竹クリニック", "機関区分": 2, "都道府県コード": 25, "市区町村コード": 206, "所在地": "滋賀県草津市西大路町８－２８ユニハイム草津ユトリオ１０２号", "緯度": 35.022878, "経度": 135.958175, "url": "https://www.iryou.teikyouseido.mhlw.go.jp/znk-web/juminkanja/S2430/initialize?prefCd=25&kikanCd=2250005060&kikanKbn=2", "url2": "http://sp.satake-clinic.net", "内容": "医療法人　佐竹クリニック【2:診療所】【診療科目:内科_消化器内科_胃腸内科_内視鏡内科】滋賀県草津市西大路町８－２８ユニハイム草津ユトリオ１０２号" }, "geometry": { "type": "Point", "coordinates": [ 135.958175, 35.022878 ] } },
{ "type": "Feature", "properties": { "ID": 2522250005070, "正式名称": "医療法人　板谷耳鼻咽喉科", "機関区分": 2, "都道府県コード": 25, "市区町村コード": 206, "所在地": "滋賀県草津市西大路町８－２８－１０１　ユニハイム草津　やすらぎ館", "緯度": 35.023226, "経度": 135.958091, "url": "https://www.iryou.teikyouseido.mhlw.go.jp/znk-web/juminkanja/S2430/initialize?prefCd=25&kikanCd=2250005070&kikanKbn=2", "url2": "itaya.or.jp", "内容": "医療法人　板谷耳鼻咽喉科【2:診療所】【診療科目:耳鼻いんこう科】滋賀県草津市西大路町８－２８－１０１　ユニハイム草津　やすらぎ館" }, "geometry": { "type": "Point", "coordinates": [ 135.958091, 35.023226 ] } },
{ "type": "Feature", "properties": { "ID": 2522250005080, "正式名称": "守山じんがみ眼科", "機関区分": 2, "都道府県コード": 25, "市区町村コード": 207, "所在地": "滋賀県守山市播磨田町４４７番地４", "緯度": 35.073406, "経度": 135.993175, "url": "https://www.iryou.teikyouseido.mhlw.go.jp/znk-web/juminkanja/S2430/initialize?prefCd=25&kikanCd=2250005080&kikanKbn=2", "url2": "https://jingami-eye.jp/", "内容": "守山じんがみ眼科【2:診療所】【診療科目:眼科】滋賀県守山市播磨田町４４７番地４" }, "geometry": { "type": "Point", "coordinates": [ 135.993175, 35.073406 ] } },
{ "type": "Feature", "properties": { "ID": 2522250005090, "正式名称": "しづ井上内科", "機関区分": 2, "都道府県コード": 25, "市区町村コード": 206, "所在地": "滋賀県草津市青地町４８１－３", "緯度": 35.003461, "経度": 135.978592, "url": "https://www.iryou.teikyouseido.mhlw.go.jp/znk-web/juminkanja/S2430/initialize?prefCd=25&kikanCd=2250005090&kikanKbn=2", "url2": "http:///www.eonet.ne.jp~kowlon/", "内容": "しづ井上内科【2:診療所】【診療科目:内科_呼吸器内科_循環器内科_消化器内科】滋賀県草津市青地町４８１－３" }, "geometry": { "type": "Point", "coordinates": [ 135.978592, 35.003461 ] } },
{ "type": "Feature", "properties": { "ID": 2522250005100, "正式名称": "藤井内科", "機関区分": 2, "都道府県コード": 25, "市区町村コード": 207, "所在地": "滋賀県守山市笠原町１２３８", "緯度": 35.091294, "経度": 135.992342, "url": "https://www.iryou.teikyouseido.mhlw.go.jp/znk-web/juminkanja/S2430/initialize?prefCd=25&kikanCd=2250005100&kikanKbn=2", "url2": null, "内容": "藤井内科【2:診療所】【診療科目:内科_循環器内科_小児科_心療内科】滋賀県守山市笠原町１２３８" }, "geometry": { "type": "Point", "coordinates": [ 135.992342, 35.091294 ] } },
{ "type": "Feature", "properties": { "ID": 2522250005110, "正式名称": "薬師川眼科", "機関区分": 2, "都道府県コード": 25, "市区町村コード": 206, "所在地": "滋賀県草津市若草　５丁目１３－１若草医療ビル２階", "緯度": 34.987044, "経度": 135.968981, "url": "https://www.iryou.teikyouseido.mhlw.go.jp/znk-web/juminkanja/S2430/initialize?prefCd=25&kikanCd=2250005110&kikanKbn=2", "url2": "https://www.yakushigawaganka.com", "内容": "薬師川眼科【2:診療所】【診療科目:眼科】滋賀県草津市若草　５丁目１３－１若草医療ビル２階" }, "geometry": { "type": "Point", "coordinates": [ 135.968981, 34.987044 ] } },
{ "type": "Feature", "properties": { "ID": 2522250005140, "正式名称": "医療法人　社団　湖光会　若草診療所", "機関区分": 2, "都道府県コード": 25, "市区町村コード": 206, "所在地": "滋賀県草津市若草５丁目１３－１　若草医療ビル", "緯度": 34.985211, "経度": 135.970453, "url": "https://www.iryou.teikyouseido.mhlw.go.jp/znk-web/juminkanja/S2430/initialize?prefCd=25&kikanCd=2250005140&kikanKbn=2", "url2": "http://www.myclinic.ne.jp/kokoukai/", "内容": "医療法人　社団　湖光会　若草診療所【2:診療所】【診療科目:内科_糖尿病・内分泌内科_呼吸器内科_循環器内科_消化器内科_整形外科_リハビリテーション科】滋賀県草津市若草５丁目１３－１　若草医療ビル" }, "geometry": { "type": "Point", "coordinates": [ 135.970453, 34.985211 ] } },
{ "type": "Feature", "properties": { "ID": 2522250005150, "正式名称": "大橋医院", "機関区分": 2, "都道府県コード": 25, "市区町村コード": 207, "所在地": "滋賀県守山市石田町２３４", "緯度": 35.072017, "経度": 135.979675, "url": "https://www.iryou.teikyouseido.mhlw.go.jp/znk-web/juminkanja/S2430/initialize?prefCd=25&kikanCd=2250005150&kikanKbn=2", "url2": null, "内容": "大橋医院【2:診療所】【診療科目:内科】滋賀県守山市石田町２３４" }, "geometry": { "type": "Point", "coordinates": [ 135.979675, 35.072017 ] } },
{ "type": "Feature", "properties": { "ID": 2522250005160, "正式名称": "桐山皮ふ科", "機関区分": 2, "都道府県コード": 25, "市区町村コード": 201, "所在地": "滋賀県大津市真野１丁目江若交通ビル１階", "緯度": 35.121072, "経度": 135.915536, "url": "https://www.iryou.teikyouseido.mhlw.go.jp/znk-web/juminkanja/S2430/initialize?prefCd=25&kikanCd=2250005160&kikanKbn=2", "url2": null, "内容": "桐山皮ふ科【2:診療所】【診療科目:皮膚科】滋賀県大津市真野１丁目江若交通ビル１階" }, "geometry": { "type": "Point", "coordinates": [ 135.915536, 35.121072 ] } },
{ "type": "Feature", "properties": { "ID": 2522250005180, "正式名称": "医療法人大橋内科医院", "機関区分": 2, "都道府県コード": 25, "市区町村コード": 207, "所在地": "滋賀県守山市石田町２７５－３", "緯度": 35.069822, "経度": 135.983814, "url": "https://www.iryou.teikyouseido.mhlw.go.jp/znk-web/juminkanja/S2430/initialize?prefCd=25&kikanCd=2250005180&kikanKbn=2", "url2": null, "内容": "医療法人大橋内科医院【2:診療所】【診療科目:内科_糖尿病内科】滋賀県守山市石田町２７５－３" }, "geometry": { "type": "Point", "coordinates": [ 135.983814, 35.069822 ] } },
{ "type": "Feature", "properties": { "ID": 2522250005210, "正式名称": "湖南クリニック", "機関区分": 2, "都道府県コード": 25, "市区町村コード": 201, "所在地": "滋賀県大津市大萱１丁目１９－２５", "緯度": 34.9866, "経度": 135.927397, "url": "https://www.iryou.teikyouseido.mhlw.go.jp/znk-web/juminkanja/S2430/initialize?prefCd=25&kikanCd=2250005210&kikanKbn=2", "url2": "konan-clinic.jp", "内容": "湖南クリニック【2:診療所】【診療科目:精神科_心療内科】滋賀県大津市大萱１丁目１９－２５" }, "geometry": { "type": "Point", "coordinates": [ 135.927397, 34.9866 ] } },
{ "type": "Feature", "properties": { "ID": 2522250005250, "正式名称": "なかじまクリニック", "機関区分": 2, "都道府県コード": 25, "市区町村コード": 201, "所在地": "滋賀県大津市西の庄５番２５号アメニティ膳所２０３号", "緯度": 35.001933, "経度": 135.886286, "url": "https://www.iryou.teikyouseido.mhlw.go.jp/znk-web/juminkanja/S2430/initialize?prefCd=25&kikanCd=2250005250&kikanKbn=2", "url2": "http://www.snakajima.com", "内容": "なかじまクリニック【2:診療所】【診療科目:心臓内科_精神科_心療内科】滋賀県大津市西の庄５番２５号アメニティ膳所２０３号" }, "geometry": { "type": "Point", "coordinates": [ 135.886286, 35.001933 ] } },
{ "type": "Feature", "properties": { "ID": 2522250005260, "正式名称": "医療法人輝生会　小西医院", "機関区分": 2, "都道府県コード": 25, "市区町村コード": 201, "所在地": "滋賀県大津市大萱１－１７－３５", "緯度": 34.986352, "経度": 135.925922, "url": "https://www.iryou.teikyouseido.mhlw.go.jp/znk-web/juminkanja/S2430/initialize?prefCd=25&kikanCd=2250005260&kikanKbn=2", "url2": "http://www.kiseikai.co.jp/", "内容": "医療法人輝生会　小西医院【2:診療所】【診療科目:内科_循環器内科_外科_皮膚科_泌尿器科】滋賀県大津市大萱１－１７－３５" }, "geometry": { "type": "Point", "coordinates": [ 135.925922, 34.986352 ] } },
{ "type": "Feature", "properties": { "ID": 2522250005270, "正式名称": "医療法人　本郷クリニック", "機関区分": 2, "都道府県コード": 25, "市区町村コード": 201, "所在地": "滋賀県大津市皇子が丘２丁目１０－２７西大津ＩＳビル４階", "緯度": 35.023544, "経度": 135.857314, "url": "https://www.iryou.teikyouseido.mhlw.go.jp/znk-web/juminkanja/S2430/initialize?prefCd=25&kikanCd=2250005270&kikanKbn=2", "url2": "http://www.hongoh-clinic.com", "内容": "医療法人　本郷クリニック【2:診療所】【診療科目:内科_泌尿器科】滋賀県大津市皇子が丘２丁目１０－２７西大津ＩＳビル４階" }, "geometry": { "type": "Point", "coordinates": [ 135.857314, 35.023544 ] } },
{ "type": "Feature", "properties": { "ID": 2522250005280, "正式名称": "医療法人　啓優会　たなか耳鼻咽喉科", "機関区分": 2, "都道府県コード": 25, "市区町村コード": 201, "所在地": "滋賀県大津市石山寺３－１５－３８", "緯度": 34.953794, "経度": 135.908869, "url": "https://www.iryou.teikyouseido.mhlw.go.jp/znk-web/juminkanja/S2430/initialize?prefCd=25&kikanCd=2250005280&kikanKbn=2", "url2": "https://www.tanakaent3920.com", "内容": "医療法人　啓優会　たなか耳鼻咽喉科【2:診療所】【診療科目:耳鼻いんこう科_気管食道・耳鼻いんこう科】滋賀県大津市石山寺３－１５－３８" }, "geometry": { "type": "Point", "coordinates": [ 135.908869, 34.953794 ] } },
{ "type": "Feature", "properties": { "ID": 2522250005290, "正式名称": "医療法人社団　こんどう小児科", "機関区分": 2, "都道府県コード": 25, "市区町村コード": 201, "所在地": "滋賀県大津市皇子が丘３丁目１－１４", "緯度": 35.022183, "経度": 135.860675, "url": "https://www.iryou.teikyouseido.mhlw.go.jp/znk-web/juminkanja/S2430/initialize?prefCd=25&kikanCd=2250005290&kikanKbn=2", "url2": "https://www.kondo-syounika.jp", "内容": "医療法人社団　こんどう小児科【2:診療所】【診療科目:小児科_アレルギー科】滋賀県大津市皇子が丘３丁目１－１４" }, "geometry": { "type": "Point", "coordinates": [ 135.860675, 35.022183 ] } },
{ "type": "Feature", "properties": { "ID": 2522250005300, "正式名称": "医療法人　つかだ内科クリニック", "機関区分": 2, "都道府県コード": 25, "市区町村コード": 201, "所在地": "滋賀県大津市馬場３丁目１３－２６", "緯度": 34.997878, "経度": 135.884703, "url": "https://www.iryou.teikyouseido.mhlw.go.jp/znk-web/juminkanja/S2430/initialize?prefCd=25&kikanCd=2250005300&kikanKbn=2", "url2": "https://tsukada-naika.com/", "内容": "医療法人　つかだ内科クリニック【2:診療所】【診療科目:内科_脳神経内科_循環器内科_老年内科】滋賀県大津市馬場３丁目１３－２６" }, "geometry": { "type": "Point", "coordinates": [ 135.884703, 34.997878 ] } },
{ "type": "Feature", "properties": { "ID": 2522250005310, "正式名称": "山口医院", "機関区分": 2, "都道府県コード": 25, "市区町村コード": 201, "所在地": "滋賀県大津市大江３－３－２０", "緯度": 34.980878, "経度": 135.918619, "url": "https://www.iryou.teikyouseido.mhlw.go.jp/znk-web/juminkanja/S2430/initialize?prefCd=25&kikanCd=2250005310&kikanKbn=2", "url2": null, "内容": "山口医院【2:診療所】【診療科目:内科_胃腸内科】滋賀県大津市大江３－３－２０" }, "geometry": { "type": "Point", "coordinates": [ 135.918619, 34.980878 ] } },
{ "type": "Feature", "properties": { "ID": 2522250005320, "正式名称": "バイオメンタルクリニック", "機関区分": 2, "都道府県コード": 25, "市区町村コード": 201, "所在地": "滋賀県大津市粟津町２－４９オプト石山３Ｆ", "緯度": 34.979683, "経度": 135.898675, "url": "https://www.iryou.teikyouseido.mhlw.go.jp/znk-web/juminkanja/S2430/initialize?prefCd=25&kikanCd=2250005320&kikanKbn=2", "url2": "http://www.b-mental.com/", "内容": "バイオメンタルクリニック【2:診療所】【診療科目:精神科_神経科_心療内科】滋賀県大津市粟津町２－４９オプト石山３Ｆ" }, "geometry": { "type": "Point", "coordinates": [ 135.898675, 34.979683 ] } },
{ "type": "Feature", "properties": { "ID": 2522250005340, "正式名称": "滋賀県職員診療所", "機関区分": 2, "都道府県コード": 25, "市区町村コード": 201, "所在地": "滋賀県大津市京町４丁目１－１", "緯度": 35.004461, "経度": 135.868508, "url": "https://www.iryou.teikyouseido.mhlw.go.jp/znk-web/juminkanja/S2430/initialize?prefCd=25&kikanCd=2250005340&kikanKbn=2", "url2": null, "内容": "滋賀県職員診療所【2:診療所】【診療科目:内科】滋賀県大津市京町４丁目１－１" }, "geometry": { "type": "Point", "coordinates": [ 135.868508, 35.004461 ] } },
{ "type": "Feature", "properties": { "ID": 2522250005370, "正式名称": "岡本医院", "機関区分": 2, "都道府県コード": 25, "市区町村コード": 206, "所在地": "滋賀県草津市桜ケ丘５－３－１０", "緯度": 34.98985, "経度": 135.959647, "url": "https://www.iryou.teikyouseido.mhlw.go.jp/znk-web/juminkanja/S2430/initialize?prefCd=25&kikanCd=2250005370&kikanKbn=2", "url2": null, "内容": "岡本医院【2:診療所】【診療科目:内科_消化器内科】滋賀県草津市桜ケ丘５－３－１０" }, "geometry": { "type": "Point", "coordinates": [ 135.959647, 34.98985 ] } },
{ "type": "Feature", "properties": { "ID": 2522250005380, "正式名称": "なかじま医院", "機関区分": 2, "都道府県コード": 25, "市区町村コード": 206, "所在地": "滋賀県草津市追分３丁目１－１４", "緯度": 35.008961, "経度": 135.964675, "url": "https://www.iryou.teikyouseido.mhlw.go.jp/znk-web/juminkanja/S2430/initialize?prefCd=25&kikanCd=2250005380&kikanKbn=2", "url2": "http://www.nakajima-iin.jp", "内容": "なかじま医院【2:診療所】【診療科目:内科_循環器内科_外科_眼科】滋賀県草津市追分３丁目１－１４" }, "geometry": { "type": "Point", "coordinates": [ 135.964675, 35.008961 ] } },
{ "type": "Feature", "properties": { "ID": 2522250005390, "正式名称": "医療法人　こうざき耳鼻咽喉科", "機関区分": 2, "都道府県コード": 25, "市区町村コード": 207, "所在地": "滋賀県守山市吉身２丁目６－５１", "緯度": 35.0586, "経度": 135.995592, "url": "https://www.iryou.teikyouseido.mhlw.go.jp/znk-web/juminkanja/S2430/initialize?prefCd=25&kikanCd=2250005390&kikanKbn=2", "url2": "www.e33.jp", "内容": "医療法人　こうざき耳鼻咽喉科【2:診療所】【診療科目:頭頸部外科_小児耳鼻いんこう科_耳鼻いんこう科_気管食道・耳鼻いんこう科_頭頸部・耳鼻いんこう科_アレルギー科】滋賀県守山市吉身２丁目６－５１" }, "geometry": { "type": "Point", "coordinates": [ 135.995592, 35.0586 ] } },
{ "type": "Feature", "properties": { "ID": 2522250005400, "正式名称": "南草津坂本診療所", "機関区分": 2, "都道府県コード": 25, "市区町村コード": 206, "所在地": "滋賀県草津市野路１－１２－４１", "緯度": 35.002685, "経度": 135.949645, "url": "https://www.iryou.teikyouseido.mhlw.go.jp/znk-web/juminkanja/S2430/initialize?prefCd=25&kikanCd=2250005400&kikanKbn=2", "url2": null, "内容": "南草津坂本診療所【2:診療所】【診療科目:精神科_神経科_心療内科】滋賀県草津市野路１－１２－４１" }, "geometry": { "type": "Point", "coordinates": [ 135.949645, 35.002685 ] } },
{ "type": "Feature", "properties": { "ID": 2522250005420, "正式名称": "医療法人真心会　南草津野村整形外科", "機関区分": 2, "都道府県コード": 25, "市区町村コード": 206, "所在地": "滋賀県草津市野路一丁目６－２７", "緯度": 35.004878, "経度": 135.948592, "url": "https://www.iryou.teikyouseido.mhlw.go.jp/znk-web/juminkanja/S2430/initialize?prefCd=25&kikanCd=2250005420&kikanKbn=2", "url2": "http://www.nomura-magokoro-med.or.jp", "内容": "医療法人真心会　南草津野村整形外科【2:診療所】【診療科目:整形外科_リハビリテーション科】滋賀県草津市野路一丁目６－２７" }, "geometry": { "type": "Point", "coordinates": [ 135.948592, 35.004878 ] } },
{ "type": "Feature", "properties": { "ID": 2522250005430, "正式名称": "松本胃腸科クリニック", "機関区分": 2, "都道府県コード": 25, "市区町村コード": 206, "所在地": "滋賀県草津市西矢倉３丁目６番１２－１１号", "緯度": 35.008044, "経度": 135.949647, "url": "https://www.iryou.teikyouseido.mhlw.go.jp/znk-web/juminkanja/S2430/initialize?prefCd=25&kikanCd=2250005430&kikanKbn=2", "url2": null, "内容": "松本胃腸科クリニック【2:診療所】【診療科目:内科_胃腸内科】滋賀県草津市西矢倉３丁目６番１２－１１号" }, "geometry": { "type": "Point", "coordinates": [ 135.949647, 35.008044 ] } },
{ "type": "Feature", "properties": { "ID": 2522250005440, "正式名称": "医療法人社団　中西整形外科", "機関区分": 2, "都道府県コード": 25, "市区町村コード": 207, "所在地": "滋賀県守山市吉身３－１４－２１", "緯度": 35.061461, "経度": 135.996092, "url": "https://www.iryou.teikyouseido.mhlw.go.jp/znk-web/juminkanja/S2430/initialize?prefCd=25&kikanCd=2250005440&kikanKbn=2", "url2": "http://na08k.hp.peraichi.com", "内容": "医療法人社団　中西整形外科【2:診療所】【診療科目:整形外科_形成外科_美容外科_皮膚科_リウマチ科_リハビリテーション科】滋賀県守山市吉身３－１４－２１" }, "geometry": { "type": "Point", "coordinates": [ 135.996092, 35.061461 ] } },
{ "type": "Feature", "properties": { "ID": 2522250005470, "正式名称": "医療法人社団　加藤内科医院", "機関区分": 2, "都道府県コード": 25, "市区町村コード": 206, "所在地": "滋賀県草津市野路一丁目６番５－１０３号", "緯度": 35.004807, "経度": 135.94889, "url": "https://www.iryou.teikyouseido.mhlw.go.jp/znk-web/juminkanja/S2430/initialize?prefCd=25&kikanCd=2250005470&kikanKbn=2", "url2": "https://www.kusatsu-katonaika.com", "内容": "医療法人社団　加藤内科医院【2:診療所】【診療科目:内科_循環器内科_消化器内科】滋賀県草津市野路一丁目６番５－１０３号" }, "geometry": { "type": "Point", "coordinates": [ 135.94889, 35.004807 ] } },
{ "type": "Feature", "properties": { "ID": 2522250005480, "正式名称": "あさい内科", "機関区分": 2, "都道府県コード": 25, "市区町村コード": 206, "所在地": "滋賀県草津市矢橋町１０４－１", "緯度": 35.008822, "経度": 135.935231, "url": "https://www.iryou.teikyouseido.mhlw.go.jp/znk-web/juminkanja/S2430/initialize?prefCd=25&kikanCd=2250005480&kikanKbn=2", "url2": null, "内容": "あさい内科【2:診療所】【診療科目:内科】滋賀県草津市矢橋町１０４－１" }, "geometry": { "type": "Point", "coordinates": [ 135.935231, 35.008822 ] } },
{ "type": "Feature", "properties": { "ID": 2522250005490, "正式名称": "うちだクリニック", "機関区分": 2, "都道府県コード": 25, "市区町村コード": 207, "所在地": "滋賀県守山市守山５－８－７", "緯度": 35.061517, "経度": 135.985258, "url": "https://www.iryou.teikyouseido.mhlw.go.jp/znk-web/juminkanja/S2430/initialize?prefCd=25&kikanCd=2250005490&kikanKbn=2", "url2": "http://uchida-c.com", "内容": "うちだクリニック【2:診療所】【診療科目:内科_循環器内科_小児科_小児外科】滋賀県守山市守山５－８－７" }, "geometry": { "type": "Point", "coordinates": [ 135.985258, 35.061517 ] } },
{ "type": "Feature", "properties": { "ID": 2522250005520, "正式名称": "医療法人社団　岸本眼科医院", "機関区分": 2, "都道府県コード": 25, "市区町村コード": 207, "所在地": "滋賀県守山市守山１－１０－８", "緯度": 35.055378, "経度": 135.993564, "url": "https://www.iryou.teikyouseido.mhlw.go.jp/znk-web/juminkanja/S2430/initialize?prefCd=25&kikanCd=2250005520&kikanKbn=2", "url2": "http://www.kishimoto-ganka.jp/", "内容": "医療法人社団　岸本眼科医院【2:診療所】【診療科目:眼科】滋賀県守山市守山１－１０－８" }, "geometry": { "type": "Point", "coordinates": [ 135.993564, 35.055378 ] } },
{ "type": "Feature", "properties": { "ID": 2522250005530, "正式名称": "くぼた眼科", "機関区分": 2, "都道府県コード": 25, "市区町村コード": 206, "所在地": "滋賀県草津市野路一丁目７－２１リベリー南草津２０２号", "緯度": 35.0041, "経度": 135.948203, "url": "https://www.iryou.teikyouseido.mhlw.go.jp/znk-web/juminkanja/S2430/initialize?prefCd=25&kikanCd=2250005530&kikanKbn=2", "url2": "http://kubota-ganka.com", "内容": "くぼた眼科【2:診療所】【診療科目:眼科】滋賀県草津市野路一丁目７－２１リベリー南草津２０２号" }, "geometry": { "type": "Point", "coordinates": [ 135.948203, 35.0041 ] } },
{ "type": "Feature", "properties": { "ID": 2522250005550, "正式名称": "メープル・クリニック", "機関区分": 2, "都道府県コード": 25, "市区町村コード": 206, "所在地": "滋賀県草津市野路一丁目１４－３８－２０４　サンマール南草津２Ｆ", "緯度": 35.00335, "経度": 135.948258, "url": "https://www.iryou.teikyouseido.mhlw.go.jp/znk-web/juminkanja/S2430/initialize?prefCd=25&kikanCd=2250005550&kikanKbn=2", "url2": "http://www.maple.kusatsu.shiga.jp", "内容": "メープル・クリニック【2:診療所】【診療科目:神経内科_精神科_心療内科】滋賀県草津市野路一丁目１４－３８－２０４　サンマール南草津２Ｆ" }, "geometry": { "type": "Point", "coordinates": [ 135.948258, 35.00335 ] } },
{ "type": "Feature", "properties": { "ID": 2522250005570, "正式名称": "医療法人久敬会　南草津米倉眼科", "機関区分": 2, "都道府県コード": 25, "市区町村コード": 206, "所在地": "滋賀県草津市野路１丁目４－１６－３０１", "緯度": 35.004156, "経度": 135.950231, "url": "https://www.iryou.teikyouseido.mhlw.go.jp/znk-web/juminkanja/S2430/initialize?prefCd=25&kikanCd=2250005570&kikanKbn=2", "url2": "http://www.yonekuraganka.jp/", "内容": "医療法人久敬会　南草津米倉眼科【2:診療所】【診療科目:眼科】滋賀県草津市野路１丁目４－１６－３０１" }, "geometry": { "type": "Point", "coordinates": [ 135.950231, 35.004156 ] } },
{ "type": "Feature", "properties": { "ID": 2522250005600, "正式名称": "医療法人　北野耳鼻科", "機関区分": 2, "都道府県コード": 25, "市区町村コード": 207, "所在地": "滋賀県守山市守山５丁目１４６－７", "緯度": 35.062794, "経度": 135.989231, "url": "https://www.iryou.teikyouseido.mhlw.go.jp/znk-web/juminkanja/S2430/initialize?prefCd=25&kikanCd=2250005600&kikanKbn=2", "url2": "https://kitano8711.jimdofree.com/", "内容": "医療法人　北野耳鼻科【2:診療所】【診療科目:耳鼻いんこう科】滋賀県守山市守山５丁目１４６－７" }, "geometry": { "type": "Point", "coordinates": [ 135.989231, 35.062794 ] } },
{ "type": "Feature", "properties": { "ID": 2522250005610, "正式名称": "医療法人　産科婦人科ハピネスバースクリニック", "機関区分": 2, "都道府県コード": 25, "市区町村コード": 206, "所在地": "滋賀県草津市矢橋町２３３－３", "緯度": 35.005628, "経度": 135.928814, "url": "https://www.iryou.teikyouseido.mhlw.go.jp/znk-web/juminkanja/S2430/initialize?prefCd=25&kikanCd=2250005610&kikanKbn=2", "url2": "https://www.happiness-bc.com/", "内容": "医療法人　産科婦人科ハピネスバースクリニック【2:診療所】【診療科目:産婦人科】滋賀県草津市矢橋町２３３－３" }, "geometry": { "type": "Point", "coordinates": [ 135.928814, 35.005628 ] } },
{ "type": "Feature", "properties": { "ID": 2522250005620, "正式名称": "おうみクリニック", "機関区分": 2, "都道府県コード": 25, "市区町村コード": 206, "所在地": "滋賀県草津市新浜町８５－１９", "緯度": 34.998878, "経度": 135.922258, "url": "https://www.iryou.teikyouseido.mhlw.go.jp/znk-web/juminkanja/S2430/initialize?prefCd=25&kikanCd=2250005620&kikanKbn=2", "url2": "https://www.oumiclinic.com/", "内容": "おうみクリニック【2:診療所】【診療科目:内科_脳神経外科_整形外科_小児科】滋賀県草津市新浜町８５－１９" }, "geometry": { "type": "Point", "coordinates": [ 135.922258, 34.998878 ] } },
{ "type": "Feature", "properties": { "ID": 2522250005670, "正式名称": "小児科藤井医院", "機関区分": 2, "都道府県コード": 25, "市区町村コード": 201, "所在地": "滋賀県大津市仰木の里東１－１６－２", "緯度": 35.101406, "経度": 135.894119, "url": "https://www.iryou.teikyouseido.mhlw.go.jp/znk-web/juminkanja/S2430/initialize?prefCd=25&kikanCd=2250005670&kikanKbn=2", "url2": "https://www.shonika-fujii.com", "内容": "小児科藤井医院【2:診療所】【診療科目:小児科】滋賀県大津市仰木の里東１－１６－２" }, "geometry": { "type": "Point", "coordinates": [ 135.894119, 35.101406 ] } },
{ "type": "Feature", "properties": { "ID": 2522250005690, "正式名称": "医療法人　守山内科クリニック", "機関区分": 2, "都道府県コード": 25, "市区町村コード": 207, "所在地": "滋賀県守山市浮気町３００番地１５　グランドメゾン守山１－１０１", "緯度": 35.050736, "経度": 135.997511, "url": "https://www.iryou.teikyouseido.mhlw.go.jp/znk-web/juminkanja/S2430/initialize?prefCd=25&kikanCd=2250005690&kikanKbn=2", "url2": "moriyama-naika.com", "内容": "医療法人　守山内科クリニック【2:診療所】【診療科目:内科_糖尿病内科_循環器内科】滋賀県守山市浮気町３００番地１５　グランドメゾン守山１－１０１" }, "geometry": { "type": "Point", "coordinates": [ 135.997511, 35.050736 ] } },
{ "type": "Feature", "properties": { "ID": 2522250005700, "正式名称": "神吉医院", "機関区分": 2, "都道府県コード": 25, "市区町村コード": 206, "所在地": "滋賀県草津市大路二丁目１０－７", "緯度": 35.020572, "経度": 135.967564, "url": "https://www.iryou.teikyouseido.mhlw.go.jp/znk-web/juminkanja/S2430/initialize?prefCd=25&kikanCd=2250005700&kikanKbn=2", "url2": "kanki-clinic.com", "内容": "神吉医院【2:診療所】【診療科目:内科_循環器内科】滋賀県草津市大路二丁目１０－７" }, "geometry": { "type": "Point", "coordinates": [ 135.967564, 35.020572 ] } },
{ "type": "Feature", "properties": { "ID": 2522250005710, "正式名称": "浜中医院", "機関区分": 2, "都道府県コード": 25, "市区町村コード": 207, "所在地": "滋賀県守山市二町町４１－１", "緯度": 35.04385, "経度": 135.981897, "url": "https://www.iryou.teikyouseido.mhlw.go.jp/znk-web/juminkanja/S2430/initialize?prefCd=25&kikanCd=2250005710&kikanKbn=2", "url2": "http://moriyama-hamanakaiin.com/", "内容": "浜中医院【2:診療所】【診療科目:内科_循環器内科_胃腸内科_外科_肛門外科_整形外科_泌尿器科_リハビリテーション科】滋賀県守山市二町町４１－１" }, "geometry": { "type": "Point", "coordinates": [ 135.981897, 35.04385 ] } },
{ "type": "Feature", "properties": { "ID": 2522250005730, "正式名称": "坂井クリニック", "機関区分": 2, "都道府県コード": 25, "市区町村コード": 207, "所在地": "滋賀県守山市古高町３８３", "緯度": 35.054183, "経度": 135.979147, "url": "https://www.iryou.teikyouseido.mhlw.go.jp/znk-web/juminkanja/S2430/initialize?prefCd=25&kikanCd=2250005730&kikanKbn=2", "url2": "http://www.sakai-clinic.com", "内容": "坂井クリニック【2:診療所】【診療科目:内科_消化器内科_産婦人科】滋賀県守山市古高町３８３" }, "geometry": { "type": "Point", "coordinates": [ 135.979147, 35.054183 ] } },
{ "type": "Feature", "properties": { "ID": 2522250005740, "正式名称": "医療法人　藤本クリニック", "機関区分": 2, "都道府県コード": 25, "市区町村コード": 207, "所在地": "滋賀県守山市梅田町２－１－２０４", "緯度": 35.051128, "経度": 135.995342, "url": "https://www.iryou.teikyouseido.mhlw.go.jp/znk-web/juminkanja/S2430/initialize?prefCd=25&kikanCd=2250005740&kikanKbn=2", "url2": "http://fujimoto-clinic.net", "内容": "医療法人　藤本クリニック【2:診療所】【診療科目:内科_神経内科_精神科_心療内科】滋賀県守山市梅田町２－１－２０４" }, "geometry": { "type": "Point", "coordinates": [ 135.995342, 35.051128 ] } },
{ "type": "Feature", "properties": { "ID": 2522250005760, "正式名称": "医療法人　山本内科", "機関区分": 2, "都道府県コード": 25, "市区町村コード": 207, "所在地": "滋賀県守山市今宿１－４－８", "緯度": 35.054188, "経度": 135.987461, "url": "https://www.iryou.teikyouseido.mhlw.go.jp/znk-web/juminkanja/S2430/initialize?prefCd=25&kikanCd=2250005760&kikanKbn=2", "url2": "http://www.yamamotonaikaichoka.com/", "内容": "医療法人　山本内科【2:診療所】【診療科目:内科_循環器内科_消化器内科_胃腸内科】滋賀県守山市今宿１－４－８" }, "geometry": { "type": "Point", "coordinates": [ 135.987461, 35.054188 ] } },
{ "type": "Feature", "properties": { "ID": 2522250005780, "正式名称": "ハッピーねもとクリニック", "機関区分": 2, "都道府県コード": 25, "市区町村コード": 201, "所在地": "滋賀県大津市御幸町　１－２７レスペクテ１階", "緯度": 35.004683, "経度": 135.862258, "url": "https://www.iryou.teikyouseido.mhlw.go.jp/znk-web/juminkanja/S2430/initialize?prefCd=25&kikanCd=2250005780&kikanKbn=2", "url2": "https://happynemoto.com", "内容": "ハッピーねもとクリニック【2:診療所】【診療科目:内科_呼吸器内科_アレルギー疾患内科_外科_呼吸器外科_アレルギー科】滋賀県大津市御幸町　１－２７レスペクテ１階" }, "geometry": { "type": "Point", "coordinates": [ 135.862258, 35.004683 ] } },
{ "type": "Feature", "properties": { "ID": 2522250005800, "正式名称": "医療法人　奉仁会　いしだ眼科", "機関区分": 2, "都道府県コード": 25, "市区町村コード": 206, "所在地": "滋賀県草津市野村六丁目１１－４　コンフォーレＴ３", "緯度": 35.026733, "経度": 135.954776, "url": "https://www.iryou.teikyouseido.mhlw.go.jp/znk-web/juminkanja/S2430/initialize?prefCd=25&kikanCd=2250005800&kikanKbn=2", "url2": "http://ishida=ganka.com/", "内容": "医療法人　奉仁会　いしだ眼科【2:診療所】【診療科目:眼科】滋賀県草津市野村六丁目１１－４　コンフォーレＴ３" }, "geometry": { "type": "Point", "coordinates": [ 135.954776, 35.026733 ] } },
{ "type": "Feature", "properties": { "ID": 2522250005820, "正式名称": "医療法人社団　山岡整形外科医院", "機関区分": 2, "都道府県コード": 25, "市区町村コード": 207, "所在地": "滋賀県守山市勝部１－１７－２８", "緯度": 35.052069, "経度": 135.990949, "url": "https://www.iryou.teikyouseido.mhlw.go.jp/znk-web/juminkanja/S2430/initialize?prefCd=25&kikanCd=2250005820&kikanKbn=2", "url2": null, "内容": "医療法人社団　山岡整形外科医院【2:診療所】【診療科目:ペインクリニック内科_外科_整形外科_リウマチ科_リハビリテーション科】滋賀県守山市勝部１－１７－２８" }, "geometry": { "type": "Point", "coordinates": [ 135.990949, 35.052069 ] } },
{ "type": "Feature", "properties": { "ID": 2522250005830, "正式名称": "東医院", "機関区分": 2, "都道府県コード": 25, "市区町村コード": 201, "所在地": "滋賀県大津市南小松１５９４－１７０", "緯度": 35.231923, "経度": 135.94402, "url": "https://www.iryou.teikyouseido.mhlw.go.jp/znk-web/juminkanja/S2430/initialize?prefCd=25&kikanCd=2250005830&kikanKbn=2", "url2": null, "内容": "東医院【2:診療所】【診療科目:内科_整形外科_リハビリテーション科】滋賀県大津市南小松１５９４－１７０" }, "geometry": { "type": "Point", "coordinates": [ 135.94402, 35.231923 ] } },
{ "type": "Feature", "properties": { "ID": 2522250005840, "正式名称": "ひろたに医院", "機関区分": 2, "都道府県コード": 25, "市区町村コード": 207, "所在地": "滋賀県守山市大林町２１４－５", "緯度": 35.059128, "経度": 135.966647, "url": "https://www.iryou.teikyouseido.mhlw.go.jp/znk-web/juminkanja/S2430/initialize?prefCd=25&kikanCd=2250005840&kikanKbn=2", "url2": "http://hirotani-iin.com", "内容": "ひろたに医院【2:診療所】【診療科目:内科_消化器内科_小児科】滋賀県守山市大林町２１４－５" }, "geometry": { "type": "Point", "coordinates": [ 135.966647, 35.059128 ] } },
{ "type": "Feature", "properties": { "ID": 2522250005880, "正式名称": "湖南広域休日急病診療所", "機関区分": 2, "都道府県コード": 25, "市区町村コード": 208, "所在地": "滋賀県栗東市大橋二丁目７番３号", "緯度": 35.032413, "経度": 136.001506, "url": "https://www.iryou.teikyouseido.mhlw.go.jp/znk-web/juminkanja/S2430/initialize?prefCd=25&kikanCd=2250005880&kikanKbn=2", "url2": "http://www.konan-kouiki.jp/sinryousho/", "内容": "湖南広域休日急病診療所【2:診療所】【診療科目:内科_小児科】滋賀県栗東市大橋二丁目７番３号" }, "geometry": { "type": "Point", "coordinates": [ 136.001506, 35.032413 ] } },
{ "type": "Feature", "properties": { "ID": 2522250005890, "正式名称": "医療法人　久敬会　米倉眼科", "機関区分": 2, "都道府県コード": 25, "市区町村コード": 207, "所在地": "滋賀県守山市勝部１－１－２１－５０１", "緯度": 35.050211, "経度": 135.994842, "url": "https://www.iryou.teikyouseido.mhlw.go.jp/znk-web/juminkanja/S2430/initialize?prefCd=25&kikanCd=2250005890&kikanKbn=2", "url2": "http://www.yonekuraganka.jp/", "内容": "医療法人　久敬会　米倉眼科【2:診療所】【診療科目:眼科】滋賀県守山市勝部１－１－２１－５０１" }, "geometry": { "type": "Point", "coordinates": [ 135.994842, 35.050211 ] } },
{ "type": "Feature", "properties": { "ID": 2522250005910, "正式名称": "高村外科", "機関区分": 2, "都道府県コード": 25, "市区町村コード": 202, "所在地": "滋賀県彦根市中央町３－１０", "緯度": 35.270183, "経度": 136.256564, "url": "https://www.iryou.teikyouseido.mhlw.go.jp/znk-web/juminkanja/S2430/initialize?prefCd=25&kikanCd=2250005910&kikanKbn=2", "url2": null, "内容": "高村外科【2:診療所】【診療科目:内科_外科_整形外科_皮膚泌尿器科】滋賀県彦根市中央町３－１０" }, "geometry": { "type": "Point", "coordinates": [ 136.256564, 35.270183 ] } },
{ "type": "Feature", "properties": { "ID": 2522250005920, "正式名称": "ふくだ医院", "機関区分": 2, "都道府県コード": 25, "市区町村コード": 207, "所在地": "滋賀県守山市山賀町字灰塚１０１８", "緯度": 35.067822, "経度": 135.956258, "url": "https://www.iryou.teikyouseido.mhlw.go.jp/znk-web/juminkanja/S2430/initialize?prefCd=25&kikanCd=2250005920&kikanKbn=2", "url2": null, "内容": "ふくだ医院【2:診療所】【診療科目:内科_呼吸器内科_循環器内科_アレルギー科】滋賀県守山市山賀町字灰塚１０１８" }, "geometry": { "type": "Point", "coordinates": [ 135.956258, 35.067822 ] } },
{ "type": "Feature", "properties": { "ID": 2522250005940, "正式名称": "ふくはら内科クリニック", "機関区分": 2, "都道府県コード": 25, "市区町村コード": 207, "所在地": "滋賀県守山市勝部１丁目１６－２７　コスモ守山５番館１階", "緯度": 35.052156, "経度": 135.992758, "url": "https://www.iryou.teikyouseido.mhlw.go.jp/znk-web/juminkanja/S2430/initialize?prefCd=25&kikanCd=2250005940&kikanKbn=2", "url2": "http://www.jungle.or.jp/fukuhara", "内容": "ふくはら内科クリニック【2:診療所】【診療科目:内科_呼吸器内科_循環器内科_消化器内科】滋賀県守山市勝部１丁目１６－２７　コスモ守山５番館１階" }, "geometry": { "type": "Point", "coordinates": [ 135.992758, 35.052156 ] } },
{ "type": "Feature", "properties": { "ID": 2522250005950, "正式名称": "まつかわ小児科", "機関区分": 2, "都道府県コード": 25, "市区町村コード": 207, "所在地": "滋賀県守山市水保町１２６８－２０", "緯度": 35.1126, "経度": 135.952619, "url": "https://www.iryou.teikyouseido.mhlw.go.jp/znk-web/juminkanja/S2430/initialize?prefCd=25&kikanCd=2250005950&kikanKbn=2", "url2": "http://www.tenawan.com", "内容": "まつかわ小児科【2:診療所】【診療科目:内科_小児科】滋賀県守山市水保町１２６８－２０" }, "geometry": { "type": "Point", "coordinates": [ 135.952619, 35.1126 ] } },
{ "type": "Feature", "properties": { "ID": 2522250005960, "正式名称": "医療法人社団　安澤内科診療所", "機関区分": 2, "都道府県コード": 25, "市区町村コード": 202, "所在地": "滋賀県彦根市高宮町２２９０", "緯度": 35.233683, "経度": 136.255814, "url": "https://www.iryou.teikyouseido.mhlw.go.jp/znk-web/juminkanja/S2430/initialize?prefCd=25&kikanCd=2250005960&kikanKbn=2", "url2": null, "内容": "医療法人社団　安澤内科診療所【2:診療所】【診療科目:内科_外科】滋賀県彦根市高宮町２２９０" }, "geometry": { "type": "Point", "coordinates": [ 136.255814, 35.233683 ] } },
{ "type": "Feature", "properties": { "ID": 2522250005980, "正式名称": "津田内科医院", "機関区分": 2, "都道府県コード": 25, "市区町村コード": 207, "所在地": "滋賀県守山市焔魔堂町１５", "緯度": 35.049978, "経度": 135.986915, "url": "https://www.iryou.teikyouseido.mhlw.go.jp/znk-web/juminkanja/S2430/initialize?prefCd=25&kikanCd=2250005980&kikanKbn=2", "url2": "https://www.tsudanaika.com/", "内容": "津田内科医院【2:診療所】【診療科目:内科_呼吸器内科】滋賀県守山市焔魔堂町１５" }, "geometry": { "type": "Point", "coordinates": [ 135.986915, 35.049978 ] } },
{ "type": "Feature", "properties": { "ID": 2522250005990, "正式名称": "医療法人　小西醫院", "機関区分": 2, "都道府県コード": 25, "市区町村コード": 207, "所在地": "滋賀県守山市洲本町１２５６番地６", "緯度": 35.088711, "経度": 135.971175, "url": "https://www.iryou.teikyouseido.mhlw.go.jp/znk-web/juminkanja/S2430/initialize?prefCd=25&kikanCd=2250005990&kikanKbn=2", "url2": "http://www.konishiclinic.jp/", "内容": "医療法人　小西醫院【2:診療所】【診療科目:内科_脳神経内科_外科_脳神経外科_小児科_リハビリテーション科】滋賀県守山市洲本町１２５６番地６" }, "geometry": { "type": "Point", "coordinates": [ 135.971175, 35.088711 ] } },
{ "type": "Feature", "properties": { "ID": 2522250006000, "正式名称": "医療法人　金沢整形外科クリニック", "機関区分": 2, "都道府県コード": 25, "市区町村コード": 208, "所在地": "滋賀県栗東市小野８８１", "緯度": 35.025628, "経度": 136.009092, "url": "https://www.iryou.teikyouseido.mhlw.go.jp/znk-web/juminkanja/S2430/initialize?prefCd=25&kikanCd=2250006000&kikanKbn=2", "url2": "http://www.kanazawaseikei.or.jp", "内容": "医療法人　金沢整形外科クリニック【2:診療所】【診療科目:整形外科_リハビリテーション科】滋賀県栗東市小野８８１" }, "geometry": { "type": "Point", "coordinates": [ 136.009092, 35.025628 ] } },
{ "type": "Feature", "properties": { "ID": 2522250006040, "正式名称": "医療法人　明照会　栗東ピースクリニック", "機関区分": 2, "都道府県コード": 25, "市区町村コード": 208, "所在地": "滋賀県栗東市手原３－１１－２", "緯度": 35.026767, "経度": 135.999814, "url": "https://www.iryou.teikyouseido.mhlw.go.jp/znk-web/juminkanja/S2430/initialize?prefCd=25&kikanCd=2250006040&kikanKbn=2", "url2": "https://www.ritto-peas.com", "内容": "医療法人　明照会　栗東ピースクリニック【2:診療所】【診療科目:内科_呼吸器内科_循環器内科】滋賀県栗東市手原３－１１－２" }, "geometry": { "type": "Point", "coordinates": [ 135.999814, 35.026767 ] } },
{ "type": "Feature", "properties": { "ID": 2522250006050, "正式名称": "医療法人社団　太田医院", "機関区分": 2, "都道府県コード": 25, "市区町村コード": 209, "所在地": "滋賀県甲賀市水口町虫生野中央　８１－２", "緯度": 34.952572, "経度": 136.155869, "url": "https://www.iryou.teikyouseido.mhlw.go.jp/znk-web/juminkanja/S2430/initialize?prefCd=25&kikanCd=2250006050&kikanKbn=2", "url2": null, "内容": "医療法人社団　太田医院【2:診療所】【診療科目:内科_小児科_アレルギー科】滋賀県甲賀市水口町虫生野中央　８１－２" }, "geometry": { "type": "Point", "coordinates": [ 136.155869, 34.952572 ] } },
{ "type": "Feature", "properties": { "ID": 2522250006070, "正式名称": "峯森内科医院", "機関区分": 2, "都道府県コード": 25, "市区町村コード": 207, "所在地": "滋賀県守山市木浜町１６７０－１", "緯度": 35.098461, "経度": 135.950508, "url": "https://www.iryou.teikyouseido.mhlw.go.jp/znk-web/juminkanja/S2430/initialize?prefCd=25&kikanCd=2250006070&kikanKbn=2", "url2": null, "内容": "峯森内科医院【2:診療所】【診療科目:内科_消化器内科_皮膚科】滋賀県守山市木浜町１６７０－１" }, "geometry": { "type": "Point", "coordinates": [ 135.950508, 35.098461 ] } },
{ "type": "Feature", "properties": { "ID": 2522250006090, "正式名称": "医療法人　ちばレディースクリニック", "機関区分": 2, "都道府県コード": 25, "市区町村コード": 208, "所在地": "滋賀県栗東市小柿５－１３－２", "緯度": 35.024958, "経度": 135.971904, "url": "https://www.iryou.teikyouseido.mhlw.go.jp/znk-web/juminkanja/S2430/initialize?prefCd=25&kikanCd=2250006090&kikanKbn=2", "url2": "http://www.chiba-lc.com/", "内容": "医療法人　ちばレディースクリニック【2:診療所】【診療科目:女性内科_産婦人科_婦人科】滋賀県栗東市小柿５－１３－２" }, "geometry": { "type": "Point", "coordinates": [ 135.971904, 35.024958 ] } },
{ "type": "Feature", "properties": { "ID": 2522250006150, "正式名称": "おがき耳鼻咽喉科", "機関区分": 2, "都道府県コード": 25, "市区町村コード": 208, "所在地": "滋賀県栗東市小柿７－５－１０", "緯度": 35.022767, "経度": 135.972508, "url": "https://www.iryou.teikyouseido.mhlw.go.jp/znk-web/juminkanja/S2430/initialize?prefCd=25&kikanCd=2250006150&kikanKbn=2", "url2": "https://ogaki-entclinic.com", "内容": "おがき耳鼻咽喉科【2:診療所】【診療科目:耳鼻いんこう科】滋賀県栗東市小柿７－５－１０" }, "geometry": { "type": "Point", "coordinates": [ 135.972508, 35.022767 ] } },
{ "type": "Feature", "properties": { "ID": 2522250006160, "正式名称": "医療法人　成宮クリニック", "機関区分": 2, "都道府県コード": 25, "市区町村コード": 425, "所在地": "滋賀県愛知郡愛荘町市９１７－７", "緯度": 35.177906, "経度": 136.212703, "url": "https://www.iryou.teikyouseido.mhlw.go.jp/znk-web/juminkanja/S2430/initialize?prefCd=25&kikanCd=2250006160&kikanKbn=2", "url2": "http://narumiya-clinic.or.jp/", "内容": "医療法人　成宮クリニック【2:診療所】【診療科目:内科_外科_整形外科_小児科_婦人科_リハビリテーション科】滋賀県愛知郡愛荘町市９１７－７" }, "geometry": { "type": "Point", "coordinates": [ 136.212703, 35.177906 ] } },
{ "type": "Feature", "properties": { "ID": 2522250006180, "正式名称": "まがらクリニック", "機関区分": 2, "都道府県コード": 25, "市区町村コード": 208, "所在地": "滋賀県栗東市十里８３－３", "緯度": 35.044622, "経度": 135.963775, "url": "https://www.iryou.teikyouseido.mhlw.go.jp/znk-web/juminkanja/S2430/initialize?prefCd=25&kikanCd=2250006180&kikanKbn=2", "url2": "http://www.magaraclinic.com", "内容": "まがらクリニック【2:診療所】【診療科目:内科_循環器内科_外科_心臓血管外科_放射線科】滋賀県栗東市十里８３－３" }, "geometry": { "type": "Point", "coordinates": [ 135.963775, 35.044622 ] } },
{ "type": "Feature", "properties": { "ID": 2522250006190, "正式名称": "清水整形外科医院", "機関区分": 2, "都道府県コード": 25, "市区町村コード": 208, "所在地": "滋賀県栗東市下鈎１６３０", "緯度": 35.0306, "経度": 135.984258, "url": "https://www.iryou.teikyouseido.mhlw.go.jp/znk-web/juminkanja/S2430/initialize?prefCd=25&kikanCd=2250006190&kikanKbn=2", "url2": null, "内容": "清水整形外科医院【2:診療所】【診療科目:整形外科_リウマチ科_リハビリテーション科】滋賀県栗東市下鈎１６３０" }, "geometry": { "type": "Point", "coordinates": [ 135.984258, 35.0306 ] } },
{ "type": "Feature", "properties": { "ID": 2522250006200, "正式名称": "あらき内科クリニック", "機関区分": 2, "都道府県コード": 25, "市区町村コード": 208, "所在地": "滋賀県栗東市安養寺１丁目１番２０　ラフィーネ栗東安養寺１０１号", "緯度": 35.023683, "経度": 135.998953, "url": "https://www.iryou.teikyouseido.mhlw.go.jp/znk-web/juminkanja/S2430/initialize?prefCd=25&kikanCd=2250006200&kikanKbn=2", "url2": "araki-naika.net", "内容": "あらき内科クリニック【2:診療所】【診療科目:内科】滋賀県栗東市安養寺１丁目１番２０　ラフィーネ栗東安養寺１０１号" }, "geometry": { "type": "Point", "coordinates": [ 135.998953, 35.023683 ] } },
{ "type": "Feature", "properties": { "ID": 2522250006220, "正式名称": "かいつぶり診療所", "機関区分": 2, "都道府県コード": 25, "市区町村コード": 207, "所在地": "滋賀県守山市守山町１６８番地１", "緯度": 35.063156, "経度": 135.984647, "url": "https://www.iryou.teikyouseido.mhlw.go.jp/znk-web/juminkanja/S2430/initialize?prefCd=25&kikanCd=2250006220&kikanKbn=2", "url2": "http://open-mind.jp", "内容": "かいつぶり診療所【2:診療所】【診療科目:内科_小児科_リハビリテーション科】滋賀県守山市守山町１６８番地１" }, "geometry": { "type": "Point", "coordinates": [ 135.984647, 35.063156 ] } },
{ "type": "Feature", "properties": { "ID": 2522250006250, "正式名称": "西藤小児科こどもの呼吸器・アレルギークリニック", "機関区分": 2, "都道府県コード": 25, "市区町村コード": 207, "所在地": "滋賀県守山市守山１丁目１２番１２号", "緯度": 35.0556, "経度": 135.994119, "url": "https://www.iryou.teikyouseido.mhlw.go.jp/znk-web/juminkanja/S2430/initialize?prefCd=25&kikanCd=2250006250&kikanKbn=2", "url2": "http://www.children.or.jp", "内容": "西藤小児科こどもの呼吸器・アレルギークリニック【2:診療所】【診療科目:小児科_アレルギー科】滋賀県守山市守山１丁目１２番１２号" }, "geometry": { "type": "Point", "coordinates": [ 135.994119, 35.0556 ] } },
{ "type": "Feature", "properties": { "ID": 2522250006260, "正式名称": "栗東なす耳鼻咽喉科", "機関区分": 2, "都道府県コード": 25, "市区町村コード": 208, "所在地": "滋賀県栗東市下鈎８６４－１", "緯度": 35.028378, "経度": 135.982675, "url": "https://www.iryou.teikyouseido.mhlw.go.jp/znk-web/juminkanja/S2430/initialize?prefCd=25&kikanCd=2250006260&kikanKbn=2", "url2": "http://www.myclinic.ne.jp/nasu/pc/", "内容": "栗東なす耳鼻咽喉科【2:診療所】【診療科目:耳鼻いんこう科_アレルギー科】滋賀県栗東市下鈎８６４－１" }, "geometry": { "type": "Point", "coordinates": [ 135.982675, 35.028378 ] } },
{ "type": "Feature", "properties": { "ID": 2522250006270, "正式名称": "医療法人社団　渡辺産婦人科", "機関区分": 2, "都道府県コード": 25, "市区町村コード": 208, "所在地": "滋賀県栗東市野尻４３５", "緯度": 35.0351, "経度": 135.986731, "url": "https://www.iryou.teikyouseido.mhlw.go.jp/znk-web/juminkanja/S2430/initialize?prefCd=25&kikanCd=2250006270&kikanKbn=2", "url2": "http://www.watanabe-cl.or.jp/", "内容": "医療法人社団　渡辺産婦人科【2:診療所】【診療科目:産婦人科】滋賀県栗東市野尻４３５" }, "geometry": { "type": "Point", "coordinates": [ 135.986731, 35.0351 ] } },
{ "type": "Feature", "properties": { "ID": 2522250006290, "正式名称": "まるやま医院", "機関区分": 2, "都道府県コード": 25, "市区町村コード": 208, "所在地": "滋賀県栗東市野尻５９０　あかつきビル１階", "緯度": 35.035156, "経度": 135.985758, "url": "https://www.iryou.teikyouseido.mhlw.go.jp/znk-web/juminkanja/S2430/initialize?prefCd=25&kikanCd=2250006290&kikanKbn=2", "url2": "http://www.shiga-doctor.net/web/myclinic", "内容": "まるやま医院【2:診療所】【診療科目:内科_胃腸内科_外科_肛門外科】滋賀県栗東市野尻５９０　あかつきビル１階" }, "geometry": { "type": "Point", "coordinates": [ 135.985758, 35.035156 ] } },
{ "type": "Feature", "properties": { "ID": 2522250006310, "正式名称": "一般財団法人競馬共助会　栗東診療所", "機関区分": 2, "都道府県コード": 25, "市区町村コード": 208, "所在地": "滋賀県栗東市御園１０２８", "緯度": 35.00122, "経度": 136.01504, "url": "https://www.iryou.teikyouseido.mhlw.go.jp/znk-web/juminkanja/S2430/initialize?prefCd=25&kikanCd=2250006310&kikanKbn=2", "url2": "https://www.ritto-clinic.com/", "内容": "一般財団法人競馬共助会　栗東診療所【2:診療所】【診療科目:内科_血液・腫瘍内科_糖尿病・内分泌内科_循環器内科_消化器内科_腎臓内科_外科_消化器・移植外科_整形外科_歯科_リハビリテーション科】滋賀県栗東市御園１０２８" }, "geometry": { "type": "Point", "coordinates": [ 136.01504, 35.00122 ] } },
{ "type": "Feature", "properties": { "ID": 2522250006330, "正式名称": "医療法人社団　まつだクリニック", "機関区分": 2, "都道府県コード": 25, "市区町村コード": 204, "所在地": "滋賀県近江八幡市桜宮町２１１－３", "緯度": 35.128461, "経度": 136.096092, "url": "https://www.iryou.teikyouseido.mhlw.go.jp/znk-web/juminkanja/S2430/initialize?prefCd=25&kikanCd=2250006330&kikanKbn=2", "url2": "http://www.ok-health.jp/", "内容": "医療法人社団　まつだクリニック【2:診療所】【診療科目:内科_胃腸内科_外科_肛門外科_整形外科_皮膚科_リハビリテーション科_麻酔科】滋賀県近江八幡市桜宮町２１１－３" }, "geometry": { "type": "Point", "coordinates": [ 136.096092, 35.128461 ] } },
{ "type": "Feature", "properties": { "ID": 2522250006340, "正式名称": "医療法人パームこどもクリニック", "機関区分": 2, "都道府県コード": 25, "市区町村コード": 208, "所在地": "滋賀県栗東市野尻４４０", "緯度": 35.036739, "経度": 135.989092, "url": "https://www.iryou.teikyouseido.mhlw.go.jp/znk-web/juminkanja/S2430/initialize?prefCd=25&kikanCd=2250006340&kikanKbn=2", "url2": "http://www.palmclinic.net", "内容": "医療法人パームこどもクリニック【2:診療所】【診療科目:内科_アレルギー疾患内科_小児科_精神科_心療内科_アレルギー科】滋賀県栗東市野尻４４０" }, "geometry": { "type": "Point", "coordinates": [ 135.989092, 35.036739 ] } },
{ "type": "Feature", "properties": { "ID": 2522250006360, "正式名称": "はなだ婦人クリニック", "機関区分": 2, "都道府県コード": 25, "市区町村コード": 208, "所在地": "滋賀県栗東市綣三丁目１０－２２", "緯度": 35.036517, "経度": 135.979814, "url": "https://www.iryou.teikyouseido.mhlw.go.jp/znk-web/juminkanja/S2430/initialize?prefCd=25&kikanCd=2250006360&kikanKbn=2", "url2": "http://www.hanada-f-clinic.com/", "内容": "はなだ婦人クリニック【2:診療所】【診療科目:内科_産婦人科_婦人科】滋賀県栗東市綣三丁目１０－２２" }, "geometry": { "type": "Point", "coordinates": [ 135.979814, 35.036517 ] } },
{ "type": "Feature", "properties": { "ID": 2522250006370, "正式名称": "医療法人社団堀江医院", "機関区分": 2, "都道府県コード": 25, "市区町村コード": 204, "所在地": "滋賀県近江八幡市加茂町３６６０－５", "緯度": 35.121433, "経度": 136.064592, "url": "https://www.iryou.teikyouseido.mhlw.go.jp/znk-web/juminkanja/S2430/initialize?prefCd=25&kikanCd=2250006370&kikanKbn=2", "url2": null, "内容": "医療法人社団堀江医院【2:診療所】【診療科目:内科_循環器内科_小児科_アレルギー科】滋賀県近江八幡市加茂町３６６０－５" }, "geometry": { "type": "Point", "coordinates": [ 136.064592, 35.121433 ] } },
{ "type": "Feature", "properties": { "ID": 2522250006380, "正式名称": "ＫＫＣウエルネス栗東健診クリニック", "機関区分": 2, "都道府県コード": 25, "市区町村コード": 208, "所在地": "滋賀県栗東市小野５０１－１", "緯度": 35.021489, "経度": 136.009592, "url": "https://www.iryou.teikyouseido.mhlw.go.jp/znk-web/juminkanja/S2430/initialize?prefCd=25&kikanCd=2250006380&kikanKbn=2", "url2": "http://www.zai-kkc.or.jp/", "内容": "ＫＫＣウエルネス栗東健診クリニック【2:診療所】【診療科目:内科】滋賀県栗東市小野５０１－１" }, "geometry": { "type": "Point", "coordinates": [ 136.009592, 35.021489 ] } },
{ "type": "Feature", "properties": { "ID": 2522250006400, "正式名称": "中村医院", "機関区分": 2, "都道府県コード": 25, "市区町村コード": 204, "所在地": "滋賀県近江八幡市池田本町９２７－４", "緯度": 35.106156, "経度": 136.076425, "url": "https://www.iryou.teikyouseido.mhlw.go.jp/znk-web/juminkanja/S2430/initialize?prefCd=25&kikanCd=2250006400&kikanKbn=2", "url2": null, "内容": "中村医院【2:診療所】【診療科目:内科】滋賀県近江八幡市池田本町９２７－４" }, "geometry": { "type": "Point", "coordinates": [ 136.076425, 35.106156 ] } },
{ "type": "Feature", "properties": { "ID": 2522250006440, "正式名称": "医療法人　銀杏会　まつだ内科胃腸科", "機関区分": 2, "都道府県コード": 25, "市区町村コード": 201, "所在地": "滋賀県大津市雄琴北一丁目６－１４", "緯度": 35.097517, "経度": 135.895731, "url": "https://www.iryou.teikyouseido.mhlw.go.jp/znk-web/juminkanja/S2430/initialize?prefCd=25&kikanCd=2250006440&kikanKbn=2", "url2": "http://web.kyoto-inet.or.jp/people/matsu35/", "内容": "医療法人　銀杏会　まつだ内科胃腸科【2:診療所】【診療科目:内科_消化器内科】滋賀県大津市雄琴北一丁目６－１４" }, "geometry": { "type": "Point", "coordinates": [ 135.895731, 35.097517 ] } },
{ "type": "Feature", "properties": { "ID": 2522250006450, "正式名称": "医療法人ごとう医院", "機関区分": 2, "都道府県コード": 25, "市区町村コード": 208, "所在地": "滋賀県栗東市御園１８２９－１", "緯度": 35.003433, "経度": 136.024619, "url": "https://www.iryou.teikyouseido.mhlw.go.jp/znk-web/juminkanja/S2430/initialize?prefCd=25&kikanCd=2250006450&kikanKbn=2", "url2": "http://www.gotoclinic.net", "内容": "医療法人ごとう医院【2:診療所】【診療科目:内科_循環器内科_消化器内科】滋賀県栗東市御園１８２９－１" }, "geometry": { "type": "Point", "coordinates": [ 136.024619, 35.003433 ] } },
{ "type": "Feature", "properties": { "ID": 2522250006510, "正式名称": "きづきクリニック", "機関区分": 2, "都道府県コード": 25, "市区町村コード": 208, "所在地": "滋賀県栗東市岡１９５－１", "緯度": 35.016072, "経度": 135.974786, "url": "https://www.iryou.teikyouseido.mhlw.go.jp/znk-web/juminkanja/S2430/initialize?prefCd=25&kikanCd=2250006510&kikanKbn=2", "url2": "http://kizuki-clinic.com", "内容": "きづきクリニック【2:診療所】【診療科目:内科_外科_消化器外科_麻酔科】滋賀県栗東市岡１９５－１" }, "geometry": { "type": "Point", "coordinates": [ 135.974786, 35.016072 ] } },
{ "type": "Feature", "properties": { "ID": 2522250006530, "正式名称": "しが健康医療生活協同組合　こびらい生協診療所", "機関区分": 2, "都道府県コード": 25, "市区町村コード": 208, "所在地": "滋賀県栗東市小平井３丁目２番２５号", "緯度": 35.036211, "経度": 135.965008, "url": "https://www.iryou.teikyouseido.mhlw.go.jp/znk-web/juminkanja/S2430/initialize?prefCd=25&kikanCd=2250006530&kikanKbn=2", "url2": "http://www.shiga-mcoop.jp/kobirai/", "内容": "しが健康医療生活協同組合　こびらい生協診療所【2:診療所】【診療科目:内科_整形外科_小児科_リウマチ科】滋賀県栗東市小平井３丁目２番２５号" }, "geometry": { "type": "Point", "coordinates": [ 135.965008, 35.036211 ] } },
{ "type": "Feature", "properties": { "ID": 2522250006540, "正式名称": "松島産婦人科医院", "機関区分": 2, "都道府県コード": 25, "市区町村コード": 201, "所在地": "滋賀県大津市錦織３丁目６－２２", "緯度": 35.028461, "経度": 135.859592, "url": "https://www.iryou.teikyouseido.mhlw.go.jp/znk-web/juminkanja/S2430/initialize?prefCd=25&kikanCd=2250006540&kikanKbn=2", "url2": "http://matsushima-ladies.jp/", "内容": "松島産婦人科医院【2:診療所】【診療科目:産婦人科】滋賀県大津市錦織３丁目６－２２" }, "geometry": { "type": "Point", "coordinates": [ 135.859592, 35.028461 ] } },
{ "type": "Feature", "properties": { "ID": 2522250006550, "正式名称": "医療法人社団顕仁会　たに整形外科", "機関区分": 2, "都道府県コード": 25, "市区町村コード": 204, "所在地": "滋賀県近江八幡市中村町６５４番地", "緯度": 35.124989, "経度": 136.097675, "url": "https://www.iryou.teikyouseido.mhlw.go.jp/znk-web/juminkanja/S2430/initialize?prefCd=25&kikanCd=2250006550&kikanKbn=2", "url2": "http://myclinic.ne.jp/tani_or/pc/", "内容": "医療法人社団顕仁会　たに整形外科【2:診療所】【診療科目:整形外科_リウマチ科_リハビリテーション科】滋賀県近江八幡市中村町６５４番地" }, "geometry": { "type": "Point", "coordinates": [ 136.097675, 35.124989 ] } },
{ "type": "Feature", "properties": { "ID": 2522250006570, "正式名称": "医療法人社団　真下胃腸科医院", "機関区分": 2, "都道府県コード": 25, "市区町村コード": 208, "所在地": "滋賀県栗東市霊仙寺一丁目１－５２", "緯度": 35.0391, "経度": 135.974675, "url": "https://www.iryou.teikyouseido.mhlw.go.jp/znk-web/juminkanja/S2430/initialize?prefCd=25&kikanCd=2250006570&kikanKbn=2", "url2": "http://www.mashimo-clinic.com/", "内容": "医療法人社団　真下胃腸科医院【2:診療所】【診療科目:内科_胃腸内科_外科_肛門外科_整形外科_リハビリテーション科】滋賀県栗東市霊仙寺一丁目１－５２" }, "geometry": { "type": "Point", "coordinates": [ 135.974675, 35.0391 ] } },
{ "type": "Feature", "properties": { "ID": 2522250006580, "正式名称": "任医院", "機関区分": 2, "都道府県コード": 25, "市区町村コード": 208, "所在地": "滋賀県栗東市川辺６１５", "緯度": 35.018211, "経度": 135.986675, "url": "https://www.iryou.teikyouseido.mhlw.go.jp/znk-web/juminkanja/S2430/initialize?prefCd=25&kikanCd=2250006580&kikanKbn=2", "url2": "http://www.nin-iin.jp/", "内容": "任医院【2:診療所】【診療科目:内科_消化器内科_ペインクリニック内科_麻酔科】滋賀県栗東市川辺６１５" }, "geometry": { "type": "Point", "coordinates": [ 135.986675, 35.018211 ] } },
{ "type": "Feature", "properties": { "ID": 2522250006600, "正式名称": "医療法人社団　うつのみや医院", "機関区分": 2, "都道府県コード": 25, "市区町村コード": 208, "所在地": "滋賀県栗東市十里１３６－２", "緯度": 35.047827, "経度": 135.964896, "url": "https://www.iryou.teikyouseido.mhlw.go.jp/znk-web/juminkanja/S2430/initialize?prefCd=25&kikanCd=2250006600&kikanKbn=2", "url2": "http://shiga-doctor.net/web/ucl/", "内容": "医療法人社団　うつのみや医院【2:診療所】【診療科目:内科_小児科】滋賀県栗東市十里１３６－２" }, "geometry": { "type": "Point", "coordinates": [ 135.964896, 35.047827 ] } },
{ "type": "Feature", "properties": { "ID": 2522250006610, "正式名称": "立石医院", "機関区分": 2, "都道府県コード": 25, "市区町村コード": 208, "所在地": "滋賀県栗東市北中小路２－６", "緯度": 35.0216, "経度": 135.997925, "url": "https://www.iryou.teikyouseido.mhlw.go.jp/znk-web/juminkanja/S2430/initialize?prefCd=25&kikanCd=2250006610&kikanKbn=2", "url2": null, "内容": "立石医院【2:診療所】【診療科目:内科_消化器内科】滋賀県栗東市北中小路２－６" }, "geometry": { "type": "Point", "coordinates": [ 135.997925, 35.0216 ] } },
{ "type": "Feature", "properties": { "ID": 2522250006620, "正式名称": "医療法人社団　ふじもと医院", "機関区分": 2, "都道府県コード": 25, "市区町村コード": 208, "所在地": "滋賀県栗東市霊仙寺１－２－１９　ＥＳＰＯ栗東２０４", "緯度": 35.037572, "経度": 135.973369, "url": "https://www.iryou.teikyouseido.mhlw.go.jp/znk-web/juminkanja/S2430/initialize?prefCd=25&kikanCd=2250006620&kikanKbn=2", "url2": "http://www.fujimotoclinic.com", "内容": "医療法人社団　ふじもと医院【2:診療所】【診療科目:内科_皮膚科_泌尿器科_アレルギー科】滋賀県栗東市霊仙寺１－２－１９　ＥＳＰＯ栗東２０４" }, "geometry": { "type": "Point", "coordinates": [ 135.973369, 35.037572 ] } },
{ "type": "Feature", "properties": { "ID": 2522250006630, "正式名称": "近江八幡市立沖島診療所", "機関区分": 2, "都道府県コード": 25, "市区町村コード": 204, "所在地": "滋賀県近江八幡市沖島町２６８－１", "緯度": 35.200961, "経度": 136.055758, "url": "https://www.iryou.teikyouseido.mhlw.go.jp/znk-web/juminkanja/S2430/initialize?prefCd=25&kikanCd=2250006630&kikanKbn=2", "url2": null, "内容": "近江八幡市立沖島診療所【2:診療所】【診療科目:内科_小児科】滋賀県近江八幡市沖島町２６８－１" }, "geometry": { "type": "Point", "coordinates": [ 136.055758, 35.200961 ] } },
{ "type": "Feature", "properties": { "ID": 2522250006660, "正式名称": "田原整形外科", "機関区分": 2, "都道府県コード": 25, "市区町村コード": 204, "所在地": "滋賀県近江八幡市白鳥町４８－２", "緯度": 35.120301, "経度": 136.098645, "url": "https://www.iryou.teikyouseido.mhlw.go.jp/znk-web/juminkanja/S2430/initialize?prefCd=25&kikanCd=2250006660&kikanKbn=2", "url2": null, "内容": "田原整形外科【2:診療所】【診療科目:整形外科】滋賀県近江八幡市白鳥町４８－２" }, "geometry": { "type": "Point", "coordinates": [ 136.098645, 35.120301 ] } },
{ "type": "Feature", "properties": { "ID": 2522250006670, "正式名称": "医療法人緑生会　南大津クリニック", "機関区分": 2, "都道府県コード": 25, "市区町村コード": 201, "所在地": "滋賀県大津市大石中１丁目６番６号", "緯度": 34.910711, "経度": 135.913175, "url": "https://www.iryou.teikyouseido.mhlw.go.jp/znk-web/juminkanja/S2430/initialize?prefCd=25&kikanCd=2250006670&kikanKbn=2", "url2": "http://www.ryokuseikai.jp", "内容": "医療法人緑生会　南大津クリニック【2:診療所】【診療科目:内科_循環器内科_消化器内科_整形外科_皮膚科_リハビリテーション科】滋賀県大津市大石中１丁目６番６号" }, "geometry": { "type": "Point", "coordinates": [ 135.913175, 34.910711 ] } },
{ "type": "Feature", "properties": { "ID": 2522250006680, "正式名称": "医療法人社団おかもと眼科", "機関区分": 2, "都道府県コード": 25, "市区町村コード": 204, "所在地": "滋賀県近江八幡市音羽町２４", "緯度": 35.134514, "経度": 136.101648, "url": "https://www.iryou.teikyouseido.mhlw.go.jp/znk-web/juminkanja/S2430/initialize?prefCd=25&kikanCd=2250006680&kikanKbn=2", "url2": "www.eye2525.or.jp", "内容": "医療法人社団おかもと眼科【2:診療所】【診療科目:眼科】滋賀県近江八幡市音羽町２４" }, "geometry": { "type": "Point", "coordinates": [ 136.101648, 35.134514 ] } },
{ "type": "Feature", "properties": { "ID": 2522250006720, "正式名称": "医療法人厚生会石山眼科クリニック", "機関区分": 2, "都道府県コード": 25, "市区町村コード": 201, "所在地": "滋賀県大津市粟津町４－７　石山駅前近江鉄道ビル１階", "緯度": 34.979544, "経度": 135.901119, "url": "https://www.iryou.teikyouseido.mhlw.go.jp/znk-web/juminkanja/S2430/initialize?prefCd=25&kikanCd=2250006720&kikanKbn=2", "url2": "http://ishiyama-eye.com", "内容": "医療法人厚生会石山眼科クリニック【2:診療所】【診療科目:眼科】滋賀県大津市粟津町４－７　石山駅前近江鉄道ビル１階" }, "geometry": { "type": "Point", "coordinates": [ 135.901119, 34.979544 ] } },
{ "type": "Feature", "properties": { "ID": 2522250006740, "正式名称": "東近江行政組合　近江八幡休日急患診療所", "機関区分": 2, "都道府県コード": 25, "市区町村コード": 204, "所在地": "滋賀県近江八幡市出町３８１番", "緯度": 35.130422, "経度": 136.098912, "url": "https://www.iryou.teikyouseido.mhlw.go.jp/znk-web/juminkanja/S2430/initialize?prefCd=25&kikanCd=2250006740&kikanKbn=2", "url2": "http://www.eastomi.or.jp/", "内容": "東近江行政組合　近江八幡休日急患診療所【2:診療所】【診療科目:内科_外科_小児科】滋賀県近江八幡市出町３８１番" }, "geometry": { "type": "Point", "coordinates": [ 136.098912, 35.130422 ] } },
{ "type": "Feature", "properties": { "ID": 2522250006750, "正式名称": "みずき皮フ科クリニック", "機関区分": 2, "都道府県コード": 25, "市区町村コード": 201, "所在地": "滋賀県大津市梅林１－８－５", "緯度": 35.003461, "経度": 135.868286, "url": "https://www.iryou.teikyouseido.mhlw.go.jp/znk-web/juminkanja/S2430/initialize?prefCd=25&kikanCd=2250006750&kikanKbn=2", "url2": "http://www.mizuki-clinic.com", "内容": "みずき皮フ科クリニック【2:診療所】【診療科目:形成外科_皮膚科】滋賀県大津市梅林１－８－５" }, "geometry": { "type": "Point", "coordinates": [ 135.868286, 35.003461 ] } },
{ "type": "Feature", "properties": { "ID": 2522250006770, "正式名称": "小西医院", "機関区分": 2, "都道府県コード": 25, "市区町村コード": 204, "所在地": "滋賀県近江八幡市鷹飼町１５１３", "緯度": 35.124294, "経度": 136.101897, "url": "https://www.iryou.teikyouseido.mhlw.go.jp/znk-web/juminkanja/S2430/initialize?prefCd=25&kikanCd=2250006770&kikanKbn=2", "url2": null, "内容": "小西医院【2:診療所】【診療科目:内科_消化器内科_胃腸内科_外科_小児科_放射線科】滋賀県近江八幡市鷹飼町１５１３" }, "geometry": { "type": "Point", "coordinates": [ 136.101897, 35.124294 ] } },
{ "type": "Feature", "properties": { "ID": 2522250006780, "正式名称": "太田産婦人科医院", "機関区分": 2, "都道府県コード": 25, "市区町村コード": 204, "所在地": "滋賀県近江八幡市鷹飼町南三丁目３－５", "緯度": 35.121711, "経度": 136.105203, "url": "https://www.iryou.teikyouseido.mhlw.go.jp/znk-web/juminkanja/S2430/initialize?prefCd=25&kikanCd=2250006780&kikanKbn=2", "url2": "ohta-lc.com", "内容": "太田産婦人科医院【2:診療所】【診療科目:内科_産婦人科】滋賀県近江八幡市鷹飼町南三丁目３－５" }, "geometry": { "type": "Point", "coordinates": [ 136.105203, 35.121711 ] } },
{ "type": "Feature", "properties": { "ID": 2522250006790, "正式名称": "医療法人　スワン会　大澤小児科医院", "機関区分": 2, "都道府県コード": 25, "市区町村コード": 201, "所在地": "滋賀県大津市下阪本六丁目２２番６号", "緯度": 35.017767, "経度": 135.854619, "url": "https://www.iryou.teikyouseido.mhlw.go.jp/znk-web/juminkanja/S2430/initialize?prefCd=25&kikanCd=2250006790&kikanKbn=2", "url2": "http://www.oosawa-pediatrics.jp/", "内容": "医療法人　スワン会　大澤小児科医院【2:診療所】【診療科目:内科_小児科】滋賀県大津市下阪本六丁目２２番６号" }, "geometry": { "type": "Point", "coordinates": [ 135.854619, 35.017767 ] } },
{ "type": "Feature", "properties": { "ID": 2522250006800, "正式名称": "森岡こどもクリニック", "機関区分": 2, "都道府県コード": 25, "市区町村コード": 201, "所在地": "滋賀県大津市際川４丁目１４－２８", "緯度": 35.045747, "経度": 135.871055, "url": "https://www.iryou.teikyouseido.mhlw.go.jp/znk-web/juminkanja/S2430/initialize?prefCd=25&kikanCd=2250006800&kikanKbn=2", "url2": "http://moriokacc.wixsite.com/clinichp", "内容": "森岡こどもクリニック【2:診療所】【診療科目:小児科】滋賀県大津市際川４丁目１４－２８" }, "geometry": { "type": "Point", "coordinates": [ 135.871055, 35.045747 ] } },
{ "type": "Feature", "properties": { "ID": 2522250006810, "正式名称": "医療法人ともこどもクリニック", "機関区分": 2, "都道府県コード": 25, "市区町村コード": 204, "所在地": "滋賀県近江八幡市鷹飼町４５０番地６", "緯度": 35.120378, "経度": 136.099119, "url": "https://www.iryou.teikyouseido.mhlw.go.jp/znk-web/juminkanja/S2430/initialize?prefCd=25&kikanCd=2250006810&kikanKbn=2", "url2": "tomokodomo-cl.jp", "内容": "医療法人ともこどもクリニック【2:診療所】【診療科目:内科_小児科_アレルギー科】滋賀県近江八幡市鷹飼町４５０番地６" }, "geometry": { "type": "Point", "coordinates": [ 136.099119, 35.120378 ] } },
{ "type": "Feature", "properties": { "ID": 2522250006820, "正式名称": "イチロー内科クリニック", "機関区分": 2, "都道府県コード": 25, "市区町村コード": 204, "所在地": "滋賀県近江八幡市鷹飼町南３丁目１－１６", "緯度": 35.121683, "経度": 136.105647, "url": "https://www.iryou.teikyouseido.mhlw.go.jp/znk-web/juminkanja/S2430/initialize?prefCd=25&kikanCd=2250006820&kikanKbn=2", "url2": "http://ichiro-med.com/", "内容": "イチロー内科クリニック【2:診療所】【診療科目:内科_呼吸器内科_循環器内科】滋賀県近江八幡市鷹飼町南３丁目１－１６" }, "geometry": { "type": "Point", "coordinates": [ 136.105647, 35.121683 ] } },
{ "type": "Feature", "properties": { "ID": 2522250006830, "正式名称": "医療法人　祐森クリニック", "機関区分": 2, "都道府県コード": 25, "市区町村コード": 201, "所在地": "滋賀県大津市和邇中浜４６０番地の１", "緯度": 35.16135, "経度": 135.922101, "url": "https://www.iryou.teikyouseido.mhlw.go.jp/znk-web/juminkanja/S2430/initialize?prefCd=25&kikanCd=2250006830&kikanKbn=2", "url2": "http://www.yumori.com", "内容": "医療法人　祐森クリニック【2:診療所】【診療科目:内科_消化器内科_眼科_アレルギー科】滋賀県大津市和邇中浜４６０番地の１" }, "geometry": { "type": "Point", "coordinates": [ 135.922101, 35.16135 ] } },
{ "type": "Feature", "properties": { "ID": 2522250006870, "正式名称": "医療法人社団　淡湖史会　宮下医院", "機関区分": 2, "都道府県コード": 25, "市区町村コード": 204, "所在地": "滋賀県近江八幡市西本郷町８１－１", "緯度": 35.118544, "経度": 136.109369, "url": "https://www.iryou.teikyouseido.mhlw.go.jp/znk-web/juminkanja/S2430/initialize?prefCd=25&kikanCd=2250006870&kikanKbn=2", "url2": "https://ouminokai.or.jp", "内容": "医療法人社団　淡湖史会　宮下医院【2:診療所】【診療科目:内科_胃腸内科_外科_肛門外科_整形外科_リハビリテーション科】滋賀県近江八幡市西本郷町８１－１" }, "geometry": { "type": "Point", "coordinates": [ 136.109369, 35.118544 ] } },
{ "type": "Feature", "properties": { "ID": 2522250006890, "正式名称": "桂田医院", "機関区分": 2, "都道府県コード": 25, "市区町村コード": 201, "所在地": "滋賀県大津市長等三丁目１－３３", "緯度": 35.009723, "経度": 135.862477, "url": "https://www.iryou.teikyouseido.mhlw.go.jp/znk-web/juminkanja/S2430/initialize?prefCd=25&kikanCd=2250006890&kikanKbn=2", "url2": "https://katsurada-iin.com/", "内容": "桂田医院【2:診療所】【診療科目:内科_消化器内科】滋賀県大津市長等三丁目１－３３" }, "geometry": { "type": "Point", "coordinates": [ 135.862477, 35.009723 ] } },
{ "type": "Feature", "properties": { "ID": 2522250006910, "正式名称": "医療法人　宮腰内科医院", "機関区分": 2, "都道府県コード": 25, "市区町村コード": 204, "所在地": "滋賀県近江八幡市白鳥町２６－１", "緯度": 35.121906, "経度": 136.096953, "url": "https://www.iryou.teikyouseido.mhlw.go.jp/znk-web/juminkanja/S2430/initialize?prefCd=25&kikanCd=2250006910&kikanKbn=2", "url2": "www.miyakoshi-naikaiin.com/", "内容": "医療法人　宮腰内科医院【2:診療所】【診療科目:内科_消化器内科_内視鏡内科】滋賀県近江八幡市白鳥町２６－１" }, "geometry": { "type": "Point", "coordinates": [ 136.096953, 35.121906 ] } },
{ "type": "Feature", "properties": { "ID": 2522250006930, "正式名称": "桂医院", "機関区分": 2, "都道府県コード": 25, "市区町村コード": 201, "所在地": "滋賀県大津市大萱３丁目１５－２１", "緯度": 34.984822, "経度": 135.920036, "url": "https://www.iryou.teikyouseido.mhlw.go.jp/znk-web/juminkanja/S2430/initialize?prefCd=25&kikanCd=2250006930&kikanKbn=2", "url2": null, "内容": "桂医院【2:診療所】【診療科目:小児科】滋賀県大津市大萱３丁目１５－２１" }, "geometry": { "type": "Point", "coordinates": [ 135.920036, 34.984822 ] } },
{ "type": "Feature", "properties": { "ID": 2522250006940, "正式名称": "よりずみ医院", "機関区分": 2, "都道府県コード": 25, "市区町村コード": 204, "所在地": "滋賀県近江八幡市古川町１１９２－７７", "緯度": 35.103969, "経度": 136.07228, "url": "https://www.iryou.teikyouseido.mhlw.go.jp/znk-web/juminkanja/S2430/initialize?prefCd=25&kikanCd=2250006940&kikanKbn=2", "url2": "https://www.yorizumi-iin.com", "内容": "よりずみ医院【2:診療所】【診療科目:内科】滋賀県近江八幡市古川町１１９２－７７" }, "geometry": { "type": "Point", "coordinates": [ 136.07228, 35.103969 ] } },
{ "type": "Feature", "properties": { "ID": 2522250006970, "正式名称": "医療法人　社団　こだま耳鼻咽喉科医院", "機関区分": 2, "都道府県コード": 25, "市区町村コード": 204, "所在地": "滋賀県近江八幡市鷹飼町１５２９－１", "緯度": 35.1251, "経度": 136.099758, "url": "https://www.iryou.teikyouseido.mhlw.go.jp/znk-web/juminkanja/S2430/initialize?prefCd=25&kikanCd=2250006970&kikanKbn=2", "url2": null, "内容": "医療法人　社団　こだま耳鼻咽喉科医院【2:診療所】【診療科目:小児耳鼻いんこう科_耳鼻いんこう科_頭頸部・耳鼻いんこう科】滋賀県近江八幡市鷹飼町１５２９－１" }, "geometry": { "type": "Point", "coordinates": [ 136.099758, 35.1251 ] } },
{ "type": "Feature", "properties": { "ID": 2522250006980, "正式名称": "古道医院", "機関区分": 2, "都道府県コード": 25, "市区町村コード": 213, "所在地": "滋賀県東近江市宮荘町６８１－２", "緯度": 35.157322, "経度": 136.188675, "url": "https://www.iryou.teikyouseido.mhlw.go.jp/znk-web/juminkanja/S2430/initialize?prefCd=25&kikanCd=2250006980&kikanKbn=2", "url2": "http://www.myclinic.ne.jp/furu/pc/", "内容": "古道医院【2:診療所】【診療科目:内科_循環器内科_小児科】滋賀県東近江市宮荘町６８１－２" }, "geometry": { "type": "Point", "coordinates": [ 136.188675, 35.157322 ] } },
{ "type": "Feature", "properties": { "ID": 2522250006990, "正式名称": "東近江行政組合　東近江休日急患診療所", "機関区分": 2, "都道府県コード": 25, "市区町村コード": 213, "所在地": "滋賀県東近江市中小路町４８３番４", "緯度": 35.095784, "経度": 136.229251, "url": "https://www.iryou.teikyouseido.mhlw.go.jp/znk-web/juminkanja/S2430/initialize?prefCd=25&kikanCd=2250006990&kikanKbn=2", "url2": "https://www.eastomi.or.jp/", "内容": "東近江行政組合　東近江休日急患診療所【2:診療所】【診療科目:内科_小児科】滋賀県東近江市中小路町４８３番４" }, "geometry": { "type": "Point", "coordinates": [ 136.229251, 35.095784 ] } },
{ "type": "Feature", "properties": { "ID": 2522250007000, "正式名称": "医療法人　川端医院", "機関区分": 2, "都道府県コード": 25, "市区町村コード": 204, "所在地": "滋賀県近江八幡市西本郷町東６－７", "緯度": 35.124145, "経度": 136.109641, "url": "https://www.iryou.teikyouseido.mhlw.go.jp/znk-web/juminkanja/S2430/initialize?prefCd=25&kikanCd=2250007000&kikanKbn=2", "url2": null, "内容": "医療法人　川端医院【2:診療所】【診療科目:内科_糖尿病内科_代謝内科_内分泌内科_脂質代謝内科_糖尿病・内分泌内科_糖尿病・代謝内科_代謝・内分泌内科】滋賀県近江八幡市西本郷町東６－７" }, "geometry": { "type": "Point", "coordinates": [ 136.109641, 35.124145 ] } },
{ "type": "Feature", "properties": { "ID": 2522250007010, "正式名称": "医療法人　育誠会　西川小児科医院", "機関区分": 2, "都道府県コード": 25, "市区町村コード": 204, "所在地": "滋賀県近江八幡市出町３０９", "緯度": 35.1266, "経度": 136.100647, "url": "https://www.iryou.teikyouseido.mhlw.go.jp/znk-web/juminkanja/S2430/initialize?prefCd=25&kikanCd=2250007010&kikanKbn=2", "url2": "www.nishikawa-ped.com/", "内容": "医療法人　育誠会　西川小児科医院【2:診療所】【診療科目:小児科_アレルギー科】滋賀県近江八幡市出町３０９" }, "geometry": { "type": "Point", "coordinates": [ 136.100647, 35.1266 ] } },
{ "type": "Feature", "properties": { "ID": 2522250007020, "正式名称": "まつざわクリニック", "機関区分": 2, "都道府県コード": 25, "市区町村コード": 204, "所在地": "滋賀県近江八幡市土田町２６８－３", "緯度": 35.123406, "経度": 136.088842, "url": "https://www.iryou.teikyouseido.mhlw.go.jp/znk-web/juminkanja/S2430/initialize?prefCd=25&kikanCd=2250007020&kikanKbn=2", "url2": "https://www.0748324508.com", "内容": "まつざわクリニック【2:診療所】【診療科目:内科_循環器内科_消化器内科_アレルギー科】滋賀県近江八幡市土田町２６８－３" }, "geometry": { "type": "Point", "coordinates": [ 136.088842, 35.123406 ] } },
{ "type": "Feature", "properties": { "ID": 2522250007030, "正式名称": "澤井医院", "機関区分": 2, "都道府県コード": 25, "市区町村コード": 213, "所在地": "滋賀県東近江市八日市緑町４－１０", "緯度": 35.11435, "経度": 136.207147, "url": "https://www.iryou.teikyouseido.mhlw.go.jp/znk-web/juminkanja/S2430/initialize?prefCd=25&kikanCd=2250007030&kikanKbn=2", "url2": null, "内容": "澤井医院【2:診療所】【診療科目:小児科_小児皮膚科】滋賀県東近江市八日市緑町４－１０" }, "geometry": { "type": "Point", "coordinates": [ 136.207147, 35.11435 ] } },
{ "type": "Feature", "properties": { "ID": 2522250007050, "正式名称": "福田眼科", "機関区分": 2, "都道府県コード": 25, "市区町村コード": 204, "所在地": "滋賀県近江八幡市鷹飼町　５２７－１　ジョイフルコート大塚１Ｆ", "緯度": 35.122628, "経度": 136.100008, "url": "https://www.iryou.teikyouseido.mhlw.go.jp/znk-web/juminkanja/S2430/initialize?prefCd=25&kikanCd=2250007050&kikanKbn=2", "url2": "http://www.eye-clinic-fukuda.com/", "内容": "福田眼科【2:診療所】【診療科目:眼科】滋賀県近江八幡市鷹飼町　５２７－１　ジョイフルコート大塚１Ｆ" }, "geometry": { "type": "Point", "coordinates": [ 136.100008, 35.122628 ] } },
{ "type": "Feature", "properties": { "ID": 2522250007070, "正式名称": "医療法人　竹中医院", "機関区分": 2, "都道府県コード": 25, "市区町村コード": 213, "所在地": "滋賀県東近江市小池町５３１－２", "緯度": 35.133878, "経度": 136.228925, "url": "https://www.iryou.teikyouseido.mhlw.go.jp/znk-web/juminkanja/S2430/initialize?prefCd=25&kikanCd=2250007070&kikanKbn=2", "url2": null, "内容": "医療法人　竹中医院【2:診療所】【診療科目:内科_胃腸内科_小児科】滋賀県東近江市小池町５３１－２" }, "geometry": { "type": "Point", "coordinates": [ 136.228925, 35.133878 ] } },
{ "type": "Feature", "properties": { "ID": 2522250007080, "正式名称": "にしはら耳鼻咽喉科", "機関区分": 2, "都道府県コード": 25, "市区町村コード": 204, "所在地": "滋賀県近江八幡市鷹飼町南３－５－８　ＯＨプラザ１番館１階", "緯度": 35.12273, "経度": 136.104742, "url": "https://www.iryou.teikyouseido.mhlw.go.jp/znk-web/juminkanja/S2430/initialize?prefCd=25&kikanCd=2250007080&kikanKbn=2", "url2": "nishihara-shiga.com", "内容": "にしはら耳鼻咽喉科【2:診療所】【診療科目:耳鼻いんこう科_気管食道・耳鼻いんこう科_アレルギー科】滋賀県近江八幡市鷹飼町南３－５－８　ＯＨプラザ１番館１階" }, "geometry": { "type": "Point", "coordinates": [ 136.104742, 35.12273 ] } },
{ "type": "Feature", "properties": { "ID": 2522250007090, "正式名称": "伊良子医院", "機関区分": 2, "都道府県コード": 25, "市区町村コード": 204, "所在地": "滋賀県近江八幡市十王町１２３", "緯度": 35.113572, "経度": 136.053592, "url": "https://www.iryou.teikyouseido.mhlw.go.jp/znk-web/juminkanja/S2430/initialize?prefCd=25&kikanCd=2250007090&kikanKbn=2", "url2": null, "内容": "伊良子医院【2:診療所】【診療科目:内科】滋賀県近江八幡市十王町１２３" }, "geometry": { "type": "Point", "coordinates": [ 136.053592, 35.113572 ] } },
{ "type": "Feature", "properties": { "ID": 2522250007100, "正式名称": "医療法人社団柴田医院", "機関区分": 2, "都道府県コード": 25, "市区町村コード": 204, "所在地": "滋賀県近江八幡市鷹飼町北１丁目８－６", "緯度": 35.129906, "経度": 136.107036, "url": "https://www.iryou.teikyouseido.mhlw.go.jp/znk-web/juminkanja/S2430/initialize?prefCd=25&kikanCd=2250007100&kikanKbn=2", "url2": "https://www.shibataiin-omihachiman.com/", "内容": "医療法人社団柴田医院【2:診療所】【診療科目:内科_消化器内科】滋賀県近江八幡市鷹飼町北１丁目８－６" }, "geometry": { "type": "Point", "coordinates": [ 136.107036, 35.129906 ] } },
{ "type": "Feature", "properties": { "ID": 2522250007110, "正式名称": "医療法人緑園会　そのだ耳鼻咽喉科", "機関区分": 2, "都道府県コード": 25, "市区町村コード": 213, "所在地": "滋賀県東近江市八日市緑町３－２", "緯度": 35.114378, "経度": 136.208092, "url": "https://www.iryou.teikyouseido.mhlw.go.jp/znk-web/juminkanja/S2430/initialize?prefCd=25&kikanCd=2250007110&kikanKbn=2", "url2": "http://www.sonodajibiinkouka.com/", "内容": "医療法人緑園会　そのだ耳鼻咽喉科【2:診療所】【診療科目:耳鼻いんこう科_アレルギー科】滋賀県東近江市八日市緑町３－２" }, "geometry": { "type": "Point", "coordinates": [ 136.208092, 35.114378 ] } },
{ "type": "Feature", "properties": { "ID": 2522250007120, "正式名称": "石塚医院", "機関区分": 2, "都道府県コード": 25, "市区町村コード": 204, "所在地": "滋賀県近江八幡市宮内町１８８－６", "緯度": 35.140156, "経度": 136.085564, "url": "https://www.iryou.teikyouseido.mhlw.go.jp/znk-web/juminkanja/S2430/initialize?prefCd=25&kikanCd=2250007120&kikanKbn=2", "url2": null, "内容": "石塚医院【2:診療所】【診療科目:内科_消化器内科_小児科】滋賀県近江八幡市宮内町１８８－６" }, "geometry": { "type": "Point", "coordinates": [ 136.085564, 35.140156 ] } },
{ "type": "Feature", "properties": { "ID": 2522250007170, "正式名称": "医療法人まえざわクリニック", "機関区分": 2, "都道府県コード": 25, "市区町村コード": 204, "所在地": "滋賀県近江八幡市西末町１８番地１", "緯度": 35.134267, "経度": 136.086675, "url": "https://www.iryou.teikyouseido.mhlw.go.jp/znk-web/juminkanja/S2430/initialize?prefCd=25&kikanCd=2250007170&kikanKbn=2", "url2": "https://www.wakabayashi-cl.jp", "内容": "医療法人まえざわクリニック【2:診療所】【診療科目:内科_泌尿器科】滋賀県近江八幡市西末町１８番地１" }, "geometry": { "type": "Point", "coordinates": [ 136.086675, 35.134267 ] } },
{ "type": "Feature", "properties": { "ID": 2522250007180, "正式名称": "医療法人社団　小串医院", "機関区分": 2, "都道府県コード": 25, "市区町村コード": 213, "所在地": "滋賀県東近江市五個荘山本町８３番地", "緯度": 35.140974, "経度": 136.189865, "url": "https://www.iryou.teikyouseido.mhlw.go.jp/znk-web/juminkanja/S2430/initialize?prefCd=25&kikanCd=2250007180&kikanKbn=2", "url2": null, "内容": "医療法人社団　小串医院【2:診療所】【診療科目:内科_糖尿病内科_内分泌内科_糖尿病・内分泌内科_糖尿病・代謝内科_代謝・内分泌内科_消化器内科_胃腸内科_外科_小児科_放射線科】滋賀県東近江市五個荘山本町８３番地" }, "geometry": { "type": "Point", "coordinates": [ 136.189865, 35.140974 ] } },
{ "type": "Feature", "properties": { "ID": 2522250007190, "正式名称": "関川医院", "機関区分": 2, "都道府県コード": 25, "市区町村コード": 204, "所在地": "滋賀県近江八幡市鷹飼町南３丁目１－１４", "緯度": 35.12137, "経度": 136.105375, "url": "https://www.iryou.teikyouseido.mhlw.go.jp/znk-web/juminkanja/S2430/initialize?prefCd=25&kikanCd=2250007190&kikanKbn=2", "url2": null, "内容": "関川医院【2:診療所】【診療科目:内科_呼吸器内科】滋賀県近江八幡市鷹飼町南３丁目１－１４" }, "geometry": { "type": "Point", "coordinates": [ 136.105375, 35.12137 ] } },
{ "type": "Feature", "properties": { "ID": 2522250007210, "正式名称": "しげもり内科・消化器内科クリニック", "機関区分": 2, "都道府県コード": 25, "市区町村コード": 204, "所在地": "滋賀県近江八幡市日吉野町６７５番地", "緯度": 35.116183, "経度": 136.098453, "url": "https://www.iryou.teikyouseido.mhlw.go.jp/znk-web/juminkanja/S2430/initialize?prefCd=25&kikanCd=2250007210&kikanKbn=2", "url2": "https://shigemori-clinic.com", "内容": "しげもり内科・消化器内科クリニック【2:診療所】【診療科目:内科_消化器内科】滋賀県近江八幡市日吉野町６７５番地" }, "geometry": { "type": "Point", "coordinates": [ 136.098453, 35.116183 ] } },
{ "type": "Feature", "properties": { "ID": 2522250007220, "正式名称": "医療法人　沖野診療所山田内科", "機関区分": 2, "都道府県コード": 25, "市区町村コード": 213, "所在地": "滋賀県東近江市東沖野三丁目９－３", "緯度": 35.100961, "経度": 136.210897, "url": "https://www.iryou.teikyouseido.mhlw.go.jp/znk-web/juminkanja/S2430/initialize?prefCd=25&kikanCd=2250007220&kikanKbn=2", "url2": null, "内容": "医療法人　沖野診療所山田内科【2:診療所】【診療科目:内科_感染症内科_呼吸器内科_循環器内科_消化器内科】滋賀県東近江市東沖野三丁目９－３" }, "geometry": { "type": "Point", "coordinates": [ 136.210897, 35.100961 ] } },
{ "type": "Feature", "properties": { "ID": 2522250007230, "正式名称": "出目医院", "機関区分": 2, "都道府県コード": 25, "市区町村コード": 213, "所在地": "滋賀県東近江市東中野町１－１２", "緯度": 35.107544, "経度": 136.196619, "url": "https://www.iryou.teikyouseido.mhlw.go.jp/znk-web/juminkanja/S2430/initialize?prefCd=25&kikanCd=2250007230&kikanKbn=2", "url2": null, "内容": "出目医院【2:診療所】【診療科目:外科_整形外科_リハビリテーション科】滋賀県東近江市東中野町１－１２" }, "geometry": { "type": "Point", "coordinates": [ 136.196619, 35.107544 ] } },
{ "type": "Feature", "properties": { "ID": 2522250007270, "正式名称": "明愛眼科", "機関区分": 2, "都道府県コード": 25, "市区町村コード": 213, "所在地": "滋賀県東近江市八日市本町３－４森善ビル１Ｆ", "緯度": 35.114017, "経度": 136.196619, "url": "https://www.iryou.teikyouseido.mhlw.go.jp/znk-web/juminkanja/S2430/initialize?prefCd=25&kikanCd=2250007270&kikanKbn=2", "url2": "http://www.ex.biwa.ne.jp/~eye-f/index3.html", "内容": "明愛眼科【2:診療所】【診療科目:眼科】滋賀県東近江市八日市本町３－４森善ビル１Ｆ" }, "geometry": { "type": "Point", "coordinates": [ 136.196619, 35.114017 ] } },
{ "type": "Feature", "properties": { "ID": 2522250007290, "正式名称": "医療法人社団・宮路医院", "機関区分": 2, "都道府県コード": 25, "市区町村コード": 213, "所在地": "滋賀県東近江市西中野町３－１６", "緯度": 35.107267, "経度": 136.194119, "url": "https://www.iryou.teikyouseido.mhlw.go.jp/znk-web/juminkanja/S2430/initialize?prefCd=25&kikanCd=2250007290&kikanKbn=2", "url2": "https://miyaji-clinic.wixsite.com/website", "内容": "医療法人社団・宮路医院【2:診療所】【診療科目:内科_小児科】滋賀県東近江市西中野町３－１６" }, "geometry": { "type": "Point", "coordinates": [ 136.194119, 35.107267 ] } },
{ "type": "Feature", "properties": { "ID": 2522250007300, "正式名称": "鳥越医院", "機関区分": 2, "都道府県コード": 25, "市区町村コード": 213, "所在地": "滋賀県東近江市八日市上之町４－１", "緯度": 35.112211, "経度": 136.201453, "url": "https://www.iryou.teikyouseido.mhlw.go.jp/znk-web/juminkanja/S2430/initialize?prefCd=25&kikanCd=2250007300&kikanKbn=2", "url2": null, "内容": "鳥越医院【2:診療所】【診療科目:内科_アレルギー疾患内科_小児科_アレルギー科_リウマチ科】滋賀県東近江市八日市上之町４－１" }, "geometry": { "type": "Point", "coordinates": [ 136.201453, 35.112211 ] } },
{ "type": "Feature", "properties": { "ID": 2522250007310, "正式名称": "中村医院", "機関区分": 2, "都道府県コード": 25, "市区町村コード": 213, "所在地": "滋賀県東近江市妙法寺町８８０－１", "緯度": 35.09985, "経度": 136.222842, "url": "https://www.iryou.teikyouseido.mhlw.go.jp/znk-web/juminkanja/S2430/initialize?prefCd=25&kikanCd=2250007310&kikanKbn=2", "url2": null, "内容": "中村医院【2:診療所】【診療科目:内科_呼吸器内科_循環器内科_消化器内科_小児科_放射線科】滋賀県東近江市妙法寺町８８０－１" }, "geometry": { "type": "Point", "coordinates": [ 136.222842, 35.09985 ] } },
{ "type": "Feature", "properties": { "ID": 2522250007320, "正式名称": "医療法人　むらた皮ふ科クリニック", "機関区分": 2, "都道府県コード": 25, "市区町村コード": 213, "所在地": "滋賀県東近江市八日市本町３番４号森善ビル２階", "緯度": 35.114017, "経度": 136.196619, "url": "https://www.iryou.teikyouseido.mhlw.go.jp/znk-web/juminkanja/S2430/initialize?prefCd=25&kikanCd=2250007320&kikanKbn=2", "url2": null, "内容": "医療法人　むらた皮ふ科クリニック【2:診療所】【診療科目:皮膚科_アレルギー科】滋賀県東近江市八日市本町３番４号森善ビル２階" }, "geometry": { "type": "Point", "coordinates": [ 136.196619, 35.114017 ] } },
{ "type": "Feature", "properties": { "ID": 2522250007330, "正式名称": "中沢医院", "機関区分": 2, "都道府県コード": 25, "市区町村コード": 213, "所在地": "滋賀県東近江市蛇溝町１２０", "緯度": 35.094739, "経度": 136.185981, "url": "https://www.iryou.teikyouseido.mhlw.go.jp/znk-web/juminkanja/S2430/initialize?prefCd=25&kikanCd=2250007330&kikanKbn=2", "url2": null, "内容": "中沢医院【2:診療所】【診療科目:内科_循環器内科_小児科】滋賀県東近江市蛇溝町１２０" }, "geometry": { "type": "Point", "coordinates": [ 136.185981, 35.094739 ] } },
{ "type": "Feature", "properties": { "ID": 2522250007340, "正式名称": "医療法人　おざき内科医院", "機関区分": 2, "都道府県コード": 25, "市区町村コード": 213, "所在地": "滋賀県東近江市小脇町２４０１－８", "緯度": 35.106942, "経度": 136.186408, "url": "https://www.iryou.teikyouseido.mhlw.go.jp/znk-web/juminkanja/S2430/initialize?prefCd=25&kikanCd=2250007340&kikanKbn=2", "url2": null, "内容": "医療法人　おざき内科医院【2:診療所】【診療科目:内科_循環器内科_消化器内科】滋賀県東近江市小脇町２４０１－８" }, "geometry": { "type": "Point", "coordinates": [ 136.186408, 35.106942 ] } },
{ "type": "Feature", "properties": { "ID": 2522250007350, "正式名称": "東近江市あいとう診療所", "機関区分": 2, "都道府県コード": 25, "市区町村コード": 213, "所在地": "滋賀県東近江市妹町２９番地", "緯度": 35.10985, "経度": 136.261814, "url": "https://www.iryou.teikyouseido.mhlw.go.jp/znk-web/juminkanja/S2430/initialize?prefCd=25&kikanCd=2250007350&kikanKbn=2", "url2": null, "内容": "東近江市あいとう診療所【2:診療所】【診療科目:内科_整形外科_小児科】滋賀県東近江市妹町２９番地" }, "geometry": { "type": "Point", "coordinates": [ 136.261814, 35.10985 ] } },
{ "type": "Feature", "properties": { "ID": 2522250007360, "正式名称": "医療法人在田医院", "機関区分": 2, "都道府県コード": 25, "市区町村コード": 213, "所在地": "滋賀県東近江市下羽田町５１番地３", "緯度": 35.093457, "経度": 136.148701, "url": "https://www.iryou.teikyouseido.mhlw.go.jp/znk-web/juminkanja/S2430/initialize?prefCd=25&kikanCd=2250007360&kikanKbn=2", "url2": null, "内容": "医療法人在田医院【2:診療所】【診療科目:内科_呼吸器内科_循環器内科】滋賀県東近江市下羽田町５１番地３" }, "geometry": { "type": "Point", "coordinates": [ 136.148701, 35.093457 ] } },
{ "type": "Feature", "properties": { "ID": 2522250007370, "正式名称": "うらべ在宅クリニック", "機関区分": 2, "都道府県コード": 25, "市区町村コード": 213, "所在地": "滋賀県東近江市横溝町３０５番地１", "緯度": 35.132128, "経度": 136.243342, "url": "https://www.iryou.teikyouseido.mhlw.go.jp/znk-web/juminkanja/S2430/initialize?prefCd=25&kikanCd=2250007370&kikanKbn=2", "url2": null, "内容": "うらべ在宅クリニック【2:診療所】【診療科目:内科_神経内科_リハビリテーション科】滋賀県東近江市横溝町３０５番地１" }, "geometry": { "type": "Point", "coordinates": [ 136.243342, 35.132128 ] } },
{ "type": "Feature", "properties": { "ID": 2522250007380, "正式名称": "医療法人笠原レディースクリニック", "機関区分": 2, "都道府県コード": 25, "市区町村コード": 213, "所在地": "滋賀県東近江市小脇町２４０１番地６", "緯度": 35.106989, "経度": 136.186869, "url": "https://www.iryou.teikyouseido.mhlw.go.jp/znk-web/juminkanja/S2430/initialize?prefCd=25&kikanCd=2250007380&kikanKbn=2", "url2": "www.kasahara-ladies.com", "内容": "医療法人笠原レディースクリニック【2:診療所】【診療科目:産婦人科】滋賀県東近江市小脇町２４０１番地６" }, "geometry": { "type": "Point", "coordinates": [ 136.186869, 35.106989 ] } },
{ "type": "Feature", "properties": { "ID": 2522250007400, "正式名称": "緑町診療所", "機関区分": 2, "都道府県コード": 25, "市区町村コード": 213, "所在地": "滋賀県東近江市八日市緑町２０－１２", "緯度": 35.110989, "経度": 136.210397, "url": "https://www.iryou.teikyouseido.mhlw.go.jp/znk-web/juminkanja/S2430/initialize?prefCd=25&kikanCd=2250007400&kikanKbn=2", "url2": null, "内容": "緑町診療所【2:診療所】【診療科目:内科_小児科_産科】滋賀県東近江市八日市緑町２０－１２" }, "geometry": { "type": "Point", "coordinates": [ 136.210397, 35.110989 ] } },
{ "type": "Feature", "properties": { "ID": 2522250007410, "正式名称": "医療法人社団広島外科整形外科医院", "機関区分": 2, "都道府県コード": 25, "市区町村コード": 213, "所在地": "滋賀県東近江市八日市東浜町１－２７", "緯度": 35.114683, "経度": 136.199953, "url": "https://www.iryou.teikyouseido.mhlw.go.jp/znk-web/juminkanja/S2430/initialize?prefCd=25&kikanCd=2250007410&kikanKbn=2", "url2": "http://www.hiroshima-geka.com", "内容": "医療法人社団広島外科整形外科医院【2:診療所】【診療科目:内科_外科_整形外科_皮膚科_泌尿器科_リウマチ科_リハビリテーション科】滋賀県東近江市八日市東浜町１－２７" }, "geometry": { "type": "Point", "coordinates": [ 136.199953, 35.114683 ] } },
{ "type": "Feature", "properties": { "ID": 2522250007420, "正式名称": "高田医院", "機関区分": 2, "都道府県コード": 25, "市区町村コード": 213, "所在地": "滋賀県東近江市石塔町２３６番地の１", "緯度": 35.064656, "経度": 136.205175, "url": "https://www.iryou.teikyouseido.mhlw.go.jp/znk-web/juminkanja/S2430/initialize?prefCd=25&kikanCd=2250007420&kikanKbn=2", "url2": null, "内容": "高田医院【2:診療所】【診療科目:内科_小児科】滋賀県東近江市石塔町２３６番地の１" }, "geometry": { "type": "Point", "coordinates": [ 136.205175, 35.064656 ] } },
{ "type": "Feature", "properties": { "ID": 2522250007440, "正式名称": "東近江市長峰診療所", "機関区分": 2, "都道府県コード": 25, "市区町村コード": 213, "所在地": "滋賀県東近江市宮川町２４４－９２１", "緯度": 35.036931, "経度": 136.161428, "url": "https://www.iryou.teikyouseido.mhlw.go.jp/znk-web/juminkanja/S2430/initialize?prefCd=25&kikanCd=2250007440&kikanKbn=2", "url2": "http://members.e-omi.ne.jp/gamoubyouin", "内容": "東近江市長峰診療所【2:診療所】【診療科目:内科_小児科】滋賀県東近江市宮川町２４４－９２１" }, "geometry": { "type": "Point", "coordinates": [ 136.161428, 35.036931 ] } },
{ "type": "Feature", "properties": { "ID": 2522250007470, "正式名称": "えがわ整形外科", "機関区分": 2, "都道府県コード": 25, "市区町村コード": 213, "所在地": "滋賀県東近江市八日市緑町６番１０号", "緯度": 35.113933, "経度": 136.207731, "url": "https://www.iryou.teikyouseido.mhlw.go.jp/znk-web/juminkanja/S2430/initialize?prefCd=25&kikanCd=2250007470&kikanKbn=2", "url2": "http://www.myclinic.ne.jp/egawa/", "内容": "えがわ整形外科【2:診療所】【診療科目:整形外科_リハビリテーション科】滋賀県東近江市八日市緑町６番１０号" }, "geometry": { "type": "Point", "coordinates": [ 136.207731, 35.113933 ] } },
{ "type": "Feature", "properties": { "ID": 2522250007500, "正式名称": "たく内科クリニック", "機関区分": 2, "都道府県コード": 25, "市区町村コード": 213, "所在地": "滋賀県東近江市垣見町６８２番地", "緯度": 35.181211, "経度": 136.169203, "url": "https://www.iryou.teikyouseido.mhlw.go.jp/znk-web/juminkanja/S2430/initialize?prefCd=25&kikanCd=2250007500&kikanKbn=2", "url2": "https://taku-naika.com/", "内容": "たく内科クリニック【2:診療所】【診療科目:内科_消化器内科_小児科】滋賀県東近江市垣見町６８２番地" }, "geometry": { "type": "Point", "coordinates": [ 136.169203, 35.181211 ] } },
{ "type": "Feature", "properties": { "ID": 2522250007540, "正式名称": "医療法人社団　山崎クリニック", "機関区分": 2, "都道府県コード": 25, "市区町村コード": 213, "所在地": "滋賀県東近江市山路町２９０７", "緯度": 35.18418, "経度": 136.158596, "url": "https://www.iryou.teikyouseido.mhlw.go.jp/znk-web/juminkanja/S2430/initialize?prefCd=25&kikanCd=2250007540&kikanKbn=2", "url2": "https://www.yamazaki-ghd.or.jp/", "内容": "医療法人社団　山崎クリニック【2:診療所】【診療科目:内科_人工透析内科_産婦人科】滋賀県東近江市山路町２９０７" }, "geometry": { "type": "Point", "coordinates": [ 136.158596, 35.18418 ] } },
{ "type": "Feature", "properties": { "ID": 2522250007580, "正式名称": "医療法人社団　双秀会　小山眼科クリニック", "機関区分": 2, "都道府県コード": 25, "市区町村コード": 213, "所在地": "滋賀県東近江市八日市浜野町４８７－１", "緯度": 35.115906, "経度": 136.195731, "url": "https://www.iryou.teikyouseido.mhlw.go.jp/znk-web/juminkanja/S2430/initialize?prefCd=25&kikanCd=2250007580&kikanKbn=2", "url2": "http://www.k-eye.cc", "内容": "医療法人社団　双秀会　小山眼科クリニック【2:診療所】【診療科目:眼科】滋賀県東近江市八日市浜野町４８７－１" }, "geometry": { "type": "Point", "coordinates": [ 136.195731, 35.115906 ] } },
{ "type": "Feature", "properties": { "ID": 2522250007600, "正式名称": "東近江市永源寺診療所", "機関区分": 2, "都道府県コード": 25, "市区町村コード": 213, "所在地": "滋賀県東近江市山上町１３５２番地", "緯度": 35.075656, "経度": 136.298981, "url": "https://www.iryou.teikyouseido.mhlw.go.jp/znk-web/juminkanja/S2430/initialize?prefCd=25&kikanCd=2250007600&kikanKbn=2", "url2": "http://eigenji-clinic.jp", "内容": "東近江市永源寺診療所【2:診療所】【診療科目:内科_整形外科_小児科】滋賀県東近江市山上町１３５２番地" }, "geometry": { "type": "Point", "coordinates": [ 136.298981, 35.075656 ] } },
{ "type": "Feature", "properties": { "ID": 2522250007610, "正式名称": "医療法人社団　明光会　南眼科医院", "機関区分": 2, "都道府県コード": 25, "市区町村コード": 213, "所在地": "滋賀県東近江市八日市緑町１－７", "緯度": 35.114822, "経度": 136.206619, "url": "https://www.iryou.teikyouseido.mhlw.go.jp/znk-web/juminkanja/S2430/initialize?prefCd=25&kikanCd=2250007610&kikanKbn=2", "url2": "https://www.minami-gannka.com", "内容": "医療法人社団　明光会　南眼科医院【2:診療所】【診療科目:眼科】滋賀県東近江市八日市緑町１－７" }, "geometry": { "type": "Point", "coordinates": [ 136.206619, 35.114822 ] } },
{ "type": "Feature", "properties": { "ID": 2522250007630, "正式名称": "おだわら医院", "機関区分": 2, "都道府県コード": 25, "市区町村コード": 213, "所在地": "滋賀県東近江市猪子町４３０", "緯度": 35.17885, "経度": 136.160396, "url": "https://www.iryou.teikyouseido.mhlw.go.jp/znk-web/juminkanja/S2430/initialize?prefCd=25&kikanCd=2250007630&kikanKbn=2", "url2": null, "内容": "おだわら医院【2:診療所】【診療科目:内科_循環器内科_小児科】滋賀県東近江市猪子町４３０" }, "geometry": { "type": "Point", "coordinates": [ 136.160396, 35.17885 ] } },
{ "type": "Feature", "properties": { "ID": 2522250007640, "正式名称": "東近江市永源寺東部出張診療所", "機関区分": 2, "都道府県コード": 25, "市区町村コード": 213, "所在地": "滋賀県東近江市蓼畑町５１０番地", "緯度": 35.105489, "経度": 136.371842, "url": "https://www.iryou.teikyouseido.mhlw.go.jp/znk-web/juminkanja/S2430/initialize?prefCd=25&kikanCd=2250007640&kikanKbn=2", "url2": null, "内容": "東近江市永源寺東部出張診療所【2:診療所】【診療科目:内科_小児科】滋賀県東近江市蓼畑町５１０番地" }, "geometry": { "type": "Point", "coordinates": [ 136.371842, 35.105489 ] } },
{ "type": "Feature", "properties": { "ID": 2522250007660, "正式名称": "医療法人　金岡医院", "機関区分": 2, "都道府県コード": 25, "市区町村コード": 213, "所在地": "滋賀県東近江市佐野町２８２－７", "緯度": 35.179634, "経度": 136.178638, "url": "https://www.iryou.teikyouseido.mhlw.go.jp/znk-web/juminkanja/S2430/initialize?prefCd=25&kikanCd=2250007660&kikanKbn=2", "url2": null, "内容": "医療法人　金岡医院【2:診療所】【診療科目:内科_循環器内科_消化器内科_小児科_リハビリテーション科】滋賀県東近江市佐野町２８２－７" }, "geometry": { "type": "Point", "coordinates": [ 136.178638, 35.179634 ] } },
{ "type": "Feature", "properties": { "ID": 2522250007670, "正式名称": "あえんぼクリニック", "機関区分": 2, "都道府県コード": 25, "市区町村コード": 384, "所在地": "滋賀県蒲生郡竜王町山之上５５７２番地", "緯度": 35.050424, "経度": 136.141872, "url": "https://www.iryou.teikyouseido.mhlw.go.jp/znk-web/juminkanja/S2430/initialize?prefCd=25&kikanCd=2250007670&kikanKbn=2", "url2": null, "内容": "あえんぼクリニック【2:診療所】【診療科目:内科_小児科】滋賀県蒲生郡竜王町山之上５５７２番地" }, "geometry": { "type": "Point", "coordinates": [ 136.141872, 35.050424 ] } },
{ "type": "Feature", "properties": { "ID": 2522250007680, "正式名称": "医療法人社団幸信会　青葉メディカル", "機関区分": 2, "都道府県コード": 25, "市区町村コード": 213, "所在地": "滋賀県東近江市青葉町１－４６", "緯度": 35.1061, "経度": 136.197119, "url": "https://www.iryou.teikyouseido.mhlw.go.jp/znk-web/juminkanja/S2430/initialize?prefCd=25&kikanCd=2250007680&kikanKbn=2", "url2": "https://aoba-med.com", "内容": "医療法人社団幸信会　青葉メディカル【2:診療所】【診療科目:内科_糖尿病内科_脳神経内科_呼吸器内科_循環器内科_消化器内科_脳神経外科_放射線科】滋賀県東近江市青葉町１－４６" }, "geometry": { "type": "Point", "coordinates": [ 136.197119, 35.1061 ] } },
{ "type": "Feature", "properties": { "ID": 2522250007710, "正式名称": "つたむね眼科", "機関区分": 2, "都道府県コード": 25, "市区町村コード": 213, "所在地": "滋賀県東近江市佐野町２８２番地５", "緯度": 35.179683, "経度": 136.178592, "url": "https://www.iryou.teikyouseido.mhlw.go.jp/znk-web/juminkanja/S2430/initialize?prefCd=25&kikanCd=2250007710&kikanKbn=2", "url2": "http://www7b.biglobe.ne.jp/~tsutamune-ganka/", "内容": "つたむね眼科【2:診療所】【診療科目:眼科】滋賀県東近江市佐野町２８２番地５" }, "geometry": { "type": "Point", "coordinates": [ 136.178592, 35.179683 ] } },
{ "type": "Feature", "properties": { "ID": 2522250007720, "正式名称": "島田医院", "機関区分": 2, "都道府県コード": 25, "市区町村コード": 213, "所在地": "滋賀県東近江市八日市金屋二丁目１番７号", "緯度": 35.111406, "経度": 136.198425, "url": "https://www.iryou.teikyouseido.mhlw.go.jp/znk-web/juminkanja/S2430/initialize?prefCd=25&kikanCd=2250007720&kikanKbn=2", "url2": "simada-clinic.com", "内容": "島田医院【2:診療所】【診療科目:内科_循環器内科_小児科】滋賀県東近江市八日市金屋二丁目１番７号" }, "geometry": { "type": "Point", "coordinates": [ 136.198425, 35.111406 ] } },
{ "type": "Feature", "properties": { "ID": 2522250007730, "正式名称": "吉川整形外科クリニック", "機関区分": 2, "都道府県コード": 25, "市区町村コード": 213, "所在地": "滋賀県東近江市佐野町１９５番地１", "緯度": 35.180461, "経度": 136.173508, "url": "https://www.iryou.teikyouseido.mhlw.go.jp/znk-web/juminkanja/S2430/initialize?prefCd=25&kikanCd=2250007730&kikanKbn=2", "url2": "http://www.yoshikawa-osmc.jp/", "内容": "吉川整形外科クリニック【2:診療所】【診療科目:整形外科_リウマチ科_リハビリテーション科】滋賀県東近江市佐野町１９５番地１" }, "geometry": { "type": "Point", "coordinates": [ 136.173508, 35.180461 ] } },
{ "type": "Feature", "properties": { "ID": 2522250007750, "正式名称": "いがわ耳鼻咽喉科", "機関区分": 2, "都道府県コード": 25, "市区町村コード": 213, "所在地": "滋賀県東近江市佐野町　東陽オアシス能登川２階", "緯度": 35.180461, "経度": 136.173508, "url": "https://www.iryou.teikyouseido.mhlw.go.jp/znk-web/juminkanja/S2430/initialize?prefCd=25&kikanCd=2250007750&kikanKbn=2", "url2": "http://www.shiga-doctor.net/web/igawaent/", "内容": "いがわ耳鼻咽喉科【2:診療所】【診療科目:耳鼻いんこう科_頭頸部・耳鼻いんこう科】滋賀県東近江市佐野町　東陽オアシス能登川２階" }, "geometry": { "type": "Point", "coordinates": [ 136.173508, 35.180461 ] } },
{ "type": "Feature", "properties": { "ID": 2522250007770, "正式名称": "大林内科循環器科", "機関区分": 2, "都道府県コード": 25, "市区町村コード": 213, "所在地": "滋賀県東近江市佐野町３９７－１東陽オアシス能登川１階Ｂ", "緯度": 35.180461, "経度": 136.173508, "url": "https://www.iryou.teikyouseido.mhlw.go.jp/znk-web/juminkanja/S2430/initialize?prefCd=25&kikanCd=2250007770&kikanKbn=2", "url2": "www.ohbayashiiin.com", "内容": "大林内科循環器科【2:診療所】【診療科目:内科_呼吸器内科_循環器内科】滋賀県東近江市佐野町３９７－１東陽オアシス能登川１階Ｂ" }, "geometry": { "type": "Point", "coordinates": [ 136.173508, 35.180461 ] } },
{ "type": "Feature", "properties": { "ID": 2522250007780, "正式名称": "鎌掛診療所", "機関区分": 2, "都道府県コード": 25, "市区町村コード": 383, "所在地": "滋賀県蒲生郡日野町鎌掛２２９２", "緯度": 34.986628, "経度": 136.261453, "url": "https://www.iryou.teikyouseido.mhlw.go.jp/znk-web/juminkanja/S2430/initialize?prefCd=25&kikanCd=2250007780&kikanKbn=2", "url2": null, "内容": "鎌掛診療所【2:診療所】【診療科目:内科_小児科】滋賀県蒲生郡日野町鎌掛２２９２" }, "geometry": { "type": "Point", "coordinates": [ 136.261453, 34.986628 ] } },
{ "type": "Feature", "properties": { "ID": 2522250007790, "正式名称": "医療法人社団　朝日医院", "機関区分": 2, "都道府県コード": 25, "市区町村コード": 383, "所在地": "滋賀県蒲生郡日野町大窪１０１０－１", "緯度": 35.009239, "経度": 136.251203, "url": "https://www.iryou.teikyouseido.mhlw.go.jp/znk-web/juminkanja/S2430/initialize?prefCd=25&kikanCd=2250007790&kikanKbn=2", "url2": "https://shigaken-asahi-iin.jp/", "内容": "医療法人社団　朝日医院【2:診療所】【診療科目:内科_小児科_皮膚科】滋賀県蒲生郡日野町大窪１０１０－１" }, "geometry": { "type": "Point", "coordinates": [ 136.251203, 35.009239 ] } },
{ "type": "Feature", "properties": { "ID": 2522250007810, "正式名称": "医療法人滋賀家庭医療学センター弓削メディカルクリニック", "機関区分": 2, "都道府県コード": 25, "市区町村コード": 384, "所在地": "滋賀県蒲生郡竜王町弓削１８２５", "緯度": 35.088294, "経度": 136.119619, "url": "https://www.iryou.teikyouseido.mhlw.go.jp/znk-web/juminkanja/S2430/initialize?prefCd=25&kikanCd=2250007810&kikanKbn=2", "url2": "https://yugemed.com/", "内容": "医療法人滋賀家庭医療学センター弓削メディカルクリニック【2:診療所】【診療科目:内科_小児科】滋賀県蒲生郡竜王町弓削１８２５" }, "geometry": { "type": "Point", "coordinates": [ 136.119619, 35.088294 ] } },
{ "type": "Feature", "properties": { "ID": 2522250007820, "正式名称": "岡診療所", "機関区分": 2, "都道府県コード": 25, "市区町村コード": 383, "所在地": "滋賀県蒲生郡日野町河原１－１０", "緯度": 35.0176, "経度": 136.246731, "url": "https://www.iryou.teikyouseido.mhlw.go.jp/znk-web/juminkanja/S2430/initialize?prefCd=25&kikanCd=2250007820&kikanKbn=2", "url2": "http://okashinryosho.blogspot.com/", "内容": "岡診療所【2:診療所】【診療科目:内科_外科_肛門外科_ペインクリニック外科_整形外科_小児科_皮膚科_麻酔科】滋賀県蒲生郡日野町河原１－１０" }, "geometry": { "type": "Point", "coordinates": [ 136.246731, 35.0176 ] } },
{ "type": "Feature", "properties": { "ID": 2522250007830, "正式名称": "医療法人　竹園医院", "機関区分": 2, "都道府県コード": 25, "市区町村コード": 204, "所在地": "滋賀県近江八幡市安土町常楽寺５９０番地", "緯度": 35.142448, "経度": 136.13137, "url": "https://www.iryou.teikyouseido.mhlw.go.jp/znk-web/juminkanja/S2430/initialize?prefCd=25&kikanCd=2250007830&kikanKbn=2", "url2": "https://www.takezono-clinic.com", "内容": "医療法人　竹園医院【2:診療所】【診療科目:内科_糖尿病内科_消化器内科】滋賀県近江八幡市安土町常楽寺５９０番地" }, "geometry": { "type": "Point", "coordinates": [ 136.13137, 35.142448 ] } },
{ "type": "Feature", "properties": { "ID": 2522250007860, "正式名称": "河村医院", "機関区分": 2, "都道府県コード": 25, "市区町村コード": 383, "所在地": "滋賀県蒲生郡日野町内池３７３", "緯度": 35.015961, "経度": 136.224175, "url": "https://www.iryou.teikyouseido.mhlw.go.jp/znk-web/juminkanja/S2430/initialize?prefCd=25&kikanCd=2250007860&kikanKbn=2", "url2": null, "内容": "河村医院【2:診療所】【診療科目:内科_小児科】滋賀県蒲生郡日野町内池３７３" }, "geometry": { "type": "Point", "coordinates": [ 136.224175, 35.015961 ] } },
{ "type": "Feature", "properties": { "ID": 2522250007870, "正式名称": "杉原　医院", "機関区分": 2, "都道府県コード": 25, "市区町村コード": 204, "所在地": "滋賀県近江八幡市安土町東老蘇１１７０－３", "緯度": 35.126443, "経度": 136.159288, "url": "https://www.iryou.teikyouseido.mhlw.go.jp/znk-web/juminkanja/S2430/initialize?prefCd=25&kikanCd=2250007870&kikanKbn=2", "url2": null, "内容": "杉原　医院【2:診療所】【診療科目:内科_小児科_麻酔科】滋賀県近江八幡市安土町東老蘇１１７０－３" }, "geometry": { "type": "Point", "coordinates": [ 136.159288, 35.126443 ] } },
{ "type": "Feature", "properties": { "ID": 2522250007880, "正式名称": "医療法人　どひ整形外科クリニック", "機関区分": 2, "都道府県コード": 25, "市区町村コード": 383, "所在地": "滋賀県蒲生郡日野町松尾３丁目１－１", "緯度": 35.019852, "経度": 136.241974, "url": "https://www.iryou.teikyouseido.mhlw.go.jp/znk-web/juminkanja/S2430/initialize?prefCd=25&kikanCd=2250007880&kikanKbn=2", "url2": null, "内容": "医療法人　どひ整形外科クリニック【2:診療所】【診療科目:内科_外科_整形外科_皮膚科_リウマチ科_リハビリテーション科】滋賀県蒲生郡日野町松尾３丁目１－１" }, "geometry": { "type": "Point", "coordinates": [ 136.241974, 35.019852 ] } },
{ "type": "Feature", "properties": { "ID": 2522250007890, "正式名称": "医療法人　あいさか小児科", "機関区分": 2, "都道府県コード": 25, "市区町村コード": 383, "所在地": "滋賀県蒲生郡日野町松尾２丁目８８－７", "緯度": 35.015628, "経度": 136.243397, "url": "https://www.iryou.teikyouseido.mhlw.go.jp/znk-web/juminkanja/S2430/initialize?prefCd=25&kikanCd=2250007890&kikanKbn=2", "url2": "https://www.aisaka-shounika.com/", "内容": "医療法人　あいさか小児科【2:診療所】【診療科目:内科_小児科_アレルギー科】滋賀県蒲生郡日野町松尾２丁目８８－７" }, "geometry": { "type": "Point", "coordinates": [ 136.243397, 35.015628 ] } },
{ "type": "Feature", "properties": { "ID": 2522250007900, "正式名称": "医療法人　広田整形外科", "機関区分": 2, "都道府県コード": 25, "市区町村コード": 204, "所在地": "滋賀県近江八幡市下豊浦５２４７", "緯度": 35.147156, "経度": 136.131564, "url": "https://www.iryou.teikyouseido.mhlw.go.jp/znk-web/juminkanja/S2430/initialize?prefCd=25&kikanCd=2250007900&kikanKbn=2", "url2": null, "内容": "医療法人　広田整形外科【2:診療所】【診療科目:整形外科_リハビリテーション科】滋賀県近江八幡市下豊浦５２４７" }, "geometry": { "type": "Point", "coordinates": [ 136.131564, 35.147156 ] } },
{ "type": "Feature", "properties": { "ID": 2522250007920, "正式名称": "医療法人　しもいけメディカルクリニック", "機関区分": 2, "都道府県コード": 25, "市区町村コード": 383, "所在地": "滋賀県蒲生郡日野町松尾５－５９－３", "緯度": 35.018517, "経度": 136.239564, "url": "https://www.iryou.teikyouseido.mhlw.go.jp/znk-web/juminkanja/S2430/initialize?prefCd=25&kikanCd=2250007920&kikanKbn=2", "url2": "http://shimoike-m-c.jimdofree.com", "内容": "医療法人　しもいけメディカルクリニック【2:診療所】【診療科目:内科_呼吸器内科_循環器内科_小児科_リウマチ科】滋賀県蒲生郡日野町松尾５－５９－３" }, "geometry": { "type": "Point", "coordinates": [ 136.239564, 35.018517 ] } },
{ "type": "Feature", "properties": { "ID": 2522250007930, "正式名称": "医療法人　水原医院", "機関区分": 2, "都道府県コード": 25, "市区町村コード": 204, "所在地": "滋賀県近江八幡市安土町小中２１８", "緯度": 35.139489, "経度": 136.133425, "url": "https://www.iryou.teikyouseido.mhlw.go.jp/znk-web/juminkanja/S2430/initialize?prefCd=25&kikanCd=2250007930&kikanKbn=2", "url2": "https://mizuhara-clinic.jp/", "内容": "医療法人　水原医院【2:診療所】【診療科目:内科_循環器内科_外科_小児科】滋賀県近江八幡市安土町小中２１８" }, "geometry": { "type": "Point", "coordinates": [ 136.133425, 35.139489 ] } },
{ "type": "Feature", "properties": { "ID": 2522250007980, "正式名称": "医療法人　やまもと小児科", "機関区分": 2, "都道府県コード": 25, "市区町村コード": 207, "所在地": "滋賀県守山市金森町９５９", "緯度": 35.060211, "経度": 135.984175, "url": "https://www.iryou.teikyouseido.mhlw.go.jp/znk-web/juminkanja/S2430/initialize?prefCd=25&kikanCd=2250007980&kikanKbn=2", "url2": "httrs://yamamoto-p.com//", "内容": "医療法人　やまもと小児科【2:診療所】【診療科目:内科_小児科_アレルギー科】滋賀県守山市金森町９５９" }, "geometry": { "type": "Point", "coordinates": [ 135.984175, 35.060211 ] } },
{ "type": "Feature", "properties": { "ID": 2522250008000, "正式名称": "医療法人　かさはら医院", "機関区分": 2, "都道府県コード": 25, "市区町村コード": 207, "所在地": "滋賀県守山市播磨田町１４５６－１", "緯度": 35.075267, "経度": 135.985703, "url": "https://www.iryou.teikyouseido.mhlw.go.jp/znk-web/juminkanja/S2430/initialize?prefCd=25&kikanCd=2250008000&kikanKbn=2", "url2": "kasaharaiin.com", "内容": "医療法人　かさはら医院【2:診療所】【診療科目:内科_外科_整形外科_リハビリテーション科】滋賀県守山市播磨田町１４５６－１" }, "geometry": { "type": "Point", "coordinates": [ 135.985703, 35.075267 ] } },
{ "type": "Feature", "properties": { "ID": 2522250008030, "正式名称": "水口眼科医院", "機関区分": 2, "都道府県コード": 25, "市区町村コード": 209, "所在地": "滋賀県甲賀市水口町八坂３－６５", "緯度": 34.973961, "経度": 136.172897, "url": "https://www.iryou.teikyouseido.mhlw.go.jp/znk-web/juminkanja/S2430/initialize?prefCd=25&kikanCd=2250008030&kikanKbn=2", "url2": "http://www.minakuchi-ganka.jp/", "内容": "水口眼科医院【2:診療所】【診療科目:眼科】滋賀県甲賀市水口町八坂３－６５" }, "geometry": { "type": "Point", "coordinates": [ 136.172897, 34.973961 ] } },
{ "type": "Feature", "properties": { "ID": 2522250008040, "正式名称": "こすぎクリニック", "機関区分": 2, "都道府県コード": 25, "市区町村コード": 213, "所在地": "滋賀県東近江市大萩町４６", "緯度": 35.117739, "経度": 136.245731, "url": "https://www.iryou.teikyouseido.mhlw.go.jp/znk-web/juminkanja/S2430/initialize?prefCd=25&kikanCd=2250008040&kikanKbn=2", "url2": "kosugi-clinic2006.biz", "内容": "こすぎクリニック【2:診療所】【診療科目:内科_外科_皮膚科_リハビリテーション科】滋賀県東近江市大萩町４６" }, "geometry": { "type": "Point", "coordinates": [ 136.245731, 35.117739 ] } },
{ "type": "Feature", "properties": { "ID": 2522250008060, "正式名称": "為我井医院", "機関区分": 2, "都道府県コード": 25, "市区町村コード": 201, "所在地": "滋賀県大津市向陽町１－５", "緯度": 35.135961, "経度": 135.915731, "url": "https://www.iryou.teikyouseido.mhlw.go.jp/znk-web/juminkanja/S2430/initialize?prefCd=25&kikanCd=2250008060&kikanKbn=2", "url2": null, "内容": "為我井医院【2:診療所】【診療科目:内科_外科_小児科】滋賀県大津市向陽町１－５" }, "geometry": { "type": "Point", "coordinates": [ 135.915731, 35.135961 ] } },
{ "type": "Feature", "properties": { "ID": 2522250008090, "正式名称": "高島市民病院平良出張診療所", "機関区分": 2, "都道府県コード": 25, "市区町村コード": 212, "所在地": "滋賀県高島市朽木平良１００－１", "緯度": 35.31235, "経度": 135.833897, "url": "https://www.iryou.teikyouseido.mhlw.go.jp/znk-web/juminkanja/S2430/initialize?prefCd=25&kikanCd=2250008090&kikanKbn=2", "url2": null, "内容": "高島市民病院平良出張診療所【2:診療所】【診療科目:内科】滋賀県高島市朽木平良１００－１" }, "geometry": { "type": "Point", "coordinates": [ 135.833897, 35.31235 ] } },
{ "type": "Feature", "properties": { "ID": 2522250008120, "正式名称": "西川医院", "機関区分": 2, "都道府県コード": 25, "市区町村コード": 203, "所在地": "滋賀県長浜市元浜町２８－３１", "緯度": 35.383239, "経度": 136.266925, "url": "https://www.iryou.teikyouseido.mhlw.go.jp/znk-web/juminkanja/S2430/initialize?prefCd=25&kikanCd=2250008120&kikanKbn=2", "url2": null, "内容": "西川医院【2:診療所】【診療科目:内科_消化器内科_胃腸内科_肝臓内科_老年内科_内視鏡内科】滋賀県長浜市元浜町２８－３１" }, "geometry": { "type": "Point", "coordinates": [ 136.266925, 35.383239 ] } },
{ "type": "Feature", "properties": { "ID": 2522250008130, "正式名称": "甲賀市立みなくち診療所", "機関区分": 2, "都道府県コード": 25, "市区町村コード": 209, "所在地": "滋賀県甲賀市水口町貴生川２９３ー１", "緯度": 34.951683, "経度": 136.151619, "url": "https://www.iryou.teikyouseido.mhlw.go.jp/znk-web/juminkanja/S2430/initialize?prefCd=25&kikanCd=2250008130&kikanKbn=2", "url2": "http://www.city.koka.lg.jp/7175.htm", "内容": "甲賀市立みなくち診療所【2:診療所】【診療科目:内科_肛門外科】滋賀県甲賀市水口町貴生川２９３ー１" }, "geometry": { "type": "Point", "coordinates": [ 136.151619, 34.951683 ] } },
{ "type": "Feature", "properties": { "ID": 2522250008140, "正式名称": "水谷整形外科医院", "機関区分": 2, "都道府県コード": 25, "市区町村コード": 213, "所在地": "滋賀県東近江市垣見町１５９８", "緯度": 35.182205, "経度": 136.164127, "url": "https://www.iryou.teikyouseido.mhlw.go.jp/znk-web/juminkanja/S2430/initialize?prefCd=25&kikanCd=2250008140&kikanKbn=2", "url2": "https://mizutani-seikei.com", "内容": "水谷整形外科医院【2:診療所】【診療科目:整形外科_形成外科_美容外科_リウマチ科_リハビリテーション科】滋賀県東近江市垣見町１５９８" }, "geometry": { "type": "Point", "coordinates": [ 136.164127, 35.182205 ] } },
{ "type": "Feature", "properties": { "ID": 2522250008150, "正式名称": "希望が丘クリニック", "機関区分": 2, "都道府県コード": 25, "市区町村コード": 210, "所在地": "滋賀県野洲市市三宅２３５４", "緯度": 35.067433, "経度": 136.018092, "url": "https://www.iryou.teikyouseido.mhlw.go.jp/znk-web/juminkanja/S2430/initialize?prefCd=25&kikanCd=2250008150&kikanKbn=2", "url2": "http://www.kibou-gaoka-clinic.jp", "内容": "希望が丘クリニック【2:診療所】【診療科目:小児科_産婦人科_産婦人科（生殖医療）】滋賀県野洲市市三宅２３５４" }, "geometry": { "type": "Point", "coordinates": [ 136.018092, 35.067433 ] } },
{ "type": "Feature", "properties": { "ID": 2522250008170, "正式名称": "福島耳鼻咽喉科", "機関区分": 2, "都道府県コード": 25, "市区町村コード": 201, "所在地": "滋賀県大津市本丸町４－３１", "緯度": 34.992128, "経度": 135.892147, "url": "https://www.iryou.teikyouseido.mhlw.go.jp/znk-web/juminkanja/S2430/initialize?prefCd=25&kikanCd=2250008170&kikanKbn=2", "url2": "http://www.myclinic.ne.jp/fukushimaent/pc/", "内容": "福島耳鼻咽喉科【2:診療所】【診療科目:耳鼻いんこう科】滋賀県大津市本丸町４－３１" }, "geometry": { "type": "Point", "coordinates": [ 135.892147, 34.992128 ] } },
{ "type": "Feature", "properties": { "ID": 2522250008210, "正式名称": "医療法人　徳林クリニック", "機関区分": 2, "都道府県コード": 25, "市区町村コード": 207, "所在地": "滋賀県守山市守山６丁目８－３", "緯度": 35.062334, "経度": 135.995896, "url": "https://www.iryou.teikyouseido.mhlw.go.jp/znk-web/juminkanja/S2430/initialize?prefCd=25&kikanCd=2250008210&kikanKbn=2", "url2": "www.t-clinic.jp", "内容": "医療法人　徳林クリニック【2:診療所】【診療科目:内科_消化器内科】滋賀県守山市守山６丁目８－３" }, "geometry": { "type": "Point", "coordinates": [ 135.995896, 35.062334 ] } },
{ "type": "Feature", "properties": { "ID": 2522250008230, "正式名称": "中之郷診療所", "機関区分": 2, "都道府県コード": 25, "市区町村コード": 203, "所在地": "滋賀県長浜市余呉町中之郷２４３４", "緯度": 35.542572, "経度": 136.204175, "url": "https://www.iryou.teikyouseido.mhlw.go.jp/znk-web/juminkanja/S2430/initialize?prefCd=25&kikanCd=2250008230&kikanKbn=2", "url2": null, "内容": "中之郷診療所【2:診療所】【診療科目:内科_小児科】滋賀県長浜市余呉町中之郷２４３４" }, "geometry": { "type": "Point", "coordinates": [ 136.204175, 35.542572 ] } },
{ "type": "Feature", "properties": { "ID": 2522250008240, "正式名称": "中之郷診療所上丹生出張診療所", "機関区分": 2, "都道府県コード": 25, "市区町村コード": 203, "所在地": "滋賀県長浜市余呉町上丹生２４８３", "緯度": 35.56535, "経度": 136.228925, "url": "https://www.iryou.teikyouseido.mhlw.go.jp/znk-web/juminkanja/S2430/initialize?prefCd=25&kikanCd=2250008240&kikanKbn=2", "url2": null, "内容": "中之郷診療所上丹生出張診療所【2:診療所】【診療科目:内科】滋賀県長浜市余呉町上丹生２４８３" }, "geometry": { "type": "Point", "coordinates": [ 136.228925, 35.56535 ] } },
{ "type": "Feature", "properties": { "ID": 2522250008250, "正式名称": "中之郷診療所今市出張診療所", "機関区分": 2, "都道府県コード": 25, "市区町村コード": 203, "所在地": "滋賀県長浜市余呉町今市５４６－２", "緯度": 35.5616, "経度": 136.195842, "url": "https://www.iryou.teikyouseido.mhlw.go.jp/znk-web/juminkanja/S2430/initialize?prefCd=25&kikanCd=2250008250&kikanKbn=2", "url2": null, "内容": "中之郷診療所今市出張診療所【2:診療所】【診療科目:内科】滋賀県長浜市余呉町今市５４６－２" }, "geometry": { "type": "Point", "coordinates": [ 136.195842, 35.5616 ] } },
{ "type": "Feature", "properties": { "ID": 2522250008260, "正式名称": "たなか小児科", "機関区分": 2, "都道府県コード": 25, "市区町村コード": 202, "所在地": "滋賀県彦根市川瀬馬場町１０８２番地７", "緯度": 35.226378, "経度": 136.232481, "url": "https://www.iryou.teikyouseido.mhlw.go.jp/znk-web/juminkanja/S2430/initialize?prefCd=25&kikanCd=2250008260&kikanKbn=2", "url2": "tanaka-child-cl.com", "内容": "たなか小児科【2:診療所】【診療科目:小児科】滋賀県彦根市川瀬馬場町１０８２番地７" }, "geometry": { "type": "Point", "coordinates": [ 136.232481, 35.226378 ] } },
{ "type": "Feature", "properties": { "ID": 2522250008270, "正式名称": "みやこ皮フ科", "機関区分": 2, "都道府県コード": 25, "市区町村コード": 201, "所在地": "滋賀県大津市唐崎３丁目１８番１０号", "緯度": 35.049683, "経度": 135.866008, "url": "https://www.iryou.teikyouseido.mhlw.go.jp/znk-web/juminkanja/S2430/initialize?prefCd=25&kikanCd=2250008270&kikanKbn=2", "url2": "http://www.medic-grp.co.jp/doctor/miyako/", "内容": "みやこ皮フ科【2:診療所】【診療科目:皮膚科_美容皮膚科】滋賀県大津市唐崎３丁目１８番１０号" }, "geometry": { "type": "Point", "coordinates": [ 135.866008, 35.049683 ] } },
{ "type": "Feature", "properties": { "ID": 2522250008280, "正式名称": "あすとこクリニック", "機関区分": 2, "都道府県コード": 25, "市区町村コード": 201, "所在地": "滋賀県大津市浜大津４丁目１－１明日都浜大津３階", "緯度": 35.012544, "経度": 135.862481, "url": "https://www.iryou.teikyouseido.mhlw.go.jp/znk-web/juminkanja/S2430/initialize?prefCd=25&kikanCd=2250008280&kikanKbn=2", "url2": "http://asutoko.atat.jp", "内容": "あすとこクリニック【2:診療所】【診療科目:小児科_アレルギー科】滋賀県大津市浜大津４丁目１－１明日都浜大津３階" }, "geometry": { "type": "Point", "coordinates": [ 135.862481, 35.012544 ] } },
{ "type": "Feature", "properties": { "ID": 2522250008370, "正式名称": "医療法人湖青会　青木医院", "機関区分": 2, "都道府県コード": 25, "市区町村コード": 201, "所在地": "滋賀県大津市和邇高城２６０－１", "緯度": 35.162378, "経度": 135.919481, "url": "https://www.iryou.teikyouseido.mhlw.go.jp/znk-web/juminkanja/S2430/initialize?prefCd=25&kikanCd=2250008370&kikanKbn=2", "url2": "http://www.kosei-f.jp/", "内容": "医療法人湖青会　青木医院【2:診療所】【診療科目:内科_循環器内科_外科_肛門外科_皮膚科_リハビリテーション科_放射線科_麻酔科】滋賀県大津市和邇高城２６０－１" }, "geometry": { "type": "Point", "coordinates": [ 135.919481, 35.162378 ] } },
{ "type": "Feature", "properties": { "ID": 2522250008390, "正式名称": "伊藤医院", "機関区分": 2, "都道府県コード": 25, "市区町村コード": 201, "所在地": "滋賀県大津市錦織３丁目１６番２３号", "緯度": 35.029161, "経度": 135.861723, "url": "https://www.iryou.teikyouseido.mhlw.go.jp/znk-web/juminkanja/S2430/initialize?prefCd=25&kikanCd=2250008390&kikanKbn=2", "url2": null, "内容": "伊藤医院【2:診療所】【診療科目:内科_糖尿病内科_脂質代謝内科_消化器内科_胃腸内科_肝臓内科_外科_消化器外科_消化器・移植外科_乳腺外科_肛門外科_大腸・肛門外科_整形外科_小児外科_皮膚科_泌尿器科_リハビリテーション科】滋賀県大津市錦織３丁目１６番２３号" }, "geometry": { "type": "Point", "coordinates": [ 135.861723, 35.029161 ] } },
{ "type": "Feature", "properties": { "ID": 2522250008400, "正式名称": "泉内科循環器科医院", "機関区分": 2, "都道府県コード": 25, "市区町村コード": 201, "所在地": "滋賀県大津市見世２丁目６－１３", "緯度": 35.042156, "経度": 135.858842, "url": "https://www.iryou.teikyouseido.mhlw.go.jp/znk-web/juminkanja/S2430/initialize?prefCd=25&kikanCd=2250008400&kikanKbn=2", "url2": null, "内容": "泉内科循環器科医院【2:診療所】【診療科目:内科_循環器内科】滋賀県大津市見世２丁目６－１３" }, "geometry": { "type": "Point", "coordinates": [ 135.858842, 35.042156 ] } },
{ "type": "Feature", "properties": { "ID": 2522250008430, "正式名称": "医療法人　大美会　大西皮フ科形成外科医院", "機関区分": 2, "都道府県コード": 25, "市区町村コード": 201, "所在地": "滋賀県大津市粟津町４－７，ＪＲ石山駅前近江鉄道ビル３Ｆ", "緯度": 34.979578, "経度": 135.90122, "url": "https://www.iryou.teikyouseido.mhlw.go.jp/znk-web/juminkanja/S2430/initialize?prefCd=25&kikanCd=2250008430&kikanKbn=2", "url2": "https://www.onishiskinclinic.com/index.html", "内容": "医療法人　大美会　大西皮フ科形成外科医院【2:診療所】【診療科目:外科_形成外科_美容外科_皮膚科_美容皮膚科】滋賀県大津市粟津町４－７，ＪＲ石山駅前近江鉄道ビル３Ｆ" }, "geometry": { "type": "Point", "coordinates": [ 135.90122, 34.979578 ] } },
{ "type": "Feature", "properties": { "ID": 2522250008440, "正式名称": "小児科おくだ医院", "機関区分": 2, "都道府県コード": 25, "市区町村コード": 201, "所在地": "滋賀県大津市丸の内町９－３５", "緯度": 34.996165, "経度": 135.893799, "url": "https://www.iryou.teikyouseido.mhlw.go.jp/znk-web/juminkanja/S2430/initialize?prefCd=25&kikanCd=2250008440&kikanKbn=2", "url2": null, "内容": "小児科おくだ医院【2:診療所】【診療科目:内科_小児科_アレルギー科】滋賀県大津市丸の内町９－３５" }, "geometry": { "type": "Point", "coordinates": [ 135.893799, 34.996165 ] } },
{ "type": "Feature", "properties": { "ID": 2522250008470, "正式名称": "金田医院", "機関区分": 2, "都道府県コード": 25, "市区町村コード": 201, "所在地": "滋賀県大津市南郷１丁目７－１", "緯度": 34.944739, "経度": 135.907369, "url": "https://www.iryou.teikyouseido.mhlw.go.jp/znk-web/juminkanja/S2430/initialize?prefCd=25&kikanCd=2250008470&kikanKbn=2", "url2": null, "内容": "金田医院【2:診療所】【診療科目:内科_循環器内科_消化器内科_胃腸内科_小児科_皮膚科】滋賀県大津市南郷１丁目７－１" }, "geometry": { "type": "Point", "coordinates": [ 135.907369, 34.944739 ] } },
{ "type": "Feature", "properties": { "ID": 2522250008520, "正式名称": "駒井眼科院", "機関区分": 2, "都道府県コード": 25, "市区町村コード": 201, "所在地": "滋賀県大津市粟津町１７－９", "緯度": 34.977489, "経度": 135.901703, "url": "https://www.iryou.teikyouseido.mhlw.go.jp/znk-web/juminkanja/S2430/initialize?prefCd=25&kikanCd=2250008520&kikanKbn=2", "url2": null, "内容": "駒井眼科院【2:診療所】【診療科目:眼科】滋賀県大津市粟津町１７－９" }, "geometry": { "type": "Point", "coordinates": [ 135.901703, 34.977489 ] } },
{ "type": "Feature", "properties": { "ID": 2522250008550, "正式名称": "医療法人社団　さいき整形外科", "機関区分": 2, "都道府県コード": 25, "市区町村コード": 201, "所在地": "滋賀県大津市一里山三丁目１９番４号", "緯度": 34.984878, "経度": 135.932314, "url": "https://www.iryou.teikyouseido.mhlw.go.jp/znk-web/juminkanja/S2430/initialize?prefCd=25&kikanCd=2250008550&kikanKbn=2", "url2": null, "内容": "医療法人社団　さいき整形外科【2:診療所】【診療科目:整形外科】滋賀県大津市一里山三丁目１９番４号" }, "geometry": { "type": "Point", "coordinates": [ 135.932314, 34.984878 ] } },
{ "type": "Feature", "properties": { "ID": 2522250008560, "正式名称": "さいとう整形外科医院", "機関区分": 2, "都道府県コード": 25, "市区町村コード": 201, "所在地": "滋賀県大津市衣川１－１８－８", "緯度": 35.105972, "経度": 135.904428, "url": "https://www.iryou.teikyouseido.mhlw.go.jp/znk-web/juminkanja/S2430/initialize?prefCd=25&kikanCd=2250008560&kikanKbn=2", "url2": null, "内容": "さいとう整形外科医院【2:診療所】【診療科目:整形外科_リウマチ科_リハビリテーション科】滋賀県大津市衣川１－１８－８" }, "geometry": { "type": "Point", "coordinates": [ 135.904428, 35.105972 ] } },
{ "type": "Feature", "properties": { "ID": 2522250008570, "正式名称": "医療法人社団博真会　瀬田耳鼻咽喉科", "機関区分": 2, "都道府県コード": 25, "市区町村コード": 201, "所在地": "滋賀県大津市一里山１－２－１３", "緯度": 34.98435, "経度": 135.925675, "url": "https://www.iryou.teikyouseido.mhlw.go.jp/znk-web/juminkanja/S2430/initialize?prefCd=25&kikanCd=2250008570&kikanKbn=2", "url2": "https://ssc.doctorqube.com/seta-jibika/", "内容": "医療法人社団博真会　瀬田耳鼻咽喉科【2:診療所】【診療科目:内科_糖尿病・代謝内科_耳鼻いんこう科】滋賀県大津市一里山１－２－１３" }, "geometry": { "type": "Point", "coordinates": [ 135.925675, 34.98435 ] } },
{ "type": "Feature", "properties": { "ID": 2522250008580, "正式名称": "和邇診療所", "機関区分": 2, "都道府県コード": 25, "市区町村コード": 201, "所在地": "滋賀県大津市和邇中１９０－１", "緯度": 35.1586, "経度": 135.920814, "url": "https://www.iryou.teikyouseido.mhlw.go.jp/znk-web/juminkanja/S2430/initialize?prefCd=25&kikanCd=2250008580&kikanKbn=2", "url2": null, "内容": "和邇診療所【2:診療所】【診療科目:内科_泌尿器科】滋賀県大津市和邇中１９０－１" }, "geometry": { "type": "Point", "coordinates": [ 135.920814, 35.1586 ] } },
{ "type": "Feature", "properties": { "ID": 2522250008600, "正式名称": "医療法人　よこえ皮フ・泌尿器科", "機関区分": 2, "都道府県コード": 25, "市区町村コード": 201, "所在地": "滋賀県大津市皇子が丘２丁目１０－２５－１０７", "緯度": 35.024239, "経度": 135.858147, "url": "https://www.iryou.teikyouseido.mhlw.go.jp/znk-web/juminkanja/S2430/initialize?prefCd=25&kikanCd=2250008600&kikanKbn=2", "url2": null, "内容": "医療法人　よこえ皮フ・泌尿器科【2:診療所】【診療科目:皮膚科_皮膚泌尿器科_泌尿器科】滋賀県大津市皇子が丘２丁目１０－２５－１０７" }, "geometry": { "type": "Point", "coordinates": [ 135.858147, 35.024239 ] } },
{ "type": "Feature", "properties": { "ID": 2522250008620, "正式名称": "山田内科", "機関区分": 2, "都道府県コード": 25, "市区町村コード": 201, "所在地": "滋賀県大津市坂本７丁目６－１１", "緯度": 35.075397, "経度": 135.875084, "url": "https://www.iryou.teikyouseido.mhlw.go.jp/znk-web/juminkanja/S2430/initialize?prefCd=25&kikanCd=2250008620&kikanKbn=2", "url2": null, "内容": "山田内科【2:診療所】【診療科目:内科_呼吸器内科_循環器内科】滋賀県大津市坂本７丁目６－１１" }, "geometry": { "type": "Point", "coordinates": [ 135.875084, 35.075397 ] } },
{ "type": "Feature", "properties": { "ID": 2522250008640, "正式名称": "増田耳鼻咽喉科医院", "機関区分": 2, "都道府県コード": 25, "市区町村コード": 201, "所在地": "滋賀県大津市中央二丁目４番１４号", "緯度": 35.008133, "経度": 135.867248, "url": "https://www.iryou.teikyouseido.mhlw.go.jp/znk-web/juminkanja/S2430/initialize?prefCd=25&kikanCd=2250008640&kikanKbn=2", "url2": "masuda-ent.net/", "内容": "増田耳鼻咽喉科医院【2:診療所】【診療科目:耳鼻いんこう科】滋賀県大津市中央二丁目４番１４号" }, "geometry": { "type": "Point", "coordinates": [ 135.867248, 35.008133 ] } },
{ "type": "Feature", "properties": { "ID": 2522250008670, "正式名称": "医療法人社団　平田眼科", "機関区分": 2, "都道府県コード": 25, "市区町村コード": 201, "所在地": "滋賀県大津市皇子が丘二丁目１０番２５号ファーストタワー大津ＭＡＲＹ１０９", "緯度": 35.02445, "経度": 135.858705, "url": "https://www.iryou.teikyouseido.mhlw.go.jp/znk-web/juminkanja/S2430/initialize?prefCd=25&kikanCd=2250008670&kikanKbn=2", "url2": "http//www.hirata-ganka.com", "内容": "医療法人社団　平田眼科【2:診療所】【診療科目:眼科】滋賀県大津市皇子が丘二丁目１０番２５号ファーストタワー大津ＭＡＲＹ１０９" }, "geometry": { "type": "Point", "coordinates": [ 135.858705, 35.02445 ] } },
{ "type": "Feature", "properties": { "ID": 2522250008690, "正式名称": "西大津耳鼻咽喉科", "機関区分": 2, "都道府県コード": 25, "市区町村コード": 201, "所在地": "滋賀県大津市皇子が丘ニ丁目１０ー２５－１０４", "緯度": 35.023572, "経度": 135.857258, "url": "https://www.iryou.teikyouseido.mhlw.go.jp/znk-web/juminkanja/S2430/initialize?prefCd=25&kikanCd=2250008690&kikanKbn=2", "url2": "http://www.nishiotsu-ent.com", "内容": "西大津耳鼻咽喉科【2:診療所】【診療科目:耳鼻いんこう科】滋賀県大津市皇子が丘ニ丁目１０ー２５－１０４" }, "geometry": { "type": "Point", "coordinates": [ 135.857258, 35.023572 ] } },
{ "type": "Feature", "properties": { "ID": 2522250008720, "正式名称": "たか耳鼻咽喉科医院", "機関区分": 2, "都道府県コード": 25, "市区町村コード": 201, "所在地": "滋賀県大津市大将軍１－２７－１", "緯度": 34.994711, "経度": 135.923481, "url": "https://www.iryou.teikyouseido.mhlw.go.jp/znk-web/juminkanja/S2430/initialize?prefCd=25&kikanCd=2250008720&kikanKbn=2", "url2": "http://www.myclinic.ne.jp/taka0421/", "内容": "たか耳鼻咽喉科医院【2:診療所】【診療科目:耳鼻いんこう科_アレルギー科】滋賀県大津市大将軍１－２７－１" }, "geometry": { "type": "Point", "coordinates": [ 135.923481, 34.994711 ] } },
{ "type": "Feature", "properties": { "ID": 2522250008730, "正式名称": "竹内医院", "機関区分": 2, "都道府県コード": 25, "市区町村コード": 201, "所在地": "滋賀県大津市横木１－８－１０", "緯度": 34.991406, "経度": 135.829981, "url": "https://www.iryou.teikyouseido.mhlw.go.jp/znk-web/juminkanja/S2430/initialize?prefCd=25&kikanCd=2250008730&kikanKbn=2", "url2": null, "内容": "竹内医院【2:診療所】【診療科目:内科_小児科】滋賀県大津市横木１－８－１０" }, "geometry": { "type": "Point", "coordinates": [ 135.829981, 34.991406 ] } },
{ "type": "Feature", "properties": { "ID": 2522250008740, "正式名称": "谷医院", "機関区分": 2, "都道府県コード": 25, "市区町村コード": 201, "所在地": "滋賀県大津市秋葉台６－３９", "緯度": 34.991961, "経度": 135.885175, "url": "https://www.iryou.teikyouseido.mhlw.go.jp/znk-web/juminkanja/S2430/initialize?prefCd=25&kikanCd=2250008740&kikanKbn=2", "url2": null, "内容": "谷医院【2:診療所】【診療科目:内科_小児科】滋賀県大津市秋葉台６－３９" }, "geometry": { "type": "Point", "coordinates": [ 135.885175, 34.991961 ] } },
{ "type": "Feature", "properties": { "ID": 2522250008800, "正式名称": "高岡医院", "機関区分": 2, "都道府県コード": 25, "市区町村コード": 201, "所在地": "滋賀県大津市本丸町５番４７号", "緯度": 34.994017, "経度": 135.892092, "url": "https://www.iryou.teikyouseido.mhlw.go.jp/znk-web/juminkanja/S2430/initialize?prefCd=25&kikanCd=2250008800&kikanKbn=2", "url2": null, "内容": "高岡医院【2:診療所】【診療科目:内科_循環器内科_小児科】滋賀県大津市本丸町５番４７号" }, "geometry": { "type": "Point", "coordinates": [ 135.892092, 34.994017 ] } },
{ "type": "Feature", "properties": { "ID": 2522250008810, "正式名称": "せと肛門胃腸クリニック", "機関区分": 2, "都道府県コード": 25, "市区町村コード": 201, "所在地": "滋賀県大津市小野３７５－１", "緯度": 35.142267, "経度": 135.923231, "url": "https://www.iryou.teikyouseido.mhlw.go.jp/znk-web/juminkanja/S2430/initialize?prefCd=25&kikanCd=2250008810&kikanKbn=2", "url2": null, "内容": "せと肛門胃腸クリニック【2:診療所】【診療科目:内科_胃腸内科_外科_肛門外科】滋賀県大津市小野３７５－１" }, "geometry": { "type": "Point", "coordinates": [ 135.923231, 35.142267 ] } },
{ "type": "Feature", "properties": { "ID": 2522250008850, "正式名称": "なかつか内科医院", "機関区分": 2, "都道府県コード": 25, "市区町村コード": 202, "所在地": "滋賀県彦根市川瀬馬場町１０７９番地１", "緯度": 35.228318, "経度": 136.225186, "url": "https://www.iryou.teikyouseido.mhlw.go.jp/znk-web/juminkanja/S2430/initialize?prefCd=25&kikanCd=2250008850&kikanKbn=2", "url2": "https://nakatsuka-c.com/", "内容": "なかつか内科医院【2:診療所】【診療科目:内科_呼吸器内科_循環器内科_膠原病内科】滋賀県彦根市川瀬馬場町１０７９番地１" }, "geometry": { "type": "Point", "coordinates": [ 136.225186, 35.228318 ] } },
{ "type": "Feature", "properties": { "ID": 2522250008860, "正式名称": "医療法人　青葉会　イーリスウィメンズクリニック　アリス", "機関区分": 2, "都道府県コード": 25, "市区町村コード": 202, "所在地": "滋賀県彦根市八坂町２８８８－１", "緯度": 35.255327, "経度": 136.205638, "url": "https://www.iryou.teikyouseido.mhlw.go.jp/znk-web/juminkanja/S2430/initialize?prefCd=25&kikanCd=2250008860&kikanKbn=2", "url2": "https://www.aoba-iris.com", "内容": "医療法人　青葉会　イーリスウィメンズクリニック　アリス【2:診療所】【診療科目:産科_婦人科】滋賀県彦根市八坂町２８８８－１" }, "geometry": { "type": "Point", "coordinates": [ 136.205638, 35.255327 ] } },
{ "type": "Feature", "properties": { "ID": 2522250008890, "正式名称": "大津市国民健康保険　葛川診療所", "機関区分": 2, "都道府県コード": 25, "市区町村コード": 201, "所在地": "滋賀県大津市葛川坊村町２３７－３３", "緯度": 35.245822, "経度": 135.866314, "url": "https://www.iryou.teikyouseido.mhlw.go.jp/znk-web/juminkanja/S2430/initialize?prefCd=25&kikanCd=2250008890&kikanKbn=2", "url2": null, "内容": "大津市国民健康保険　葛川診療所【2:診療所】【診療科目:内科_整形外科】滋賀県大津市葛川坊村町２３７－３３" }, "geometry": { "type": "Point", "coordinates": [ 135.866314, 35.245822 ] } },
{ "type": "Feature", "properties": { "ID": 2522250008900, "正式名称": "まつだ医院", "機関区分": 2, "都道府県コード": 25, "市区町村コード": 201, "所在地": "滋賀県大津市大萱二丁目４－２０", "緯度": 34.990294, "経度": 135.923675, "url": "https://www.iryou.teikyouseido.mhlw.go.jp/znk-web/juminkanja/S2430/initialize?prefCd=25&kikanCd=2250008900&kikanKbn=2", "url2": "http://www.matsuda-clinic.com", "内容": "まつだ医院【2:診療所】【診療科目:内科_胃腸内科_外科_小児科_リハビリテーション科】滋賀県大津市大萱二丁目４－２０" }, "geometry": { "type": "Point", "coordinates": [ 135.923675, 34.990294 ] } },
{ "type": "Feature", "properties": { "ID": 2522250008940, "正式名称": "医療法人　辰巳医院", "機関区分": 2, "都道府県コード": 25, "市区町村コード": 202, "所在地": "滋賀県彦根市西沼波町２６９－１８", "緯度": 35.259406, "経度": 136.264397, "url": "https://www.iryou.teikyouseido.mhlw.go.jp/znk-web/juminkanja/S2430/initialize?prefCd=25&kikanCd=2250008940&kikanKbn=2", "url2": "https://tatsumicl.com", "内容": "医療法人　辰巳医院【2:診療所】【診療科目:内科_小児科】滋賀県彦根市西沼波町２６９－１８" }, "geometry": { "type": "Point", "coordinates": [ 136.264397, 35.259406 ] } },
{ "type": "Feature", "properties": { "ID": 2522250008970, "正式名称": "うえだ　ウィメンズ　クリニック", "機関区分": 2, "都道府県コード": 25, "市区町村コード": 204, "所在地": "滋賀県近江八幡市堀上町１９３－１", "緯度": 35.118267, "経度": 136.094453, "url": "https://www.iryou.teikyouseido.mhlw.go.jp/znk-web/juminkanja/S2430/initialize?prefCd=25&kikanCd=2250008970&kikanKbn=2", "url2": "http://www.ueda-womens.jp/", "内容": "うえだ　ウィメンズ　クリニック【2:診療所】【診療科目:産婦人科】滋賀県近江八幡市堀上町１９３－１" }, "geometry": { "type": "Point", "coordinates": [ 136.094453, 35.118267 ] } },
{ "type": "Feature", "properties": { "ID": 2522250008980, "正式名称": "目加田眼科", "機関区分": 2, "都道府県コード": 25, "市区町村コード": 202, "所在地": "滋賀県彦根市後三条町４９５－５", "緯度": 35.2631, "経度": 136.247786, "url": "https://www.iryou.teikyouseido.mhlw.go.jp/znk-web/juminkanja/S2430/initialize?prefCd=25&kikanCd=2250008980&kikanKbn=2", "url2": "http//www.eonet.ne.jp/~mec", "内容": "目加田眼科【2:診療所】【診療科目:眼科】滋賀県彦根市後三条町４９５－５" }, "geometry": { "type": "Point", "coordinates": [ 136.247786, 35.2631 ] } },
{ "type": "Feature", "properties": { "ID": 2522250008990, "正式名称": "医療法人扶佐会　よこた眼科クリニック", "機関区分": 2, "都道府県コード": 25, "市区町村コード": 383, "所在地": "滋賀県蒲生郡日野町松尾１１８９", "緯度": 35.017264, "経度": 136.237953, "url": "https://www.iryou.teikyouseido.mhlw.go.jp/znk-web/juminkanja/S2430/initialize?prefCd=25&kikanCd=2250008990&kikanKbn=2", "url2": null, "内容": "医療法人扶佐会　よこた眼科クリニック【2:診療所】【診療科目:眼科】滋賀県蒲生郡日野町松尾１１８９" }, "geometry": { "type": "Point", "coordinates": [ 136.237953, 35.017264 ] } },
{ "type": "Feature", "properties": { "ID": 2522250009000, "正式名称": "医療法人緑青会　栗東はた内科医院", "機関区分": 2, "都道府県コード": 25, "市区町村コード": 208, "所在地": "滋賀県栗東市苅原２３３", "緯度": 35.033433, "経度": 135.980869, "url": "https://www.iryou.teikyouseido.mhlw.go.jp/znk-web/juminkanja/S2430/initialize?prefCd=25&kikanCd=2250009000&kikanKbn=2", "url2": "https://sites.google.com/view/rittouhatanaika", "内容": "医療法人緑青会　栗東はた内科医院【2:診療所】【診療科目:内科_消化器内科】滋賀県栗東市苅原２３３" }, "geometry": { "type": "Point", "coordinates": [ 135.980869, 35.033433 ] } },
{ "type": "Feature", "properties": { "ID": 2522250009010, "正式名称": "のぞみクリニック", "機関区分": 2, "都道府県コード": 25, "市区町村コード": 206, "所在地": "滋賀県草津市草津町１９７３", "緯度": 35.018822, "経度": 135.946119, "url": "https://www.iryou.teikyouseido.mhlw.go.jp/znk-web/juminkanja/S2430/initialize?prefCd=25&kikanCd=2250009010&kikanKbn=2", "url2": "http://www.nozomiclinic.net", "内容": "のぞみクリニック【2:診療所】【診療科目:内科_神経内科_精神科_心療内科_アレルギー科】滋賀県草津市草津町１９７３" }, "geometry": { "type": "Point", "coordinates": [ 135.946119, 35.018822 ] } },
{ "type": "Feature", "properties": { "ID": 2522250009030, "正式名称": "湖都クリニック内科循環器内科", "機関区分": 2, "都道府県コード": 25, "市区町村コード": 201, "所在地": "滋賀県大津市皇子が丘２丁目９番１３号　ワイズアクト１階", "緯度": 35.023517, "経度": 135.856536, "url": "https://www.iryou.teikyouseido.mhlw.go.jp/znk-web/juminkanja/S2430/initialize?prefCd=25&kikanCd=2250009030&kikanKbn=2", "url2": "laketownclinic.com", "内容": "湖都クリニック内科循環器内科【2:診療所】【診療科目:内科_循環器内科】滋賀県大津市皇子が丘２丁目９番１３号　ワイズアクト１階" }, "geometry": { "type": "Point", "coordinates": [ 135.856536, 35.023517 ] } },
{ "type": "Feature", "properties": { "ID": 2522250009040, "正式名称": "中川　クリニック", "機関区分": 2, "都道府県コード": 25, "市区町村コード": 425, "所在地": "滋賀県愛知郡愛荘町沓掛３８２", "緯度": 35.180767, "経度": 136.212231, "url": "https://www.iryou.teikyouseido.mhlw.go.jp/znk-web/juminkanja/S2430/initialize?prefCd=25&kikanCd=2250009040&kikanKbn=2", "url2": "http://www.myclinic.ne.jp/naka2225/", "内容": "中川　クリニック【2:診療所】【診療科目:内科_循環器内科_小児科_皮膚科】滋賀県愛知郡愛荘町沓掛３８２" }, "geometry": { "type": "Point", "coordinates": [ 136.212231, 35.180767 ] } },
{ "type": "Feature", "properties": { "ID": 2522250009060, "正式名称": "ふせ　クリニック", "機関区分": 2, "都道府県コード": 25, "市区町村コード": 202, "所在地": "滋賀県彦根市地蔵町１９０－８", "緯度": 35.252656, "経度": 136.268536, "url": "https://www.iryou.teikyouseido.mhlw.go.jp/znk-web/juminkanja/S2430/initialize?prefCd=25&kikanCd=2250009060&kikanKbn=2", "url2": "https://hikone-fuse-clinic.jimdosite.com/", "内容": "ふせ　クリニック【2:診療所】【診療科目:内科_消化器内科_小児科】滋賀県彦根市地蔵町１９０－８" }, "geometry": { "type": "Point", "coordinates": [ 136.268536, 35.252656 ] } },
{ "type": "Feature", "properties": { "ID": 2522250009070, "正式名称": "あおき皮フ科", "機関区分": 2, "都道府県コード": 25, "市区町村コード": 213, "所在地": "滋賀県東近江市伊庭町３２６番地", "緯度": 35.176417, "経度": 136.158564, "url": "https://www.iryou.teikyouseido.mhlw.go.jp/znk-web/juminkanja/S2430/initialize?prefCd=25&kikanCd=2250009070&kikanKbn=2", "url2": "https://www.aoki-derma.com", "内容": "あおき皮フ科【2:診療所】【診療科目:皮膚科】滋賀県東近江市伊庭町３２６番地" }, "geometry": { "type": "Point", "coordinates": [ 136.158564, 35.176417 ] } },
{ "type": "Feature", "properties": { "ID": 2522250009090, "正式名称": "医療法人南草津けやきクリニック", "機関区分": 2, "都道府県コード": 25, "市区町村コード": 206, "所在地": "滋賀県草津市南草津一丁目１番８号　レガーロ南草津２階", "緯度": 35.003544, "経度": 135.946397, "url": "https://www.iryou.teikyouseido.mhlw.go.jp/znk-web/juminkanja/S2430/initialize?prefCd=25&kikanCd=2250009090&kikanKbn=2", "url2": "http://keyaki-cl.com/", "内容": "医療法人南草津けやきクリニック【2:診療所】【診療科目:精神科_老年精神科】滋賀県草津市南草津一丁目１番８号　レガーロ南草津２階" }, "geometry": { "type": "Point", "coordinates": [ 135.946397, 35.003544 ] } },
{ "type": "Feature", "properties": { "ID": 2522250009120, "正式名称": "長浜米原休日急患診療所", "機関区分": 2, "都道府県コード": 25, "市区町村コード": 203, "所在地": "滋賀県長浜市宮司町１１８１－２", "緯度": 35.379966, "経度": 136.286409, "url": "https://www.iryou.teikyouseido.mhlw.go.jp/znk-web/juminkanja/S2430/initialize?prefCd=25&kikanCd=2250009120&kikanKbn=2", "url2": "https://www.city.nagahama.lg.jp/0000000161.html", "内容": "長浜米原休日急患診療所【2:診療所】【診療科目:内科_小児科】滋賀県長浜市宮司町１１８１－２" }, "geometry": { "type": "Point", "coordinates": [ 136.286409, 35.379966 ] } },
{ "type": "Feature", "properties": { "ID": 2522250009140, "正式名称": "わたなべ湖西クリニック", "機関区分": 2, "都道府県コード": 25, "市区町村コード": 201, "所在地": "滋賀県大津市下阪本６丁目３８－１１", "緯度": 35.069901, "経度": 135.880131, "url": "https://www.iryou.teikyouseido.mhlw.go.jp/znk-web/juminkanja/S2430/initialize?prefCd=25&kikanCd=2250009140&kikanKbn=2", "url2": "http://www.w-koseiclinic.jp", "内容": "わたなべ湖西クリニック【2:診療所】【診療科目:内科_循環器内科】滋賀県大津市下阪本６丁目３８－１１" }, "geometry": { "type": "Point", "coordinates": [ 135.880131, 35.069901 ] } },
{ "type": "Feature", "properties": { "ID": 2522250009150, "正式名称": "こうの眼科", "機関区分": 2, "都道府県コード": 25, "市区町村コード": 201, "所在地": "滋賀県大津市下阪本６－３７－４", "緯度": 35.070017, "経度": 135.880897, "url": "https://www.iryou.teikyouseido.mhlw.go.jp/znk-web/juminkanja/S2430/initialize?prefCd=25&kikanCd=2250009150&kikanKbn=2", "url2": null, "内容": "こうの眼科【2:診療所】【診療科目:眼科】滋賀県大津市下阪本６－３７－４" }, "geometry": { "type": "Point", "coordinates": [ 135.880897, 35.070017 ] } },
{ "type": "Feature", "properties": { "ID": 2522250009170, "正式名称": "山岡医院", "機関区分": 2, "都道府県コード": 25, "市区町村コード": 201, "所在地": "滋賀県大津市坂本６－２７－２１", "緯度": 35.071683, "経度": 135.872286, "url": "https://www.iryou.teikyouseido.mhlw.go.jp/znk-web/juminkanja/S2430/initialize?prefCd=25&kikanCd=2250009170&kikanKbn=2", "url2": null, "内容": "山岡医院【2:診療所】【診療科目:内科_精神科】滋賀県大津市坂本６－２７－２１" }, "geometry": { "type": "Point", "coordinates": [ 135.872286, 35.071683 ] } },
{ "type": "Feature", "properties": { "ID": 2522250009190, "正式名称": "糖尿病クリニック　堅田", "機関区分": 2, "都道府県コード": 25, "市区町村コード": 201, "所在地": "滋賀県大津市本堅田５丁目２０－１０アルプラザ堅田３Ｆ", "緯度": 35.119322, "経度": 135.915564, "url": "https://www.iryou.teikyouseido.mhlw.go.jp/znk-web/juminkanja/S2430/initialize?prefCd=25&kikanCd=2250009190&kikanKbn=2", "url2": "http://toukuri.jp", "内容": "糖尿病クリニック　堅田【2:診療所】【診療科目:糖尿病内科_代謝内科_内分泌内科_糖尿病・内分泌内科_糖尿病・代謝内科】滋賀県大津市本堅田５丁目２０－１０アルプラザ堅田３Ｆ" }, "geometry": { "type": "Point", "coordinates": [ 135.915564, 35.119322 ] } },
{ "type": "Feature", "properties": { "ID": 2522250009210, "正式名称": "医療法人なかじま内科・整形スポーツクリニック", "機関区分": 2, "都道府県コード": 25, "市区町村コード": 201, "所在地": "滋賀県大津市長等２丁目１０－１", "緯度": 35.008962, "経度": 135.862207, "url": "https://www.iryou.teikyouseido.mhlw.go.jp/znk-web/juminkanja/S2430/initialize?prefCd=25&kikanCd=2250009210&kikanKbn=2", "url2": "https://nakajima-trj.com", "内容": "医療法人なかじま内科・整形スポーツクリニック【2:診療所】【診療科目:内科_消化器内科_肝臓内科_内視鏡内科_整形外科_リハビリテーション科】滋賀県大津市長等２丁目１０－１" }, "geometry": { "type": "Point", "coordinates": [ 135.862207, 35.008962 ] } },
{ "type": "Feature", "properties": { "ID": 2522250009220, "正式名称": "梅井外科皮フ科クリニック", "機関区分": 2, "都道府県コード": 25, "市区町村コード": 208, "所在地": "滋賀県栗東市安養寺１－２－２５", "緯度": 35.023544, "経度": 135.999481, "url": "https://www.iryou.teikyouseido.mhlw.go.jp/znk-web/juminkanja/S2430/initialize?prefCd=25&kikanCd=2250009220&kikanKbn=2", "url2": null, "内容": "梅井外科皮フ科クリニック【2:診療所】【診療科目:胃腸内科_外科_肛門外科_整形外科_皮膚科_放射線科_麻酔科】滋賀県栗東市安養寺１－２－２５" }, "geometry": { "type": "Point", "coordinates": [ 135.999481, 35.023544 ] } },
{ "type": "Feature", "properties": { "ID": 2522250009230, "正式名称": "医療法人拓真会　つかもと耳鼻咽喉科", "機関区分": 2, "都道府県コード": 25, "市区町村コード": 207, "所在地": "滋賀県守山市梅田町１５－７", "緯度": 35.05217, "経度": 135.995844, "url": "https://www.iryou.teikyouseido.mhlw.go.jp/znk-web/juminkanja/S2430/initialize?prefCd=25&kikanCd=2250009230&kikanKbn=2", "url2": "http://www.tsukamoto-jibika.com/pc/", "内容": "医療法人拓真会　つかもと耳鼻咽喉科【2:診療所】【診療科目:耳鼻いんこう科_アレルギー科】滋賀県守山市梅田町１５－７" }, "geometry": { "type": "Point", "coordinates": [ 135.995844, 35.05217 ] } },
{ "type": "Feature", "properties": { "ID": 2522250009250, "正式名称": "医療法人社団三愛小児科診療所", "機関区分": 2, "都道府県コード": 25, "市区町村コード": 208, "所在地": "滋賀県栗東市小柿６－１０－２", "緯度": 35.023758, "経度": 135.970302, "url": "https://www.iryou.teikyouseido.mhlw.go.jp/znk-web/juminkanja/S2430/initialize?prefCd=25&kikanCd=2250009250&kikanKbn=2", "url2": "https://sanaiped.com", "内容": "医療法人社団三愛小児科診療所【2:診療所】【診療科目:小児科_アレルギー科】滋賀県栗東市小柿６－１０－２" }, "geometry": { "type": "Point", "coordinates": [ 135.970302, 35.023758 ] } },
{ "type": "Feature", "properties": { "ID": 2522250009260, "正式名称": "だんの皮フ科クリニック", "機関区分": 2, "都道府県コード": 25, "市区町村コード": 208, "所在地": "滋賀県栗東市綣１－１０－１", "緯度": 35.037572, "経度": 135.984314, "url": "https://www.iryou.teikyouseido.mhlw.go.jp/znk-web/juminkanja/S2430/initialize?prefCd=25&kikanCd=2250009260&kikanKbn=2", "url2": null, "内容": "だんの皮フ科クリニック【2:診療所】【診療科目:皮膚科】滋賀県栗東市綣１－１０－１" }, "geometry": { "type": "Point", "coordinates": [ 135.984314, 35.037572 ] } },
{ "type": "Feature", "properties": { "ID": 2522250009270, "正式名称": "びわこ皮フ科", "機関区分": 2, "都道府県コード": 25, "市区町村コード": 208, "所在地": "滋賀県栗東市小柿１０－１６－１４", "緯度": 35.017628, "経度": 135.972758, "url": "https://www.iryou.teikyouseido.mhlw.go.jp/znk-web/juminkanja/S2430/initialize?prefCd=25&kikanCd=2250009270&kikanKbn=2", "url2": "http://biwakohifuka.com/", "内容": "びわこ皮フ科【2:診療所】【診療科目:皮膚科】滋賀県栗東市小柿１０－１６－１４" }, "geometry": { "type": "Point", "coordinates": [ 135.972758, 35.017628 ] } },
{ "type": "Feature", "properties": { "ID": 2522250009290, "正式名称": "にし内科クリニック", "機関区分": 2, "都道府県コード": 25, "市区町村コード": 206, "所在地": "滋賀県草津市下笠町７６－５", "緯度": 35.034406, "経度": 135.939925, "url": "https://www.iryou.teikyouseido.mhlw.go.jp/znk-web/juminkanja/S2430/initialize?prefCd=25&kikanCd=2250009290&kikanKbn=2", "url2": null, "内容": "にし内科クリニック【2:診療所】【診療科目:内科_循環器内科】滋賀県草津市下笠町７６－５" }, "geometry": { "type": "Point", "coordinates": [ 135.939925, 35.034406 ] } },
{ "type": "Feature", "properties": { "ID": 2522250009300, "正式名称": "久徳医院", "機関区分": 2, "都道府県コード": 25, "市区町村コード": 206, "所在地": "滋賀県草津市草津二丁目４－１７", "緯度": 35.016406, "経度": 135.959119, "url": "https://www.iryou.teikyouseido.mhlw.go.jp/znk-web/juminkanja/S2430/initialize?prefCd=25&kikanCd=2250009300&kikanKbn=2", "url2": null, "内容": "久徳医院【2:診療所】【診療科目:内科_呼吸器内科_循環器内科_消化器内科_リハビリテーション科】滋賀県草津市草津二丁目４－１７" }, "geometry": { "type": "Point", "coordinates": [ 135.959119, 35.016406 ] } },
{ "type": "Feature", "properties": { "ID": 2522250009320, "正式名称": "はしもと赤ちゃんキッズクリニック", "機関区分": 2, "都道府県コード": 25, "市区町村コード": 206, "所在地": "滋賀県草津市南草津３丁目１－９", "緯度": 35.005822, "経度": 135.942869, "url": "https://www.iryou.teikyouseido.mhlw.go.jp/znk-web/juminkanja/S2430/initialize?prefCd=25&kikanCd=2250009320&kikanKbn=2", "url2": "http://www.hbkc2008.com", "内容": "はしもと赤ちゃんキッズクリニック【2:診療所】【診療科目:小児科_新生児内科】滋賀県草津市南草津３丁目１－９" }, "geometry": { "type": "Point", "coordinates": [ 135.942869, 35.005822 ] } },
{ "type": "Feature", "properties": { "ID": 2522250009350, "正式名称": "内科・胃腸科　井上クリニック", "機関区分": 2, "都道府県コード": 25, "市区町村コード": 207, "所在地": "滋賀県守山市吉身３丁目１４－４６", "緯度": 35.061017, "経度": 135.997814, "url": "https://www.iryou.teikyouseido.mhlw.go.jp/znk-web/juminkanja/S2430/initialize?prefCd=25&kikanCd=2250009350&kikanKbn=2", "url2": "https://inoue-clinic-naikaichouka.com/", "内容": "内科・胃腸科　井上クリニック【2:診療所】【診療科目:内科_消化器内科_胃腸内科】滋賀県守山市吉身３丁目１４－４６" }, "geometry": { "type": "Point", "coordinates": [ 135.997814, 35.061017 ] } },
{ "type": "Feature", "properties": { "ID": 2522250009390, "正式名称": "吉田クリニック", "機関区分": 2, "都道府県コード": 25, "市区町村コード": 210, "所在地": "滋賀県野洲市市三宅２７３２", "緯度": 35.068906, "経度": 136.018647, "url": "https://www.iryou.teikyouseido.mhlw.go.jp/znk-web/juminkanja/S2430/initialize?prefCd=25&kikanCd=2250009390&kikanKbn=2", "url2": null, "内容": "吉田クリニック【2:診療所】【診療科目:内科_循環器内科】滋賀県野洲市市三宅２７３２" }, "geometry": { "type": "Point", "coordinates": [ 136.018647, 35.068906 ] } },
{ "type": "Feature", "properties": { "ID": 2522250009400, "正式名称": "医療法人本田医院", "機関区分": 2, "都道府県コード": 25, "市区町村コード": 210, "所在地": "滋賀県野洲市近江富士二丁目５番２号", "緯度": 35.0386, "経度": 136.037369, "url": "https://www.iryou.teikyouseido.mhlw.go.jp/znk-web/juminkanja/S2430/initialize?prefCd=25&kikanCd=2250009400&kikanKbn=2", "url2": "honda-iin.net", "内容": "医療法人本田医院【2:診療所】【診療科目:内科_糖尿病内科_小児科】滋賀県野洲市近江富士二丁目５番２号" }, "geometry": { "type": "Point", "coordinates": [ 136.037369, 35.0386 ] } },
{ "type": "Feature", "properties": { "ID": 2522250009410, "正式名称": "北村眼科", "機関区分": 2, "都道府県コード": 25, "市区町村コード": 210, "所在地": "滋賀県野洲市行畑１－１２－６", "緯度": 35.06235, "経度": 136.018342, "url": "https://www.iryou.teikyouseido.mhlw.go.jp/znk-web/juminkanja/S2430/initialize?prefCd=25&kikanCd=2250009410&kikanKbn=2", "url2": null, "内容": "北村眼科【2:診療所】【診療科目:眼科】滋賀県野洲市行畑１－１２－６" }, "geometry": { "type": "Point", "coordinates": [ 136.018342, 35.06235 ] } },
{ "type": "Feature", "properties": { "ID": 2522250009420, "正式名称": "えとうクリニック", "機関区分": 2, "都道府県コード": 25, "市区町村コード": 210, "所在地": "滋賀県野洲市吉地１－１１９３", "緯度": 35.101961, "経度": 136.010147, "url": "https://www.iryou.teikyouseido.mhlw.go.jp/znk-web/juminkanja/S2430/initialize?prefCd=25&kikanCd=2250009420&kikanKbn=2", "url2": "https://www.eto-cl.com/", "内容": "えとうクリニック【2:診療所】【診療科目:内科_消化器内科_小児科】滋賀県野洲市吉地１－１１９３" }, "geometry": { "type": "Point", "coordinates": [ 136.010147, 35.101961 ] } },
{ "type": "Feature", "properties": { "ID": 2522250009430, "正式名称": "髙田クリニック", "機関区分": 2, "都道府県コード": 25, "市区町村コード": 210, "所在地": "滋賀県野洲市行畑７３６番地", "緯度": 35.061739, "経度": 136.025758, "url": "https://www.iryou.teikyouseido.mhlw.go.jp/znk-web/juminkanja/S2430/initialize?prefCd=25&kikanCd=2250009430&kikanKbn=2", "url2": "http://takataclinic.com", "内容": "髙田クリニック【2:診療所】【診療科目:内科_外科_皮膚科】滋賀県野洲市行畑７３６番地" }, "geometry": { "type": "Point", "coordinates": [ 136.025758, 35.061739 ] } },
{ "type": "Feature", "properties": { "ID": 2522250009440, "正式名称": "甲原医院", "機関区分": 2, "都道府県コード": 25, "市区町村コード": 210, "所在地": "滋賀県野洲市小篠原２０５７－１", "緯度": 35.068123, "経度": 136.025766, "url": "https://www.iryou.teikyouseido.mhlw.go.jp/znk-web/juminkanja/S2430/initialize?prefCd=25&kikanCd=2250009440&kikanKbn=2", "url2": "http://www.kohara-dr.com/", "内容": "甲原医院【2:診療所】【診療科目:内科_循環器内科_消化器内科】滋賀県野洲市小篠原２０５７－１" }, "geometry": { "type": "Point", "coordinates": [ 136.025766, 35.068123 ] } },
{ "type": "Feature", "properties": { "ID": 2522250009450, "正式名称": "医療法人　藤井医院", "機関区分": 2, "都道府県コード": 25, "市区町村コード": 210, "所在地": "滋賀県野洲市市三宅２４８０番地", "緯度": 35.068072, "経度": 136.018925, "url": "https://www.iryou.teikyouseido.mhlw.go.jp/znk-web/juminkanja/S2430/initialize?prefCd=25&kikanCd=2250009450&kikanKbn=2", "url2": null, "内容": "医療法人　藤井医院【2:診療所】【診療科目:内科_外科_整形外科_皮膚科】滋賀県野洲市市三宅２４８０番地" }, "geometry": { "type": "Point", "coordinates": [ 136.018925, 35.068072 ] } },
{ "type": "Feature", "properties": { "ID": 2522250009470, "正式名称": "医療法人　大高医院", "機関区分": 2, "都道府県コード": 25, "市区町村コード": 201, "所在地": "滋賀県大津市打出浜６－７", "緯度": 35.004072, "経度": 135.876592, "url": "https://www.iryou.teikyouseido.mhlw.go.jp/znk-web/juminkanja/S2430/initialize?prefCd=25&kikanCd=2250009470&kikanKbn=2", "url2": "https://ootaka-iin.amebaownd.com/", "内容": "医療法人　大高医院【2:診療所】【診療科目:内科】滋賀県大津市打出浜６－７" }, "geometry": { "type": "Point", "coordinates": [ 135.876592, 35.004072 ] } },
{ "type": "Feature", "properties": { "ID": 2522250009480, "正式名称": "いのうえ眼科", "機関区分": 2, "都道府県コード": 25, "市区町村コード": 201, "所在地": "滋賀県大津市丸の内町１１－５", "緯度": 34.996544, "経度": 135.894231, "url": "https://www.iryou.teikyouseido.mhlw.go.jp/znk-web/juminkanja/S2430/initialize?prefCd=25&kikanCd=2250009480&kikanKbn=2", "url2": "http://inoueganka.com", "内容": "いのうえ眼科【2:診療所】【診療科目:眼科】滋賀県大津市丸の内町１１－５" }, "geometry": { "type": "Point", "coordinates": [ 135.894231, 34.996544 ] } },
{ "type": "Feature", "properties": { "ID": 2522250009510, "正式名称": "かたた眼科医院", "機関区分": 2, "都道府県コード": 25, "市区町村コード": 201, "所在地": "滋賀県大津市真野１丁目１－１　コジャックビル２階", "緯度": 35.1216, "経度": 135.916008, "url": "https://www.iryou.teikyouseido.mhlw.go.jp/znk-web/juminkanja/S2430/initialize?prefCd=25&kikanCd=2250009510&kikanKbn=2", "url2": null, "内容": "かたた眼科医院【2:診療所】【診療科目:眼科】滋賀県大津市真野１丁目１－１　コジャックビル２階" }, "geometry": { "type": "Point", "coordinates": [ 135.916008, 35.1216 ] } },
{ "type": "Feature", "properties": { "ID": 2522250009520, "正式名称": "せきい眼科", "機関区分": 2, "都道府県コード": 25, "市区町村コード": 201, "所在地": "滋賀県大津市平津１丁目１２－１１", "緯度": 34.950072, "経度": 135.909925, "url": "https://www.iryou.teikyouseido.mhlw.go.jp/znk-web/juminkanja/S2430/initialize?prefCd=25&kikanCd=2250009520&kikanKbn=2", "url2": null, "内容": "せきい眼科【2:診療所】【診療科目:眼科】滋賀県大津市平津１丁目１２－１１" }, "geometry": { "type": "Point", "coordinates": [ 135.909925, 34.950072 ] } },
{ "type": "Feature", "properties": { "ID": 2522250009530, "正式名称": "尾崎眼科", "機関区分": 2, "都道府県コード": 25, "市区町村コード": 203, "所在地": "滋賀県長浜市弥高町１７５－１", "緯度": 35.372378, "経度": 136.278258, "url": "https://www.iryou.teikyouseido.mhlw.go.jp/znk-web/juminkanja/S2430/initialize?prefCd=25&kikanCd=2250009530&kikanKbn=2", "url2": null, "内容": "尾崎眼科【2:診療所】【診療科目:眼科】滋賀県長浜市弥高町１７５－１" }, "geometry": { "type": "Point", "coordinates": [ 136.278258, 35.372378 ] } },
{ "type": "Feature", "properties": { "ID": 2522250009550, "正式名称": "医療法人柊英会　佐々木クリニック", "機関区分": 2, "都道府県コード": 25, "市区町村コード": 203, "所在地": "滋賀県長浜市小堀町８０－１", "緯度": 35.389822, "経度": 136.290203, "url": "https://www.iryou.teikyouseido.mhlw.go.jp/znk-web/juminkanja/S2430/initialize?prefCd=25&kikanCd=2250009550&kikanKbn=2", "url2": "https://kohokuishikai.jp/iryokikan/sasaki/", "内容": "医療法人柊英会　佐々木クリニック【2:診療所】【診療科目:内科_放射線科】滋賀県長浜市小堀町８０－１" }, "geometry": { "type": "Point", "coordinates": [ 136.290203, 35.389822 ] } },
{ "type": "Feature", "properties": { "ID": 2522250009560, "正式名称": "草津レディースクリニック", "機関区分": 2, "都道府県コード": 25, "市区町村コード": 206, "所在地": "滋賀県草津市渋川１丁目２番２６－２０７号", "緯度": 35.022406, "経度": 135.964008, "url": "https://www.iryou.teikyouseido.mhlw.go.jp/znk-web/juminkanja/S2430/initialize?prefCd=25&kikanCd=2250009560&kikanKbn=2", "url2": "https://www.nomura-magokoro-med.or.jp/", "内容": "草津レディースクリニック【2:診療所】【診療科目:産婦人科_産婦人科（生殖医療）】滋賀県草津市渋川１丁目２番２６－２０７号" }, "geometry": { "type": "Point", "coordinates": [ 135.964008, 35.022406 ] } },
{ "type": "Feature", "properties": { "ID": 2522250009610, "正式名称": "医療法人景湖　ピュアクリニック", "機関区分": 2, "都道府県コード": 25, "市区町村コード": 212, "所在地": "滋賀県高島市今津町浜分６７－１２８", "緯度": 35.416544, "経度": 136.044536, "url": "https://www.iryou.teikyouseido.mhlw.go.jp/znk-web/juminkanja/S2430/initialize?prefCd=25&kikanCd=2250009610&kikanKbn=2", "url2": "http://www.keiko-pureclinic.com/", "内容": "医療法人景湖　ピュアクリニック【2:診療所】【診療科目:内科_呼吸器内科_循環器内科_美容皮膚科】滋賀県高島市今津町浜分６７－１２８" }, "geometry": { "type": "Point", "coordinates": [ 136.044536, 35.416544 ] } },
{ "type": "Feature", "properties": { "ID": 2522250009660, "正式名称": "ハートクリニックこころ", "機関区分": 2, "都道府県コード": 25, "市区町村コード": 209, "所在地": "滋賀県甲賀市甲南町野尻４１１", "緯度": 34.916294, "経度": 136.179731, "url": "https://www.iryou.teikyouseido.mhlw.go.jp/znk-web/juminkanja/S2430/initialize?prefCd=25&kikanCd=2250009660&kikanKbn=2", "url2": "http://www.kokoro-shiga.org/", "内容": "ハートクリニックこころ【2:診療所】【診療科目:内科_循環器内科_心臓血管外科】滋賀県甲賀市甲南町野尻４１１" }, "geometry": { "type": "Point", "coordinates": [ 136.179731, 34.916294 ] } },
{ "type": "Feature", "properties": { "ID": 2522250009680, "正式名称": "かなじ耳鼻咽喉科", "機関区分": 2, "都道府県コード": 25, "市区町村コード": 209, "所在地": "滋賀県甲賀市水口町水口樫の実５９９３－１", "緯度": 34.967433, "経度": 136.163786, "url": "https://www.iryou.teikyouseido.mhlw.go.jp/znk-web/juminkanja/S2430/initialize?prefCd=25&kikanCd=2250009680&kikanKbn=2", "url2": null, "内容": "かなじ耳鼻咽喉科【2:診療所】【診療科目:耳鼻いんこう科_アレルギー科】滋賀県甲賀市水口町水口樫の実５９９３－１" }, "geometry": { "type": "Point", "coordinates": [ 136.163786, 34.967433 ] } },
{ "type": "Feature", "properties": { "ID": 2522250009710, "正式名称": "長浜市立湖北病院中河内診療所", "機関区分": 2, "都道府県コード": 25, "市区町村コード": 203, "所在地": "滋賀県長浜市余呉町中河内８６－１", "緯度": 35.665351, "経度": 136.158553, "url": "https://www.iryou.teikyouseido.mhlw.go.jp/znk-web/juminkanja/S2430/initialize?prefCd=25&kikanCd=2250009710&kikanKbn=2", "url2": null, "内容": "長浜市立湖北病院中河内診療所【2:診療所】【診療科目:内科】滋賀県長浜市余呉町中河内８６－１" }, "geometry": { "type": "Point", "coordinates": [ 136.158553, 35.665351 ] } },
{ "type": "Feature", "properties": { "ID": 2522250009730, "正式名称": "長浜市立湖北病院杉野診療所", "機関区分": 2, "都道府県コード": 25, "市区町村コード": 203, "所在地": "滋賀県長浜市木之本町杉野２８１０－３", "緯度": 35.562517, "経度": 136.259564, "url": "https://www.iryou.teikyouseido.mhlw.go.jp/znk-web/juminkanja/S2430/initialize?prefCd=25&kikanCd=2250009730&kikanKbn=2", "url2": null, "内容": "長浜市立湖北病院杉野診療所【2:診療所】【診療科目:内科】滋賀県長浜市木之本町杉野２８１０－３" }, "geometry": { "type": "Point", "coordinates": [ 136.259564, 35.562517 ] } },
{ "type": "Feature", "properties": { "ID": 2522250009750, "正式名称": "古西医院", "機関区分": 2, "都道府県コード": 25, "市区町村コード": 209, "所在地": "滋賀県甲賀市甲賀町拝坂８３３－１４１", "緯度": 34.9036, "経度": 136.223953, "url": "https://www.iryou.teikyouseido.mhlw.go.jp/znk-web/juminkanja/S2430/initialize?prefCd=25&kikanCd=2250009750&kikanKbn=2", "url2": null, "内容": "古西医院【2:診療所】【診療科目:内科】滋賀県甲賀市甲賀町拝坂８３３－１４１" }, "geometry": { "type": "Point", "coordinates": [ 136.223953, 34.9036 ] } },
{ "type": "Feature", "properties": { "ID": 2522250009770, "正式名称": "医療法人川端医院", "機関区分": 2, "都道府県コード": 25, "市区町村コード": 209, "所在地": "滋賀県甲賀市土山町徳原４５１番地", "緯度": 34.9486, "経度": 136.229536, "url": "https://www.iryou.teikyouseido.mhlw.go.jp/znk-web/juminkanja/S2430/initialize?prefCd=25&kikanCd=2250009770&kikanKbn=2", "url2": null, "内容": "医療法人川端医院【2:診療所】【診療科目:内科_小児科_美容皮膚科】滋賀県甲賀市土山町徳原４５１番地" }, "geometry": { "type": "Point", "coordinates": [ 136.229536, 34.9486 ] } },
{ "type": "Feature", "properties": { "ID": 2522250009780, "正式名称": "医療法人荒川クリニック", "機関区分": 2, "都道府県コード": 25, "市区町村コード": 211, "所在地": "滋賀県湖南市梅影町３－１４", "緯度": 35.011156, "経度": 136.125675, "url": "https://www.iryou.teikyouseido.mhlw.go.jp/znk-web/juminkanja/S2430/initialize?prefCd=25&kikanCd=2250009780&kikanKbn=2", "url2": "https://www.arakawa-clinic.or.jp/", "内容": "医療法人荒川クリニック【2:診療所】【診療科目:内科_腎臓内科_人工透析内科】滋賀県湖南市梅影町３－１４" }, "geometry": { "type": "Point", "coordinates": [ 136.125675, 35.011156 ] } },
{ "type": "Feature", "properties": { "ID": 2522250009800, "正式名称": "医療法人　栗東内科・内視鏡クリニック", "機関区分": 2, "都道府県コード": 25, "市区町村コード": 208, "所在地": "滋賀県栗東市小野１７８", "緯度": 35.018183, "経度": 136.012953, "url": "https://www.iryou.teikyouseido.mhlw.go.jp/znk-web/juminkanja/S2430/initialize?prefCd=25&kikanCd=2250009800&kikanKbn=2", "url2": "https://www.ritto-endoscopy.com/", "内容": "医療法人　栗東内科・内視鏡クリニック【2:診療所】【診療科目:内科_消化器内科_胃腸内科_肝臓内科_内視鏡内科_放射線科】滋賀県栗東市小野１７８" }, "geometry": { "type": "Point", "coordinates": [ 136.012953, 35.018183 ] } },
{ "type": "Feature", "properties": { "ID": 2522250009810, "正式名称": "湖南市立水戸診療所", "機関区分": 2, "都道府県コード": 25, "市区町村コード": 211, "所在地": "滋賀県湖南市西峰町１番地１", "緯度": 35.013711, "経度": 136.126064, "url": "https://www.iryou.teikyouseido.mhlw.go.jp/znk-web/juminkanja/S2430/initialize?prefCd=25&kikanCd=2250009810&kikanKbn=2", "url2": null, "内容": "湖南市立水戸診療所【2:診療所】【診療科目:内科_小児科】滋賀県湖南市西峰町１番地１" }, "geometry": { "type": "Point", "coordinates": [ 136.126064, 35.013711 ] } },
{ "type": "Feature", "properties": { "ID": 2522250009820, "正式名称": "長浜市立湖北病院金居原診療所", "機関区分": 2, "都道府県コード": 25, "市区町村コード": 203, "所在地": "滋賀県長浜市木之本町金居原１２３４", "緯度": 35.574711, "経度": 136.283258, "url": "https://www.iryou.teikyouseido.mhlw.go.jp/znk-web/juminkanja/S2430/initialize?prefCd=25&kikanCd=2250009820&kikanKbn=2", "url2": null, "内容": "長浜市立湖北病院金居原診療所【2:診療所】【診療科目:内科】滋賀県長浜市木之本町金居原１２３４" }, "geometry": { "type": "Point", "coordinates": [ 136.283258, 35.574711 ] } },
{ "type": "Feature", "properties": { "ID": 2522250009830, "正式名称": "田中ファミリークリニック", "機関区分": 2, "都道府県コード": 25, "市区町村コード": 201, "所在地": "滋賀県大津市本堅田４丁目６番２２号", "緯度": 35.116711, "経度": 135.917925, "url": "https://www.iryou.teikyouseido.mhlw.go.jp/znk-web/juminkanja/S2430/initialize?prefCd=25&kikanCd=2250009830&kikanKbn=2", "url2": "http://www.tanaka-f-clinic.com", "内容": "田中ファミリークリニック【2:診療所】【診療科目:内科_小児科_泌尿器科】滋賀県大津市本堅田４丁目６番２２号" }, "geometry": { "type": "Point", "coordinates": [ 135.917925, 35.116711 ] } },
{ "type": "Feature", "properties": { "ID": 2522250009850, "正式名称": "つばさ　クリニック", "機関区分": 2, "都道府県コード": 25, "市区町村コード": 209, "所在地": "滋賀県甲賀市水口町綾野３－３３", "緯度": 34.975628, "経度": 136.168342, "url": "https://www.iryou.teikyouseido.mhlw.go.jp/znk-web/juminkanja/S2430/initialize?prefCd=25&kikanCd=2250009850&kikanKbn=2", "url2": "http://www.tsubasa-clinic.org", "内容": "つばさ　クリニック【2:診療所】【診療科目:内科_循環器内科_小児科】滋賀県甲賀市水口町綾野３－３３" }, "geometry": { "type": "Point", "coordinates": [ 136.168342, 34.975628 ] } },
{ "type": "Feature", "properties": { "ID": 2522250009860, "正式名称": "すみよしクリニック", "機関区分": 2, "都道府県コード": 25, "市区町村コード": 202, "所在地": "滋賀県彦根市小泉町１０６－１－１０３", "緯度": 35.245683, "経度": 136.248619, "url": "https://www.iryou.teikyouseido.mhlw.go.jp/znk-web/juminkanja/S2430/initialize?prefCd=25&kikanCd=2250009860&kikanKbn=2", "url2": "www.koyoukai.com", "内容": "すみよしクリニック【2:診療所】【診療科目:内科_消化器内科_小児科】滋賀県彦根市小泉町１０６－１－１０３" }, "geometry": { "type": "Point", "coordinates": [ 136.248619, 35.245683 ] } },
{ "type": "Feature", "properties": { "ID": 2522250009880, "正式名称": "滝本医院", "機関区分": 2, "都道府県コード": 25, "市区町村コード": 201, "所在地": "滋賀県大津市下阪本１丁目２０番１１号", "緯度": 35.055822, "経度": 135.873574, "url": "https://www.iryou.teikyouseido.mhlw.go.jp/znk-web/juminkanja/S2430/initialize?prefCd=25&kikanCd=2250009880&kikanKbn=2", "url2": null, "内容": "滝本医院【2:診療所】【診療科目:内科_消化器内科】滋賀県大津市下阪本１丁目２０番１１号" }, "geometry": { "type": "Point", "coordinates": [ 135.873574, 35.055822 ] } },
{ "type": "Feature", "properties": { "ID": 2522250009930, "正式名称": "医療法人社団　こやま整形外科医院", "機関区分": 2, "都道府県コード": 25, "市区町村コード": 213, "所在地": "滋賀県東近江市蛇溝町１８０", "緯度": 35.095574, "経度": 136.187028, "url": "https://www.iryou.teikyouseido.mhlw.go.jp/znk-web/juminkanja/S2430/initialize?prefCd=25&kikanCd=2250009930&kikanKbn=2", "url2": null, "内容": "医療法人社団　こやま整形外科医院【2:診療所】【診療科目:整形外科_リウマチ科_リハビリテーション科】滋賀県東近江市蛇溝町１８０" }, "geometry": { "type": "Point", "coordinates": [ 136.187028, 35.095574 ] } },
{ "type": "Feature", "properties": { "ID": 2522250009950, "正式名称": "西村整形外科医院", "機関区分": 2, "都道府県コード": 25, "市区町村コード": 201, "所在地": "滋賀県大津市本丸町３番５", "緯度": 34.992568, "経度": 135.891785, "url": "https://www.iryou.teikyouseido.mhlw.go.jp/znk-web/juminkanja/S2430/initialize?prefCd=25&kikanCd=2250009950&kikanKbn=2", "url2": null, "内容": "西村整形外科医院【2:診療所】【診療科目:整形外科_リウマチ科_リハビリテーション科】滋賀県大津市本丸町３番５" }, "geometry": { "type": "Point", "coordinates": [ 135.891785, 34.992568 ] } },
{ "type": "Feature", "properties": { "ID": 2522250009980, "正式名称": "おかじまクリニック", "機関区分": 2, "都道府県コード": 25, "市区町村コード": 201, "所在地": "滋賀県大津市今堅田２－６－１", "緯度": 35.120598, "経度": 135.920176, "url": "https://www.iryou.teikyouseido.mhlw.go.jp/znk-web/juminkanja/S2430/initialize?prefCd=25&kikanCd=2250009980&kikanKbn=2", "url2": null, "内容": "おかじまクリニック【2:診療所】【診療科目:整形外科】滋賀県大津市今堅田２－６－１" }, "geometry": { "type": "Point", "coordinates": [ 135.920176, 35.120598 ] } },
{ "type": "Feature", "properties": { "ID": 2522250009990, "正式名称": "医療法人　前田クリニック", "機関区分": 2, "都道府県コード": 25, "市区町村コード": 201, "所在地": "滋賀県大津市竜が丘３－９", "緯度": 34.998412, "経度": 135.879744, "url": "https://www.iryou.teikyouseido.mhlw.go.jp/znk-web/juminkanja/S2430/initialize?prefCd=25&kikanCd=2250009990&kikanKbn=2", "url2": null, "内容": "医療法人　前田クリニック【2:診療所】【診療科目:内科_整形外科_リハビリテーション科】滋賀県大津市竜が丘３－９" }, "geometry": { "type": "Point", "coordinates": [ 135.879744, 34.998412 ] } },
{ "type": "Feature", "properties": { "ID": 2522250010020, "正式名称": "田中クリニック", "機関区分": 2, "都道府県コード": 25, "市区町村コード": 201, "所在地": "滋賀県大津市唐崎３丁目３の２７", "緯度": 35.048264, "経度": 135.8639, "url": "https://www.iryou.teikyouseido.mhlw.go.jp/znk-web/juminkanja/S2430/initialize?prefCd=25&kikanCd=2250010020&kikanKbn=2", "url2": null, "内容": "田中クリニック【2:診療所】【診療科目:内科_外科_整形外科】滋賀県大津市唐崎３丁目３の２７" }, "geometry": { "type": "Point", "coordinates": [ 135.8639, 35.048264 ] } },
{ "type": "Feature", "properties": { "ID": 2522250010050, "正式名称": "医療法人　永谷皮フ科医院", "機関区分": 2, "都道府県コード": 25, "市区町村コード": 201, "所在地": "滋賀県大津市馬場一丁目３－４", "緯度": 35.001286, "経度": 135.881064, "url": "https://www.iryou.teikyouseido.mhlw.go.jp/znk-web/juminkanja/S2430/initialize?prefCd=25&kikanCd=2250010050&kikanKbn=2", "url2": "http://www.myclinic.ne.jp/nagatani/pc/", "内容": "医療法人　永谷皮フ科医院【2:診療所】【診療科目:皮膚科】滋賀県大津市馬場一丁目３－４" }, "geometry": { "type": "Point", "coordinates": [ 135.881064, 35.001286 ] } },
{ "type": "Feature", "properties": { "ID": 2522250010160, "正式名称": "あさの内科クリニック", "機関区分": 2, "都道府県コード": 25, "市区町村コード": 206, "所在地": "滋賀県草津市追分南一丁目１番１４－１Ｆ号", "緯度": 34.999475, "経度": 135.960039, "url": "https://www.iryou.teikyouseido.mhlw.go.jp/znk-web/juminkanja/S2430/initialize?prefCd=25&kikanCd=2250010160&kikanKbn=2", "url2": "http://www.myclinic.ne.jp/asacli/pc/", "内容": "あさの内科クリニック【2:診療所】【診療科目:内科_消化器内科】滋賀県草津市追分南一丁目１番１４－１Ｆ号" }, "geometry": { "type": "Point", "coordinates": [ 135.960039, 34.999475 ] } },
{ "type": "Feature", "properties": { "ID": 2522250010180, "正式名称": "医療法人社団成仁会　成美記念クリニック", "機関区分": 2, "都道府県コード": 25, "市区町村コード": 202, "所在地": "滋賀県彦根市賀田山町１４０５－３", "緯度": 35.223406, "経度": 136.206401, "url": "https://www.iryou.teikyouseido.mhlw.go.jp/znk-web/juminkanja/S2430/initialize?prefCd=25&kikanCd=2250010180&kikanKbn=2", "url2": "https://www.narumi-kinen-cl.jp/", "内容": "医療法人社団成仁会　成美記念クリニック【2:診療所】【診療科目:内科_呼吸器内科_循環器内科_消化器内科_小児科】滋賀県彦根市賀田山町１４０５－３" }, "geometry": { "type": "Point", "coordinates": [ 136.206401, 35.223406 ] } },
{ "type": "Feature", "properties": { "ID": 2522250010220, "正式名称": "医療法人遠田整形外科", "機関区分": 2, "都道府県コード": 25, "市区町村コード": 210, "所在地": "滋賀県野洲市市三宅２３３９－１", "緯度": 35.072184, "経度": 136.012241, "url": "https://www.iryou.teikyouseido.mhlw.go.jp/znk-web/juminkanja/S2430/initialize?prefCd=25&kikanCd=2250010220&kikanKbn=2", "url2": "http://www.eonet.ne.jp/~tohdaclinic/tohdaclinic/toppuhtml", "内容": "医療法人遠田整形外科【2:診療所】【診療科目:整形外科_リウマチ科_リハビリテーション科】滋賀県野洲市市三宅２３３９－１" }, "geometry": { "type": "Point", "coordinates": [ 136.012241, 35.072184 ] } },
{ "type": "Feature", "properties": { "ID": 2522250010230, "正式名称": "原田医院", "機関区分": 2, "都道府県コード": 25, "市区町村コード": 201, "所在地": "滋賀県大津市粟津町１７－２１", "緯度": 34.977318, "経度": 135.900931, "url": "https://www.iryou.teikyouseido.mhlw.go.jp/znk-web/juminkanja/S2430/initialize?prefCd=25&kikanCd=2250010230&kikanKbn=2", "url2": "http://www.harada-resp.com/", "内容": "原田医院【2:診療所】【診療科目:内科_呼吸器内科_小児科】滋賀県大津市粟津町１７－２１" }, "geometry": { "type": "Point", "coordinates": [ 135.900931, 34.977318 ] } },
{ "type": "Feature", "properties": { "ID": 2522250010250, "正式名称": "医療法人翔誠会　おおはし腎透析クリニック", "機関区分": 2, "都道府県コード": 25, "市区町村コード": 210, "所在地": "滋賀県野洲市永原１８３３－４", "緯度": 35.090273, "経度": 136.029703, "url": "https://www.iryou.teikyouseido.mhlw.go.jp/znk-web/juminkanja/S2430/initialize?prefCd=25&kikanCd=2250010250&kikanKbn=2", "url2": "http://ohashi-jintoseki.com", "内容": "医療法人翔誠会　おおはし腎透析クリニック【2:診療所】【診療科目:腎臓内科_人工透析内科】滋賀県野洲市永原１８３３－４" }, "geometry": { "type": "Point", "coordinates": [ 136.029703, 35.090273 ] } },
{ "type": "Feature", "properties": { "ID": 2522250010310, "正式名称": "医療法人健尚会　こばやし整形外科", "機関区分": 2, "都道府県コード": 25, "市区町村コード": 206, "所在地": "滋賀県草津市渋川一丁目２番２６－２０２号", "緯度": 35.022349, "経度": 135.963821, "url": "https://www.iryou.teikyouseido.mhlw.go.jp/znk-web/juminkanja/S2430/initialize?prefCd=25&kikanCd=2250010310&kikanKbn=2", "url2": "http://www.medic~grp.co.jp/doctor/kobayashiseikei/", "内容": "医療法人健尚会　こばやし整形外科【2:診療所】【診療科目:整形外科_リウマチ科_リハビリテーション科】滋賀県草津市渋川一丁目２番２６－２０２号" }, "geometry": { "type": "Point", "coordinates": [ 135.963821, 35.022349 ] } },
{ "type": "Feature", "properties": { "ID": 2522250010330, "正式名称": "医療法人浅田クリニック", "機関区分": 2, "都道府県コード": 25, "市区町村コード": 209, "所在地": "滋賀県甲賀市水口町東名坂２２６－１", "緯度": 34.978445, "経度": 136.169651, "url": "https://www.iryou.teikyouseido.mhlw.go.jp/znk-web/juminkanja/S2430/initialize?prefCd=25&kikanCd=2250010330&kikanKbn=2", "url2": "asada-clinic.net", "内容": "医療法人浅田クリニック【2:診療所】【診療科目:内科_呼吸器内科_耳鼻いんこう科_気管食道・耳鼻いんこう科_アレルギー科】滋賀県甲賀市水口町東名坂２２６－１" }, "geometry": { "type": "Point", "coordinates": [ 136.169651, 34.978445 ] } },
{ "type": "Feature", "properties": { "ID": 2522250010360, "正式名称": "医療法人社団ラナンキュラス会　麗ビューティー皮フ科クリニック", "機関区分": 2, "都道府県コード": 25, "市区町村コード": 206, "所在地": "滋賀県草津市西大路町４番３２号クサツエストピアホテル１Ｆ", "緯度": 35.023862, "経度": 135.958739, "url": "https://www.iryou.teikyouseido.mhlw.go.jp/znk-web/juminkanja/S2430/initialize?prefCd=25&kikanCd=2250010360&kikanKbn=2", "url2": "http://www.rei-beauty.com/", "内容": "医療法人社団ラナンキュラス会　麗ビューティー皮フ科クリニック【2:診療所】【診療科目:形成外科_美容外科_皮膚科_美容皮膚科】滋賀県草津市西大路町４番３２号クサツエストピアホテル１Ｆ" }, "geometry": { "type": "Point", "coordinates": [ 135.958739, 35.023862 ] } },
{ "type": "Feature", "properties": { "ID": 2522250010380, "正式名称": "おがわ耳鼻咽喉科クリニック", "機関区分": 2, "都道府県コード": 25, "市区町村コード": 202, "所在地": "滋賀県彦根市駅東町１５ー１　近江鉄道ビル１Ｆ", "緯度": 35.272447, "経度": 136.264722, "url": "https://www.iryou.teikyouseido.mhlw.go.jp/znk-web/juminkanja/S2430/initialize?prefCd=25&kikanCd=2250010380&kikanKbn=2", "url2": "http://www.ogawa-jbk.com/", "内容": "おがわ耳鼻咽喉科クリニック【2:診療所】【診療科目:頭頸部外科_小児耳鼻いんこう科_耳鼻いんこう科_気管食道・耳鼻いんこう科_頭頸部・耳鼻いんこう科_内分泌（甲状腺）_アレルギー科】滋賀県彦根市駅東町１５ー１　近江鉄道ビル１Ｆ" }, "geometry": { "type": "Point", "coordinates": [ 136.264722, 35.272447 ] } },
{ "type": "Feature", "properties": { "ID": 2522250010390, "正式名称": "藤野こどもクリニック", "機関区分": 2, "都道府県コード": 25, "市区町村コード": 202, "所在地": "滋賀県彦根市戸賀町３６－６", "緯度": 35.255448, "経度": 136.237236, "url": "https://www.iryou.teikyouseido.mhlw.go.jp/znk-web/juminkanja/S2430/initialize?prefCd=25&kikanCd=2250010390&kikanKbn=2", "url2": "www.fujino-kodomo.jp", "内容": "藤野こどもクリニック【2:診療所】【診療科目:循環器内科_小児科】滋賀県彦根市戸賀町３６－６" }, "geometry": { "type": "Point", "coordinates": [ 136.237236, 35.255448 ] } },
{ "type": "Feature", "properties": { "ID": 2522250010400, "正式名称": "すずきクリニック", "機関区分": 2, "都道府県コード": 25, "市区町村コード": 207, "所在地": "滋賀県守山市浮気町１０５－３", "緯度": 35.050377, "経度": 136.000651, "url": "https://www.iryou.teikyouseido.mhlw.go.jp/znk-web/juminkanja/S2430/initialize?prefCd=25&kikanCd=2250010400&kikanKbn=2", "url2": "https://www.suzukuri.com", "内容": "すずきクリニック【2:診療所】【診療科目:内科_胃腸内科_疼痛緩和内科_外科_肛門外科_リハビリテーション科】滋賀県守山市浮気町１０５－３" }, "geometry": { "type": "Point", "coordinates": [ 136.000651, 35.050377 ] } },
{ "type": "Feature", "properties": { "ID": 2522250010420, "正式名称": "医療法人　白井医院", "機関区分": 2, "都道府県コード": 25, "市区町村コード": 210, "所在地": "滋賀県野洲市永原１８３３－１", "緯度": 35.089143, "経度": 136.039115, "url": "https://www.iryou.teikyouseido.mhlw.go.jp/znk-web/juminkanja/S2430/initialize?prefCd=25&kikanCd=2250010420&kikanKbn=2", "url2": "http://website.inunfomity:net/c81000001911", "内容": "医療法人　白井医院【2:診療所】【診療科目:内科_放射線科_放射線診断科】滋賀県野洲市永原１８３３－１" }, "geometry": { "type": "Point", "coordinates": [ 136.039115, 35.089143 ] } },
{ "type": "Feature", "properties": { "ID": 2522250010430, "正式名称": "わかくさ耳鼻咽喉科", "機関区分": 2, "都道府県コード": 25, "市区町村コード": 206, "所在地": "滋賀県草津市若草５丁目１３－１若草医療ビル１階", "緯度": 34.985279, "経度": 135.970789, "url": "https://www.iryou.teikyouseido.mhlw.go.jp/znk-web/juminkanja/S2430/initialize?prefCd=25&kikanCd=2250010430&kikanKbn=2", "url2": "http://wakajibi.com", "内容": "わかくさ耳鼻咽喉科【2:診療所】【診療科目:小児耳鼻いんこう科_耳鼻いんこう科_アレルギー科】滋賀県草津市若草５丁目１３－１若草医療ビル１階" }, "geometry": { "type": "Point", "coordinates": [ 135.970789, 34.985279 ] } },
{ "type": "Feature", "properties": { "ID": 2522250010440, "正式名称": "田宮こども診療所", "機関区分": 2, "都道府県コード": 25, "市区町村コード": 202, "所在地": "滋賀県彦根市松原町３６１４番地", "緯度": 35.282613, "経度": 136.261429, "url": "https://www.iryou.teikyouseido.mhlw.go.jp/znk-web/juminkanja/S2430/initialize?prefCd=25&kikanCd=2250010440&kikanKbn=2", "url2": "http://tamiyakame.com/", "内容": "田宮こども診療所【2:診療所】【診療科目:小児科】滋賀県彦根市松原町３６１４番地" }, "geometry": { "type": "Point", "coordinates": [ 136.261429, 35.282613 ] } },
{ "type": "Feature", "properties": { "ID": 2522250010460, "正式名称": "医療法人秀明会　増田眼科", "機関区分": 2, "都道府県コード": 25, "市区町村コード": 208, "所在地": "滋賀県栗東市霊仙寺一丁目２－１９　エスポ栗東１０１号", "緯度": 35.037492, "経度": 135.973348, "url": "https://www.iryou.teikyouseido.mhlw.go.jp/znk-web/juminkanja/S2430/initialize?prefCd=25&kikanCd=2250010460&kikanKbn=2", "url2": null, "内容": "医療法人秀明会　増田眼科【2:診療所】【診療科目:眼科】滋賀県栗東市霊仙寺一丁目２－１９　エスポ栗東１０１号" }, "geometry": { "type": "Point", "coordinates": [ 135.973348, 35.037492 ] } },
{ "type": "Feature", "properties": { "ID": 2522250010470, "正式名称": "出口皮フ科", "機関区分": 2, "都道府県コード": 25, "市区町村コード": 203, "所在地": "滋賀県長浜市小堀町８０－１", "緯度": 35.389611, "経度": 136.290354, "url": "https://www.iryou.teikyouseido.mhlw.go.jp/znk-web/juminkanja/S2430/initialize?prefCd=25&kikanCd=2250010470&kikanKbn=2", "url2": null, "内容": "出口皮フ科【2:診療所】【診療科目:皮膚科】滋賀県長浜市小堀町８０－１" }, "geometry": { "type": "Point", "coordinates": [ 136.290354, 35.389611 ] } },
{ "type": "Feature", "properties": { "ID": 2522250010490, "正式名称": "たるもと整形外科", "機関区分": 2, "都道府県コード": 25, "市区町村コード": 212, "所在地": "滋賀県高島市今津町今津４５２－５", "緯度": 35.395814, "経度": 136.032765, "url": "https://www.iryou.teikyouseido.mhlw.go.jp/znk-web/juminkanja/S2430/initialize?prefCd=25&kikanCd=2250010490&kikanKbn=2", "url2": null, "内容": "たるもと整形外科【2:診療所】【診療科目:整形外科_リハビリテーション科】滋賀県高島市今津町今津４５２－５" }, "geometry": { "type": "Point", "coordinates": [ 136.032765, 35.395814 ] } },
{ "type": "Feature", "properties": { "ID": 2522250010510, "正式名称": "医療法人社団四葉会まつだ内科歯科クリニック", "機関区分": 2, "都道府県コード": 25, "市区町村コード": 212, "所在地": "滋賀県高島市新旭町旭６９６番地", "緯度": 35.352277, "経度": 136.045473, "url": "https://www.iryou.teikyouseido.mhlw.go.jp/znk-web/juminkanja/S2430/initialize?prefCd=25&kikanCd=2250010510&kikanKbn=2", "url2": "http://matsudainterdental.com", "内容": "医療法人社団四葉会まつだ内科歯科クリニック【2:診療所】【診療科目:内科_循環器内科_歯科_小児歯科_リハビリテーション科】滋賀県高島市新旭町旭６９６番地" }, "geometry": { "type": "Point", "coordinates": [ 136.045473, 35.352277 ] } },
{ "type": "Feature", "properties": { "ID": 2522250010530, "正式名称": "医療法人みのり会　濱田クリニック", "機関区分": 2, "都道府県コード": 25, "市区町村コード": 209, "所在地": "滋賀県甲賀市水口町水口５９９２－１", "緯度": 34.967442, "経度": 136.16382, "url": "https://www.iryou.teikyouseido.mhlw.go.jp/znk-web/juminkanja/S2430/initialize?prefCd=25&kikanCd=2250010530&kikanKbn=2", "url2": "http://shiga-hamada-clinic.jp", "内容": "医療法人みのり会　濱田クリニック【2:診療所】【診療科目:産婦人科】滋賀県甲賀市水口町水口５９９２－１" }, "geometry": { "type": "Point", "coordinates": [ 136.16382, 34.967442 ] } },
{ "type": "Feature", "properties": { "ID": 2522250010590, "正式名称": "やすい総合内科クリニック", "機関区分": 2, "都道府県コード": 25, "市区町村コード": 201, "所在地": "滋賀県大津市坂本３丁目３２－２２", "緯度": 35.069959, "経度": 135.879204, "url": "https://www.iryou.teikyouseido.mhlw.go.jp/znk-web/juminkanja/S2430/initialize?prefCd=25&kikanCd=2250010590&kikanKbn=2", "url2": "http://www.yasui-snc.com", "内容": "やすい総合内科クリニック【2:診療所】【診療科目:内科_糖尿病内科_循環器内科_消化器内科】滋賀県大津市坂本３丁目３２－２２" }, "geometry": { "type": "Point", "coordinates": [ 135.879204, 35.069959 ] } },
{ "type": "Feature", "properties": { "ID": 2522250010610, "正式名称": "竹村皮フ科クリニック", "機関区分": 2, "都道府県コード": 25, "市区町村コード": 201, "所在地": "滋賀県大津市錦織二丁目３－３３", "緯度": 35.030669, "経度": 135.858023, "url": "https://www.iryou.teikyouseido.mhlw.go.jp/znk-web/juminkanja/S2430/initialize?prefCd=25&kikanCd=2250010610&kikanKbn=2", "url2": "http://www.takemura-hifuka.com", "内容": "竹村皮フ科クリニック【2:診療所】【診療科目:皮膚科】滋賀県大津市錦織二丁目３－３３" }, "geometry": { "type": "Point", "coordinates": [ 135.858023, 35.030669 ] } },
{ "type": "Feature", "properties": { "ID": 2522250010650, "正式名称": "こまいざわ整形外科クリニック", "機関区分": 2, "都道府県コード": 25, "市区町村コード": 206, "所在地": "滋賀県草津市駒井沢町３９７－１", "緯度": 35.042681, "経度": 135.958439, "url": "https://www.iryou.teikyouseido.mhlw.go.jp/znk-web/juminkanja/S2430/initialize?prefCd=25&kikanCd=2250010650&kikanKbn=2", "url2": "http://www.medic-grp.cp.jp/komaizawa/guide.html", "内容": "こまいざわ整形外科クリニック【2:診療所】【診療科目:整形外科_リウマチ科_リハビリテーション科】滋賀県草津市駒井沢町３９７－１" }, "geometry": { "type": "Point", "coordinates": [ 135.958439, 35.042681 ] } },
{ "type": "Feature", "properties": { "ID": 2522250010670, "正式名称": "わかもり皮ふ科クリニック", "機関区分": 2, "都道府県コード": 25, "市区町村コード": 202, "所在地": "滋賀県彦根市松原町１８９２", "緯度": 35.278588, "経度": 136.260295, "url": "https://www.iryou.teikyouseido.mhlw.go.jp/znk-web/juminkanja/S2430/initialize?prefCd=25&kikanCd=2250010670&kikanKbn=2", "url2": null, "内容": "わかもり皮ふ科クリニック【2:診療所】【診療科目:皮膚科】滋賀県彦根市松原町１８９２" }, "geometry": { "type": "Point", "coordinates": [ 136.260295, 35.278588 ] } },
{ "type": "Feature", "properties": { "ID": 2522250010690, "正式名称": "おうみのくにクリニック", "機関区分": 2, "都道府県コード": 25, "市区町村コード": 201, "所在地": "滋賀県大津市大萱１－１８－３４中川ビル４階", "緯度": 34.986679, "経度": 135.925731, "url": "https://www.iryou.teikyouseido.mhlw.go.jp/znk-web/juminkanja/S2430/initialize?prefCd=25&kikanCd=2250010690&kikanKbn=2", "url2": "http://ouminokuni.com", "内容": "おうみのくにクリニック【2:診療所】【診療科目:精神科_心療内科】滋賀県大津市大萱１－１８－３４中川ビル４階" }, "geometry": { "type": "Point", "coordinates": [ 135.925731, 34.986679 ] } },
{ "type": "Feature", "properties": { "ID": 2522250010780, "正式名称": "医療法人誠尽会ほんだクリニック", "機関区分": 2, "都道府県コード": 25, "市区町村コード": 201, "所在地": "滋賀県大津市仰木の里７丁目１－９", "緯度": 35.108407, "経度": 135.893904, "url": "https://www.iryou.teikyouseido.mhlw.go.jp/znk-web/juminkanja/S2430/initialize?prefCd=25&kikanCd=2250010780&kikanKbn=2", "url2": "http://www.hondaclinic.net", "内容": "医療法人誠尽会ほんだクリニック【2:診療所】【診療科目:内科_消化器内科】滋賀県大津市仰木の里７丁目１－９" }, "geometry": { "type": "Point", "coordinates": [ 135.893904, 35.108407 ] } },
{ "type": "Feature", "properties": { "ID": 2522250010790, "正式名称": "医療法人　恵和会　林内科クリニック", "機関区分": 2, "都道府県コード": 25, "市区町村コード": 201, "所在地": "滋賀県大津市今堅田二丁目１６番１１号", "緯度": 35.122909, "経度": 135.917732, "url": "https://www.iryou.teikyouseido.mhlw.go.jp/znk-web/juminkanja/S2430/initialize?prefCd=25&kikanCd=2250010790&kikanKbn=2", "url2": "http://www.hayashi-shin.jp", "内容": "医療法人　恵和会　林内科クリニック【2:診療所】【診療科目:内科_循環器内科_消化器内科】滋賀県大津市今堅田二丁目１６番１１号" }, "geometry": { "type": "Point", "coordinates": [ 135.917732, 35.122909 ] } },
{ "type": "Feature", "properties": { "ID": 2522250010800, "正式名称": "北山田診療所", "機関区分": 2, "都道府県コード": 25, "市区町村コード": 206, "所在地": "滋賀県草津市北山田町２４５－１", "緯度": 35.030065, "経度": 135.918328, "url": "https://www.iryou.teikyouseido.mhlw.go.jp/znk-web/juminkanja/S2430/initialize?prefCd=25&kikanCd=2250010800&kikanKbn=2", "url2": "kitayamada.com", "内容": "北山田診療所【2:診療所】【診療科目:内科_消化器内科_小児科】滋賀県草津市北山田町２４５－１" }, "geometry": { "type": "Point", "coordinates": [ 135.918328, 35.030065 ] } },
{ "type": "Feature", "properties": { "ID": 2522250010830, "正式名称": "樋上循環器科・内科医院", "機関区分": 2, "都道府県コード": 25, "市区町村コード": 208, "所在地": "滋賀県栗東市綣５丁目１－３４", "緯度": 35.038159, "経度": 135.977031, "url": "https://www.iryou.teikyouseido.mhlw.go.jp/znk-web/juminkanja/S2430/initialize?prefCd=25&kikanCd=2250010830&kikanKbn=2", "url2": null, "内容": "樋上循環器科・内科医院【2:診療所】【診療科目:内科_循環器内科】滋賀県栗東市綣５丁目１－３４" }, "geometry": { "type": "Point", "coordinates": [ 135.977031, 35.038159 ] } },
{ "type": "Feature", "properties": { "ID": 2522250010840, "正式名称": "医療法人やまにしクリニック", "機関区分": 2, "都道府県コード": 25, "市区町村コード": 212, "所在地": "滋賀県高島市勝野６３８番地", "緯度": 35.30107, "経度": 136.011868, "url": "https://www.iryou.teikyouseido.mhlw.go.jp/znk-web/juminkanja/S2430/initialize?prefCd=25&kikanCd=2250010840&kikanKbn=2", "url2": null, "内容": "医療法人やまにしクリニック【2:診療所】【診療科目:内科_消化器内科_外科_リハビリテーション科】滋賀県高島市勝野６３８番地" }, "geometry": { "type": "Point", "coordinates": [ 136.011868, 35.30107 ] } },
{ "type": "Feature", "properties": { "ID": 2522250010900, "正式名称": "医療法人　岡崎医院", "機関区分": 2, "都道府県コード": 25, "市区町村コード": 203, "所在地": "滋賀県長浜市東上坂町１０１０－１", "緯度": 35.402047, "経度": 136.320655, "url": "https://www.iryou.teikyouseido.mhlw.go.jp/znk-web/juminkanja/S2430/initialize?prefCd=25&kikanCd=2250010900&kikanKbn=2", "url2": "https://kohokuishikai.jp/iryokikan/okazaki/", "内容": "医療法人　岡崎医院【2:診療所】【診療科目:内科_小児科】滋賀県長浜市東上坂町１０１０－１" }, "geometry": { "type": "Point", "coordinates": [ 136.320655, 35.402047 ] } },
{ "type": "Feature", "properties": { "ID": 2522250010910, "正式名称": "はたスポーツ整形クリニック", "機関区分": 2, "都道府県コード": 25, "市区町村コード": 207, "所在地": "滋賀県守山市下之郷１丁目１５－８", "緯度": 35.063926, "経度": 135.989074, "url": "https://www.iryou.teikyouseido.mhlw.go.jp/znk-web/juminkanja/S2430/initialize?prefCd=25&kikanCd=2250010910&kikanKbn=2", "url2": "http://sports-clinic.net/", "内容": "はたスポーツ整形クリニック【2:診療所】【診療科目:整形外科_リハビリテーション科】滋賀県守山市下之郷１丁目１５－８" }, "geometry": { "type": "Point", "coordinates": [ 135.989074, 35.063926 ] } },
{ "type": "Feature", "properties": { "ID": 2522250010920, "正式名称": "さつき診療所", "機関区分": 2, "都道府県コード": 25, "市区町村コード": 213, "所在地": "滋賀県東近江市市子松井町１９１番４", "緯度": 35.050038, "経度": 136.182258, "url": "https://www.iryou.teikyouseido.mhlw.go.jp/znk-web/juminkanja/S2430/initialize?prefCd=25&kikanCd=2250010920&kikanKbn=2", "url2": "http://www.satukiclinic.com", "内容": "さつき診療所【2:診療所】【診療科目:内科_循環器内科_小児科】滋賀県東近江市市子松井町１９１番４" }, "geometry": { "type": "Point", "coordinates": [ 136.182258, 35.050038 ] } },
{ "type": "Feature", "properties": { "ID": 2522250010930, "正式名称": "医療法人　源道会　杉本整形外科", "機関区分": 2, "都道府県コード": 25, "市区町村コード": 202, "所在地": "滋賀県彦根市東沼波町１０１３－１", "緯度": 35.249084, "経度": 136.260585, "url": "https://www.iryou.teikyouseido.mhlw.go.jp/znk-web/juminkanja/S2430/initialize?prefCd=25&kikanCd=2250010930&kikanKbn=2", "url2": null, "内容": "医療法人　源道会　杉本整形外科【2:診療所】【診療科目:内科_整形外科_リウマチ科_リハビリテーション科】滋賀県彦根市東沼波町１０１３－１" }, "geometry": { "type": "Point", "coordinates": [ 136.260585, 35.249084 ] } },
{ "type": "Feature", "properties": { "ID": 2522250010940, "正式名称": "医療法人　幸心会　たきはた眼科", "機関区分": 2, "都道府県コード": 25, "市区町村コード": 203, "所在地": "滋賀県長浜市木之本町木之本２０１２番地", "緯度": 35.500509, "経度": 136.223064, "url": "https://www.iryou.teikyouseido.mhlw.go.jp/znk-web/juminkanja/S2430/initialize?prefCd=25&kikanCd=2250010940&kikanKbn=2", "url2": null, "内容": "医療法人　幸心会　たきはた眼科【2:診療所】【診療科目:眼科】滋賀県長浜市木之本町木之本２０１２番地" }, "geometry": { "type": "Point", "coordinates": [ 136.223064, 35.500509 ] } },
{ "type": "Feature", "properties": { "ID": 2522250010980, "正式名称": "小松診療所", "機関区分": 2, "都道府県コード": 25, "市区町村コード": 201, "所在地": "滋賀県大津市北小松４１７", "緯度": 35.251446, "経度": 135.972345, "url": "https://www.iryou.teikyouseido.mhlw.go.jp/znk-web/juminkanja/S2430/initialize?prefCd=25&kikanCd=2250010980&kikanKbn=2", "url2": null, "内容": "小松診療所【2:診療所】【診療科目:内科_外科】滋賀県大津市北小松４１７" }, "geometry": { "type": "Point", "coordinates": [ 135.972345, 35.251446 ] } },
{ "type": "Feature", "properties": { "ID": 2522250010990, "正式名称": "松尾医院", "機関区分": 2, "都道府県コード": 25, "市区町村コード": 213, "所在地": "滋賀県東近江市躰光寺町６０４", "緯度": 35.186402, "経度": 136.158882, "url": "https://www.iryou.teikyouseido.mhlw.go.jp/znk-web/juminkanja/S2430/initialize?prefCd=25&kikanCd=2250010990&kikanKbn=2", "url2": "http://matuo-clinic.com/", "内容": "松尾医院【2:診療所】【診療科目:内科_消化器内科_外科_肛門外科_小児科】滋賀県東近江市躰光寺町６０４" }, "geometry": { "type": "Point", "coordinates": [ 136.158882, 35.186402 ] } },
{ "type": "Feature", "properties": { "ID": 2522250011000, "正式名称": "瀬田三愛小児科", "機関区分": 2, "都道府県コード": 25, "市区町村コード": 201, "所在地": "滋賀県大津市大萱一丁目１５－１９松田ビル", "緯度": 34.986264, "経度": 135.92745, "url": "https://www.iryou.teikyouseido.mhlw.go.jp/znk-web/juminkanja/S2430/initialize?prefCd=25&kikanCd=2250011000&kikanKbn=2", "url2": "https://seta-ped.jp", "内容": "瀬田三愛小児科【2:診療所】【診療科目:小児科_小児科、アレルギー科、小児循環器科_アレルギー科】滋賀県大津市大萱一丁目１５－１９松田ビル" }, "geometry": { "type": "Point", "coordinates": [ 135.92745, 34.986264 ] } },
{ "type": "Feature", "properties": { "ID": 2522250011010, "正式名称": "あらまき内科クリニック", "機関区分": 2, "都道府県コード": 25, "市区町村コード": 211, "所在地": "滋賀県湖南市菩提寺東３－６－２２", "緯度": 35.036841, "経度": 136.060261, "url": "https://www.iryou.teikyouseido.mhlw.go.jp/znk-web/juminkanja/S2430/initialize?prefCd=25&kikanCd=2250011010&kikanKbn=2", "url2": "http://aramaki-clinic.jp/", "内容": "あらまき内科クリニック【2:診療所】【診療科目:内科_糖尿病・代謝内科_循環器内科】滋賀県湖南市菩提寺東３－６－２２" }, "geometry": { "type": "Point", "coordinates": [ 136.060261, 35.036841 ] } },
{ "type": "Feature", "properties": { "ID": 2522250011020, "正式名称": "医療法人さくら会　守山さくら内科クリニック", "機関区分": 2, "都道府県コード": 25, "市区町村コード": 207, "所在地": "滋賀県守山市守山３－１０－１３", "緯度": 35.058265, "経度": 135.98518, "url": "https://www.iryou.teikyouseido.mhlw.go.jp/znk-web/juminkanja/S2430/initialize?prefCd=25&kikanCd=2250011020&kikanKbn=2", "url2": "https://www.moriyamasakuranaika.com/", "内容": "医療法人さくら会　守山さくら内科クリニック【2:診療所】【診療科目:内科_神経内科】滋賀県守山市守山３－１０－１３" }, "geometry": { "type": "Point", "coordinates": [ 135.98518, 35.058265 ] } },
{ "type": "Feature", "properties": { "ID": 2522250011040, "正式名称": "しが健康医療生活協同組合　医療生協こうせい駅前診療所", "機関区分": 2, "都道府県コード": 25, "市区町村コード": 211, "所在地": "滋賀県湖南市針３３７－１", "緯度": 35.000944, "経度": 136.085083, "url": "https://www.iryou.teikyouseido.mhlw.go.jp/znk-web/juminkanja/S2430/initialize?prefCd=25&kikanCd=2250011040&kikanKbn=2", "url2": "http://www.shiga-mcoop.jp/kousei/index/", "内容": "しが健康医療生活協同組合　医療生協こうせい駅前診療所【2:診療所】【診療科目:内科_外科_小児科】滋賀県湖南市針３３７－１" }, "geometry": { "type": "Point", "coordinates": [ 136.085083, 35.000944 ] } },
{ "type": "Feature", "properties": { "ID": 2522250011050, "正式名称": "よねざわ皮膚科クリニック", "機関区分": 2, "都道府県コード": 25, "市区町村コード": 203, "所在地": "滋賀県長浜市八幡中山町３１８－３５", "緯度": 35.393869, "経度": 136.278777, "url": "https://www.iryou.teikyouseido.mhlw.go.jp/znk-web/juminkanja/S2430/initialize?prefCd=25&kikanCd=2250011050&kikanKbn=2", "url2": "http://www.yonezawahifuka.com", "内容": "よねざわ皮膚科クリニック【2:診療所】【診療科目:皮膚科】滋賀県長浜市八幡中山町３１８－３５" }, "geometry": { "type": "Point", "coordinates": [ 136.278777, 35.393869 ] } },
{ "type": "Feature", "properties": { "ID": 2522250011060, "正式名称": "医療法人　弘鳳会　おぐりクリニック", "機関区分": 2, "都道府県コード": 25, "市区町村コード": 203, "所在地": "滋賀県長浜市山階町４５１番地", "緯度": 35.395399, "経度": 136.288654, "url": "https://www.iryou.teikyouseido.mhlw.go.jp/znk-web/juminkanja/S2430/initialize?prefCd=25&kikanCd=2250011060&kikanKbn=2", "url2": "https://oguriganka.or.jp/", "内容": "医療法人　弘鳳会　おぐりクリニック【2:診療所】【診療科目:眼科_アレルギー科】滋賀県長浜市山階町４５１番地" }, "geometry": { "type": "Point", "coordinates": [ 136.288654, 35.395399 ] } },
{ "type": "Feature", "properties": { "ID": 2522250011070, "正式名称": "医療法人　かりもと整形外科クリニック", "機関区分": 2, "都道府県コード": 25, "市区町村コード": 384, "所在地": "滋賀県蒲生郡竜王町小口１６５８－１", "緯度": 35.061142, "経度": 136.122549, "url": "https://www.iryou.teikyouseido.mhlw.go.jp/znk-web/juminkanja/S2430/initialize?prefCd=25&kikanCd=2250011070&kikanKbn=2", "url2": "http://www.eonet.ne.jp/~karimotoseikei/", "内容": "医療法人　かりもと整形外科クリニック【2:診療所】【診療科目:ペインクリニック外科_整形外科_リウマチ科_リハビリテーション科】滋賀県蒲生郡竜王町小口１６５８－１" }, "geometry": { "type": "Point", "coordinates": [ 136.122549, 35.061142 ] } },
{ "type": "Feature", "properties": { "ID": 2522250011100, "正式名称": "せいらんクリニック", "機関区分": 2, "都道府県コード": 25, "市区町村コード": 201, "所在地": "滋賀県大津市松原町１４番７号", "緯度": 34.97804, "経度": 135.902295, "url": "https://www.iryou.teikyouseido.mhlw.go.jp/znk-web/juminkanja/S2430/initialize?prefCd=25&kikanCd=2250011100&kikanKbn=2", "url2": "http://ishiyama-naika-seikei.com", "内容": "せいらんクリニック【2:診療所】【診療科目:整形外科_リウマチ科_リハビリテーション科】滋賀県大津市松原町１４番７号" }, "geometry": { "type": "Point", "coordinates": [ 135.902295, 34.97804 ] } },
{ "type": "Feature", "properties": { "ID": 2522250011130, "正式名称": "医療法人　双葉会　清水産婦人科", "機関区分": 2, "都道府県コード": 25, "市区町村コード": 206, "所在地": "滋賀県草津市野村三丁目１８番５号", "緯度": 35.025654, "経度": 135.949317, "url": "https://www.iryou.teikyouseido.mhlw.go.jp/znk-web/juminkanja/S2430/initialize?prefCd=25&kikanCd=2250011130&kikanKbn=2", "url2": "http://www.shimizu-lc.jp", "内容": "医療法人　双葉会　清水産婦人科【2:診療所】【診療科目:産婦人科】滋賀県草津市野村三丁目１８番５号" }, "geometry": { "type": "Point", "coordinates": [ 135.949317, 35.025654 ] } },
{ "type": "Feature", "properties": { "ID": 2522250011140, "正式名称": "やすはら眼科クリニック", "機関区分": 2, "都道府県コード": 25, "市区町村コード": 212, "所在地": "滋賀県高島市新旭町熊野本１－６－８", "緯度": 35.355227, "経度": 136.031175, "url": "https://www.iryou.teikyouseido.mhlw.go.jp/znk-web/juminkanja/S2430/initialize?prefCd=25&kikanCd=2250011140&kikanKbn=2", "url2": "http://www.y-eyeclinic.com/", "内容": "やすはら眼科クリニック【2:診療所】【診療科目:眼科】滋賀県高島市新旭町熊野本１－６－８" }, "geometry": { "type": "Point", "coordinates": [ 136.031175, 35.355227 ] } },
{ "type": "Feature", "properties": { "ID": 2522250011160, "正式名称": "医療法人せせらぎ会　浮田クリニック", "機関区分": 2, "都道府県コード": 25, "市区町村コード": 201, "所在地": "滋賀県大津市本堅田六丁目３６番１号", "緯度": 35.121028, "経度": 135.912041, "url": "https://www.iryou.teikyouseido.mhlw.go.jp/znk-web/juminkanja/S2430/initialize?prefCd=25&kikanCd=2250011160&kikanKbn=2", "url2": "www.ukita.gr.jp", "内容": "医療法人せせらぎ会　浮田クリニック【2:診療所】【診療科目:産科_婦人科_麻酔科】滋賀県大津市本堅田六丁目３６番１号" }, "geometry": { "type": "Point", "coordinates": [ 135.912041, 35.121028 ] } },
{ "type": "Feature", "properties": { "ID": 2522250011210, "正式名称": "なかにし皮フ科クリニック", "機関区分": 2, "都道府県コード": 25, "市区町村コード": 207, "所在地": "滋賀県守山市勝部６丁目３番３４", "緯度": 35.047291, "経度": 135.996471, "url": "https://www.iryou.teikyouseido.mhlw.go.jp/znk-web/juminkanja/S2430/initialize?prefCd=25&kikanCd=2250011210&kikanKbn=2", "url2": "http://www.nakanishi-hihuka.com", "内容": "なかにし皮フ科クリニック【2:診療所】【診療科目:皮膚科】滋賀県守山市勝部６丁目３番３４" }, "geometry": { "type": "Point", "coordinates": [ 135.996471, 35.047291 ] } },
{ "type": "Feature", "properties": { "ID": 2522250011220, "正式名称": "ＫＩＡクリニック滋賀草津院", "機関区分": 2, "都道府県コード": 25, "市区町村コード": 206, "所在地": "滋賀県草津市大路１－１５－４３　荒川ビル２階", "緯度": 35.019705, "経度": 135.962294, "url": "https://www.iryou.teikyouseido.mhlw.go.jp/znk-web/juminkanja/S2430/initialize?prefCd=25&kikanCd=2250011220&kikanKbn=2", "url2": "http://sigabiyou.com/", "内容": "ＫＩＡクリニック滋賀草津院【2:診療所】【診療科目:美容外科】滋賀県草津市大路１－１５－４３　荒川ビル２階" }, "geometry": { "type": "Point", "coordinates": [ 135.962294, 35.019705 ] } },
{ "type": "Feature", "properties": { "ID": 2522250011240, "正式名称": "医療法人福光会塚田医院", "機関区分": 2, "都道府県コード": 25, "市区町村コード": 214, "所在地": "滋賀県米原市顔戸４３３ー１", "緯度": 35.334418, "経度": 136.304277, "url": "https://www.iryou.teikyouseido.mhlw.go.jp/znk-web/juminkanja/S2430/initialize?prefCd=25&kikanCd=2250011240&kikanKbn=2", "url2": "www.tsukada-iin.jp/", "内容": "医療法人福光会塚田医院【2:診療所】【診療科目:内科_消化器内科_小児科】滋賀県米原市顔戸４３３ー１" }, "geometry": { "type": "Point", "coordinates": [ 136.304277, 35.334418 ] } },
{ "type": "Feature", "properties": { "ID": 2522250011260, "正式名称": "たきもとクリニック", "機関区分": 2, "都道府県コード": 25, "市区町村コード": 201, "所在地": "滋賀県大津市春日町２－１　ＣＯＣＯＬＡＳ大津２０４", "緯度": 35.003381, "経度": 135.862918, "url": "https://www.iryou.teikyouseido.mhlw.go.jp/znk-web/juminkanja/S2430/initialize?prefCd=25&kikanCd=2250011260&kikanKbn=2", "url2": "http://takimoto-clinic.sakura.ne.jp", "内容": "たきもとクリニック【2:診療所】【診療科目:内科_循環器内科】滋賀県大津市春日町２－１　ＣＯＣＯＬＡＳ大津２０４" }, "geometry": { "type": "Point", "coordinates": [ 135.862918, 35.003381 ] } },
{ "type": "Feature", "properties": { "ID": 2522250011270, "正式名称": "しばやま耳鼻咽喉科クリニック", "機関区分": 2, "都道府県コード": 25, "市区町村コード": 201, "所在地": "滋賀県大津市春日町２－１　ＣＯＣＯＬＡＳ大津２０２", "緯度": 35.003381, "経度": 135.862918, "url": "https://www.iryou.teikyouseido.mhlw.go.jp/znk-web/juminkanja/S2430/initialize?prefCd=25&kikanCd=2250011270&kikanKbn=2", "url2": "https://www.shibayama-ent.jp/", "内容": "しばやま耳鼻咽喉科クリニック【2:診療所】【診療科目:耳鼻いんこう科】滋賀県大津市春日町２－１　ＣＯＣＯＬＡＳ大津２０２" }, "geometry": { "type": "Point", "coordinates": [ 135.862918, 35.003381 ] } },
{ "type": "Feature", "properties": { "ID": 2522250011310, "正式名称": "医療法人三水会　波田内科医院", "機関区分": 2, "都道府県コード": 25, "市区町村コード": 201, "所在地": "滋賀県大津市滋賀里１丁目８番２８号", "緯度": 35.043676, "経度": 135.858837, "url": "https://www.iryou.teikyouseido.mhlw.go.jp/znk-web/juminkanja/S2430/initialize?prefCd=25&kikanCd=2250011310&kikanKbn=2", "url2": null, "内容": "医療法人三水会　波田内科医院【2:診療所】【診療科目:内科_循環器内科_アレルギー科】滋賀県大津市滋賀里１丁目８番２８号" }, "geometry": { "type": "Point", "coordinates": [ 135.858837, 35.043676 ] } },
{ "type": "Feature", "properties": { "ID": 2522250011320, "正式名称": "医療法人堤整形外科", "機関区分": 2, "都道府県コード": 25, "市区町村コード": 203, "所在地": "滋賀県長浜市八幡中山町３９３－１", "緯度": 35.388947, "経度": 136.279453, "url": "https://www.iryou.teikyouseido.mhlw.go.jp/znk-web/juminkanja/S2430/initialize?prefCd=25&kikanCd=2250011320&kikanKbn=2", "url2": "www.tsutsumi-seikei.jp/", "内容": "医療法人堤整形外科【2:診療所】【診療科目:整形外科_リウマチ科_リハビリテーション科】滋賀県長浜市八幡中山町３９３－１" }, "geometry": { "type": "Point", "coordinates": [ 136.279453, 35.388947 ] } },
{ "type": "Feature", "properties": { "ID": 2522250011330, "正式名称": "医療法人　やまもとファミリークリニック", "機関区分": 2, "都道府県コード": 25, "市区町村コード": 201, "所在地": "滋賀県大津市におの浜２丁目２－５大津スカイハイツ１Ｆ１０８号", "緯度": 35.005202, "経度": 135.881432, "url": "https://www.iryou.teikyouseido.mhlw.go.jp/znk-web/juminkanja/S2430/initialize?prefCd=25&kikanCd=2250011330&kikanKbn=2", "url2": "http://www.medic-grp.co.jp/doctor/yfc/", "内容": "医療法人　やまもとファミリークリニック【2:診療所】【診療科目:内科_循環器内科_小児科】滋賀県大津市におの浜２丁目２－５大津スカイハイツ１Ｆ１０８号" }, "geometry": { "type": "Point", "coordinates": [ 135.881432, 35.005202 ] } },
{ "type": "Feature", "properties": { "ID": 2522250011350, "正式名称": "くさか眼科", "機関区分": 2, "都道府県コード": 25, "市区町村コード": 208, "所在地": "滋賀県栗東市綣２丁目４番５号ウイングプラザ１階", "緯度": 35.037886, "経度": 135.981945, "url": "https://www.iryou.teikyouseido.mhlw.go.jp/znk-web/juminkanja/S2430/initialize?prefCd=25&kikanCd=2250011350&kikanKbn=2", "url2": "http://kusaka-ganka.com/", "内容": "くさか眼科【2:診療所】【診療科目:眼科】滋賀県栗東市綣２丁目４番５号ウイングプラザ１階" }, "geometry": { "type": "Point", "coordinates": [ 135.981945, 35.037886 ] } },
{ "type": "Feature", "properties": { "ID": 2522250011360, "正式名称": "奥村医院", "機関区分": 2, "都道府県コード": 25, "市区町村コード": 201, "所在地": "滋賀県大津市御殿浜２０－２６", "緯度": 34.987352, "経度": 135.898023, "url": "https://www.iryou.teikyouseido.mhlw.go.jp/znk-web/juminkanja/S2430/initialize?prefCd=25&kikanCd=2250011360&kikanKbn=2", "url2": "http://www.okumuraiin.com/", "内容": "奥村医院【2:診療所】【診療科目:内科_神経内科】滋賀県大津市御殿浜２０－２６" }, "geometry": { "type": "Point", "coordinates": [ 135.898023, 34.987352 ] } },
{ "type": "Feature", "properties": { "ID": 2522250011390, "正式名称": "医療法人社団　美松会　甲西中央クリニック", "機関区分": 2, "都道府県コード": 25, "市区町村コード": 211, "所在地": "滋賀県湖南市中央二丁目１２５番地", "緯度": 35.004659, "経度": 136.083071, "url": "https://www.iryou.teikyouseido.mhlw.go.jp/znk-web/juminkanja/S2430/initialize?prefCd=25&kikanCd=2250011390&kikanKbn=2", "url2": "http://ikuta-hospital.com/", "内容": "医療法人社団　美松会　甲西中央クリニック【2:診療所】【診療科目:内科_循環器内科】滋賀県湖南市中央二丁目１２５番地" }, "geometry": { "type": "Point", "coordinates": [ 136.083071, 35.004659 ] } },
{ "type": "Feature", "properties": { "ID": 2522250011420, "正式名称": "森井眼科医院", "機関区分": 2, "都道府県コード": 25, "市区町村コード": 201, "所在地": "滋賀県大津市中央１丁目６－１８", "緯度": 35.009772, "経度": 135.863032, "url": "https://www.iryou.teikyouseido.mhlw.go.jp/znk-web/juminkanja/S2430/initialize?prefCd=25&kikanCd=2250011420&kikanKbn=2", "url2": "http://morii-ganka.jp/", "内容": "森井眼科医院【2:診療所】【診療科目:眼科】滋賀県大津市中央１丁目６－１８" }, "geometry": { "type": "Point", "coordinates": [ 135.863032, 35.009772 ] } },
{ "type": "Feature", "properties": { "ID": 2522250011440, "正式名称": "菜の花心療クリニック", "機関区分": 2, "都道府県コード": 25, "市区町村コード": 202, "所在地": "滋賀県彦根市大東町２－２９目加田ビル１階", "緯度": 35.272055, "経度": 136.26227, "url": "https://www.iryou.teikyouseido.mhlw.go.jp/znk-web/juminkanja/S2430/initialize?prefCd=25&kikanCd=2250011440&kikanKbn=2", "url2": "http://www.nanohana-shinryou.com", "内容": "菜の花心療クリニック【2:診療所】【診療科目:糖尿病内科_内分泌内科_心療内科】滋賀県彦根市大東町２－２９目加田ビル１階" }, "geometry": { "type": "Point", "coordinates": [ 136.26227, 35.272055 ] } },
{ "type": "Feature", "properties": { "ID": 2522250011450, "正式名称": "横野医院", "機関区分": 2, "都道府県コード": 25, "市区町村コード": 202, "所在地": "滋賀県彦根市大藪町２０３５－４", "緯度": 35.265639, "経度": 136.239994, "url": "https://www.iryou.teikyouseido.mhlw.go.jp/znk-web/juminkanja/S2430/initialize?prefCd=25&kikanCd=2250011450&kikanKbn=2", "url2": "http://www.yokonoiin.jp/", "内容": "横野医院【2:診療所】【診療科目:内科_消化器内科_小児科】滋賀県彦根市大藪町２０３５－４" }, "geometry": { "type": "Point", "coordinates": [ 136.239994, 35.265639 ] } },
{ "type": "Feature", "properties": { "ID": 2522250011460, "正式名称": "医療法人　湖秀会　藤岡内科医院", "機関区分": 2, "都道府県コード": 25, "市区町村コード": 201, "所在地": "滋賀県大津市黒津２－２－３", "緯度": 34.944702, "経度": 135.91633, "url": "https://www.iryou.teikyouseido.mhlw.go.jp/znk-web/juminkanja/S2430/initialize?prefCd=25&kikanCd=2250011460&kikanKbn=2", "url2": "http://www.fujioka-naika.jp", "内容": "医療法人　湖秀会　藤岡内科医院【2:診療所】【診療科目:内科_循環器内科】滋賀県大津市黒津２－２－３" }, "geometry": { "type": "Point", "coordinates": [ 135.91633, 34.944702 ] } },
{ "type": "Feature", "properties": { "ID": 2522250011480, "正式名称": "なごみ内科クリニック", "機関区分": 2, "都道府県コード": 25, "市区町村コード": 211, "所在地": "滋賀県湖南市岩根４５８０", "緯度": 34.99454, "経度": 136.107241, "url": "https://www.iryou.teikyouseido.mhlw.go.jp/znk-web/juminkanja/S2430/initialize?prefCd=25&kikanCd=2250011480&kikanKbn=2", "url2": "http://www.medic-grp.co.jp/doctor/nagomi/", "内容": "なごみ内科クリニック【2:診療所】【診療科目:内科_消化器内科】滋賀県湖南市岩根４５８０" }, "geometry": { "type": "Point", "coordinates": [ 136.107241, 34.99454 ] } },
{ "type": "Feature", "properties": { "ID": 2522250011530, "正式名称": "伊藤内科クリニック", "機関区分": 2, "都道府県コード": 25, "市区町村コード": 206, "所在地": "滋賀県草津市西大路町４番３２ー１０６号１", "緯度": 35.023418, "経度": 135.959183, "url": "https://www.iryou.teikyouseido.mhlw.go.jp/znk-web/juminkanja/S2430/initialize?prefCd=25&kikanCd=2250011530&kikanKbn=2", "url2": "http://ito-med.com/", "内容": "伊藤内科クリニック【2:診療所】【診療科目:内科_呼吸器内科_循環器内科_心臓内科】滋賀県草津市西大路町４番３２ー１０６号１" }, "geometry": { "type": "Point", "coordinates": [ 135.959183, 35.023418 ] } },
{ "type": "Feature", "properties": { "ID": 2522250011560, "正式名称": "アップルクリニック", "機関区分": 2, "都道府県コード": 25, "市区町村コード": 203, "所在地": "滋賀県長浜市南呉服町９－２", "緯度": 35.379437, "経度": 136.265862, "url": "https://www.iryou.teikyouseido.mhlw.go.jp/znk-web/juminkanja/S2430/initialize?prefCd=25&kikanCd=2250011560&kikanKbn=2", "url2": "http://www.apple-clinic.jp/", "内容": "アップルクリニック【2:診療所】【診療科目:精神科_心療内科_老年精神科_老年心療内科】滋賀県長浜市南呉服町９－２" }, "geometry": { "type": "Point", "coordinates": [ 136.265862, 35.379437 ] } },
{ "type": "Feature", "properties": { "ID": 2522250011580, "正式名称": "医療法人　きしだ皮ふ科クリニック", "機関区分": 2, "都道府県コード": 25, "市区町村コード": 204, "所在地": "滋賀県近江八幡市加茂町３６６０－１", "緯度": 35.120853, "経度": 136.066615, "url": "https://www.iryou.teikyouseido.mhlw.go.jp/znk-web/juminkanja/S2430/initialize?prefCd=25&kikanCd=2250011580&kikanKbn=2", "url2": "https://www.kishiderma.com/", "内容": "医療法人　きしだ皮ふ科クリニック【2:診療所】【診療科目:皮膚科】滋賀県近江八幡市加茂町３６６０－１" }, "geometry": { "type": "Point", "coordinates": [ 136.066615, 35.120853 ] } },
{ "type": "Feature", "properties": { "ID": 2522250011590, "正式名称": "せの耳鼻咽喉科", "機関区分": 2, "都道府県コード": 25, "市区町村コード": 206, "所在地": "滋賀県草津市平井１－１９－６", "緯度": 35.030957, "経度": 135.958501, "url": "https://www.iryou.teikyouseido.mhlw.go.jp/znk-web/juminkanja/S2430/initialize?prefCd=25&kikanCd=2250011590&kikanKbn=2", "url2": "http://senojibika.web.fc2.com/", "内容": "せの耳鼻咽喉科【2:診療所】【診療科目:小児耳鼻いんこう科_耳鼻いんこう科_アレルギー科】滋賀県草津市平井１－１９－６" }, "geometry": { "type": "Point", "coordinates": [ 135.958501, 35.030957 ] } },
{ "type": "Feature", "properties": { "ID": 2522250011610, "正式名称": "東近江市蒲生医療センター", "機関区分": 2, "都道府県コード": 25, "市区町村コード": 213, "所在地": "滋賀県東近江市桜川西町３４０番地", "緯度": 35.060038, "経度": 136.188086, "url": "https://www.iryou.teikyouseido.mhlw.go.jp/znk-web/juminkanja/S2430/initialize?prefCd=25&kikanCd=2250011610&kikanKbn=2", "url2": "http://members.e-omi.ne.jp/gamoubyouin/", "内容": "東近江市蒲生医療センター【2:診療所】【診療科目:内科_脳神経内科_乳腺外科_整形外科_小児科_皮膚科_泌尿器科_リハビリテーション科_放射線科_放射線治療科】滋賀県東近江市桜川西町３４０番地" }, "geometry": { "type": "Point", "coordinates": [ 136.188086, 35.060038 ] } },
{ "type": "Feature", "properties": { "ID": 2522250011620, "正式名称": "医療法人健央会　ほりお眼科", "機関区分": 2, "都道府県コード": 25, "市区町村コード": 204, "所在地": "滋賀県近江八幡市鷹飼町南三丁目２－４", "緯度": 35.120862, "経度": 136.106028, "url": "https://www.iryou.teikyouseido.mhlw.go.jp/znk-web/juminkanja/S2430/initialize?prefCd=25&kikanCd=2250011620&kikanKbn=2", "url2": "http://www.horio-eye.jp/", "内容": "医療法人健央会　ほりお眼科【2:診療所】【診療科目:眼科】滋賀県近江八幡市鷹飼町南三丁目２－４" }, "geometry": { "type": "Point", "coordinates": [ 136.106028, 35.120862 ] } },
{ "type": "Feature", "properties": { "ID": 2522250011650, "正式名称": "栗東よしおか小児科", "機関区分": 2, "都道府県コード": 25, "市区町村コード": 208, "所在地": "滋賀県栗東市綣３丁目５－１７", "緯度": 35.033901, "経度": 135.981292, "url": "https://www.iryou.teikyouseido.mhlw.go.jp/znk-web/juminkanja/S2430/initialize?prefCd=25&kikanCd=2250011650&kikanKbn=2", "url2": "http://www.ritto-yoshioka-child-clinic.com/", "内容": "栗東よしおか小児科【2:診療所】【診療科目:小児科】滋賀県栗東市綣３丁目５－１７" }, "geometry": { "type": "Point", "coordinates": [ 135.981292, 35.033901 ] } },
{ "type": "Feature", "properties": { "ID": 2522250011660, "正式名称": "医療法人　井関診療所", "機関区分": 2, "都道府県コード": 25, "市区町村コード": 202, "所在地": "滋賀県彦根市大東町１４－１５上野第Ⅴビル２階", "緯度": 35.26929, "経度": 136.260268, "url": "https://www.iryou.teikyouseido.mhlw.go.jp/znk-web/juminkanja/S2430/initialize?prefCd=25&kikanCd=2250011660&kikanKbn=2", "url2": null, "内容": "医療法人　井関診療所【2:診療所】【診療科目:眼科】滋賀県彦根市大東町１４－１５上野第Ⅴビル２階" }, "geometry": { "type": "Point", "coordinates": [ 136.260268, 35.26929 ] } },
{ "type": "Feature", "properties": { "ID": 2522250011670, "正式名称": "医療法人社団　田代外科・整形外科医院", "機関区分": 2, "都道府県コード": 25, "市区町村コード": 209, "所在地": "滋賀県甲賀市水口町泉１２７２", "緯度": 34.986025, "経度": 136.136202, "url": "https://www.iryou.teikyouseido.mhlw.go.jp/znk-web/juminkanja/S2430/initialize?prefCd=25&kikanCd=2250011670&kikanKbn=2", "url2": "http://www.tashiro-iin.com/", "内容": "医療法人社団　田代外科・整形外科医院【2:診療所】【診療科目:外科_整形外科_リハビリテーション科】滋賀県甲賀市水口町泉１２７２" }, "geometry": { "type": "Point", "coordinates": [ 136.136202, 34.986025 ] } },
{ "type": "Feature", "properties": { "ID": 2522250011680, "正式名称": "医療法人博悠会　かわむら医院", "機関区分": 2, "都道府県コード": 25, "市区町村コード": 201, "所在地": "滋賀県大津市鳥居川町４－２５", "緯度": 34.974323, "経度": 135.901017, "url": "https://www.iryou.teikyouseido.mhlw.go.jp/znk-web/juminkanja/S2430/initialize?prefCd=25&kikanCd=2250011680&kikanKbn=2", "url2": "http://www.kawamura-clinic.net", "内容": "医療法人博悠会　かわむら医院【2:診療所】【診療科目:内科_糖尿病内科_リハビリテーション科】滋賀県大津市鳥居川町４－２５" }, "geometry": { "type": "Point", "coordinates": [ 135.901017, 34.974323 ] } },
{ "type": "Feature", "properties": { "ID": 2522250011710, "正式名称": "医療法人赫照会　ひらた医院", "機関区分": 2, "都道府県コード": 25, "市区町村コード": 201, "所在地": "滋賀県大津市石山寺３－１５－１０", "緯度": 34.954448, "経度": 135.907986, "url": "https://www.iryou.teikyouseido.mhlw.go.jp/znk-web/juminkanja/S2430/initialize?prefCd=25&kikanCd=2250011710&kikanKbn=2", "url2": "http://www.hirata-clinic.net/", "内容": "医療法人赫照会　ひらた医院【2:診療所】【診療科目:内科_循環器内科】滋賀県大津市石山寺３－１５－１０" }, "geometry": { "type": "Point", "coordinates": [ 135.907986, 34.954448 ] } },
{ "type": "Feature", "properties": { "ID": 2522250011730, "正式名称": "ひまわり眼科", "機関区分": 2, "都道府県コード": 25, "市区町村コード": 202, "所在地": "滋賀県彦根市竹ヶ鼻町４３番地２　ビバシティ専門店街１階", "緯度": 35.243706, "経度": 136.250867, "url": "https://www.iryou.teikyouseido.mhlw.go.jp/znk-web/juminkanja/S2430/initialize?prefCd=25&kikanCd=2250011730&kikanKbn=2", "url2": null, "内容": "ひまわり眼科【2:診療所】【診療科目:眼科】滋賀県彦根市竹ヶ鼻町４３番地２　ビバシティ専門店街１階" }, "geometry": { "type": "Point", "coordinates": [ 136.250867, 35.243706 ] } },
{ "type": "Feature", "properties": { "ID": 2522250011740, "正式名称": "医療法人社団循環器内科冨岡クリニック", "機関区分": 2, "都道府県コード": 25, "市区町村コード": 201, "所在地": "滋賀県大津市松山町１０－３３", "緯度": 35.027911, "経度": 135.863783, "url": "https://www.iryou.teikyouseido.mhlw.go.jp/znk-web/juminkanja/S2430/initialize?prefCd=25&kikanCd=2250011740&kikanKbn=2", "url2": "http://www.jyunkanki-tomioka.clinic-hp.com", "内容": "医療法人社団循環器内科冨岡クリニック【2:診療所】【診療科目:内科_循環器内科】滋賀県大津市松山町１０－３３" }, "geometry": { "type": "Point", "coordinates": [ 135.863783, 35.027911 ] } },
{ "type": "Feature", "properties": { "ID": 2522250011750, "正式名称": "由良クリニック眼科分院", "機関区分": 2, "都道府県コード": 25, "市区町村コード": 206, "所在地": "滋賀県草津市新浜町３００番地", "緯度": 34.997718, "経度": 135.917362, "url": "https://www.iryou.teikyouseido.mhlw.go.jp/znk-web/juminkanja/S2430/initialize?prefCd=25&kikanCd=2250011750&kikanKbn=2", "url2": null, "内容": "由良クリニック眼科分院【2:診療所】【診療科目:眼科】滋賀県草津市新浜町３００番地" }, "geometry": { "type": "Point", "coordinates": [ 135.917362, 34.997718 ] } },
{ "type": "Feature", "properties": { "ID": 2522250011780, "正式名称": "医療法人社団　五心会　ひらたクリニック", "機関区分": 2, "都道府県コード": 25, "市区町村コード": 202, "所在地": "滋賀県彦根市平田町４４８番１", "緯度": 35.260578, "経度": 136.238539, "url": "https://www.iryou.teikyouseido.mhlw.go.jp/znk-web/juminkanja/S2430/initialize?prefCd=25&kikanCd=2250011780&kikanKbn=2", "url2": null, "内容": "医療法人社団　五心会　ひらたクリニック【2:診療所】【診療科目:内科】滋賀県彦根市平田町４４８番１" }, "geometry": { "type": "Point", "coordinates": [ 136.238539, 35.260578 ] } },
{ "type": "Feature", "properties": { "ID": 2522250011800, "正式名称": "医療法人　美崎ファミリークリニック", "機関区分": 2, "都道府県コード": 25, "市区町村コード": 201, "所在地": "滋賀県大津市美崎町二番二十二号", "緯度": 34.982553, "経度": 135.889252, "url": "https://www.iryou.teikyouseido.mhlw.go.jp/znk-web/juminkanja/S2430/initialize?prefCd=25&kikanCd=2250011800&kikanKbn=2", "url2": "http://www.misaki-fc.com", "内容": "医療法人　美崎ファミリークリニック【2:診療所】【診療科目:内科_糖尿病内科_循環器内科】滋賀県大津市美崎町二番二十二号" }, "geometry": { "type": "Point", "coordinates": [ 135.889252, 34.982553 ] } },
{ "type": "Feature", "properties": { "ID": 2522250011820, "正式名称": "医療法人社団　美松会　三雲クリニック", "機関区分": 2, "都道府県コード": 25, "市区町村コード": 211, "所在地": "滋賀県湖南市三雲５５６－２", "緯度": 34.983511, "経度": 136.114655, "url": "https://www.iryou.teikyouseido.mhlw.go.jp/znk-web/juminkanja/S2430/initialize?prefCd=25&kikanCd=2250011820&kikanKbn=2", "url2": "http://ikuta-hospital.com/", "内容": "医療法人社団　美松会　三雲クリニック【2:診療所】【診療科目:内科】滋賀県湖南市三雲５５６－２" }, "geometry": { "type": "Point", "coordinates": [ 136.114655, 34.983511 ] } },
{ "type": "Feature", "properties": { "ID": 2522250011830, "正式名称": "大津心療内科クリニック", "機関区分": 2, "都道府県コード": 25, "市区町村コード": 201, "所在地": "滋賀県大津市春日町５−１７Ｙ’ｓＢＬＤ１０２号室", "緯度": 35.003869, "経度": 135.862825, "url": "https://www.iryou.teikyouseido.mhlw.go.jp/znk-web/juminkanja/S2430/initialize?prefCd=25&kikanCd=2250011830&kikanKbn=2", "url2": "https://otsumentalclinic.com/", "内容": "大津心療内科クリニック【2:診療所】【診療科目:精神科_心療内科】滋賀県大津市春日町５−１７Ｙ’ｓＢＬＤ１０２号室" }, "geometry": { "type": "Point", "coordinates": [ 135.862825, 35.003869 ] } },
{ "type": "Feature", "properties": { "ID": 2522250011850, "正式名称": "ふじさわ小児クリニック", "機関区分": 2, "都道府県コード": 25, "市区町村コード": 206, "所在地": "滋賀県草津市大路二丁目９番４号", "緯度": 35.020044, "経度": 135.966777, "url": "https://www.iryou.teikyouseido.mhlw.go.jp/znk-web/juminkanja/S2430/initialize?prefCd=25&kikanCd=2250011850&kikanKbn=2", "url2": "http://fujisawa-babykids.jp/", "内容": "ふじさわ小児クリニック【2:診療所】【診療科目:小児科】滋賀県草津市大路二丁目９番４号" }, "geometry": { "type": "Point", "coordinates": [ 135.966777, 35.020044 ] } },
{ "type": "Feature", "properties": { "ID": 2522250011870, "正式名称": "のだ医院", "機関区分": 2, "都道府県コード": 25, "市区町村コード": 202, "所在地": "滋賀県彦根市野良田町３３０－３１", "緯度": 35.202935, "経度": 136.197302, "url": "https://www.iryou.teikyouseido.mhlw.go.jp/znk-web/juminkanja/S2430/initialize?prefCd=25&kikanCd=2250011870&kikanKbn=2", "url2": "http://www.medic-grp.co.jp/doctor/wada/", "内容": "のだ医院【2:診療所】【診療科目:内科_循環器内科_老年内科】滋賀県彦根市野良田町３３０－３１" }, "geometry": { "type": "Point", "coordinates": [ 136.197302, 35.202935 ] } },
{ "type": "Feature", "properties": { "ID": 2522250011890, "正式名称": "風の街こどもクリニック", "機関区分": 2, "都道府県コード": 25, "市区町村コード": 203, "所在地": "滋賀県長浜市八幡中山町３６１番地風の街キャンスシティ２", "緯度": 35.391047, "経度": 136.280316, "url": "https://www.iryou.teikyouseido.mhlw.go.jp/znk-web/juminkanja/S2430/initialize?prefCd=25&kikanCd=2250011890&kikanKbn=2", "url2": "https://www.kazenomachi-kodomo.website/", "内容": "風の街こどもクリニック【2:診療所】【診療科目:小児科】滋賀県長浜市八幡中山町３６１番地風の街キャンスシティ２" }, "geometry": { "type": "Point", "coordinates": [ 136.280316, 35.391047 ] } },
{ "type": "Feature", "properties": { "ID": 2522250011900, "正式名称": "いしい眼科", "機関区分": 2, "都道府県コード": 25, "市区町村コード": 211, "所在地": "滋賀県湖南市石部中央６－１－３", "緯度": 35.010943, "経度": 136.060068, "url": "https://www.iryou.teikyouseido.mhlw.go.jp/znk-web/juminkanja/S2430/initialize?prefCd=25&kikanCd=2250011900&kikanKbn=2", "url2": "http://www.ishii-ganka.com/", "内容": "いしい眼科【2:診療所】【診療科目:眼科】滋賀県湖南市石部中央６－１－３" }, "geometry": { "type": "Point", "coordinates": [ 136.060068, 35.010943 ] } },
{ "type": "Feature", "properties": { "ID": 2522250011920, "正式名称": "浅井東診療所", "機関区分": 2, "都道府県コード": 25, "市区町村コード": 203, "所在地": "滋賀県長浜市野瀬町８２８", "緯度": 35.463648, "経度": 136.31871, "url": "https://www.iryou.teikyouseido.mhlw.go.jp/znk-web/juminkanja/S2430/initialize?prefCd=25&kikanCd=2250011920&kikanKbn=2", "url2": "azaihigashi.hcfm.jp", "内容": "浅井東診療所【2:診療所】【診療科目:内科_小児科_皮膚科】滋賀県長浜市野瀬町８２８" }, "geometry": { "type": "Point", "coordinates": [ 136.31871, 35.463648 ] } },
{ "type": "Feature", "properties": { "ID": 2522250011930, "正式名称": "山本内科婦人科クリニック", "機関区分": 2, "都道府県コード": 25, "市区町村コード": 207, "所在地": "滋賀県守山市梅田町１－２５", "緯度": 35.051438, "経度": 135.996521, "url": "https://www.iryou.teikyouseido.mhlw.go.jp/znk-web/juminkanja/S2430/initialize?prefCd=25&kikanCd=2250011930&kikanKbn=2", "url2": null, "内容": "山本内科婦人科クリニック【2:診療所】【診療科目:内科_外科_婦人科_心療内科_アレルギー科】滋賀県守山市梅田町１－２５" }, "geometry": { "type": "Point", "coordinates": [ 135.996521, 35.051438 ] } },
{ "type": "Feature", "properties": { "ID": 2522250011950, "正式名称": "医療法人　ますだ内科医院", "機関区分": 2, "都道府県コード": 25, "市区町村コード": 209, "所在地": "滋賀県甲賀市甲賀町滝２２３１－１", "緯度": 34.900511, "経度": 136.20626, "url": "https://www.iryou.teikyouseido.mhlw.go.jp/znk-web/juminkanja/S2430/initialize?prefCd=25&kikanCd=2250011950&kikanKbn=2", "url2": "http://masudaclinic.com/", "内容": "医療法人　ますだ内科医院【2:診療所】【診療科目:内科】滋賀県甲賀市甲賀町滝２２３１－１" }, "geometry": { "type": "Point", "coordinates": [ 136.20626, 34.900511 ] } },
{ "type": "Feature", "properties": { "ID": 2522250011960, "正式名称": "ヒフ科クリニック山本", "機関区分": 2, "都道府県コード": 25, "市区町村コード": 202, "所在地": "滋賀県彦根市日夏町２８７８－１", "緯度": 35.233832, "経度": 136.21816, "url": "https://www.iryou.teikyouseido.mhlw.go.jp/znk-web/juminkanja/S2430/initialize?prefCd=25&kikanCd=2250011960&kikanKbn=2", "url2": "https://www.dermaclinicyamamoto.com/", "内容": "ヒフ科クリニック山本【2:診療所】【診療科目:皮膚科】滋賀県彦根市日夏町２８７８－１" }, "geometry": { "type": "Point", "coordinates": [ 136.21816, 35.233832 ] } },
{ "type": "Feature", "properties": { "ID": 2522250011980, "正式名称": "堤医院", "機関区分": 2, "都道府県コード": 25, "市区町村コード": 202, "所在地": "滋賀県彦根市原町８５０－１７９", "緯度": 35.259797, "経度": 136.269208, "url": "https://www.iryou.teikyouseido.mhlw.go.jp/znk-web/juminkanja/S2430/initialize?prefCd=25&kikanCd=2250011980&kikanKbn=2", "url2": null, "内容": "堤医院【2:診療所】【診療科目:内科_小児科】滋賀県彦根市原町８５０－１７９" }, "geometry": { "type": "Point", "coordinates": [ 136.269208, 35.259797 ] } },
{ "type": "Feature", "properties": { "ID": 2522250011990, "正式名称": "公益財団法人滋賀県健康づくり財団健診センター", "機関区分": 2, "都道府県コード": 25, "市区町村コード": 201, "所在地": "滋賀県大津市御殿浜６番２８号", "緯度": 34.985572, "経度": 135.89581, "url": "https://www.iryou.teikyouseido.mhlw.go.jp/znk-web/juminkanja/S2430/initialize?prefCd=25&kikanCd=2250011990&kikanKbn=2", "url2": "https://www.kenkou-shiga.or.jp/", "内容": "公益財団法人滋賀県健康づくり財団健診センター【2:診療所】【診療科目:内科】滋賀県大津市御殿浜６番２８号" }, "geometry": { "type": "Point", "coordinates": [ 135.89581, 34.985572 ] } },
{ "type": "Feature", "properties": { "ID": 2522250012000, "正式名称": "おさだファミリークリニック", "機関区分": 2, "都道府県コード": 25, "市区町村コード": 204, "所在地": "滋賀県近江八幡市長田町１２６８－１", "緯度": 35.131153, "経度": 136.124437, "url": "https://www.iryou.teikyouseido.mhlw.go.jp/znk-web/juminkanja/S2430/initialize?prefCd=25&kikanCd=2250012000&kikanKbn=2", "url2": "https://keihankai.com/%e3%81%8a%e3%81%95%e3%81%a0%e3%83%95%e3%82%a1%e3%83%9f%e3%83%aa%e3%83%bc%e3%82%af%e3%83%aa%e3%83%8b%e3%83%83%e3%82%af/", "内容": "おさだファミリークリニック【2:診療所】【診療科目:内科_神経内科_整形外科_リハビリテーション科】滋賀県近江八幡市長田町１２６８－１" }, "geometry": { "type": "Point", "coordinates": [ 136.124437, 35.131153 ] } },
{ "type": "Feature", "properties": { "ID": 2522250012010, "正式名称": "医療法人　布引内科クリニック", "機関区分": 2, "都道府県コード": 25, "市区町村コード": 213, "所在地": "滋賀県東近江市布引台１丁目９８０", "緯度": 35.085764, "経度": 136.188167, "url": "https://www.iryou.teikyouseido.mhlw.go.jp/znk-web/juminkanja/S2430/initialize?prefCd=25&kikanCd=2250012010&kikanKbn=2", "url2": "http://www.medic-grp.co.jp/doctor/nunobiki/", "内容": "医療法人　布引内科クリニック【2:診療所】【診療科目:内科_糖尿病内科_内分泌内科_腎臓内科_人工透析内科】滋賀県東近江市布引台１丁目９８０" }, "geometry": { "type": "Point", "coordinates": [ 136.188167, 35.085764 ] } },
{ "type": "Feature", "properties": { "ID": 2522250012040, "正式名称": "藤井皮フ科クリニック", "機関区分": 2, "都道府県コード": 25, "市区町村コード": 201, "所在地": "滋賀県大津市大将軍１－９－１１", "緯度": 34.994152, "経度": 135.923917, "url": "https://www.iryou.teikyouseido.mhlw.go.jp/znk-web/juminkanja/S2430/initialize?prefCd=25&kikanCd=2250012040&kikanKbn=2", "url2": "http://fujii-clinic.com/", "内容": "藤井皮フ科クリニック【2:診療所】【診療科目:形成外科_小児皮膚科_皮膚科_美容皮膚科_アレルギー科】滋賀県大津市大将軍１－９－１１" }, "geometry": { "type": "Point", "coordinates": [ 135.923917, 34.994152 ] } },
{ "type": "Feature", "properties": { "ID": 2522250012090, "正式名称": "しろやま赤ちゃんこどもクリニック", "機関区分": 2, "都道府県コード": 25, "市区町村コード": 201, "所在地": "滋賀県大津市本堅田６丁目３５－２８", "緯度": 35.121097, "経度": 135.912625, "url": "https://www.iryou.teikyouseido.mhlw.go.jp/znk-web/juminkanja/S2430/initialize?prefCd=25&kikanCd=2250012090&kikanKbn=2", "url2": "http://shiroyama-kids-clinic.com", "内容": "しろやま赤ちゃんこどもクリニック【2:診療所】【診療科目:小児科_新生児内科】滋賀県大津市本堅田６丁目３５－２８" }, "geometry": { "type": "Point", "coordinates": [ 135.912625, 35.121097 ] } },
{ "type": "Feature", "properties": { "ID": 2522250012110, "正式名称": "すずきスキンクリニック", "機関区分": 2, "都道府県コード": 25, "市区町村コード": 209, "所在地": "滋賀県甲賀市水口町南林口４９", "緯度": 34.970711, "経度": 136.159173, "url": "https://www.iryou.teikyouseido.mhlw.go.jp/znk-web/juminkanja/S2430/initialize?prefCd=25&kikanCd=2250012110&kikanKbn=2", "url2": "http://hifu-cl.com/", "内容": "すずきスキンクリニック【2:診療所】【診療科目:形成外科_皮膚科_美容皮膚科_アレルギー科】滋賀県甲賀市水口町南林口４９" }, "geometry": { "type": "Point", "coordinates": [ 136.159173, 34.970711 ] } },
{ "type": "Feature", "properties": { "ID": 2522250012120, "正式名称": "かみやキッズクリニック", "機関区分": 2, "都道府県コード": 25, "市区町村コード": 202, "所在地": "滋賀県彦根市芹川町字塚町４７２－１６", "緯度": 35.262282, "経度": 136.264468, "url": "https://www.iryou.teikyouseido.mhlw.go.jp/znk-web/juminkanja/S2430/initialize?prefCd=25&kikanCd=2250012120&kikanKbn=2", "url2": "http://www.kamiya-kc.com", "内容": "かみやキッズクリニック【2:診療所】【診療科目:小児科】滋賀県彦根市芹川町字塚町４７２－１６" }, "geometry": { "type": "Point", "coordinates": [ 136.264468, 35.262282 ] } },
{ "type": "Feature", "properties": { "ID": 2522250012190, "正式名称": "加地眼科", "機関区分": 2, "都道府県コード": 25, "市区町村コード": 206, "所在地": "滋賀県草津市野路町６９４－６", "緯度": 35.004843, "経度": 135.946843, "url": "https://www.iryou.teikyouseido.mhlw.go.jp/znk-web/juminkanja/S2430/initialize?prefCd=25&kikanCd=2250012190&kikanKbn=2", "url2": "https://www.kajiganka.com", "内容": "加地眼科【2:診療所】【診療科目:眼科】滋賀県草津市野路町６９４－６" }, "geometry": { "type": "Point", "coordinates": [ 135.946843, 35.004843 ] } },
{ "type": "Feature", "properties": { "ID": 2522250012200, "正式名称": "和田耳鼻咽喉科医院", "機関区分": 2, "都道府県コード": 25, "市区町村コード": 209, "所在地": "滋賀県甲賀市水口町京町６番１１号", "緯度": 34.967059, "経度": 136.178488, "url": "https://www.iryou.teikyouseido.mhlw.go.jp/znk-web/juminkanja/S2430/initialize?prefCd=25&kikanCd=2250012200&kikanKbn=2", "url2": "http://wada-ent-clinic.com/", "内容": "和田耳鼻咽喉科医院【2:診療所】【診療科目:耳鼻いんこう科】滋賀県甲賀市水口町京町６番１１号" }, "geometry": { "type": "Point", "coordinates": [ 136.178488, 34.967059 ] } },
{ "type": "Feature", "properties": { "ID": 2522250012210, "正式名称": "おうみリウマチ膠原病・内科クリニック", "機関区分": 2, "都道府県コード": 25, "市区町村コード": 204, "所在地": "滋賀県近江八幡市中村町２０－２５", "緯度": 35.126828, "経度": 136.096776, "url": "https://www.iryou.teikyouseido.mhlw.go.jp/znk-web/juminkanja/S2430/initialize?prefCd=25&kikanCd=2250012210&kikanKbn=2", "url2": "http://www.oumi-rc.com/", "内容": "おうみリウマチ膠原病・内科クリニック【2:診療所】【診療科目:内科_アレルギー疾患内科_アレルギー科_リウマチ科】滋賀県近江八幡市中村町２０－２５" }, "geometry": { "type": "Point", "coordinates": [ 136.096776, 35.126828 ] } },
{ "type": "Feature", "properties": { "ID": 2522250012220, "正式名称": "医療法人　よしずみ内科クリニック", "機関区分": 2, "都道府県コード": 25, "市区町村コード": 204, "所在地": "滋賀県近江八幡市中小森町１２９－１", "緯度": 35.116746, "経度": 136.086272, "url": "https://www.iryou.teikyouseido.mhlw.go.jp/znk-web/juminkanja/S2430/initialize?prefCd=25&kikanCd=2250012220&kikanKbn=2", "url2": "http://www.medic-grp.co.jp/doctor/yoshizumi/index.html", "内容": "医療法人　よしずみ内科クリニック【2:診療所】【診療科目:内科_循環器内科_消化器内科_アレルギー科】滋賀県近江八幡市中小森町１２９－１" }, "geometry": { "type": "Point", "coordinates": [ 136.086272, 35.116746 ] } },
{ "type": "Feature", "properties": { "ID": 2522250012240, "正式名称": "たなか小児科", "機関区分": 2, "都道府県コード": 25, "市区町村コード": 213, "所在地": "滋賀県東近江市八日市緑町５番２７号", "緯度": 35.114656, "経度": 136.205796, "url": "https://www.iryou.teikyouseido.mhlw.go.jp/znk-web/juminkanja/S2430/initialize?prefCd=25&kikanCd=2250012240&kikanKbn=2", "url2": "http://www.medic-grp.co.jp/doctor/tanaka/", "内容": "たなか小児科【2:診療所】【診療科目:小児科】滋賀県東近江市八日市緑町５番２７号" }, "geometry": { "type": "Point", "coordinates": [ 136.205796, 35.114656 ] } },
{ "type": "Feature", "properties": { "ID": 2522250012260, "正式名称": "医療法人　まちのほけんしつ　すこやかｋｉｄｓクリニック", "機関区分": 2, "都道府県コード": 25, "市区町村コード": 203, "所在地": "滋賀県長浜市平方町３２１－３", "緯度": 35.372721, "経度": 136.276174, "url": "https://www.iryou.teikyouseido.mhlw.go.jp/znk-web/juminkanja/S2430/initialize?prefCd=25&kikanCd=2250012260&kikanKbn=2", "url2": "http://machinohokensitsu.jp", "内容": "医療法人　まちのほけんしつ　すこやかｋｉｄｓクリニック【2:診療所】【診療科目:小児科_アレルギー科】滋賀県長浜市平方町３２１－３" }, "geometry": { "type": "Point", "coordinates": [ 136.276174, 35.372721 ] } },
{ "type": "Feature", "properties": { "ID": 2522250012270, "正式名称": "医療法人スマイル　玉川スマイルクリニック", "機関区分": 2, "都道府県コード": 25, "市区町村コード": 206, "所在地": "滋賀県草津市野路８丁目２２－１３", "緯度": 34.995786, "経度": 135.950045, "url": "https://www.iryou.teikyouseido.mhlw.go.jp/znk-web/juminkanja/S2430/initialize?prefCd=25&kikanCd=2250012270&kikanKbn=2", "url2": "http://tamagawasmile.com/", "内容": "医療法人スマイル　玉川スマイルクリニック【2:診療所】【診療科目:内科_糖尿病・内分泌内科_循環器内科_小児科】滋賀県草津市野路８丁目２２－１３" }, "geometry": { "type": "Point", "coordinates": [ 135.950045, 34.995786 ] } },
{ "type": "Feature", "properties": { "ID": 2522250012300, "正式名称": "医療法人かわひと内科クリニック", "機関区分": 2, "都道府県コード": 25, "市区町村コード": 207, "所在地": "滋賀県守山市勝部３丁目１５－３１－２", "緯度": 35.046525, "経度": 135.988871, "url": "https://www.iryou.teikyouseido.mhlw.go.jp/znk-web/juminkanja/S2430/initialize?prefCd=25&kikanCd=2250012300&kikanKbn=2", "url2": "http://kawahito-clinic.com/", "内容": "医療法人かわひと内科クリニック【2:診療所】【診療科目:内科_循環器内科】滋賀県守山市勝部３丁目１５－３１－２" }, "geometry": { "type": "Point", "coordinates": [ 135.988871, 35.046525 ] } },
{ "type": "Feature", "properties": { "ID": 2522250012310, "正式名称": "近江診療所", "機関区分": 2, "都道府県コード": 25, "市区町村コード": 214, "所在地": "滋賀県米原市新庄７７－１", "緯度": 35.335133, "経度": 136.313387, "url": "https://www.iryou.teikyouseido.mhlw.go.jp/znk-web/juminkanja/S2430/initialize?prefCd=25&kikanCd=2250012310&kikanKbn=2", "url2": "https://fukushia.jadecom.or.jp/", "内容": "近江診療所【2:診療所】【診療科目:内科_消化器内科_外科_小児科_眼科_リハビリテーション科】滋賀県米原市新庄７７－１" }, "geometry": { "type": "Point", "coordinates": [ 136.313387, 35.335133 ] } },
{ "type": "Feature", "properties": { "ID": 2522250012340, "正式名称": "医療法人社団あかつき会　たけだクリニック", "機関区分": 2, "都道府県コード": 25, "市区町村コード": 201, "所在地": "滋賀県大津市下阪本２丁目２０番５７号", "緯度": 35.05948, "経度": 135.870921, "url": "https://www.iryou.teikyouseido.mhlw.go.jp/znk-web/juminkanja/S2430/initialize?prefCd=25&kikanCd=2250012340&kikanKbn=2", "url2": "http://akatsuki-shiga.com/takedacl", "内容": "医療法人社団あかつき会　たけだクリニック【2:診療所】【診療科目:内科_整形外科_皮膚科】滋賀県大津市下阪本２丁目２０番５７号" }, "geometry": { "type": "Point", "coordinates": [ 135.870921, 35.05948 ] } },
{ "type": "Feature", "properties": { "ID": 2522250012350, "正式名称": "医療法人いながきハートクリニック", "機関区分": 2, "都道府県コード": 25, "市区町村コード": 201, "所在地": "滋賀県大津市蓮池町１４番２４号", "緯度": 35.046306, "経度": 135.865033, "url": "https://www.iryou.teikyouseido.mhlw.go.jp/znk-web/juminkanja/S2430/initialize?prefCd=25&kikanCd=2250012350&kikanKbn=2", "url2": "http://inagakiheartclinic.com/", "内容": "医療法人いながきハートクリニック【2:診療所】【診療科目:内科_循環器内科】滋賀県大津市蓮池町１４番２４号" }, "geometry": { "type": "Point", "coordinates": [ 135.865033, 35.046306 ] } },
{ "type": "Feature", "properties": { "ID": 2522250012360, "正式名称": "医療法人敬絆会　まつおファミリークリニック", "機関区分": 2, "都道府県コード": 25, "市区町村コード": 204, "所在地": "滋賀県近江八幡市鷹飼町１４８５－６　Ｏ・Ｈビル近江八幡", "緯度": 35.124082, "経度": 136.102371, "url": "https://www.iryou.teikyouseido.mhlw.go.jp/znk-web/juminkanja/S2430/initialize?prefCd=25&kikanCd=2250012360&kikanKbn=2", "url2": "https://keihankai.com/elementor-435/", "内容": "医療法人敬絆会　まつおファミリークリニック【2:診療所】【診療科目:内科_消化器内科_ペインクリニック内科_外科_肛門外科_整形外科_皮膚科_心療内科】滋賀県近江八幡市鷹飼町１４８５－６　Ｏ・Ｈビル近江八幡" }, "geometry": { "type": "Point", "coordinates": [ 136.102371, 35.124082 ] } },
{ "type": "Feature", "properties": { "ID": 2522250012380, "正式名称": "かんだクリニック", "機関区分": 2, "都道府県コード": 25, "市区町村コード": 206, "所在地": "滋賀県草津市野路町６８６", "緯度": 35.005715, "経度": 135.945165, "url": "https://www.iryou.teikyouseido.mhlw.go.jp/znk-web/juminkanja/S2430/initialize?prefCd=25&kikanCd=2250012380&kikanKbn=2", "url2": "http://www.kanda-clinic1.com/", "内容": "かんだクリニック【2:診療所】【診療科目:形成外科_皮膚科】滋賀県草津市野路町６８６" }, "geometry": { "type": "Point", "coordinates": [ 135.945165, 35.005715 ] } },
{ "type": "Feature", "properties": { "ID": 2522250012390, "正式名称": "駒井クリニック", "機関区分": 2, "都道府県コード": 25, "市区町村コード": 201, "所在地": "滋賀県大津市大江３丁目５－２０", "緯度": 34.980145, "経度": 135.917821, "url": "https://www.iryou.teikyouseido.mhlw.go.jp/znk-web/juminkanja/S2430/initialize?prefCd=25&kikanCd=2250012390&kikanKbn=2", "url2": "http://www.komai-cl.com/", "内容": "駒井クリニック【2:診療所】【診療科目:外科_形成外科_美容外科_皮膚科】滋賀県大津市大江３丁目５－２０" }, "geometry": { "type": "Point", "coordinates": [ 135.917821, 34.980145 ] } },
{ "type": "Feature", "properties": { "ID": 2522250012400, "正式名称": "にしかわ整形外科クリニック", "機関区分": 2, "都道府県コード": 25, "市区町村コード": 208, "所在地": "滋賀県栗東市綣２丁目４番５号　ウイングプラザ１階", "緯度": 35.037528, "経度": 135.981864, "url": "https://www.iryou.teikyouseido.mhlw.go.jp/znk-web/juminkanja/S2430/initialize?prefCd=25&kikanCd=2250012400&kikanKbn=2", "url2": "http://nishikawaseikei.hp.gogo.jp/", "内容": "にしかわ整形外科クリニック【2:診療所】【診療科目:整形外科_形成外科_リウマチ科_リハビリテーション科】滋賀県栗東市綣２丁目４番５号　ウイングプラザ１階" }, "geometry": { "type": "Point", "coordinates": [ 135.981864, 35.037528 ] } },
{ "type": "Feature", "properties": { "ID": 2522250012410, "正式名称": "むらき眼科", "機関区分": 2, "都道府県コード": 25, "市区町村コード": 209, "所在地": "滋賀県甲賀市信楽町長野１３６３－１", "緯度": 34.882765, "経度": 136.05213, "url": "https://www.iryou.teikyouseido.mhlw.go.jp/znk-web/juminkanja/S2430/initialize?prefCd=25&kikanCd=2250012410&kikanKbn=2", "url2": "http://www.muraki-ganka.com/", "内容": "むらき眼科【2:診療所】【診療科目:眼科】滋賀県甲賀市信楽町長野１３６３－１" }, "geometry": { "type": "Point", "coordinates": [ 136.05213, 34.882765 ] } },
{ "type": "Feature", "properties": { "ID": 2522250012420, "正式名称": "いうら皮ふ科クリニック", "機関区分": 2, "都道府県コード": 25, "市区町村コード": 206, "所在地": "滋賀県草津市追分南１丁目１－１４　えんビル１Ｆ", "緯度": 34.99948, "経度": 135.960022, "url": "https://www.iryou.teikyouseido.mhlw.go.jp/znk-web/juminkanja/S2430/initialize?prefCd=25&kikanCd=2250012420&kikanKbn=2", "url2": "http://www.iuraskincare-clinic.com", "内容": "いうら皮ふ科クリニック【2:診療所】【診療科目:皮膚科_美容皮膚科_アレルギー科】滋賀県草津市追分南１丁目１－１４　えんビル１Ｆ" }, "geometry": { "type": "Point", "coordinates": [ 135.960022, 34.99948 ] } },
{ "type": "Feature", "properties": { "ID": 2522250012440, "正式名称": "医療法人　北村クリニック", "機関区分": 2, "都道府県コード": 25, "市区町村コード": 201, "所在地": "滋賀県大津市瀬田５丁目２２－２１", "緯度": 34.959789, "経度": 135.911252, "url": "https://www.iryou.teikyouseido.mhlw.go.jp/znk-web/juminkanja/S2430/initialize?prefCd=25&kikanCd=2250012440&kikanKbn=2", "url2": "https://kitamura-clinic-seta.com", "内容": "医療法人　北村クリニック【2:診療所】【診療科目:内科_外科_乳腺外科_整形外科_リハビリテーション科】滋賀県大津市瀬田５丁目２２－２１" }, "geometry": { "type": "Point", "coordinates": [ 135.911252, 34.959789 ] } },
{ "type": "Feature", "properties": { "ID": 2522250012460, "正式名称": "ほんだ皮フ科クリニック", "機関区分": 2, "都道府県コード": 25, "市区町村コード": 201, "所在地": "滋賀県大津市大江２丁目３４番１６号", "緯度": 34.976193, "経度": 135.912555, "url": "https://www.iryou.teikyouseido.mhlw.go.jp/znk-web/juminkanja/S2430/initialize?prefCd=25&kikanCd=2250012460&kikanKbn=2", "url2": "http://honda-hifuka.net", "内容": "ほんだ皮フ科クリニック【2:診療所】【診療科目:皮膚科_アレルギー科】滋賀県大津市大江２丁目３４番１６号" }, "geometry": { "type": "Point", "coordinates": [ 135.912555, 34.976193 ] } },
{ "type": "Feature", "properties": { "ID": 2522250012470, "正式名称": "みなくちこどもクリニック", "機関区分": 2, "都道府県コード": 25, "市区町村コード": 209, "所在地": "滋賀県甲賀市水口町南林口４７番地２", "緯度": 34.970711, "経度": 136.159173, "url": "https://www.iryou.teikyouseido.mhlw.go.jp/znk-web/juminkanja/S2430/initialize?prefCd=25&kikanCd=2250012470&kikanKbn=2", "url2": "http://www.minakuchikodomo.com", "内容": "みなくちこどもクリニック【2:診療所】【診療科目:小児科】滋賀県甲賀市水口町南林口４７番地２" }, "geometry": { "type": "Point", "coordinates": [ 136.159173, 34.970711 ] } },
{ "type": "Feature", "properties": { "ID": 2522250012480, "正式名称": "はっとり皮フ科クリニック", "機関区分": 2, "都道府県コード": 25, "市区町村コード": 207, "所在地": "滋賀県守山市勝部３丁目１５番３１－３号", "緯度": 35.046894, "経度": 135.989452, "url": "https://www.iryou.teikyouseido.mhlw.go.jp/znk-web/juminkanja/S2430/initialize?prefCd=25&kikanCd=2250012480&kikanKbn=2", "url2": "www.hattori-hifuka.jp", "内容": "はっとり皮フ科クリニック【2:診療所】【診療科目:皮膚科】滋賀県守山市勝部３丁目１５番３１－３号" }, "geometry": { "type": "Point", "coordinates": [ 135.989452, 35.046894 ] } },
{ "type": "Feature", "properties": { "ID": 2522250012490, "正式名称": "大津病理診断科", "機関区分": 2, "都道府県コード": 25, "市区町村コード": 201, "所在地": "滋賀県大津市田辺町１５ー３９　メディシャンフローエ２Ｆ", "緯度": 34.970687, "経度": 135.896059, "url": "https://www.iryou.teikyouseido.mhlw.go.jp/znk-web/juminkanja/S2430/initialize?prefCd=25&kikanCd=2250012490&kikanKbn=2", "url2": null, "内容": "大津病理診断科【2:診療所】【診療科目:病理診断科】滋賀県大津市田辺町１５ー３９　メディシャンフローエ２Ｆ" }, "geometry": { "type": "Point", "coordinates": [ 135.896059, 34.970687 ] } },
{ "type": "Feature", "properties": { "ID": 2522250012520, "正式名称": "医療法人楽育会　山本整形外科クリニック", "機関区分": 2, "都道府県コード": 25, "市区町村コード": 201, "所在地": "滋賀県大津市蓮池町１４番２３号", "緯度": 35.046137, "経度": 135.864981, "url": "https://www.iryou.teikyouseido.mhlw.go.jp/znk-web/juminkanja/S2430/initialize?prefCd=25&kikanCd=2250012520&kikanKbn=2", "url2": "http://yamamoto-seikeigeka-clinic.jp/", "内容": "医療法人楽育会　山本整形外科クリニック【2:診療所】【診療科目:整形外科_リハビリテーション科】滋賀県大津市蓮池町１４番２３号" }, "geometry": { "type": "Point", "coordinates": [ 135.864981, 35.046137 ] } },
{ "type": "Feature", "properties": { "ID": 2522250012530, "正式名称": "医療法人央友会　光吉医院", "機関区分": 2, "都道府県コード": 25, "市区町村コード": 201, "所在地": "滋賀県大津市浜大津二丁目２－２", "緯度": 35.010955, "経度": 135.861904, "url": "https://www.iryou.teikyouseido.mhlw.go.jp/znk-web/juminkanja/S2430/initialize?prefCd=25&kikanCd=2250012530&kikanKbn=2", "url2": "mitsuyoshi.biz", "内容": "医療法人央友会　光吉医院【2:診療所】【診療科目:内科_小児科】滋賀県大津市浜大津二丁目２－２" }, "geometry": { "type": "Point", "coordinates": [ 135.861904, 35.010955 ] } },
{ "type": "Feature", "properties": { "ID": 2522250012540, "正式名称": "本堅田クリニック", "機関区分": 2, "都道府県コード": 25, "市区町村コード": 201, "所在地": "滋賀県大津市本堅田４丁目４－２１", "緯度": 35.116575, "経度": 135.919309, "url": "https://www.iryou.teikyouseido.mhlw.go.jp/znk-web/juminkanja/S2430/initialize?prefCd=25&kikanCd=2250012540&kikanKbn=2", "url2": null, "内容": "本堅田クリニック【2:診療所】【診療科目:内科】滋賀県大津市本堅田４丁目４－２１" }, "geometry": { "type": "Point", "coordinates": [ 135.919309, 35.116575 ] } },
{ "type": "Feature", "properties": { "ID": 2522250012570, "正式名称": "医療法人社団のむら小児科", "機関区分": 2, "都道府県コード": 25, "市区町村コード": 211, "所在地": "滋賀県湖南市石部中央一丁目３－２６", "緯度": 35.009775, "経度": 136.059162, "url": "https://www.iryou.teikyouseido.mhlw.go.jp/znk-web/juminkanja/S2430/initialize?prefCd=25&kikanCd=2250012570&kikanKbn=2", "url2": "nomura-shounika.com", "内容": "医療法人社団のむら小児科【2:診療所】【診療科目:小児科】滋賀県湖南市石部中央一丁目３－２６" }, "geometry": { "type": "Point", "coordinates": [ 136.059162, 35.009775 ] } },
{ "type": "Feature", "properties": { "ID": 2522250012630, "正式名称": "医療法人やまもと内科・外科クリニック", "機関区分": 2, "都道府県コード": 25, "市区町村コード": 209, "所在地": "滋賀県甲賀市水口町虫生野中央１１１番地", "緯度": 34.952844, "経度": 136.156757, "url": "https://www.iryou.teikyouseido.mhlw.go.jp/znk-web/juminkanja/S2430/initialize?prefCd=25&kikanCd=2250012630&kikanKbn=2", "url2": "http://www.yamamoto-cl.net/", "内容": "医療法人やまもと内科・外科クリニック【2:診療所】【診療科目:内科_糖尿病内科_内分泌内科_消化器内科_外科_肛門外科_リハビリテーション科】滋賀県甲賀市水口町虫生野中央１１１番地" }, "geometry": { "type": "Point", "coordinates": [ 136.156757, 34.952844 ] } },
{ "type": "Feature", "properties": { "ID": 2522250012650, "正式名称": "医療法人叡智会　つつみ耳鼻咽喉科", "機関区分": 2, "都道府県コード": 25, "市区町村コード": 207, "所在地": "滋賀県守山市焔魔堂町１１５－１", "緯度": 35.048172, "経度": 135.981803, "url": "https://www.iryou.teikyouseido.mhlw.go.jp/znk-web/juminkanja/S2430/initialize?prefCd=25&kikanCd=2250012650&kikanKbn=2", "url2": "tsutsumi-ent.jp", "内容": "医療法人叡智会　つつみ耳鼻咽喉科【2:診療所】【診療科目:耳鼻いんこう科】滋賀県守山市焔魔堂町１１５－１" }, "geometry": { "type": "Point", "coordinates": [ 135.981803, 35.048172 ] } },
{ "type": "Feature", "properties": { "ID": 2522250012660, "正式名称": "医療法人　片岡クリニック", "機関区分": 2, "都道府県コード": 25, "市区町村コード": 208, "所在地": "滋賀県栗東市安養寺８－１－３３　ナカザワメディカルビル２Ｆ", "緯度": 35.023887, "経度": 135.998593, "url": "https://www.iryou.teikyouseido.mhlw.go.jp/znk-web/juminkanja/S2430/initialize?prefCd=25&kikanCd=2250012660&kikanKbn=2", "url2": "http://kataoka-clinic.com/", "内容": "医療法人　片岡クリニック【2:診療所】【診療科目:皮膚科_泌尿器科_男性泌尿器科】滋賀県栗東市安養寺８－１－３３　ナカザワメディカルビル２Ｆ" }, "geometry": { "type": "Point", "coordinates": [ 135.998593, 35.023887 ] } },
{ "type": "Feature", "properties": { "ID": 2522250012680, "正式名称": "前川医院", "機関区分": 2, "都道府県コード": 25, "市区町村コード": 207, "所在地": "滋賀県守山市水保町１２７８", "緯度": 35.11266, "経度": 135.950476, "url": "https://www.iryou.teikyouseido.mhlw.go.jp/znk-web/juminkanja/S2430/initialize?prefCd=25&kikanCd=2250012680&kikanKbn=2", "url2": null, "内容": "前川医院【2:診療所】【診療科目:内科_呼吸器内科】滋賀県守山市水保町１２７８" }, "geometry": { "type": "Point", "coordinates": [ 135.950476, 35.11266 ] } },
{ "type": "Feature", "properties": { "ID": 2522250012690, "正式名称": "栗東えりこ内科クリニック", "機関区分": 2, "都道府県コード": 25, "市区町村コード": 208, "所在地": "滋賀県栗東市御園８４６－１", "緯度": 34.999815, "経度": 136.022721, "url": "https://www.iryou.teikyouseido.mhlw.go.jp/znk-web/juminkanja/S2430/initialize?prefCd=25&kikanCd=2250012690&kikanKbn=2", "url2": "http://eriko-clinic.com/", "内容": "栗東えりこ内科クリニック【2:診療所】【診療科目:内科_消化器内科_皮膚科】滋賀県栗東市御園８４６－１" }, "geometry": { "type": "Point", "coordinates": [ 136.022721, 34.999815 ] } },
{ "type": "Feature", "properties": { "ID": 2522250012710, "正式名称": "大津宮ほそだクリニック", "機関区分": 2, "都道府県コード": 25, "市区町村コード": 201, "所在地": "滋賀県大津市錦織２丁目８番４０号", "緯度": 35.028717, "経度": 135.855657, "url": "https://www.iryou.teikyouseido.mhlw.go.jp/znk-web/juminkanja/S2430/initialize?prefCd=25&kikanCd=2250012710&kikanKbn=2", "url2": "hosoda-clinic.info", "内容": "大津宮ほそだクリニック【2:診療所】【診療科目:内科_泌尿器科】滋賀県大津市錦織２丁目８番４０号" }, "geometry": { "type": "Point", "coordinates": [ 135.855657, 35.028717 ] } },
{ "type": "Feature", "properties": { "ID": 2522250012740, "正式名称": "竹下整形外科", "機関区分": 2, "都道府県コード": 25, "市区町村コード": 201, "所在地": "滋賀県大津市中庄１丁目１４－１０－２", "緯度": 34.990985, "経度": 135.89311, "url": "https://www.iryou.teikyouseido.mhlw.go.jp/znk-web/juminkanja/S2430/initialize?prefCd=25&kikanCd=2250012740&kikanKbn=2", "url2": "http://takeshitaseikei.sakura.ne.jp/", "内容": "竹下整形外科【2:診療所】【診療科目:整形外科_リウマチ科_リハビリテーション科】滋賀県大津市中庄１丁目１４－１０－２" }, "geometry": { "type": "Point", "coordinates": [ 135.89311, 34.990985 ] } },
{ "type": "Feature", "properties": { "ID": 2522250012750, "正式名称": "川会内科医院", "機関区分": 2, "都道府県コード": 25, "市区町村コード": 201, "所在地": "滋賀県大津市一里山２丁目２２番３号", "緯度": 35.004531, "経度": 135.86859, "url": "https://www.iryou.teikyouseido.mhlw.go.jp/znk-web/juminkanja/S2430/initialize?prefCd=25&kikanCd=2250012750&kikanKbn=2", "url2": "https://kawainaika.net/", "内容": "川会内科医院【2:診療所】【診療科目:内科_消化器内科】滋賀県大津市一里山２丁目２２番３号" }, "geometry": { "type": "Point", "coordinates": [ 135.86859, 35.004531 ] } },
{ "type": "Feature", "properties": { "ID": 2522250012760, "正式名称": "レイクこどもクリニック", "機関区分": 2, "都道府県コード": 25, "市区町村コード": 201, "所在地": "滋賀県大津市大将軍三丁目２４－７", "緯度": 34.991611, "経度": 135.92815, "url": "https://www.iryou.teikyouseido.mhlw.go.jp/znk-web/juminkanja/S2430/initialize?prefCd=25&kikanCd=2250012760&kikanKbn=2", "url2": "http://lake-children.net/index.php", "内容": "レイクこどもクリニック【2:診療所】【診療科目:小児科】滋賀県大津市大将軍三丁目２４－７" }, "geometry": { "type": "Point", "coordinates": [ 135.92815, 34.991611 ] } },
{ "type": "Feature", "properties": { "ID": 2522250012770, "正式名称": "ヤザマ内科医院", "機関区分": 2, "都道府県コード": 25, "市区町村コード": 207, "所在地": "滋賀県守山市大門町５６－１", "緯度": 35.054569, "経度": 135.975472, "url": "https://www.iryou.teikyouseido.mhlw.go.jp/znk-web/juminkanja/S2430/initialize?prefCd=25&kikanCd=2250012770&kikanKbn=2", "url2": "http:s//www.yazamanaika.com/", "内容": "ヤザマ内科医院【2:診療所】【診療科目:内科_消化器内科_小児科】滋賀県守山市大門町５６－１" }, "geometry": { "type": "Point", "coordinates": [ 135.975472, 35.054569 ] } },
{ "type": "Feature", "properties": { "ID": 2522250012780, "正式名称": "ありかた耳鼻咽喉科", "機関区分": 2, "都道府県コード": 25, "市区町村コード": 208, "所在地": "滋賀県栗東市安養寺三丁目１１－９", "緯度": 35.019795, "経度": 136.003906, "url": "https://www.iryou.teikyouseido.mhlw.go.jp/znk-web/juminkanja/S2430/initialize?prefCd=25&kikanCd=2250012780&kikanKbn=2", "url2": "http://www.medic-grp.co.jp/doctor/arikata-jibika/index.html", "内容": "ありかた耳鼻咽喉科【2:診療所】【診療科目:耳鼻いんこう科_アレルギー科】滋賀県栗東市安養寺三丁目１１－９" }, "geometry": { "type": "Point", "coordinates": [ 136.003906, 35.019795 ] } },
{ "type": "Feature", "properties": { "ID": 2522250012800, "正式名称": "医療法人瑞明会　滋賀睡眠クリニック", "機関区分": 2, "都道府県コード": 25, "市区町村コード": 206, "所在地": "滋賀県草津市南草津１丁目３番１", "緯度": 35.002596, "経度": 135.944852, "url": "https://www.iryou.teikyouseido.mhlw.go.jp/znk-web/juminkanja/S2430/initialize?prefCd=25&kikanCd=2250012800&kikanKbn=2", "url2": "http://www.shigasleep.net", "内容": "医療法人瑞明会　滋賀睡眠クリニック【2:診療所】【診療科目:内科_耳鼻いんこう科_精神科】滋賀県草津市南草津１丁目３番１" }, "geometry": { "type": "Point", "coordinates": [ 135.944852, 35.002596 ] } },
{ "type": "Feature", "properties": { "ID": 2522250012820, "正式名称": "医療法人くれよん　うえだこどもクリニック", "機関区分": 2, "都道府県コード": 25, "市区町村コード": 210, "所在地": "滋賀県野洲市小篠原８６９番地１", "緯度": 35.063043, "経度": 136.027242, "url": "https://www.iryou.teikyouseido.mhlw.go.jp/znk-web/juminkanja/S2430/initialize?prefCd=25&kikanCd=2250012820&kikanKbn=2", "url2": "http://ueda-kodomo.jp/", "内容": "医療法人くれよん　うえだこどもクリニック【2:診療所】【診療科目:小児科】滋賀県野洲市小篠原８６９番地１" }, "geometry": { "type": "Point", "coordinates": [ 136.027242, 35.063043 ] } },
{ "type": "Feature", "properties": { "ID": 2522250012830, "正式名称": "みみ・はな・いびき　耳鼻咽喉科　こまクリニック", "機関区分": 2, "都道府県コード": 25, "市区町村コード": 206, "所在地": "滋賀県草津市南草津２丁目７－２２", "緯度": 35.002721, "経度": 135.943915, "url": "https://www.iryou.teikyouseido.mhlw.go.jp/znk-web/juminkanja/S2430/initialize?prefCd=25&kikanCd=2250012830&kikanKbn=2", "url2": "koma-clinic.com", "内容": "みみ・はな・いびき　耳鼻咽喉科　こまクリニック【2:診療所】【診療科目:耳鼻いんこう科】滋賀県草津市南草津２丁目７－２２" }, "geometry": { "type": "Point", "coordinates": [ 135.943915, 35.002721 ] } },
{ "type": "Feature", "properties": { "ID": 2522250012840, "正式名称": "医療法人　おがわ耳鼻咽喉科医院", "機関区分": 2, "都道府県コード": 25, "市区町村コード": 206, "所在地": "滋賀県草津市追分１丁目４番２５－２", "緯度": 35.008929, "経度": 135.96733, "url": "https://www.iryou.teikyouseido.mhlw.go.jp/znk-web/juminkanja/S2430/initialize?prefCd=25&kikanCd=2250012840&kikanKbn=2", "url2": "http://www.medic-grp.co.jp/doctor/ogawa-jibika/index.html", "内容": "医療法人　おがわ耳鼻咽喉科医院【2:診療所】【診療科目:耳鼻いんこう科_アレルギー科】滋賀県草津市追分１丁目４番２５－２" }, "geometry": { "type": "Point", "coordinates": [ 135.96733, 35.008929 ] } },
{ "type": "Feature", "properties": { "ID": 2522250012850, "正式名称": "ばんば耳鼻咽喉科医院", "機関区分": 2, "都道府県コード": 25, "市区町村コード": 201, "所在地": "滋賀県大津市見世２丁目１９－５０", "緯度": 35.044062, "経度": 135.862684, "url": "https://www.iryou.teikyouseido.mhlw.go.jp/znk-web/juminkanja/S2430/initialize?prefCd=25&kikanCd=2250012850&kikanKbn=2", "url2": "http://www.bamba-ent.com", "内容": "ばんば耳鼻咽喉科医院【2:診療所】【診療科目:耳鼻いんこう科_気管食道・耳鼻いんこう科】滋賀県大津市見世２丁目１９－５０" }, "geometry": { "type": "Point", "coordinates": [ 135.862684, 35.044062 ] } },
{ "type": "Feature", "properties": { "ID": 2522250012860, "正式名称": "つかクリニック", "機関区分": 2, "都道府県コード": 25, "市区町村コード": 203, "所在地": "滋賀県長浜市弥高町５６番地", "緯度": 35.373085, "経度": 136.279138, "url": "https://www.iryou.teikyouseido.mhlw.go.jp/znk-web/juminkanja/S2430/initialize?prefCd=25&kikanCd=2250012860&kikanKbn=2", "url2": "http://www.tsuka-cl.com", "内容": "つかクリニック【2:診療所】【診療科目:内科_泌尿器科】滋賀県長浜市弥高町５６番地" }, "geometry": { "type": "Point", "coordinates": [ 136.279138, 35.373085 ] } },
{ "type": "Feature", "properties": { "ID": 2522250012880, "正式名称": "いしやまクリニック", "機関区分": 2, "都道府県コード": 25, "市区町村コード": 201, "所在地": "滋賀県大津市粟津町３－２　ＪＲ石山駅ＮＫビル４０２", "緯度": 34.979743, "経度": 135.899791, "url": "https://www.iryou.teikyouseido.mhlw.go.jp/znk-web/juminkanja/S2430/initialize?prefCd=25&kikanCd=2250012880&kikanKbn=2", "url2": "https://www.ishiyama-clinic.com/", "内容": "いしやまクリニック【2:診療所】【診療科目:精神科_心療内科】滋賀県大津市粟津町３－２　ＪＲ石山駅ＮＫビル４０２" }, "geometry": { "type": "Point", "coordinates": [ 135.899791, 34.979743 ] } },
{ "type": "Feature", "properties": { "ID": 2522250012900, "正式名称": "医療法人　小川診療所", "機関区分": 2, "都道府県コード": 25, "市区町村コード": 211, "所在地": "滋賀県湖南市石部東２丁目５番３８号", "緯度": 35.009894, "経度": 136.063045, "url": "https://www.iryou.teikyouseido.mhlw.go.jp/znk-web/juminkanja/S2430/initialize?prefCd=25&kikanCd=2250012900&kikanKbn=2", "url2": null, "内容": "医療法人　小川診療所【2:診療所】【診療科目:内科_糖尿病内科_循環器内科_消化器内科_人工透析内科_外科】滋賀県湖南市石部東２丁目５番３８号" }, "geometry": { "type": "Point", "coordinates": [ 136.063045, 35.009894 ] } },
{ "type": "Feature", "properties": { "ID": 2522250012930, "正式名称": "といやまクリニック", "機関区分": 2, "都道府県コード": 25, "市区町村コード": 204, "所在地": "滋賀県近江八幡市東町１８７番地３", "緯度": 35.109722, "経度": 136.09303, "url": "https://www.iryou.teikyouseido.mhlw.go.jp/znk-web/juminkanja/S2430/initialize?prefCd=25&kikanCd=2250012930&kikanKbn=2", "url2": "http://www.toiyama-cl.com/", "内容": "といやまクリニック【2:診療所】【診療科目:内科_泌尿器科】滋賀県近江八幡市東町１８７番地３" }, "geometry": { "type": "Point", "coordinates": [ 136.09303, 35.109722 ] } },
{ "type": "Feature", "properties": { "ID": 2522250012940, "正式名称": "やましたクリニック", "機関区分": 2, "都道府県コード": 25, "市区町村コード": 213, "所在地": "滋賀県東近江市東沖野２丁目１－３３", "緯度": 35.104843, "経度": 136.208073, "url": "https://www.iryou.teikyouseido.mhlw.go.jp/znk-web/juminkanja/S2430/initialize?prefCd=25&kikanCd=2250012940&kikanKbn=2", "url2": "http://www.yamashita-clinic.info/", "内容": "やましたクリニック【2:診療所】【診療科目:内科_泌尿器科】滋賀県東近江市東沖野２丁目１－３３" }, "geometry": { "type": "Point", "coordinates": [ 136.208073, 35.104843 ] } },
{ "type": "Feature", "properties": { "ID": 2522250012950, "正式名称": "医療法人　共忠会　かわむら整形外科・内科クリニック", "機関区分": 2, "都道府県コード": 25, "市区町村コード": 201, "所在地": "滋賀県大津市大将軍一丁目１７番７号", "緯度": 34.992722, "経度": 135.926856, "url": "https://www.iryou.teikyouseido.mhlw.go.jp/znk-web/juminkanja/S2430/initialize?prefCd=25&kikanCd=2250012950&kikanKbn=2", "url2": "http://www.medic-grp.co.jp/doctor/kawamura_c/index.html", "内容": "医療法人　共忠会　かわむら整形外科・内科クリニック【2:診療所】【診療科目:内科_循環器内科_整形外科_リハビリテーション科】滋賀県大津市大将軍一丁目１７番７号" }, "geometry": { "type": "Point", "coordinates": [ 135.926856, 34.992722 ] } },
{ "type": "Feature", "properties": { "ID": 2522250012960, "正式名称": "医療法人和宏会　大津ファミリークリニック", "機関区分": 2, "都道府県コード": 25, "市区町村コード": 201, "所在地": "滋賀県大津市大門通１１－１１　洛和大津ビル１階", "緯度": 35.013981, "経度": 135.855586, "url": "https://www.iryou.teikyouseido.mhlw.go.jp/znk-web/juminkanja/S2430/initialize?prefCd=25&kikanCd=2250012960&kikanKbn=2", "url2": "http://www.otsu-fc.jp", "内容": "医療法人和宏会　大津ファミリークリニック【2:診療所】【診療科目:内科_小児科】滋賀県大津市大門通１１－１１　洛和大津ビル１階" }, "geometry": { "type": "Point", "coordinates": [ 135.855586, 35.013981 ] } },
{ "type": "Feature", "properties": { "ID": 2522250012990, "正式名称": "医療法人　おかもと耳鼻咽喉科　クリニック", "機関区分": 2, "都道府県コード": 25, "市区町村コード": 210, "所在地": "滋賀県野洲市市三宅２３３９－４番地", "緯度": 35.067795, "経度": 136.015465, "url": "https://www.iryou.teikyouseido.mhlw.go.jp/znk-web/juminkanja/S2430/initialize?prefCd=25&kikanCd=2250012990&kikanKbn=2", "url2": "http://www.okamoto-ent.com", "内容": "医療法人　おかもと耳鼻咽喉科　クリニック【2:診療所】【診療科目:耳鼻いんこう科】滋賀県野洲市市三宅２３３９－４番地" }, "geometry": { "type": "Point", "coordinates": [ 136.015465, 35.067795 ] } },
{ "type": "Feature", "properties": { "ID": 2522250013010, "正式名称": "医療法人いがらしクリニック", "機関区分": 2, "都道府県コード": 25, "市区町村コード": 207, "所在地": "滋賀県守山市守山６－１０－３４", "緯度": 35.06207, "経度": 135.993982, "url": "https://www.iryou.teikyouseido.mhlw.go.jp/znk-web/juminkanja/S2430/initialize?prefCd=25&kikanCd=2250013010&kikanKbn=2", "url2": "https://igarashi-clinic.com", "内容": "医療法人いがらしクリニック【2:診療所】【診療科目:内科_呼吸器内科_外科】滋賀県守山市守山６－１０－３４" }, "geometry": { "type": "Point", "coordinates": [ 135.993982, 35.06207 ] } },
{ "type": "Feature", "properties": { "ID": 2522250013020, "正式名称": "松が丘内科診療所", "機関区分": 2, "都道府県コード": 25, "市区町村コード": 201, "所在地": "滋賀県大津市松が丘七丁目１６－２０", "緯度": 34.971667, "経度": 135.965375, "url": "https://www.iryou.teikyouseido.mhlw.go.jp/znk-web/juminkanja/S2430/initialize?prefCd=25&kikanCd=2250013020&kikanKbn=2", "url2": "https://matsugaokanaika.com/", "内容": "松が丘内科診療所【2:診療所】【診療科目:内科】滋賀県大津市松が丘七丁目１６－２０" }, "geometry": { "type": "Point", "coordinates": [ 135.965375, 34.971667 ] } },
{ "type": "Feature", "properties": { "ID": 2522250013030, "正式名称": "辻医院", "機関区分": 2, "都道府県コード": 25, "市区町村コード": 207, "所在地": "滋賀県守山市立田町１７７２－２", "緯度": 35.098854, "経度": 135.977197, "url": "https://www.iryou.teikyouseido.mhlw.go.jp/znk-web/juminkanja/S2430/initialize?prefCd=25&kikanCd=2250013030&kikanKbn=2", "url2": null, "内容": "辻医院【2:診療所】【診療科目:内科_外科_肛門外科_皮膚科】滋賀県守山市立田町１７７２－２" }, "geometry": { "type": "Point", "coordinates": [ 135.977197, 35.098854 ] } },
{ "type": "Feature", "properties": { "ID": 2522250013070, "正式名称": "なごみ皮フ科クリニック", "機関区分": 2, "都道府県コード": 25, "市区町村コード": 206, "所在地": "滋賀県草津市南草津２丁目７－２２－２", "緯度": 35.002566, "経度": 135.943388, "url": "https://www.iryou.teikyouseido.mhlw.go.jp/znk-web/juminkanja/S2430/initialize?prefCd=25&kikanCd=2250013070&kikanKbn=2", "url2": "http://www.medic-grp.co.jp/doctor/nagomi-hifuka/", "内容": "なごみ皮フ科クリニック【2:診療所】【診療科目:小児皮膚科_皮膚科_アレルギー科】滋賀県草津市南草津２丁目７－２２－２" }, "geometry": { "type": "Point", "coordinates": [ 135.943388, 35.002566 ] } },
{ "type": "Feature", "properties": { "ID": 2522250013080, "正式名称": "ときめき坂メンタルクリニック", "機関区分": 2, "都道府県コード": 25, "市区町村コード": 201, "所在地": "滋賀県大津市馬場一丁目３番６号", "緯度": 35.001489, "経度": 135.881008, "url": "https://www.iryou.teikyouseido.mhlw.go.jp/znk-web/juminkanja/S2430/initialize?prefCd=25&kikanCd=2250013080&kikanKbn=2", "url2": "http://www.tokimekizaka-cl.jp/", "内容": "ときめき坂メンタルクリニック【2:診療所】【診療科目:精神科】滋賀県大津市馬場一丁目３番６号" }, "geometry": { "type": "Point", "coordinates": [ 135.881008, 35.001489 ] } },
{ "type": "Feature", "properties": { "ID": 2522250013090, "正式名称": "ささきクリニック", "機関区分": 2, "都道府県コード": 25, "市区町村コード": 206, "所在地": "滋賀県草津市西大路町５－２　ジュネスコート１Ｆ", "緯度": 35.004531, "経度": 135.86859, "url": "https://www.iryou.teikyouseido.mhlw.go.jp/znk-web/juminkanja/S2430/initialize?prefCd=25&kikanCd=2250013090&kikanKbn=2", "url2": "http://www.medic-grp.co.jp/doctor/sasaki_c/index.html", "内容": "ささきクリニック【2:診療所】【診療科目:外科_小児科_小児外科】滋賀県草津市西大路町５－２　ジュネスコート１Ｆ" }, "geometry": { "type": "Point", "coordinates": [ 135.86859, 35.004531 ] } },
{ "type": "Feature", "properties": { "ID": 2522250013130, "正式名称": "いけだ内科医院", "機関区分": 2, "都道府県コード": 25, "市区町村コード": 202, "所在地": "滋賀県彦根市野瀬町１８－８", "緯度": 35.249516, "経度": 136.237327, "url": "https://www.iryou.teikyouseido.mhlw.go.jp/znk-web/juminkanja/S2430/initialize?prefCd=25&kikanCd=2250013130&kikanKbn=2", "url2": "https://www.ikeda-naika.info/", "内容": "いけだ内科医院【2:診療所】【診療科目:内科_循環器内科】滋賀県彦根市野瀬町１８－８" }, "geometry": { "type": "Point", "coordinates": [ 136.237327, 35.249516 ] } },
{ "type": "Feature", "properties": { "ID": 2522250013140, "正式名称": "坂本医院", "機関区分": 2, "都道府県コード": 25, "市区町村コード": 201, "所在地": "滋賀県大津市下阪本６－２２－１０", "緯度": 35.068661, "経度": 135.884049, "url": "https://www.iryou.teikyouseido.mhlw.go.jp/znk-web/juminkanja/S2430/initialize?prefCd=25&kikanCd=2250013140&kikanKbn=2", "url2": "https://sakamotoiin.info/", "内容": "坂本医院【2:診療所】【診療科目:内科_胃腸内科_外科】滋賀県大津市下阪本６－２２－１０" }, "geometry": { "type": "Point", "coordinates": [ 135.884049, 35.068661 ] } },
{ "type": "Feature", "properties": { "ID": 2522250013150, "正式名称": "医療法人社団　美松会　下田クリニック", "機関区分": 2, "都道府県コード": 25, "市区町村コード": 211, "所在地": "滋賀県湖南市下田１５１６－１", "緯度": 35.025694, "経度": 136.13166, "url": "https://www.iryou.teikyouseido.mhlw.go.jp/znk-web/juminkanja/S2430/initialize?prefCd=25&kikanCd=2250013150&kikanKbn=2", "url2": "http://ikuta-hospital.com/", "内容": "医療法人社団　美松会　下田クリニック【2:診療所】【診療科目:内科_外科】滋賀県湖南市下田１５１６－１" }, "geometry": { "type": "Point", "coordinates": [ 136.13166, 35.025694 ] } },
{ "type": "Feature", "properties": { "ID": 2522250013160, "正式名称": "竹岡診療所", "機関区分": 2, "都道府県コード": 25, "市区町村コード": 206, "所在地": "滋賀県草津市南草津二丁目４－１０　ベーネ南草津１Ｆ", "緯度": 35.003409, "経度": 135.944376, "url": "https://www.iryou.teikyouseido.mhlw.go.jp/znk-web/juminkanja/S2430/initialize?prefCd=25&kikanCd=2250013160&kikanKbn=2", "url2": "https://hoodemi7.com", "内容": "竹岡診療所【2:診療所】【診療科目:内科_皮膚科】滋賀県草津市南草津二丁目４－１０　ベーネ南草津１Ｆ" }, "geometry": { "type": "Point", "coordinates": [ 135.944376, 35.003409 ] } },
{ "type": "Feature", "properties": { "ID": 2522250013170, "正式名称": "せきがわ内科クリニック", "機関区分": 2, "都道府県コード": 25, "市区町村コード": 206, "所在地": "滋賀県草津市上笠２丁目１７－６　アーバス草津１Ｆ", "緯度": 35.030509, "経度": 135.947168, "url": "https://www.iryou.teikyouseido.mhlw.go.jp/znk-web/juminkanja/S2430/initialize?prefCd=25&kikanCd=2250013170&kikanKbn=2", "url2": "https://www.sekigawa-clinic.jp/", "内容": "せきがわ内科クリニック【2:診療所】【診療科目:内科_消化器内科】滋賀県草津市上笠２丁目１７－６　アーバス草津１Ｆ" }, "geometry": { "type": "Point", "coordinates": [ 135.947168, 35.030509 ] } },
{ "type": "Feature", "properties": { "ID": 2522250013180, "正式名称": "メンタルクリニック　オータム", "機関区分": 2, "都道府県コード": 25, "市区町村コード": 201, "所在地": "滋賀県大津市粟津町７－２１　シティコーポせいらん２０２号", "緯度": 34.978227, "経度": 135.901351, "url": "https://www.iryou.teikyouseido.mhlw.go.jp/znk-web/juminkanja/S2430/initialize?prefCd=25&kikanCd=2250013180&kikanKbn=2", "url2": "https://mentalclinic-autumn.tkc.best-hp.jp/", "内容": "メンタルクリニック　オータム【2:診療所】【診療科目:精神科_心療内科】滋賀県大津市粟津町７－２１　シティコーポせいらん２０２号" }, "geometry": { "type": "Point", "coordinates": [ 135.901351, 34.978227 ] } },
{ "type": "Feature", "properties": { "ID": 2522250013200, "正式名称": "医療法人藤花会　ふじおかクリニック", "機関区分": 2, "都道府県コード": 25, "市区町村コード": 201, "所在地": "滋賀県大津市鳥居川町　４－２０　石山唐橋クリニックモール１Ｆ", "緯度": 34.974413, "経度": 135.901685, "url": "https://www.iryou.teikyouseido.mhlw.go.jp/znk-web/juminkanja/S2430/initialize?prefCd=25&kikanCd=2250013200&kikanKbn=2", "url2": "http://www.fujioka-c.com", "内容": "医療法人藤花会　ふじおかクリニック【2:診療所】【診療科目:内科_循環器内科_外科_血管外科】滋賀県大津市鳥居川町　４－２０　石山唐橋クリニックモール１Ｆ" }, "geometry": { "type": "Point", "coordinates": [ 135.901685, 34.974413 ] } },
{ "type": "Feature", "properties": { "ID": 2522250013210, "正式名称": "医療法人にじいろ会おぐまファミリークリニック", "機関区分": 2, "都道府県コード": 25, "市区町村コード": 206, "所在地": "滋賀県草津市南草津２丁目４－３", "緯度": 35.003289, "経度": 135.944767, "url": "https://www.iryou.teikyouseido.mhlw.go.jp/znk-web/juminkanja/S2430/initialize?prefCd=25&kikanCd=2250013210&kikanKbn=2", "url2": "http://www.medic-grp.co.jp/doctor/oguma/index.html", "内容": "医療法人にじいろ会おぐまファミリークリニック【2:診療所】【診療科目:内科_呼吸器内科_小児科_アレルギー科】滋賀県草津市南草津２丁目４－３" }, "geometry": { "type": "Point", "coordinates": [ 135.944767, 35.003289 ] } },
{ "type": "Feature", "properties": { "ID": 2522250013220, "正式名称": "つつみ眼科", "機関区分": 2, "都道府県コード": 25, "市区町村コード": 201, "所在地": "滋賀県大津市打出浜７番１０号", "緯度": 35.003949, "経度": 135.877095, "url": "https://www.iryou.teikyouseido.mhlw.go.jp/znk-web/juminkanja/S2430/initialize?prefCd=25&kikanCd=2250013220&kikanKbn=2", "url2": null, "内容": "つつみ眼科【2:診療所】【診療科目:眼科】滋賀県大津市打出浜７番１０号" }, "geometry": { "type": "Point", "coordinates": [ 135.877095, 35.003949 ] } },
{ "type": "Feature", "properties": { "ID": 2522250013230, "正式名称": "にしむら整形外科クリニック", "機関区分": 2, "都道府県コード": 25, "市区町村コード": 210, "所在地": "滋賀県野洲市永原１８３４－１", "緯度": 35.089798, "経度": 136.036059, "url": "https://www.iryou.teikyouseido.mhlw.go.jp/znk-web/juminkanja/S2430/initialize?prefCd=25&kikanCd=2250013230&kikanKbn=2", "url2": "http://www.medic-grp.co.jp>doctor>nishimura_c", "内容": "にしむら整形外科クリニック【2:診療所】【診療科目:整形外科_リウマチ科_リハビリテーション科】滋賀県野洲市永原１８３４－１" }, "geometry": { "type": "Point", "coordinates": [ 136.036059, 35.089798 ] } },
{ "type": "Feature", "properties": { "ID": 2522250013240, "正式名称": "ひがしやま瀬田眼科クリニック", "機関区分": 2, "都道府県コード": 25, "市区町村コード": 201, "所在地": "滋賀県大津市大江二丁目３４番１６号大江メディカルビル２Ｆ", "緯度": 34.97558, "経度": 135.91293, "url": "https://www.iryou.teikyouseido.mhlw.go.jp/znk-web/juminkanja/S2430/initialize?prefCd=25&kikanCd=2250013240&kikanKbn=2", "url2": "http://higashiyama-ganka.com/", "内容": "ひがしやま瀬田眼科クリニック【2:診療所】【診療科目:小児眼科_眼科】滋賀県大津市大江二丁目３４番１６号大江メディカルビル２Ｆ" }, "geometry": { "type": "Point", "coordinates": [ 135.91293, 34.97558 ] } },
{ "type": "Feature", "properties": { "ID": 2522250013250, "正式名称": "医療法人　ひつじクリニック", "機関区分": 2, "都道府県コード": 25, "市区町村コード": 206, "所在地": "滋賀県草津市西大路町４－３２　エストピアプラザ２階", "緯度": 35.023759, "経度": 135.959158, "url": "https://www.iryou.teikyouseido.mhlw.go.jp/znk-web/juminkanja/S2430/initialize?prefCd=25&kikanCd=2250013250&kikanKbn=2", "url2": "http://www.hitsujiclinic.com/", "内容": "医療法人　ひつじクリニック【2:診療所】【診療科目:精神科_心療内科】滋賀県草津市西大路町４－３２　エストピアプラザ２階" }, "geometry": { "type": "Point", "coordinates": [ 135.959158, 35.023759 ] } },
{ "type": "Feature", "properties": { "ID": 2522250013260, "正式名称": "にしあざい診療所", "機関区分": 2, "都道府県コード": 25, "市区町村コード": 203, "所在地": "滋賀県長浜市西浅井町大浦２５９０番地", "緯度": 35.498459, "経度": 136.123617, "url": "https://www.iryou.teikyouseido.mhlw.go.jp/znk-web/juminkanja/S2430/initialize?prefCd=25&kikanCd=2250013260&kikanKbn=2", "url2": "https://nishiazai.jadecom.or.jp", "内容": "にしあざい診療所【2:診療所】【診療科目:内科_外科_小児科】滋賀県長浜市西浅井町大浦２５９０番地" }, "geometry": { "type": "Point", "coordinates": [ 136.123617, 35.498459 ] } },
{ "type": "Feature", "properties": { "ID": 2522250013270, "正式名称": "塩津出張診療所", "機関区分": 2, "都道府県コード": 25, "市区町村コード": 203, "所在地": "滋賀県長浜市西浅井町塩津浜１７９５番地", "緯度": 35.522429, "経度": 136.159462, "url": "https://www.iryou.teikyouseido.mhlw.go.jp/znk-web/juminkanja/S2430/initialize?prefCd=25&kikanCd=2250013270&kikanKbn=2", "url2": null, "内容": "塩津出張診療所【2:診療所】【診療科目:内科_外科_小児科】滋賀県長浜市西浅井町塩津浜１７９５番地" }, "geometry": { "type": "Point", "coordinates": [ 136.159462, 35.522429 ] } },
{ "type": "Feature", "properties": { "ID": 2522250013280, "正式名称": "医療法人　木下レディースクリニック", "機関区分": 2, "都道府県コード": 25, "市区町村コード": 201, "所在地": "滋賀県大津市打出浜１０－３７", "緯度": 35.003079, "経度": 135.878941, "url": "https://www.iryou.teikyouseido.mhlw.go.jp/znk-web/juminkanja/S2430/initialize?prefCd=25&kikanCd=2250013280&kikanKbn=2", "url2": "https://ivf-kinoshita.com/", "内容": "医療法人　木下レディースクリニック【2:診療所】【診療科目:婦人科_産婦人科（生殖医療）_婦人科（一般不妊・生殖補助医療）】滋賀県大津市打出浜１０－３７" }, "geometry": { "type": "Point", "coordinates": [ 135.878941, 35.003079 ] } },
{ "type": "Feature", "properties": { "ID": 2522250013290, "正式名称": "田中医院", "機関区分": 2, "都道府県コード": 25, "市区町村コード": 210, "所在地": "滋賀県野洲市比江８１６", "緯度": 35.087991, "経度": 136.011553, "url": "https://www.iryou.teikyouseido.mhlw.go.jp/znk-web/juminkanja/S2430/initialize?prefCd=25&kikanCd=2250013290&kikanKbn=2", "url2": null, "内容": "田中医院【2:診療所】【診療科目:内科_腎臓内科】滋賀県野洲市比江８１６" }, "geometry": { "type": "Point", "coordinates": [ 136.011553, 35.087991 ] } },
{ "type": "Feature", "properties": { "ID": 2522250013300, "正式名称": "医療法人大郷会　耳鼻咽喉科坂口クリニック", "機関区分": 2, "都道府県コード": 25, "市区町村コード": 204, "所在地": "滋賀県近江八幡市白鳥町４８番地の７", "緯度": 35.120165, "経度": 136.098836, "url": "https://www.iryou.teikyouseido.mhlw.go.jp/znk-web/juminkanja/S2430/initialize?prefCd=25&kikanCd=2250013300&kikanKbn=2", "url2": "http://sakaguchi-ent.com/index.html", "内容": "医療法人大郷会　耳鼻咽喉科坂口クリニック【2:診療所】【診療科目:小児耳鼻いんこう科_耳鼻いんこう科】滋賀県近江八幡市白鳥町４８番地の７" }, "geometry": { "type": "Point", "coordinates": [ 136.098836, 35.120165 ] } },
{ "type": "Feature", "properties": { "ID": 2522250013320, "正式名称": "医療法人かわさきクリニック", "機関区分": 2, "都道府県コード": 25, "市区町村コード": 207, "所在地": "滋賀県守山市勝部１丁目１番２１号　小島ビル３０２号", "緯度": 35.050208, "経度": 135.99484, "url": "https://www.iryou.teikyouseido.mhlw.go.jp/znk-web/juminkanja/S2430/initialize?prefCd=25&kikanCd=2250013320&kikanKbn=2", "url2": "https://www.kawasaki-cl.net/", "内容": "医療法人かわさきクリニック【2:診療所】【診療科目:内科_消化器内科_胃腸内科_漢方内科_外科_肛門外科】滋賀県守山市勝部１丁目１番２１号　小島ビル３０２号" }, "geometry": { "type": "Point", "coordinates": [ 135.99484, 35.050208 ] } },
{ "type": "Feature", "properties": { "ID": 2522250013330, "正式名称": "イワセ整形外科", "機関区分": 2, "都道府県コード": 25, "市区町村コード": 203, "所在地": "滋賀県長浜市弥高町２２６", "緯度": 35.373732, "経度": 136.279227, "url": "https://www.iryou.teikyouseido.mhlw.go.jp/znk-web/juminkanja/S2430/initialize?prefCd=25&kikanCd=2250013330&kikanKbn=2", "url2": "http://www.iwase-seikei.jp/", "内容": "イワセ整形外科【2:診療所】【診療科目:整形外科】滋賀県長浜市弥高町２２６" }, "geometry": { "type": "Point", "coordinates": [ 136.279227, 35.373732 ] } },
{ "type": "Feature", "properties": { "ID": 2522250013340, "正式名称": "ひの眼科クリニック", "機関区分": 2, "都道府県コード": 25, "市区町村コード": 201, "所在地": "滋賀県大津市本堅田５丁目９番１４号", "緯度": 35.115556, "経度": 135.913155, "url": "https://www.iryou.teikyouseido.mhlw.go.jp/znk-web/juminkanja/S2430/initialize?prefCd=25&kikanCd=2250013340&kikanKbn=2", "url2": "http://hinoganka.com/", "内容": "ひの眼科クリニック【2:診療所】【診療科目:眼科】滋賀県大津市本堅田５丁目９番１４号" }, "geometry": { "type": "Point", "coordinates": [ 135.913155, 35.115556 ] } },
{ "type": "Feature", "properties": { "ID": 2522250013350, "正式名称": "湖山クリニック", "機関区分": 2, "都道府県コード": 25, "市区町村コード": 201, "所在地": "滋賀県大津市平津一丁目１８番１５号", "緯度": 34.948061, "経度": 135.909887, "url": "https://www.iryou.teikyouseido.mhlw.go.jp/znk-web/juminkanja/S2430/initialize?prefCd=25&kikanCd=2250013350&kikanKbn=2", "url2": "http://koyamacl.com/", "内容": "湖山クリニック【2:診療所】【診療科目:内科_糖尿病内科_糖尿病・内分泌内科_糖尿病・代謝内科_呼吸器内科_循環器内科_消化器内科】滋賀県大津市平津一丁目１８番１５号" }, "geometry": { "type": "Point", "coordinates": [ 135.909887, 34.948061 ] } },
{ "type": "Feature", "properties": { "ID": 2522250013360, "正式名称": "医療法人　滋賀勤労者保健会　膳所診療所", "機関区分": 2, "都道府県コード": 25, "市区町村コード": 201, "所在地": "滋賀県大津市昭和町２－１７", "緯度": 34.997571, "経度": 135.885441, "url": "https://www.iryou.teikyouseido.mhlw.go.jp/znk-web/juminkanja/S2430/initialize?prefCd=25&kikanCd=2250013360&kikanKbn=2", "url2": "http://www.shigamin.jp/zezeshin/", "内容": "医療法人　滋賀勤労者保健会　膳所診療所【2:診療所】【診療科目:内科_小児科】滋賀県大津市昭和町２－１７" }, "geometry": { "type": "Point", "coordinates": [ 135.885441, 34.997571 ] } },
{ "type": "Feature", "properties": { "ID": 2522250013370, "正式名称": "医療法人　レイメイクリニック", "機関区分": 2, "都道府県コード": 25, "市区町村コード": 213, "所在地": "滋賀県東近江市東沖野４丁目１６－１８", "緯度": 35.102255, "経度": 136.215636, "url": "https://www.iryou.teikyouseido.mhlw.go.jp/znk-web/juminkanja/S2430/initialize?prefCd=25&kikanCd=2250013370&kikanKbn=2", "url2": "http://reimeiclinic.com/", "内容": "医療法人　レイメイクリニック【2:診療所】【診療科目:内科_消化器内科_外科_肛門外科_整形外科_リハビリテーション科】滋賀県東近江市東沖野４丁目１６－１８" }, "geometry": { "type": "Point", "coordinates": [ 136.215636, 35.102255 ] } },
{ "type": "Feature", "properties": { "ID": 2522250013380, "正式名称": "医療法人かがやき会　そうむらファミリークリニック", "機関区分": 2, "都道府県コード": 25, "市区町村コード": 206, "所在地": "滋賀県草津市追分南４－６－２３", "緯度": 34.996749, "経度": 135.964465, "url": "https://www.iryou.teikyouseido.mhlw.go.jp/znk-web/juminkanja/S2430/initialize?prefCd=25&kikanCd=2250013380&kikanKbn=2", "url2": "http://soumura-cl.com/", "内容": "医療法人かがやき会　そうむらファミリークリニック【2:診療所】【診療科目:内科_小児科】滋賀県草津市追分南４－６－２３" }, "geometry": { "type": "Point", "coordinates": [ 135.964465, 34.996749 ] } },
{ "type": "Feature", "properties": { "ID": 2522250013390, "正式名称": "ファストメンタルクリニック　八幡駅前院", "機関区分": 2, "都道府県コード": 25, "市区町村コード": 204, "所在地": "滋賀県近江八幡市鷹飼町１４８５－８－１０２", "緯度": 35.12421, "経度": 136.102541, "url": "https://www.iryou.teikyouseido.mhlw.go.jp/znk-web/juminkanja/S2430/initialize?prefCd=25&kikanCd=2250013390&kikanKbn=2", "url2": "http://cosmos8.net/", "内容": "ファストメンタルクリニック　八幡駅前院【2:診療所】【診療科目:精神科_心療内科】滋賀県近江八幡市鷹飼町１４８５－８－１０２" }, "geometry": { "type": "Point", "coordinates": [ 136.102541, 35.12421 ] } },
{ "type": "Feature", "properties": { "ID": 2522250013400, "正式名称": "まつざき内科クリニック", "機関区分": 2, "都道府県コード": 25, "市区町村コード": 201, "所在地": "滋賀県大津市萱野浦１１－１６", "緯度": 34.991025, "経度": 135.913421, "url": "https://www.iryou.teikyouseido.mhlw.go.jp/znk-web/juminkanja/S2430/initialize?prefCd=25&kikanCd=2250013400&kikanKbn=2", "url2": "https://matsuzaki-naika.com/", "内容": "まつざき内科クリニック【2:診療所】【診療科目:内科_脳神経内科_神経内科】滋賀県大津市萱野浦１１－１６" }, "geometry": { "type": "Point", "coordinates": [ 135.913421, 34.991025 ] } },
{ "type": "Feature", "properties": { "ID": 2522250013410, "正式名称": "みやもと整形外科クリニック", "機関区分": 2, "都道府県コード": 25, "市区町村コード": 212, "所在地": "滋賀県高島市安曇川町中央３丁目２番地２２", "緯度": 35.327896, "経度": 136.017872, "url": "https://www.iryou.teikyouseido.mhlw.go.jp/znk-web/juminkanja/S2430/initialize?prefCd=25&kikanCd=2250013410&kikanKbn=2", "url2": "http://www.medic-grp.co.jp/doctor/miyamoto/", "内容": "みやもと整形外科クリニック【2:診療所】【診療科目:整形外科】滋賀県高島市安曇川町中央３丁目２番地２２" }, "geometry": { "type": "Point", "coordinates": [ 136.017872, 35.327896 ] } },
{ "type": "Feature", "properties": { "ID": 2522250013420, "正式名称": "医療法人宗結会　むらかみ耳鼻咽喉科クリニック", "機関区分": 2, "都道府県コード": 25, "市区町村コード": 204, "所在地": "滋賀県近江八幡市中小森町３３９－１", "緯度": 35.115794, "経度": 136.087606, "url": "https://www.iryou.teikyouseido.mhlw.go.jp/znk-web/juminkanja/S2430/initialize?prefCd=25&kikanCd=2250013420&kikanKbn=2", "url2": "http://www.murakami-ent.com/", "内容": "医療法人宗結会　むらかみ耳鼻咽喉科クリニック【2:診療所】【診療科目:耳鼻いんこう科_アレルギー科】滋賀県近江八幡市中小森町３３９－１" }, "geometry": { "type": "Point", "coordinates": [ 136.087606, 35.115794 ] } },
{ "type": "Feature", "properties": { "ID": 2522250013430, "正式名称": "角川クリニック", "機関区分": 2, "都道府県コード": 25, "市区町村コード": 212, "所在地": "滋賀県高島市今津町角川１１６１番地４", "緯度": 35.420874, "経度": 135.948955, "url": "https://www.iryou.teikyouseido.mhlw.go.jp/znk-web/juminkanja/S2430/initialize?prefCd=25&kikanCd=2250013430&kikanKbn=2", "url2": null, "内容": "角川クリニック【2:診療所】【診療科目:内科_精神科】滋賀県高島市今津町角川１１６１番地４" }, "geometry": { "type": "Point", "coordinates": [ 135.948955, 35.420874 ] } },
{ "type": "Feature", "properties": { "ID": 2522250013440, "正式名称": "医療法人みふみ会　長浜駅前眼科", "機関区分": 2, "都道府県コード": 25, "市区町村コード": 203, "所在地": "滋賀県長浜市南呉服町１０番２２号", "緯度": 35.381096, "経度": 136.265656, "url": "https://www.iryou.teikyouseido.mhlw.go.jp/znk-web/juminkanja/S2430/initialize?prefCd=25&kikanCd=2250013440&kikanKbn=2", "url2": "http://ganka.monakaya.com/", "内容": "医療法人みふみ会　長浜駅前眼科【2:診療所】【診療科目:眼科】滋賀県長浜市南呉服町１０番２２号" }, "geometry": { "type": "Point", "coordinates": [ 136.265656, 35.381096 ] } },
{ "type": "Feature", "properties": { "ID": 2522250013460, "正式名称": "中坊医院", "機関区分": 2, "都道府県コード": 25, "市区町村コード": 212, "所在地": "滋賀県高島市マキノ町西浜１１５７－６９", "緯度": 35.465587, "経度": 136.062451, "url": "https://www.iryou.teikyouseido.mhlw.go.jp/znk-web/juminkanja/S2430/initialize?prefCd=25&kikanCd=2250013460&kikanKbn=2", "url2": null, "内容": "中坊医院【2:診療所】【診療科目:内科】滋賀県高島市マキノ町西浜１１５７－６９" }, "geometry": { "type": "Point", "coordinates": [ 136.062451, 35.465587 ] } },
{ "type": "Feature", "properties": { "ID": 2522250013470, "正式名称": "小泉クリニック", "機関区分": 2, "都道府県コード": 25, "市区町村コード": 212, "所在地": "滋賀県高島市安曇川町西万木１２６４－１", "緯度": 35.334371, "経度": 136.028478, "url": "https://www.iryou.teikyouseido.mhlw.go.jp/znk-web/juminkanja/S2430/initialize?prefCd=25&kikanCd=2250013470&kikanKbn=2", "url2": "http://www.medic-grp.co.jp/doctor/koizumi_c/", "内容": "小泉クリニック【2:診療所】【診療科目:内科_糖尿病内科_消化器内科】滋賀県高島市安曇川町西万木１２６４－１" }, "geometry": { "type": "Point", "coordinates": [ 136.028478, 35.334371 ] } },
{ "type": "Feature", "properties": { "ID": 2522250013480, "正式名称": "村上眼科", "機関区分": 2, "都道府県コード": 25, "市区町村コード": 204, "所在地": "滋賀県近江八幡市桜宮町２９９－３", "緯度": 35.126006, "経度": 136.099266, "url": "https://www.iryou.teikyouseido.mhlw.go.jp/znk-web/juminkanja/S2430/initialize?prefCd=25&kikanCd=2250013480&kikanKbn=2", "url2": "https://ray001986.wixsite.com/website", "内容": "村上眼科【2:診療所】【診療科目:眼科】滋賀県近江八幡市桜宮町２９９－３" }, "geometry": { "type": "Point", "coordinates": [ 136.099266, 35.126006 ] } },
{ "type": "Feature", "properties": { "ID": 2522250013500, "正式名称": "医療法人　くまだキッズ・ファミリークリニック", "機関区分": 2, "都道府県コード": 25, "市区町村コード": 207, "所在地": "滋賀県守山市金森町４５４－４", "緯度": 35.058246, "経度": 135.981275, "url": "https://www.iryou.teikyouseido.mhlw.go.jp/znk-web/juminkanja/S2430/initialize?prefCd=25&kikanCd=2250013500&kikanKbn=2", "url2": "https://www.kumada-kidsfamily.com/", "内容": "医療法人　くまだキッズ・ファミリークリニック【2:診療所】【診療科目:内科_小児科】滋賀県守山市金森町４５４－４" }, "geometry": { "type": "Point", "coordinates": [ 135.981275, 35.058246 ] } },
{ "type": "Feature", "properties": { "ID": 2522250013510, "正式名称": "さいとう医院　内科・消化器内科", "機関区分": 2, "都道府県コード": 25, "市区町村コード": 209, "所在地": "滋賀県甲賀市水口町松栄３番２６号", "緯度": 34.968248, "経度": 136.173142, "url": "https://www.iryou.teikyouseido.mhlw.go.jp/znk-web/juminkanja/S2430/initialize?prefCd=25&kikanCd=2250013510&kikanKbn=2", "url2": "https://www.saitouiin-minakuchi.com/", "内容": "さいとう医院　内科・消化器内科【2:診療所】【診療科目:内科_消化器内科】滋賀県甲賀市水口町松栄３番２６号" }, "geometry": { "type": "Point", "coordinates": [ 136.173142, 34.968248 ] } },
{ "type": "Feature", "properties": { "ID": 2522250013520, "正式名称": "医療法人みらい　といやまこどもクリニック", "機関区分": 2, "都道府県コード": 25, "市区町村コード": 206, "所在地": "滋賀県草津市追分一丁目４番２５−１号", "緯度": 35.008952, "経度": 135.967128, "url": "https://www.iryou.teikyouseido.mhlw.go.jp/znk-web/juminkanja/S2430/initialize?prefCd=25&kikanCd=2250013520&kikanKbn=2", "url2": "http://toiyama.com/", "内容": "医療法人みらい　といやまこどもクリニック【2:診療所】【診療科目:小児科_アレルギー科】滋賀県草津市追分一丁目４番２５−１号" }, "geometry": { "type": "Point", "coordinates": [ 135.967128, 35.008952 ] } },
{ "type": "Feature", "properties": { "ID": 2522250013560, "正式名称": "大津京なかた眼科", "機関区分": 2, "都道府県コード": 25, "市区町村コード": 201, "所在地": "滋賀県大津市二本松１番１号", "緯度": 35.029975, "経度": 135.864175, "url": "https://www.iryou.teikyouseido.mhlw.go.jp/znk-web/juminkanja/S2430/initialize?prefCd=25&kikanCd=2250013560&kikanKbn=2", "url2": "https://otsukyo-nakata-ganka.com/", "内容": "大津京なかた眼科【2:診療所】【診療科目:眼科】滋賀県大津市二本松１番１号" }, "geometry": { "type": "Point", "coordinates": [ 135.864175, 35.029975 ] } },
{ "type": "Feature", "properties": { "ID": 2522250013570, "正式名称": "くろづ外科医院", "機関区分": 2, "都道府県コード": 25, "市区町村コード": 201, "所在地": "滋賀県大津市黒津二丁目１５番２２号", "緯度": 34.942059, "経度": 135.914778, "url": "https://www.iryou.teikyouseido.mhlw.go.jp/znk-web/juminkanja/S2430/initialize?prefCd=25&kikanCd=2250013570&kikanKbn=2", "url2": "http://kurodu-clinic.jp/", "内容": "くろづ外科医院【2:診療所】【診療科目:内科_外科_整形外科】滋賀県大津市黒津二丁目１５番２２号" }, "geometry": { "type": "Point", "coordinates": [ 135.914778, 34.942059 ] } },
{ "type": "Feature", "properties": { "ID": 2522250013600, "正式名称": "医療法人　せんぎく腎泌尿器科クリニック", "機関区分": 2, "都道府県コード": 25, "市区町村コード": 207, "所在地": "滋賀県守山市金森町５９８－１", "緯度": 35.060265, "経度": 135.982185, "url": "https://www.iryou.teikyouseido.mhlw.go.jp/znk-web/juminkanja/S2430/initialize?prefCd=25&kikanCd=2250013600&kikanKbn=2", "url2": "http://www.sengiku-cl.jp", "内容": "医療法人　せんぎく腎泌尿器科クリニック【2:診療所】【診療科目:内科_泌尿器科】滋賀県守山市金森町５９８－１" }, "geometry": { "type": "Point", "coordinates": [ 135.982185, 35.060265 ] } },
{ "type": "Feature", "properties": { "ID": 2522250013620, "正式名称": "医療法人和晃会　ふじた医院", "機関区分": 2, "都道府県コード": 25, "市区町村コード": 211, "所在地": "滋賀県湖南市柑子袋５９０－１", "緯度": 35.006874, "経度": 136.071005, "url": "https://www.iryou.teikyouseido.mhlw.go.jp/znk-web/juminkanja/S2430/initialize?prefCd=25&kikanCd=2250013620&kikanKbn=2", "url2": "http://www.fujita.jp", "内容": "医療法人和晃会　ふじた医院【2:診療所】【診療科目:内科_整形外科_耳鼻いんこう科_皮膚科_リウマチ科_リハビリテーション科_放射線科】滋賀県湖南市柑子袋５９０－１" }, "geometry": { "type": "Point", "coordinates": [ 136.071005, 35.006874 ] } },
{ "type": "Feature", "properties": { "ID": 2522250013630, "正式名称": "おかだ内科クリニック", "機関区分": 2, "都道府県コード": 25, "市区町村コード": 206, "所在地": "滋賀県草津市南笠東四丁目５－３０", "緯度": 34.989694, "経度": 135.943334, "url": "https://www.iryou.teikyouseido.mhlw.go.jp/znk-web/juminkanja/S2430/initialize?prefCd=25&kikanCd=2250013630&kikanKbn=2", "url2": "https://okadanaikaclinic.com", "内容": "おかだ内科クリニック【2:診療所】【診療科目:内科_糖尿病内科_循環器内科】滋賀県草津市南笠東四丁目５－３０" }, "geometry": { "type": "Point", "coordinates": [ 135.943334, 34.989694 ] } },
{ "type": "Feature", "properties": { "ID": 2522250013640, "正式名称": "医療法人　眞下草津医院", "機関区分": 2, "都道府県コード": 25, "市区町村コード": 206, "所在地": "滋賀県草津市野村三丁目１６番２０－２号", "緯度": 35.026446, "経度": 135.951167, "url": "https://www.iryou.teikyouseido.mhlw.go.jp/znk-web/juminkanja/S2430/initialize?prefCd=25&kikanCd=2250013640&kikanKbn=2", "url2": "http://www.mashimokusatsu-cl.com", "内容": "医療法人　眞下草津医院【2:診療所】【診療科目:内科_循環器内科_消化器内科_胃腸内科_外科_肛門外科_整形外科】滋賀県草津市野村三丁目１６番２０－２号" }, "geometry": { "type": "Point", "coordinates": [ 135.951167, 35.026446 ] } },
{ "type": "Feature", "properties": { "ID": 2522250013660, "正式名称": "医療法人　たかお泌尿器科クリニック", "機関区分": 2, "都道府県コード": 25, "市区町村コード": 201, "所在地": "滋賀県大津市鳥居川町４番２０号　石山唐橋クリニックモール２Ｆ", "緯度": 34.974413, "経度": 135.901685, "url": "https://www.iryou.teikyouseido.mhlw.go.jp/znk-web/juminkanja/S2430/initialize?prefCd=25&kikanCd=2250013660&kikanKbn=2", "url2": "http://www.urotakao.com/", "内容": "医療法人　たかお泌尿器科クリニック【2:診療所】【診療科目:外科_皮膚科_泌尿器科】滋賀県大津市鳥居川町４番２０号　石山唐橋クリニックモール２Ｆ" }, "geometry": { "type": "Point", "coordinates": [ 135.901685, 34.974413 ] } },
{ "type": "Feature", "properties": { "ID": 2522250013670, "正式名称": "医療法人　あそうクリニック", "機関区分": 2, "都道府県コード": 25, "市区町村コード": 201, "所在地": "滋賀県大津市京町２丁目１－２４", "緯度": 35.00562, "経度": 135.865156, "url": "https://www.iryou.teikyouseido.mhlw.go.jp/znk-web/juminkanja/S2430/initialize?prefCd=25&kikanCd=2250013670&kikanKbn=2", "url2": "http://aso-clinic.com/", "内容": "医療法人　あそうクリニック【2:診療所】【診療科目:内科_外科_整形外科_リウマチ科_リハビリテーション科】滋賀県大津市京町２丁目１－２４" }, "geometry": { "type": "Point", "coordinates": [ 135.865156, 35.00562 ] } },
{ "type": "Feature", "properties": { "ID": 2522250013680, "正式名称": "医療法人道器　さくらいクリニック", "機関区分": 2, "都道府県コード": 25, "市区町村コード": 201, "所在地": "滋賀県大津市粟津町２－６５　第２久下ビル１Ｆ", "緯度": 34.979762, "経度": 135.897795, "url": "https://www.iryou.teikyouseido.mhlw.go.jp/znk-web/juminkanja/S2430/initialize?prefCd=25&kikanCd=2250013680&kikanKbn=2", "url2": "https://www.sakurai-clinic.info/", "内容": "医療法人道器　さくらいクリニック【2:診療所】【診療科目:内科_脳神経内科_精神科】滋賀県大津市粟津町２－６５　第２久下ビル１Ｆ" }, "geometry": { "type": "Point", "coordinates": [ 135.897795, 34.979762 ] } },
{ "type": "Feature", "properties": { "ID": 2522250013690, "正式名称": "医療法人　たかこレディスクリニック", "機関区分": 2, "都道府県コード": 25, "市区町村コード": 201, "所在地": "滋賀県大津市粟津町３番２号　ＪＲ石山駅ＮＫビル３０３号室", "緯度": 34.979748, "経度": 135.899776, "url": "https://www.iryou.teikyouseido.mhlw.go.jp/znk-web/juminkanja/S2430/initialize?prefCd=25&kikanCd=2250013690&kikanKbn=2", "url2": "http://www.medic-grp.co.jp/dr/takako-lc/", "内容": "医療法人　たかこレディスクリニック【2:診療所】【診療科目:産婦人科】滋賀県大津市粟津町３番２号　ＪＲ石山駅ＮＫビル３０３号室" }, "geometry": { "type": "Point", "coordinates": [ 135.899776, 34.979748 ] } },
{ "type": "Feature", "properties": { "ID": 2522250013700, "正式名称": "瀬田しもぞの眼科", "機関区分": 2, "都道府県コード": 25, "市区町村コード": 201, "所在地": "滋賀県大津市大将軍３－２４－６", "緯度": 34.991672, "経度": 135.928188, "url": "https://www.iryou.teikyouseido.mhlw.go.jp/znk-web/juminkanja/S2430/initialize?prefCd=25&kikanCd=2250013700&kikanKbn=2", "url2": "https://shimozonoganka.com/", "内容": "瀬田しもぞの眼科【2:診療所】【診療科目:眼科】滋賀県大津市大将軍３－２４－６" }, "geometry": { "type": "Point", "coordinates": [ 135.928188, 34.991672 ] } },
{ "type": "Feature", "properties": { "ID": 2522250013710, "正式名称": "医療法人拓翔会　岸本産婦人科", "機関区分": 2, "都道府県コード": 25, "市区町村コード": 210, "所在地": "滋賀県野洲市北野一丁目１５－３５", "緯度": 35.070302, "経度": 136.022767, "url": "https://www.iryou.teikyouseido.mhlw.go.jp/znk-web/juminkanja/S2430/initialize?prefCd=25&kikanCd=2250013710&kikanKbn=2", "url2": null, "内容": "医療法人拓翔会　岸本産婦人科【2:診療所】【診療科目:内科】滋賀県野洲市北野一丁目１５－３５" }, "geometry": { "type": "Point", "coordinates": [ 136.022767, 35.070302 ] } },
{ "type": "Feature", "properties": { "ID": 2522250013720, "正式名称": "たいら内科・消化器内科クリニック", "機関区分": 2, "都道府県コード": 25, "市区町村コード": 201, "所在地": "滋賀県大津市月輪３丁目３３番１号　月輪メディカルモール１Ｆ", "緯度": 34.982774, "経度": 135.93915, "url": "https://www.iryou.teikyouseido.mhlw.go.jp/znk-web/juminkanja/S2430/initialize?prefCd=25&kikanCd=2250013720&kikanKbn=2", "url2": "https://taira-cl.jp/", "内容": "たいら内科・消化器内科クリニック【2:診療所】【診療科目:内科_消化器内科_胃腸内科_内視鏡内科】滋賀県大津市月輪３丁目３３番１号　月輪メディカルモール１Ｆ" }, "geometry": { "type": "Point", "coordinates": [ 135.93915, 34.982774 ] } },
{ "type": "Feature", "properties": { "ID": 2522250013740, "正式名称": "湖西形成外科", "機関区分": 2, "都道府県コード": 25, "市区町村コード": 201, "所在地": "滋賀県大津市本堅田６－２０－２５", "緯度": 35.117616, "経度": 135.912065, "url": "https://www.iryou.teikyouseido.mhlw.go.jp/znk-web/juminkanja/S2430/initialize?prefCd=25&kikanCd=2250013740&kikanKbn=2", "url2": "https://kosei-plastic-surgery.com/", "内容": "湖西形成外科【2:診療所】【診療科目:形成外科_美容外科_皮膚科_美容皮膚科】滋賀県大津市本堅田６－２０－２５" }, "geometry": { "type": "Point", "coordinates": [ 135.912065, 35.117616 ] } },
{ "type": "Feature", "properties": { "ID": 2522250013750, "正式名称": "医療法人　山田整形外科クリニック", "機関区分": 2, "都道府県コード": 25, "市区町村コード": 206, "所在地": "滋賀県草津市南草津３丁目４番３－１", "緯度": 35.004973, "経度": 135.942096, "url": "https://www.iryou.teikyouseido.mhlw.go.jp/znk-web/juminkanja/S2430/initialize?prefCd=25&kikanCd=2250013750&kikanKbn=2", "url2": "https://yamadaseikei.com/", "内容": "医療法人　山田整形外科クリニック【2:診療所】【診療科目:整形外科_リハビリテーション科】滋賀県草津市南草津３丁目４番３－１" }, "geometry": { "type": "Point", "coordinates": [ 135.942096, 35.004973 ] } },
{ "type": "Feature", "properties": { "ID": 2522250013760, "正式名称": "大津やまもと内科クリニック", "機関区分": 2, "都道府県コード": 25, "市区町村コード": 201, "所在地": "滋賀県大津市大平２丁目１番３号", "緯度": 34.955481, "経度": 135.897582, "url": "https://www.iryou.teikyouseido.mhlw.go.jp/znk-web/juminkanja/S2430/initialize?prefCd=25&kikanCd=2250013760&kikanKbn=2", "url2": "https://yamamoto-naikacl.com/", "内容": "大津やまもと内科クリニック【2:診療所】【診療科目:内科_消化器内科_内視鏡内科】滋賀県大津市大平２丁目１番３号" }, "geometry": { "type": "Point", "coordinates": [ 135.897582, 34.955481 ] } },
{ "type": "Feature", "properties": { "ID": 2522250013770, "正式名称": "リプロダクション浮田クリニック", "機関区分": 2, "都道府県コード": 25, "市区町村コード": 201, "所在地": "滋賀県大津市真野一丁目４５番８号", "緯度": 35.12207, "経度": 135.911471, "url": "https://www.iryou.teikyouseido.mhlw.go.jp/znk-web/juminkanja/S2430/initialize?prefCd=25&kikanCd=2250013770&kikanKbn=2", "url2": "https://repro.ukita.gr.jp/", "内容": "リプロダクション浮田クリニック【2:診療所】【診療科目:内科_漢方内科_婦人科_産婦人科（生殖医療）】滋賀県大津市真野一丁目４５番８号" }, "geometry": { "type": "Point", "coordinates": [ 135.911471, 35.12207 ] } },
{ "type": "Feature", "properties": { "ID": 2522250013780, "正式名称": "びわこ学園　長浜診療所", "機関区分": 2, "都道府県コード": 25, "市区町村コード": 203, "所在地": "滋賀県長浜市小堀町１２２番１", "緯度": 35.386769, "経度": 136.28988, "url": "https://www.iryou.teikyouseido.mhlw.go.jp/znk-web/juminkanja/S2430/initialize?prefCd=25&kikanCd=2250013780&kikanKbn=2", "url2": "http://www.biwakogakuen.or.jp", "内容": "びわこ学園　長浜診療所【2:診療所】【診療科目:内科_小児科】滋賀県長浜市小堀町１２２番１" }, "geometry": { "type": "Point", "coordinates": [ 136.28988, 35.386769 ] } },
{ "type": "Feature", "properties": { "ID": 2522250013790, "正式名称": "かのうクリニック", "機関区分": 2, "都道府県コード": 25, "市区町村コード": 208, "所在地": "滋賀県栗東市綣３丁目１０番２２号　グレーシィ栗東ビステージ２Ｆ", "緯度": 35.036626, "経度": 135.979842, "url": "https://www.iryou.teikyouseido.mhlw.go.jp/znk-web/juminkanja/S2430/initialize?prefCd=25&kikanCd=2250013790&kikanKbn=2", "url2": "https://byoinnavi.jp/clinic/87581", "内容": "かのうクリニック【2:診療所】【診療科目:精神科_心療内科】滋賀県栗東市綣３丁目１０番２２号　グレーシィ栗東ビステージ２Ｆ" }, "geometry": { "type": "Point", "coordinates": [ 135.979842, 35.036626 ] } },
{ "type": "Feature", "properties": { "ID": 2522250013800, "正式名称": "おかもとキッズクリニック", "機関区分": 2, "都道府県コード": 25, "市区町村コード": 213, "所在地": "滋賀県東近江市林町６１６", "緯度": 35.181941, "経度": 136.163472, "url": "https://www.iryou.teikyouseido.mhlw.go.jp/znk-web/juminkanja/S2430/initialize?prefCd=25&kikanCd=2250013800&kikanKbn=2", "url2": "http://www.okamoto-kids.com/", "内容": "おかもとキッズクリニック【2:診療所】【診療科目:小児科】滋賀県東近江市林町６１６" }, "geometry": { "type": "Point", "coordinates": [ 136.163472, 35.181941 ] } },
{ "type": "Feature", "properties": { "ID": 2522250013810, "正式名称": "医療法人　淳山会　西角三愛小児科", "機関区分": 2, "都道府県コード": 25, "市区町村コード": 201, "所在地": "滋賀県大津市石山寺３丁目２２－７", "緯度": 34.954518, "経度": 135.904968, "url": "https://www.iryou.teikyouseido.mhlw.go.jp/znk-web/juminkanja/S2430/initialize?prefCd=25&kikanCd=2250013810&kikanKbn=2", "url2": "https://www.nishikadosanai.com/", "内容": "医療法人　淳山会　西角三愛小児科【2:診療所】【診療科目:小児科】滋賀県大津市石山寺３丁目２２－７" }, "geometry": { "type": "Point", "coordinates": [ 135.904968, 34.954518 ] } },
{ "type": "Feature", "properties": { "ID": 2522250013820, "正式名称": "医療法人楓仁会　つじ泌尿器科クリニック", "機関区分": 2, "都道府県コード": 25, "市区町村コード": 202, "所在地": "滋賀県彦根市西今町１１３１－２３", "緯度": 35.259289, "経度": 136.232705, "url": "https://www.iryou.teikyouseido.mhlw.go.jp/znk-web/juminkanja/S2430/initialize?prefCd=25&kikanCd=2250013820&kikanKbn=2", "url2": "http://www.tsuji-urol-clinic.com/", "内容": "医療法人楓仁会　つじ泌尿器科クリニック【2:診療所】【診療科目:内科_皮膚科_泌尿器科】滋賀県彦根市西今町１１３１－２３" }, "geometry": { "type": "Point", "coordinates": [ 136.232705, 35.259289 ] } },
{ "type": "Feature", "properties": { "ID": 2522250013830, "正式名称": "瀬田西クリニック", "機関区分": 2, "都道府県コード": 25, "市区町村コード": 201, "所在地": "滋賀県大津市瀬田三丁目３７番９号", "緯度": 34.964753, "経度": 135.914443, "url": "https://www.iryou.teikyouseido.mhlw.go.jp/znk-web/juminkanja/S2430/initialize?prefCd=25&kikanCd=2250013830&kikanKbn=2", "url2": "https://www.setanishi.jp/", "内容": "瀬田西クリニック【2:診療所】【診療科目:内科_外科_リハビリテーション科】滋賀県大津市瀬田三丁目３７番９号" }, "geometry": { "type": "Point", "coordinates": [ 135.914443, 34.964753 ] } },
{ "type": "Feature", "properties": { "ID": 2522250013840, "正式名称": "社会医療法人誠光会　南草津健診センター", "機関区分": 2, "都道府県コード": 25, "市区町村コード": 206, "所在地": "滋賀県草津市南草津二丁目３－７", "緯度": 35.004449, "経度": 135.943573, "url": "https://www.iryou.teikyouseido.mhlw.go.jp/znk-web/juminkanja/S2430/initialize?prefCd=25&kikanCd=2250013840&kikanKbn=2", "url2": "https://www.seikoukai-sc.or.jp", "内容": "社会医療法人誠光会　南草津健診センター【2:診療所】【診療科目:内科_婦人科_放射線科】滋賀県草津市南草津二丁目３－７" }, "geometry": { "type": "Point", "coordinates": [ 135.943573, 35.004449 ] } },
{ "type": "Feature", "properties": { "ID": 2522250013850, "正式名称": "いりかわ耳鼻咽喉科", "機関区分": 2, "都道府県コード": 25, "市区町村コード": 206, "所在地": "滋賀県草津市南草津５丁目４－１４", "緯度": 35.004332, "経度": 135.939309, "url": "https://www.iryou.teikyouseido.mhlw.go.jp/znk-web/juminkanja/S2430/initialize?prefCd=25&kikanCd=2250013850&kikanKbn=2", "url2": "https://irikawa-jibika.com/", "内容": "いりかわ耳鼻咽喉科【2:診療所】【診療科目:小児耳鼻いんこう科_耳鼻いんこう科】滋賀県草津市南草津５丁目４－１４" }, "geometry": { "type": "Point", "coordinates": [ 135.939309, 35.004332 ] } },
{ "type": "Feature", "properties": { "ID": 2522250013860, "正式名称": "さとこ内科クリニック", "機関区分": 2, "都道府県コード": 25, "市区町村コード": 208, "所在地": "滋賀県栗東市中沢２－５－５４", "緯度": 35.027059, "経度": 135.972051, "url": "https://www.iryou.teikyouseido.mhlw.go.jp/znk-web/juminkanja/S2430/initialize?prefCd=25&kikanCd=2250013860&kikanKbn=2", "url2": "https://satokonaika.com/", "内容": "さとこ内科クリニック【2:診療所】【診療科目:内科_循環器内科】滋賀県栗東市中沢２－５－５４" }, "geometry": { "type": "Point", "coordinates": [ 135.972051, 35.027059 ] } },
{ "type": "Feature", "properties": { "ID": 2522250013870, "正式名称": "荒堀整形外科", "機関区分": 2, "都道府県コード": 25, "市区町村コード": 207, "所在地": "滋賀県守山市大門町１５６番地", "緯度": 35.053633, "経度": 135.972349, "url": "https://www.iryou.teikyouseido.mhlw.go.jp/znk-web/juminkanja/S2430/initialize?prefCd=25&kikanCd=2250013870&kikanKbn=2", "url2": "https://arabori-seikeigeka.jp/", "内容": "荒堀整形外科【2:診療所】【診療科目:外科_整形外科_リハビリテーション科】滋賀県守山市大門町１５６番地" }, "geometry": { "type": "Point", "coordinates": [ 135.972349, 35.053633 ] } },
{ "type": "Feature", "properties": { "ID": 2522250013910, "正式名称": "医療法人弘英会　北雄琴クリニック", "機関区分": 2, "都道府県コード": 25, "市区町村コード": 201, "所在地": "滋賀県大津市雄琴六丁目１１番８号", "緯度": 35.09133, "経度": 135.899918, "url": "https://www.iryou.teikyouseido.mhlw.go.jp/znk-web/juminkanja/S2430/initialize?prefCd=25&kikanCd=2250013910&kikanKbn=2", "url2": null, "内容": "医療法人弘英会　北雄琴クリニック【2:診療所】【診療科目:内科_循環器内科_整形外科】滋賀県大津市雄琴六丁目１１番８号" }, "geometry": { "type": "Point", "coordinates": [ 135.899918, 35.09133 ] } },
{ "type": "Feature", "properties": { "ID": 2522250013940, "正式名称": "におのはまキッズクリニック", "機関区分": 2, "都道府県コード": 25, "市区町村コード": 201, "所在地": "滋賀県大津市におの浜３－５－１３　クリニックステーション大津におの浜１階", "緯度": 35.004256, "経度": 135.883968, "url": "https://www.iryou.teikyouseido.mhlw.go.jp/znk-web/juminkanja/S2430/initialize?prefCd=25&kikanCd=2250013940&kikanKbn=2", "url2": "http://nionohama-kids.com", "内容": "におのはまキッズクリニック【2:診療所】【診療科目:小児科】滋賀県大津市におの浜３－５－１３　クリニックステーション大津におの浜１階" }, "geometry": { "type": "Point", "coordinates": [ 135.883968, 35.004256 ] } },
{ "type": "Feature", "properties": { "ID": 2522250013950, "正式名称": "ながやま整形外科", "機関区分": 2, "都道府県コード": 25, "市区町村コード": 201, "所在地": "滋賀県大津市におの浜三丁目５番１３号　クリニックステーション大津におの浜２階", "緯度": 35.004225, "経度": 135.883028, "url": "https://www.iryou.teikyouseido.mhlw.go.jp/znk-web/juminkanja/S2430/initialize?prefCd=25&kikanCd=2250013950&kikanKbn=2", "url2": "https://nagayama-seikeigeka.com", "内容": "ながやま整形外科【2:診療所】【診療科目:整形外科_リハビリテーション科】滋賀県大津市におの浜三丁目５番１３号　クリニックステーション大津におの浜２階" }, "geometry": { "type": "Point", "coordinates": [ 135.883028, 35.004225 ] } },
{ "type": "Feature", "properties": { "ID": 2522250013980, "正式名称": "医療法人　オクムラフォレストールクリニック", "機関区分": 2, "都道府県コード": 25, "市区町村コード": 201, "所在地": "滋賀県大津市松原町１４番１９号", "緯度": 34.978289, "経度": 135.90217, "url": "https://www.iryou.teikyouseido.mhlw.go.jp/znk-web/juminkanja/S2430/initialize?prefCd=25&kikanCd=2250013980&kikanKbn=2", "url2": "https://okumura-forestall.com/", "内容": "医療法人　オクムラフォレストールクリニック【2:診療所】【診療科目:内科_呼吸器内科_循環器内科_消化器内科_肝臓内科_内視鏡内科】滋賀県大津市松原町１４番１９号" }, "geometry": { "type": "Point", "coordinates": [ 135.90217, 34.978289 ] } },
{ "type": "Feature", "properties": { "ID": 2522250013990, "正式名称": "医療法人　ひえだクリニック", "機関区分": 2, "都道府県コード": 25, "市区町村コード": 208, "所在地": "滋賀県栗東市髙野５６２番地８", "緯度": 35.034916, "経度": 136.016631, "url": "https://www.iryou.teikyouseido.mhlw.go.jp/znk-web/juminkanja/S2430/initialize?prefCd=25&kikanCd=2250013990&kikanKbn=2", "url2": null, "内容": "医療法人　ひえだクリニック【2:診療所】【診療科目:内科_小児科】滋賀県栗東市髙野５６２番地８" }, "geometry": { "type": "Point", "coordinates": [ 136.016631, 35.034916 ] } },
{ "type": "Feature", "properties": { "ID": 2522250014000, "正式名称": "粟津診療所", "機関区分": 2, "都道府県コード": 25, "市区町村コード": 201, "所在地": "滋賀県大津市晴嵐一丁目１９－２６", "緯度": 34.984109, "経度": 135.902571, "url": "https://www.iryou.teikyouseido.mhlw.go.jp/znk-web/juminkanja/S2430/initialize?prefCd=25&kikanCd=2250014000&kikanKbn=2", "url2": null, "内容": "粟津診療所【2:診療所】【診療科目:内科_漢方内科_心療内科_アレルギー科】滋賀県大津市晴嵐一丁目１９－２６" }, "geometry": { "type": "Point", "coordinates": [ 135.902571, 34.984109 ] } },
{ "type": "Feature", "properties": { "ID": 2522250014020, "正式名称": "ミカミクリニック", "機関区分": 2, "都道府県コード": 25, "市区町村コード": 210, "所在地": "滋賀県野洲市三上１９２２－１１", "緯度": 35.059136, "経度": 136.01668, "url": "https://www.iryou.teikyouseido.mhlw.go.jp/znk-web/juminkanja/S2430/initialize?prefCd=25&kikanCd=2250014020&kikanKbn=2", "url2": "https://mikami-clinic.com", "内容": "ミカミクリニック【2:診療所】【診療科目:内科_婦人科】滋賀県野洲市三上１９２２－１１" }, "geometry": { "type": "Point", "coordinates": [ 136.01668, 35.059136 ] } },
{ "type": "Feature", "properties": { "ID": 2522250014040, "正式名称": "医療法人碧滄会　青地うえだクリニック", "機関区分": 2, "都道府県コード": 25, "市区町村コード": 201, "所在地": "滋賀県大津市京町１－３－３３", "緯度": 35.00722, "経度": 135.863905, "url": "https://www.iryou.teikyouseido.mhlw.go.jp/znk-web/juminkanja/S2430/initialize?prefCd=25&kikanCd=2250014040&kikanKbn=2", "url2": "https://www.aoueda-cl.com", "内容": "医療法人碧滄会　青地うえだクリニック【2:診療所】【診療科目:内科_外科_産婦人科】滋賀県大津市京町１－３－３３" }, "geometry": { "type": "Point", "coordinates": [ 135.863905, 35.00722 ] } },
{ "type": "Feature", "properties": { "ID": 2522250014050, "正式名称": "南草津クリニック", "機関区分": 2, "都道府県コード": 25, "市区町村コード": 206, "所在地": "滋賀県草津市野路１－８－１８　エルミナｅｅビルディング１階", "緯度": 35.003621, "経度": 135.949185, "url": "https://www.iryou.teikyouseido.mhlw.go.jp/znk-web/juminkanja/S2430/initialize?prefCd=25&kikanCd=2250014050&kikanKbn=2", "url2": null, "内容": "南草津クリニック【2:診療所】【診療科目:眼科】滋賀県草津市野路１－８－１８　エルミナｅｅビルディング１階" }, "geometry": { "type": "Point", "coordinates": [ 135.949185, 35.003621 ] } },
{ "type": "Feature", "properties": { "ID": 2522250014070, "正式名称": "こうせい眼科", "機関区分": 2, "都道府県コード": 25, "市区町村コード": 211, "所在地": "滋賀県湖南市梅影町３－２０", "緯度": 35.010984, "経度": 136.125235, "url": "https://www.iryou.teikyouseido.mhlw.go.jp/znk-web/juminkanja/S2430/initialize?prefCd=25&kikanCd=2250014070&kikanKbn=2", "url2": "https://www.kousei-eye.com/", "内容": "こうせい眼科【2:診療所】【診療科目:眼科】滋賀県湖南市梅影町３－２０" }, "geometry": { "type": "Point", "coordinates": [ 136.125235, 35.010984 ] } },
{ "type": "Feature", "properties": { "ID": 2522250014080, "正式名称": "まつうら総合内科クリニック", "機関区分": 2, "都道府県コード": 25, "市区町村コード": 201, "所在地": "滋賀県大津市馬場２丁目９－１　ＩＢ　ＯＴＳＵ　１０２", "緯度": 35.000028, "経度": 135.881533, "url": "https://www.iryou.teikyouseido.mhlw.go.jp/znk-web/juminkanja/S2430/initialize?prefCd=25&kikanCd=2250014080&kikanKbn=2", "url2": "https://matsuuraclinic.jp", "内容": "まつうら総合内科クリニック【2:診療所】【診療科目:内科_老年内科】滋賀県大津市馬場２丁目９－１　ＩＢ　ＯＴＳＵ　１０２" }, "geometry": { "type": "Point", "coordinates": [ 135.881533, 35.000028 ] } },
{ "type": "Feature", "properties": { "ID": 2522250014090, "正式名称": "ハートリズムクリニック", "機関区分": 2, "都道府県コード": 25, "市区町村コード": 204, "所在地": "滋賀県近江八幡市安土町下豊浦５３８５－１４", "緯度": 35.155539, "経度": 136.124115, "url": "https://www.iryou.teikyouseido.mhlw.go.jp/znk-web/juminkanja/S2430/initialize?prefCd=25&kikanCd=2250014090&kikanKbn=2", "url2": null, "内容": "ハートリズムクリニック【2:診療所】【診療科目:内科_循環器内科】滋賀県近江八幡市安土町下豊浦５３８５－１４" }, "geometry": { "type": "Point", "coordinates": [ 136.124115, 35.155539 ] } },
{ "type": "Feature", "properties": { "ID": 2522250014100, "正式名称": "医療法人馰野会　南草津婦人科まりこクリニック", "機関区分": 2, "都道府県コード": 25, "市区町村コード": 206, "所在地": "滋賀県草津市野路一丁目１３番５号　南草津アクシスビル３階", "緯度": 35.003246, "経度": 135.949302, "url": "https://www.iryou.teikyouseido.mhlw.go.jp/znk-web/juminkanja/S2430/initialize?prefCd=25&kikanCd=2250014100&kikanKbn=2", "url2": "https://mariko-clinic.com/", "内容": "医療法人馰野会　南草津婦人科まりこクリニック【2:診療所】【診療科目:婦人科】滋賀県草津市野路一丁目１３番５号　南草津アクシスビル３階" }, "geometry": { "type": "Point", "coordinates": [ 135.949302, 35.003246 ] } },
{ "type": "Feature", "properties": { "ID": 2522250014120, "正式名称": "医療法人近江今津駅前メンタルクリニック", "機関区分": 2, "都道府県コード": 25, "市区町村コード": 212, "所在地": "滋賀県高島市今津町名小路二丁目７番２号", "緯度": 35.398115, "経度": 136.030372, "url": "https://www.iryou.teikyouseido.mhlw.go.jp/znk-web/juminkanja/S2430/initialize?prefCd=25&kikanCd=2250014120&kikanKbn=2", "url2": "www.ohmiimazu-mental.com", "内容": "医療法人近江今津駅前メンタルクリニック【2:診療所】【診療科目:美容皮膚科_精神科_心療内科】滋賀県高島市今津町名小路二丁目７番２号" }, "geometry": { "type": "Point", "coordinates": [ 136.030372, 35.398115 ] } },
{ "type": "Feature", "properties": { "ID": 2522250014140, "正式名称": "山東診療所", "機関区分": 2, "都道府県コード": 25, "市区町村コード": 214, "所在地": "滋賀県米原市志賀谷１９０７番地", "緯度": 35.359564, "経度": 136.35276, "url": "https://www.iryou.teikyouseido.mhlw.go.jp/znk-web/juminkanja/S2430/initialize?prefCd=25&kikanCd=2250014140&kikanKbn=2", "url2": null, "内容": "山東診療所【2:診療所】【診療科目:内科_小児科】滋賀県米原市志賀谷１９０７番地" }, "geometry": { "type": "Point", "coordinates": [ 136.35276, 35.359564 ] } },
{ "type": "Feature", "properties": { "ID": 2522250014150, "正式名称": "はまたに内科・循環器内科クリニック", "機関区分": 2, "都道府県コード": 25, "市区町村コード": 203, "所在地": "滋賀県長浜市宮司町１０８５番地１", "緯度": 35.381362, "経度": 136.291741, "url": "https://www.iryou.teikyouseido.mhlw.go.jp/znk-web/juminkanja/S2430/initialize?prefCd=25&kikanCd=2250014150&kikanKbn=2", "url2": "https://hamatani-clinic.com", "内容": "はまたに内科・循環器内科クリニック【2:診療所】【診療科目:内科_循環器内科】滋賀県長浜市宮司町１０８５番地１" }, "geometry": { "type": "Point", "coordinates": [ 136.291741, 35.381362 ] } },
{ "type": "Feature", "properties": { "ID": 2522250014160, "正式名称": "南草津あおぞらクリニック", "機関区分": 2, "都道府県コード": 25, "市区町村コード": 206, "所在地": "滋賀県草津市南草津３丁目４－３－３", "緯度": 35.004973, "経度": 135.942096, "url": "https://www.iryou.teikyouseido.mhlw.go.jp/znk-web/juminkanja/S2430/initialize?prefCd=25&kikanCd=2250014160&kikanKbn=2", "url2": "https://kusatsu-aozoraclinic.com", "内容": "南草津あおぞらクリニック【2:診療所】【診療科目:内科_消化器内科_外科_肛門外科】滋賀県草津市南草津３丁目４－３－３" }, "geometry": { "type": "Point", "coordinates": [ 135.942096, 35.004973 ] } },
{ "type": "Feature", "properties": { "ID": 2522250014170, "正式名称": "湖南サポートクリニック", "機関区分": 2, "都道府県コード": 25, "市区町村コード": 208, "所在地": "滋賀県栗東市安養寺一丁目１３－３７　Ｋビル１階Ｂ号室", "緯度": 35.022074, "経度": 135.997588, "url": "https://www.iryou.teikyouseido.mhlw.go.jp/znk-web/juminkanja/S2430/initialize?prefCd=25&kikanCd=2250014170&kikanKbn=2", "url2": "http://jijinkai.or.jp/", "内容": "湖南サポートクリニック【2:診療所】【診療科目:内科_麻酔科】滋賀県栗東市安養寺一丁目１３－３７　Ｋビル１階Ｂ号室" }, "geometry": { "type": "Point", "coordinates": [ 135.997588, 35.022074 ] } },
{ "type": "Feature", "properties": { "ID": 2522250014180, "正式名称": "医療法人守山さくら内科クリニック　銀座通りクリニック内科・呼吸器内科", "機関区分": 2, "都道府県コード": 25, "市区町村コード": 207, "所在地": "滋賀県守山市守山一丁目５番１０号　守山銀座ビル　東棟２０１号室", "緯度": 35.054251, "経度": 135.991707, "url": "https://www.iryou.teikyouseido.mhlw.go.jp/znk-web/juminkanja/S2430/initialize?prefCd=25&kikanCd=2250014180&kikanKbn=2", "url2": "https://ginzadori-clinic.com", "内容": "医療法人守山さくら内科クリニック　銀座通りクリニック内科・呼吸器内科【2:診療所】【診療科目:内科_呼吸器内科_呼吸器外科】滋賀県守山市守山一丁目５番１０号　守山銀座ビル　東棟２０１号室" }, "geometry": { "type": "Point", "coordinates": [ 135.991707, 35.054251 ] } },
{ "type": "Feature", "properties": { "ID": 2522250014190, "正式名称": "みつだ内科クリニック", "機関区分": 2, "都道府県コード": 25, "市区町村コード": 206, "所在地": "滋賀県草津市野路４丁目４番１号", "緯度": 34.999088, "経度": 135.94709, "url": "https://www.iryou.teikyouseido.mhlw.go.jp/znk-web/juminkanja/S2430/initialize?prefCd=25&kikanCd=2250014190&kikanKbn=2", "url2": "https://mitsudaclinic.com/", "内容": "みつだ内科クリニック【2:診療所】【診療科目:内科_消化器内科_胃腸内科_内視鏡内科_小児科】滋賀県草津市野路４丁目４番１号" }, "geometry": { "type": "Point", "coordinates": [ 135.94709, 34.999088 ] } },
{ "type": "Feature", "properties": { "ID": 2522250014210, "正式名称": "はしぐち整形外科クリニック", "機関区分": 2, "都道府県コード": 25, "市区町村コード": 204, "所在地": "滋賀県近江八幡市多賀町４６０番地", "緯度": 35.141048, "経度": 136.098493, "url": "https://www.iryou.teikyouseido.mhlw.go.jp/znk-web/juminkanja/S2430/initialize?prefCd=25&kikanCd=2250014210&kikanKbn=2", "url2": "https://www.hashiguchi-seikei.com/", "内容": "はしぐち整形外科クリニック【2:診療所】【診療科目:整形外科_リハビリテーション科】滋賀県近江八幡市多賀町４６０番地" }, "geometry": { "type": "Point", "coordinates": [ 136.098493, 35.141048 ] } },
{ "type": "Feature", "properties": { "ID": 2522250014220, "正式名称": "伊豆蔵医院", "機関区分": 2, "都道府県コード": 25, "市区町村コード": 201, "所在地": "滋賀県大津市栄町４－１", "緯度": 34.977015, "経度": 135.901555, "url": "https://www.iryou.teikyouseido.mhlw.go.jp/znk-web/juminkanja/S2430/initialize?prefCd=25&kikanCd=2250014220&kikanKbn=2", "url2": null, "内容": "伊豆蔵医院【2:診療所】【診療科目:耳鼻いんこう科_皮膚科_アレルギー科】滋賀県大津市栄町４－１" }, "geometry": { "type": "Point", "coordinates": [ 135.901555, 34.977015 ] } },
{ "type": "Feature", "properties": { "ID": 2522250014230, "正式名称": "ゆたかクリニック", "機関区分": 2, "都道府県コード": 25, "市区町村コード": 201, "所在地": "滋賀県大津市京町三丁目１－３　逢坂ビル３階", "緯度": 35.004368, "経度": 135.865528, "url": "https://www.iryou.teikyouseido.mhlw.go.jp/znk-web/juminkanja/S2430/initialize?prefCd=25&kikanCd=2250014230&kikanKbn=2", "url2": "https://yutaka-clinic.jp/", "内容": "ゆたかクリニック【2:診療所】【診療科目:児童精神科_精神科】滋賀県大津市京町三丁目１－３　逢坂ビル３階" }, "geometry": { "type": "Point", "coordinates": [ 135.865528, 35.004368 ] } },
{ "type": "Feature", "properties": { "ID": 2522250014250, "正式名称": "とがの整形外科クリニック", "機関区分": 2, "都道府県コード": 25, "市区町村コード": 207, "所在地": "滋賀県守山市金森町６０３－１", "緯度": 35.058246, "経度": 135.981275, "url": "https://www.iryou.teikyouseido.mhlw.go.jp/znk-web/juminkanja/S2430/initialize?prefCd=25&kikanCd=2250014250&kikanKbn=2", "url2": "https://togano-seikei.com/", "内容": "とがの整形外科クリニック【2:診療所】【診療科目:整形外科】滋賀県守山市金森町６０３－１" }, "geometry": { "type": "Point", "coordinates": [ 135.981275, 35.058246 ] } },
{ "type": "Feature", "properties": { "ID": 2522250014260, "正式名称": "医療法人仁永会　ふくなが皮膚科", "機関区分": 2, "都道府県コード": 25, "市区町村コード": 202, "所在地": "滋賀県彦根市長曽根南町４４６", "緯度": 35.264669, "経度": 136.242314, "url": "https://www.iryou.teikyouseido.mhlw.go.jp/znk-web/juminkanja/S2430/initialize?prefCd=25&kikanCd=2250014260&kikanKbn=2", "url2": "https://fkngderma.jp/", "内容": "医療法人仁永会　ふくなが皮膚科【2:診療所】【診療科目:形成外科_小児皮膚科_皮膚科_アレルギー科】滋賀県彦根市長曽根南町４４６" }, "geometry": { "type": "Point", "coordinates": [ 136.242314, 35.264669 ] } },
{ "type": "Feature", "properties": { "ID": 2522250014270, "正式名称": "おおつき内科クリニック", "機関区分": 2, "都道府県コード": 25, "市区町村コード": 201, "所在地": "滋賀県大津市二本松１－１　ブランチ大津京２階", "緯度": 35.030311, "経度": 135.864376, "url": "https://www.iryou.teikyouseido.mhlw.go.jp/znk-web/juminkanja/S2430/initialize?prefCd=25&kikanCd=2250014270&kikanKbn=2", "url2": "https://ohtsuki-clinic.com", "内容": "おおつき内科クリニック【2:診療所】【診療科目:内科_糖尿病内科_循環器内科】滋賀県大津市二本松１－１　ブランチ大津京２階" }, "geometry": { "type": "Point", "coordinates": [ 135.864376, 35.030311 ] } },
{ "type": "Feature", "properties": { "ID": 2522250014280, "正式名称": "きとうクリニック", "機関区分": 2, "都道府県コード": 25, "市区町村コード": 203, "所在地": "滋賀県長浜市宮司町１２００番地　コープながはま２階", "緯度": 35.378804, "経度": 136.287078, "url": "https://www.iryou.teikyouseido.mhlw.go.jp/znk-web/juminkanja/S2430/initialize?prefCd=25&kikanCd=2250014280&kikanKbn=2", "url2": "https://kito-clinic.com", "内容": "きとうクリニック【2:診療所】【診療科目:内科_血液内科】滋賀県長浜市宮司町１２００番地　コープながはま２階" }, "geometry": { "type": "Point", "coordinates": [ 136.287078, 35.378804 ] } },
{ "type": "Feature", "properties": { "ID": 2522250014290, "正式名称": "髙槻医院", "機関区分": 2, "都道府県コード": 25, "市区町村コード": 201, "所在地": "滋賀県大津市松本二丁目４－３７", "緯度": 35.006363, "経度": 135.872991, "url": "https://www.iryou.teikyouseido.mhlw.go.jp/znk-web/juminkanja/S2430/initialize?prefCd=25&kikanCd=2250014290&kikanKbn=2", "url2": "https://www.takatsukiclinic.com/", "内容": "髙槻医院【2:診療所】【診療科目:内科_糖尿病内科_小児科】滋賀県大津市松本二丁目４－３７" }, "geometry": { "type": "Point", "coordinates": [ 135.872991, 35.006363 ] } },
{ "type": "Feature", "properties": { "ID": 2522250014310, "正式名称": "瀬田やました眼科", "機関区分": 2, "都道府県コード": 25, "市区町村コード": 201, "所在地": "滋賀県大津市大江７丁目６番４５号", "緯度": 34.975655, "経度": 135.92908, "url": "https://www.iryou.teikyouseido.mhlw.go.jp/znk-web/juminkanja/S2430/initialize?prefCd=25&kikanCd=2250014310&kikanKbn=2", "url2": "https://www.yamashita-eyeclinic.net/", "内容": "瀬田やました眼科【2:診療所】【診療科目:眼科】滋賀県大津市大江７丁目６番４５号" }, "geometry": { "type": "Point", "coordinates": [ 135.92908, 34.975655 ] } },
{ "type": "Feature", "properties": { "ID": 2522250014320, "正式名称": "ＡＺＵＳＡ　ＳＫＩＮ＆ＷＥＬＬＮＥＳＳ　ＣＬＩＮＩＣ", "機関区分": 2, "都道府県コード": 25, "市区町村コード": 201, "所在地": "滋賀県大津市におの浜２丁目２番５号　大津スカイハイツ１１２号室", "緯度": 35.005202, "経度": 135.881432, "url": "https://www.iryou.teikyouseido.mhlw.go.jp/znk-web/juminkanja/S2430/initialize?prefCd=25&kikanCd=2250014320&kikanKbn=2", "url2": "https://www.azusa-clinic.com/", "内容": "ＡＺＵＳＡ　ＳＫＩＮ＆ＷＥＬＬＮＥＳＳ　ＣＬＩＮＩＣ【2:診療所】【診療科目:皮膚科_美容皮膚科】滋賀県大津市におの浜２丁目２番５号　大津スカイハイツ１１２号室" }, "geometry": { "type": "Point", "coordinates": [ 135.881432, 35.005202 ] } },
{ "type": "Feature", "properties": { "ID": 2522250014340, "正式名称": "白鳥内科", "機関区分": 2, "都道府県コード": 25, "市区町村コード": 204, "所在地": "滋賀県近江八幡市鷹飼町４５０－５", "緯度": 35.120139, "経度": 136.099276, "url": "https://www.iryou.teikyouseido.mhlw.go.jp/znk-web/juminkanja/S2430/initialize?prefCd=25&kikanCd=2250014340&kikanKbn=2", "url2": "https://shiratoriclinic.com/", "内容": "白鳥内科【2:診療所】【診療科目:内科_神経内科】滋賀県近江八幡市鷹飼町４５０－５" }, "geometry": { "type": "Point", "coordinates": [ 136.099276, 35.120139 ] } },
{ "type": "Feature", "properties": { "ID": 2522250014350, "正式名称": "やまぐち内科医院", "機関区分": 2, "都道府県コード": 25, "市区町村コード": 207, "所在地": "滋賀県守山市播磨田町１３０４番地２", "緯度": 35.075165, "経度": 135.988812, "url": "https://www.iryou.teikyouseido.mhlw.go.jp/znk-web/juminkanja/S2430/initialize?prefCd=25&kikanCd=2250014350&kikanKbn=2", "url2": "http://yamaguchinaika-moriyama.com", "内容": "やまぐち内科医院【2:診療所】【診療科目:内科_糖尿病内科_循環器内科_心臓内科_腎臓内科_リウマチ科】滋賀県守山市播磨田町１３０４番地２" }, "geometry": { "type": "Point", "coordinates": [ 135.988812, 35.075165 ] } },
{ "type": "Feature", "properties": { "ID": 2522250014360, "正式名称": "ぜぜ駅前ひふ科・形成外科クリニック", "機関区分": 2, "都道府県コード": 25, "市区町村コード": 201, "所在地": "滋賀県大津市馬場２丁目９－１　ＩＢ　ＯＴＳＵ　２０１", "緯度": 35.000028, "経度": 135.881533, "url": "https://www.iryou.teikyouseido.mhlw.go.jp/znk-web/juminkanja/S2430/initialize?prefCd=25&kikanCd=2250014360&kikanKbn=2", "url2": "https://zeze-clinic.com/", "内容": "ぜぜ駅前ひふ科・形成外科クリニック【2:診療所】【診療科目:形成外科_美容外科_小児皮膚科_皮膚科_美容皮膚科】滋賀県大津市馬場２丁目９－１　ＩＢ　ＯＴＳＵ　２０１" }, "geometry": { "type": "Point", "coordinates": [ 135.881533, 35.000028 ] } },
{ "type": "Feature", "properties": { "ID": 2522250014370, "正式名称": "リウマチ科みやもと", "機関区分": 2, "都道府県コード": 25, "市区町村コード": 203, "所在地": "滋賀県長浜市弥高町２６９", "緯度": 35.373194, "経度": 136.279331, "url": "https://www.iryou.teikyouseido.mhlw.go.jp/znk-web/juminkanja/S2430/initialize?prefCd=25&kikanCd=2250014370&kikanKbn=2", "url2": "https://rheumatoid-arthritis-miyamoto.jp/", "内容": "リウマチ科みやもと【2:診療所】【診療科目:内科_リウマチ科】滋賀県長浜市弥高町２６９" }, "geometry": { "type": "Point", "coordinates": [ 136.279331, 35.373194 ] } },
{ "type": "Feature", "properties": { "ID": 2522250014380, "正式名称": "瀬田駅前ハートクリニック", "機関区分": 2, "都道府県コード": 25, "市区町村コード": 201, "所在地": "滋賀県大津市大萱一丁目９ー３　ファミーユＳＥＴＡ１階", "緯度": 34.985491, "経度": 135.924045, "url": "https://www.iryou.teikyouseido.mhlw.go.jp/znk-web/juminkanja/S2430/initialize?prefCd=25&kikanCd=2250014380&kikanKbn=2", "url2": "https://seta-heartclinic.com", "内容": "瀬田駅前ハートクリニック【2:診療所】【診療科目:内科_呼吸器内科_循環器内科_漢方内科_小児科】滋賀県大津市大萱一丁目９ー３　ファミーユＳＥＴＡ１階" }, "geometry": { "type": "Point", "coordinates": [ 135.924045, 34.985491 ] } },
{ "type": "Feature", "properties": { "ID": 2522250014390, "正式名称": "医療法人あおあお在宅クリニック", "機関区分": 2, "都道府県コード": 25, "市区町村コード": 208, "所在地": "滋賀県栗東市中沢二丁目１１ー１０　メゾン中沢１階", "緯度": 35.024374, "経度": 135.970176, "url": "https://www.iryou.teikyouseido.mhlw.go.jp/znk-web/juminkanja/S2430/initialize?prefCd=25&kikanCd=2250014390&kikanKbn=2", "url2": "https://awoawo-clinic.jp", "内容": "医療法人あおあお在宅クリニック【2:診療所】【診療科目:内科】滋賀県栗東市中沢二丁目１１ー１０　メゾン中沢１階" }, "geometry": { "type": "Point", "coordinates": [ 135.970176, 35.024374 ] } },
{ "type": "Feature", "properties": { "ID": 2522250014400, "正式名称": "かつじクリニック", "機関区分": 2, "都道府県コード": 25, "市区町村コード": 210, "所在地": "滋賀県野洲市市三宅２３７３", "緯度": 35.072814, "経度": 136.015806, "url": "https://www.iryou.teikyouseido.mhlw.go.jp/znk-web/juminkanja/S2430/initialize?prefCd=25&kikanCd=2250014400&kikanKbn=2", "url2": "https://katsuji-clinic.com", "内容": "かつじクリニック【2:診療所】【診療科目:内科_消化器内科_病理診断科】滋賀県野洲市市三宅２３７３" }, "geometry": { "type": "Point", "coordinates": [ 136.015806, 35.072814 ] } },
{ "type": "Feature", "properties": { "ID": 2522250014450, "正式名称": "滋賀もりブレストクリニック", "機関区分": 2, "都道府県コード": 25, "市区町村コード": 206, "所在地": "滋賀県草津市野路一丁目１３ー３６　西友草津店１Ｆ", "緯度": 35.002702, "経度": 135.948925, "url": "https://www.iryou.teikyouseido.mhlw.go.jp/znk-web/juminkanja/S2430/initialize?prefCd=25&kikanCd=2250014450&kikanKbn=2", "url2": "https://www.breast-mori-cl.com", "内容": "滋賀もりブレストクリニック【2:診療所】【診療科目:乳腺外科】滋賀県草津市野路一丁目１３ー３６　西友草津店１Ｆ" }, "geometry": { "type": "Point", "coordinates": [ 135.948925, 35.002702 ] } },
{ "type": "Feature", "properties": { "ID": 2522250014480, "正式名称": "吉槻診療所", "機関区分": 2, "都道府県コード": 25, "市区町村コード": 214, "所在地": "滋賀県米原市吉槻６５６番地", "緯度": 35.45503, "経度": 136.360051, "url": "https://www.iryou.teikyouseido.mhlw.go.jp/znk-web/juminkanja/S2430/initialize?prefCd=25&kikanCd=2250014480&kikanKbn=2", "url2": null, "内容": "吉槻診療所【2:診療所】【診療科目:内科_小児科】滋賀県米原市吉槻６５６番地" }, "geometry": { "type": "Point", "coordinates": [ 136.360051, 35.45503 ] } },
{ "type": "Feature", "properties": { "ID": 2522250014490, "正式名称": "にしやまスマイルクリニック", "機関区分": 2, "都道府県コード": 25, "市区町村コード": 201, "所在地": "滋賀県大津市御殿浜２３番１１号", "緯度": 34.989098, "経度": 135.897266, "url": "https://www.iryou.teikyouseido.mhlw.go.jp/znk-web/juminkanja/S2430/initialize?prefCd=25&kikanCd=2250014490&kikanKbn=2", "url2": "http://nishiyama-smile.com/", "内容": "にしやまスマイルクリニック【2:診療所】【診療科目:内科_循環器内科_消化器内科】滋賀県大津市御殿浜２３番１１号" }, "geometry": { "type": "Point", "coordinates": [ 135.897266, 34.989098 ] } },
{ "type": "Feature", "properties": { "ID": 2522250014510, "正式名称": "淡海せぼねクリニック", "機関区分": 2, "都道府県コード": 25, "市区町村コード": 204, "所在地": "滋賀県近江八幡市出町２３３－２", "緯度": 35.129373, "経度": 136.100413, "url": "https://www.iryou.teikyouseido.mhlw.go.jp/znk-web/juminkanja/S2430/initialize?prefCd=25&kikanCd=2250014510&kikanKbn=2", "url2": "http://ohmi-sebone.com/", "内容": "淡海せぼねクリニック【2:診療所】【診療科目:脳神経内科_脳神経外科_整形外科_リハビリテーション科】滋賀県近江八幡市出町２３３－２" }, "geometry": { "type": "Point", "coordinates": [ 136.100413, 35.129373 ] } },
{ "type": "Feature", "properties": { "ID": 2522250014520, "正式名称": "医療法人あなうさぎ　東近江しのはら駅前クリニック", "機関区分": 2, "都道府県コード": 25, "市区町村コード": 204, "所在地": "滋賀県近江八幡市安養寺町８７１－１", "緯度": 35.099069, "経度": 136.071666, "url": "https://www.iryou.teikyouseido.mhlw.go.jp/znk-web/juminkanja/S2430/initialize?prefCd=25&kikanCd=2250014520&kikanKbn=2", "url2": "https://shinoharaekimae.com/", "内容": "医療法人あなうさぎ　東近江しのはら駅前クリニック【2:診療所】【診療科目:精神科_心療内科_老年精神科】滋賀県近江八幡市安養寺町８７１－１" }, "geometry": { "type": "Point", "coordinates": [ 136.071666, 35.099069 ] } },
{ "type": "Feature", "properties": { "ID": 2522250014530, "正式名称": "医療法人心寿海　岩波整形外科医院", "機関区分": 2, "都道府県コード": 25, "市区町村コード": 201, "所在地": "滋賀県大津市浜大津３丁目２－３４", "緯度": 35.012845, "経度": 135.860342, "url": "https://www.iryou.teikyouseido.mhlw.go.jp/znk-web/juminkanja/S2430/initialize?prefCd=25&kikanCd=2250014530&kikanKbn=2", "url2": "https://shiga-doctor.net/web/iwanami/", "内容": "医療法人心寿海　岩波整形外科医院【2:診療所】【診療科目:整形外科】滋賀県大津市浜大津３丁目２－３４" }, "geometry": { "type": "Point", "coordinates": [ 135.860342, 35.012845 ] } },
{ "type": "Feature", "properties": { "ID": 2522250014540, "正式名称": "いしはらファミリークリニック", "機関区分": 2, "都道府県コード": 25, "市区町村コード": 201, "所在地": "滋賀県大津市見世一丁目２１番４０号", "緯度": 35.039716, "経度": 135.861264, "url": "https://www.iryou.teikyouseido.mhlw.go.jp/znk-web/juminkanja/S2430/initialize?prefCd=25&kikanCd=2250014540&kikanKbn=2", "url2": "https://ishihara-family.clinic/", "内容": "いしはらファミリークリニック【2:診療所】【診療科目:内科_腎臓内科_人工透析内科】滋賀県大津市見世一丁目２１番４０号" }, "geometry": { "type": "Point", "coordinates": [ 135.861264, 35.039716 ] } },
{ "type": "Feature", "properties": { "ID": 2522250014550, "正式名称": "にしだ内科・消化器科クリニック", "機関区分": 2, "都道府県コード": 25, "市区町村コード": 201, "所在地": "滋賀県大津市馬場２丁目１２－６１　ＺＥＺＥ・ヒルズ２Ｆ", "緯度": 34.99902, "経度": 135.879675, "url": "https://www.iryou.teikyouseido.mhlw.go.jp/znk-web/juminkanja/S2430/initialize?prefCd=25&kikanCd=2250014550&kikanKbn=2", "url2": "https://nishida-gastro.com/", "内容": "にしだ内科・消化器科クリニック【2:診療所】【診療科目:内科_消化器内科_内視鏡内科】滋賀県大津市馬場２丁目１２－６１　ＺＥＺＥ・ヒルズ２Ｆ" }, "geometry": { "type": "Point", "coordinates": [ 135.879675, 34.99902 ] } },
{ "type": "Feature", "properties": { "ID": 2522250014560, "正式名称": "赤松在宅診療クリニック", "機関区分": 2, "都道府県コード": 25, "市区町村コード": 204, "所在地": "滋賀県近江八幡市鷹飼町５４７－２　きよし堂ビル２Ｆ", "緯度": 35.12465, "経度": 136.099447, "url": "https://www.iryou.teikyouseido.mhlw.go.jp/znk-web/juminkanja/S2430/initialize?prefCd=25&kikanCd=2250014560&kikanKbn=2", "url2": "https://www.akmt-life.jp/", "内容": "赤松在宅診療クリニック【2:診療所】【診療科目:内科_血液内科_漢方内科】滋賀県近江八幡市鷹飼町５４７－２　きよし堂ビル２Ｆ" }, "geometry": { "type": "Point", "coordinates": [ 136.099447, 35.12465 ] } },
{ "type": "Feature", "properties": { "ID": 2522250014570, "正式名称": "医療法人碧河会　草津かわはらクリニック", "機関区分": 2, "都道府県コード": 25, "市区町村コード": 206, "所在地": "滋賀県草津市草津町１８９９", "緯度": 35.0172, "経度": 135.9495, "url": "https://www.iryou.teikyouseido.mhlw.go.jp/znk-web/juminkanja/S2430/initialize?prefCd=25&kikanCd=2250014570&kikanKbn=2", "url2": "https://kk-gmclinic.com/", "内容": "医療法人碧河会　草津かわはらクリニック【2:診療所】【診療科目:内科_血液内科_糖尿病内科_糖尿病・内分泌内科_呼吸器内科_循環器内科_消化器内科_アレルギー疾患内科_アレルギー科】滋賀県草津市草津町１８９９" }, "geometry": { "type": "Point", "coordinates": [ 135.9495, 35.0172 ] } },
{ "type": "Feature", "properties": { "ID": 2522250014580, "正式名称": "ばんば内科・消化器内科", "機関区分": 2, "都道府県コード": 25, "市区町村コード": 203, "所在地": "滋賀県長浜市高田町１１－３３", "緯度": 35.381414, "経度": 136.277001, "url": "https://www.iryou.teikyouseido.mhlw.go.jp/znk-web/juminkanja/S2430/initialize?prefCd=25&kikanCd=2250014580&kikanKbn=2", "url2": "https://www.bamba-clinic.com/", "内容": "ばんば内科・消化器内科【2:診療所】【診療科目:内科_消化器内科_肝臓内科_内視鏡内科】滋賀県長浜市高田町１１－３３" }, "geometry": { "type": "Point", "coordinates": [ 136.277001, 35.381414 ] } },
{ "type": "Feature", "properties": { "ID": 2522250014590, "正式名称": "医療法人かのん　はやし脳神経外科クリニック", "機関区分": 2, "都道府県コード": 25, "市区町村コード": 206, "所在地": "滋賀県草津市矢橋町１０２－８", "緯度": 35.009044, "経度": 135.934279, "url": "https://www.iryou.teikyouseido.mhlw.go.jp/znk-web/juminkanja/S2430/initialize?prefCd=25&kikanCd=2250014590&kikanKbn=2", "url2": "https://hayashi-neuro-clinic.com/", "内容": "医療法人かのん　はやし脳神経外科クリニック【2:診療所】【診療科目:脳神経外科】滋賀県草津市矢橋町１０２－８" }, "geometry": { "type": "Point", "coordinates": [ 135.934279, 35.009044 ] } },
{ "type": "Feature", "properties": { "ID": 2522250014600, "正式名称": "草津栗東みらい内科クリニック", "機関区分": 2, "都道府県コード": 25, "市区町村コード": 208, "所在地": "滋賀県栗東市小柿７丁目９－１１　滋賀中央ビル２階", "緯度": 35.019858, "経度": 135.969988, "url": "https://www.iryou.teikyouseido.mhlw.go.jp/znk-web/juminkanja/S2430/initialize?prefCd=25&kikanCd=2250014600&kikanKbn=2", "url2": "https://mirai-cl.com", "内容": "草津栗東みらい内科クリニック【2:診療所】【診療科目:内科_呼吸器内科】滋賀県栗東市小柿７丁目９－１１　滋賀中央ビル２階" }, "geometry": { "type": "Point", "coordinates": [ 135.969988, 35.019858 ] } },
{ "type": "Feature", "properties": { "ID": 2522250014620, "正式名称": "平田レディースクリニック", "機関区分": 2, "都道府県コード": 25, "市区町村コード": 210, "所在地": "滋賀県野洲市三上１９３７－１４", "緯度": 35.05939, "経度": 136.016567, "url": "https://www.iryou.teikyouseido.mhlw.go.jp/znk-web/juminkanja/S2430/initialize?prefCd=25&kikanCd=2250014620&kikanKbn=2", "url2": "https://www.hirata-ladies-clinic.jp/", "内容": "平田レディースクリニック【2:診療所】【診療科目:産婦人科_婦人科】滋賀県野洲市三上１９３７－１４" }, "geometry": { "type": "Point", "coordinates": [ 136.016567, 35.05939 ] } },
{ "type": "Feature", "properties": { "ID": 2522250014630, "正式名称": "整形外科にしがわらクリニック", "機関区分": 2, "都道府県コード": 25, "市区町村コード": 210, "所在地": "滋賀県野洲市西河原２３６３番地", "緯度": 35.101628, "経度": 136.011004, "url": "https://www.iryou.teikyouseido.mhlw.go.jp/znk-web/juminkanja/S2430/initialize?prefCd=25&kikanCd=2250014630&kikanKbn=2", "url2": "https://askmedclinic.com/", "内容": "整形外科にしがわらクリニック【2:診療所】【診療科目:脳神経外科_整形外科_リハビリテーション科】滋賀県野洲市西河原２３６３番地" }, "geometry": { "type": "Point", "coordinates": [ 136.011004, 35.101628 ] } },
{ "type": "Feature", "properties": { "ID": 2522250014650, "正式名称": "ＡＧＡスキンクリニック　滋賀草津院", "機関区分": 2, "都道府県コード": 25, "市区町村コード": 206, "所在地": "滋賀県草津市大路一丁目１２番１星空館３Ｆ", "緯度": 35.021795, "経度": 135.964049, "url": "https://www.iryou.teikyouseido.mhlw.go.jp/znk-web/juminkanja/S2430/initialize?prefCd=25&kikanCd=2250014650&kikanKbn=2", "url2": "https://www.agaskin.net/clinic/gk/", "内容": "ＡＧＡスキンクリニック　滋賀草津院【2:診療所】【診療科目:美容皮膚科_頭部皮膚科】滋賀県草津市大路一丁目１２番１星空館３Ｆ" }, "geometry": { "type": "Point", "coordinates": [ 135.964049, 35.021795 ] } },
{ "type": "Feature", "properties": { "ID": 2522250014660, "正式名称": "みどりの森こどもクリニック", "機関区分": 2, "都道府県コード": 25, "市区町村コード": 201, "所在地": "滋賀県大津市大江七丁目６番６号", "緯度": 34.975245, "経度": 135.928647, "url": "https://www.iryou.teikyouseido.mhlw.go.jp/znk-web/juminkanja/S2430/initialize?prefCd=25&kikanCd=2250014660&kikanKbn=2", "url2": "https://midorinomori-kids.jp/", "内容": "みどりの森こどもクリニック【2:診療所】【診療科目:小児科】滋賀県大津市大江七丁目６番６号" }, "geometry": { "type": "Point", "coordinates": [ 135.928647, 34.975245 ] } },
{ "type": "Feature", "properties": { "ID": 2522250014670, "正式名称": "草津眼科クリニック", "機関区分": 2, "都道府県コード": 25, "市区町村コード": 208, "所在地": "滋賀県栗東市小柿７－９－１１", "緯度": 35.019879, "経度": 135.969757, "url": "https://www.iryou.teikyouseido.mhlw.go.jp/znk-web/juminkanja/S2430/initialize?prefCd=25&kikanCd=2250014670&kikanKbn=2", "url2": null, "内容": "草津眼科クリニック【2:診療所】【診療科目:眼科】滋賀県栗東市小柿７－９－１１" }, "geometry": { "type": "Point", "coordinates": [ 135.969757, 35.019879 ] } },
{ "type": "Feature", "properties": { "ID": 2522250014680, "正式名称": "清水耳鼻咽喉科", "機関区分": 2, "都道府県コード": 25, "市区町村コード": 201, "所在地": "滋賀県大津市大江三丁目２４−１５", "緯度": 34.976942, "経度": 135.914723, "url": "https://www.iryou.teikyouseido.mhlw.go.jp/znk-web/juminkanja/S2430/initialize?prefCd=25&kikanCd=2250014680&kikanKbn=2", "url2": "https://www.shimizu-ent-clinic.com/", "内容": "清水耳鼻咽喉科【2:診療所】【診療科目:耳鼻いんこう科_アレルギー科】滋賀県大津市大江三丁目２４−１５" }, "geometry": { "type": "Point", "coordinates": [ 135.914723, 34.976942 ] } },
{ "type": "Feature", "properties": { "ID": 2522250014690, "正式名称": "おおにし耳鼻咽喉科", "機関区分": 2, "都道府県コード": 25, "市区町村コード": 206, "所在地": "滋賀県草津市矢橋町１０２番地８　２階", "緯度": 35.009101, "経度": 135.934048, "url": "https://www.iryou.teikyouseido.mhlw.go.jp/znk-web/juminkanja/S2430/initialize?prefCd=25&kikanCd=2250014690&kikanKbn=2", "url2": "www.onishi-jibi.com", "内容": "おおにし耳鼻咽喉科【2:診療所】【診療科目:耳鼻いんこう科_アレルギー科】滋賀県草津市矢橋町１０２番地８　２階" }, "geometry": { "type": "Point", "coordinates": [ 135.934048, 35.009101 ] } },
{ "type": "Feature", "properties": { "ID": 2522250014700, "正式名称": "おかもと内科・糖尿病クリニック", "機関区分": 2, "都道府県コード": 25, "市区町村コード": 206, "所在地": "滋賀県草津市川原二丁目１６−３９", "緯度": 35.033514, "経度": 135.95227, "url": "https://www.iryou.teikyouseido.mhlw.go.jp/znk-web/juminkanja/S2430/initialize?prefCd=25&kikanCd=2250014700&kikanKbn=2", "url2": "https://www.okamoto-diabetes-cl.com/", "内容": "おかもと内科・糖尿病クリニック【2:診療所】【診療科目:内科_糖尿病内科】滋賀県草津市川原二丁目１６−３９" }, "geometry": { "type": "Point", "coordinates": [ 135.95227, 35.033514 ] } },
{ "type": "Feature", "properties": { "ID": 2522250014710, "正式名称": "おくのこどもクリニック", "機関区分": 2, "都道府県コード": 25, "市区町村コード": 213, "所在地": "滋賀県東近江市沖野四丁目２番３８−１号", "緯度": 35.100007, "経度": 136.209023, "url": "https://www.iryou.teikyouseido.mhlw.go.jp/znk-web/juminkanja/S2430/initialize?prefCd=25&kikanCd=2250014710&kikanKbn=2", "url2": "https://okuno-kodomo.com/", "内容": "おくのこどもクリニック【2:診療所】【診療科目:小児科】滋賀県東近江市沖野四丁目２番３８−１号" }, "geometry": { "type": "Point", "coordinates": [ 136.209023, 35.100007 ] } },
{ "type": "Feature", "properties": { "ID": 2522250014730, "正式名称": "みやざわ内科クリニック", "機関区分": 2, "都道府県コード": 25, "市区町村コード": 202, "所在地": "滋賀県彦根市大東町４５８番", "緯度": 35.270164, "経度": 136.261203, "url": "https://www.iryou.teikyouseido.mhlw.go.jp/znk-web/juminkanja/S2430/initialize?prefCd=25&kikanCd=2250014730&kikanKbn=2", "url2": "https://www.miyazawa-naika-clinic.com", "内容": "みやざわ内科クリニック【2:診療所】【診療科目:内科_循環器内科】滋賀県彦根市大東町４５８番" }, "geometry": { "type": "Point", "coordinates": [ 136.261203, 35.270164 ] } },
{ "type": "Feature", "properties": { "ID": 2522250014740, "正式名称": "さとう内科クリニック", "機関区分": 2, "都道府県コード": 25, "市区町村コード": 207, "所在地": "滋賀県守山市今宿四丁目５番１７号", "緯度": 35.052238, "経度": 135.98415, "url": "https://www.iryou.teikyouseido.mhlw.go.jp/znk-web/juminkanja/S2430/initialize?prefCd=25&kikanCd=2250014740&kikanKbn=2", "url2": "https://satonaika-clinic.com/", "内容": "さとう内科クリニック【2:診療所】【診療科目:内科_糖尿病内科_内分泌内科】滋賀県守山市今宿四丁目５番１７号" }, "geometry": { "type": "Point", "coordinates": [ 135.98415, 35.052238 ] } },
{ "type": "Feature", "properties": { "ID": 2522250014750, "正式名称": "滋賀大津そけいヘルニア外科クリニック", "機関区分": 2, "都道府県コード": 25, "市区町村コード": 201, "所在地": "滋賀県大津市馬場２丁目１２－６１ＺＥＺＥ・ヒルズ４Ｆ", "緯度": 34.999106, "経度": 135.881853, "url": "https://www.iryou.teikyouseido.mhlw.go.jp/znk-web/juminkanja/S2430/initialize?prefCd=25&kikanCd=2250014750&kikanKbn=2", "url2": "https://shiga-sokei.net/", "内容": "滋賀大津そけいヘルニア外科クリニック【2:診療所】【診療科目:外科_消化器外科】滋賀県大津市馬場２丁目１２－６１ＺＥＺＥ・ヒルズ４Ｆ" }, "geometry": { "type": "Point", "coordinates": [ 135.881853, 34.999106 ] } },
{ "type": "Feature", "properties": { "ID": 2522250014760, "正式名称": "かとう皮フ科クリニック", "機関区分": 2, "都道府県コード": 25, "市区町村コード": 208, "所在地": "滋賀県栗東市安養寺１丁目５番１４号", "緯度": 35.02221, "経度": 136.000304, "url": "https://www.iryou.teikyouseido.mhlw.go.jp/znk-web/juminkanja/S2430/initialize?prefCd=25&kikanCd=2250014760&kikanKbn=2", "url2": "https://ritto-kato-hifuka.com/", "内容": "かとう皮フ科クリニック【2:診療所】【診療科目:皮膚科_美容皮膚科_アレルギー科】滋賀県栗東市安養寺１丁目５番１４号" }, "geometry": { "type": "Point", "coordinates": [ 136.000304, 35.02221 ] } },
{ "type": "Feature", "properties": { "ID": 2522250014770, "正式名称": "となり眼科", "機関区分": 2, "都道府県コード": 25, "市区町村コード": 208, "所在地": "滋賀県栗東市安養寺一丁目９番８号", "緯度": 35.02197, "経度": 135.999407, "url": "https://www.iryou.teikyouseido.mhlw.go.jp/znk-web/juminkanja/S2430/initialize?prefCd=25&kikanCd=2250014770&kikanKbn=2", "url2": "https://tonari-eye.com", "内容": "となり眼科【2:診療所】【診療科目:眼科】滋賀県栗東市安養寺一丁目９番８号" }, "geometry": { "type": "Point", "coordinates": [ 135.999407, 35.02197 ] } },
{ "type": "Feature", "properties": { "ID": 2522250014780, "正式名称": "とみた腎泌尿器科クリニック", "機関区分": 2, "都道府県コード": 25, "市区町村コード": 206, "所在地": "滋賀県草津市南草津二丁目１ー３０", "緯度": 35.005191, "経度": 135.943212, "url": "https://www.iryou.teikyouseido.mhlw.go.jp/znk-web/juminkanja/S2430/initialize?prefCd=25&kikanCd=2250014780&kikanKbn=2", "url2": "https://tomita-urology-clinic.com", "内容": "とみた腎泌尿器科クリニック【2:診療所】【診療科目:内科_泌尿器科】滋賀県草津市南草津二丁目１ー３０" }, "geometry": { "type": "Point", "coordinates": [ 135.943212, 35.005191 ] } },
{ "type": "Feature", "properties": { "ID": 2522250014790, "正式名称": "南草津皮フ科", "機関区分": 2, "都道府県コード": 25, "市区町村コード": 206, "所在地": "滋賀県草津市野路町６５２－３", "緯度": 35.006525, "経度": 135.942516, "url": "https://www.iryou.teikyouseido.mhlw.go.jp/znk-web/juminkanja/S2430/initialize?prefCd=25&kikanCd=2250014790&kikanKbn=2", "url2": "https://www.mkhifuka11.com/", "内容": "南草津皮フ科【2:診療所】【診療科目:皮膚科_美容皮膚科】滋賀県草津市野路町６５２－３" }, "geometry": { "type": "Point", "coordinates": [ 135.942516, 35.006525 ] } },
{ "type": "Feature", "properties": { "ID": 2522250014800, "正式名称": "おうみ在宅クリニック", "機関区分": 2, "都道府県コード": 25, "市区町村コード": 207, "所在地": "滋賀県守山市二町町１９５－４", "緯度": 35.045018, "経度": 135.979629, "url": "https://www.iryou.teikyouseido.mhlw.go.jp/znk-web/juminkanja/S2430/initialize?prefCd=25&kikanCd=2250014800&kikanKbn=2", "url2": "https://omi-home-clinic.jp/", "内容": "おうみ在宅クリニック【2:診療所】【診療科目:内科_外科】滋賀県守山市二町町１９５－４" }, "geometry": { "type": "Point", "coordinates": [ 135.979629, 35.045018 ] } },
{ "type": "Feature", "properties": { "ID": 2522250014840, "正式名称": "石山医院", "機関区分": 2, "都道府県コード": 25, "市区町村コード": 201, "所在地": "滋賀県大津市粟津町１７－３６", "緯度": 34.977648, "経度": 135.90136, "url": "https://www.iryou.teikyouseido.mhlw.go.jp/znk-web/juminkanja/S2430/initialize?prefCd=25&kikanCd=2250014840&kikanKbn=2", "url2": "https://www.isiyamacl.com", "内容": "石山医院【2:診療所】【診療科目:内科_循環器内科_皮膚科】滋賀県大津市粟津町１７－３６" }, "geometry": { "type": "Point", "coordinates": [ 135.90136, 34.977648 ] } },
{ "type": "Feature", "properties": { "ID": 2522250014850, "正式名称": "どらごんクリニック", "機関区分": 2, "都道府県コード": 25, "市区町村コード": 384, "所在地": "滋賀県蒲生郡竜王町須恵８１４－９３", "緯度": 35.08074, "経度": 136.10934, "url": "https://www.iryou.teikyouseido.mhlw.go.jp/znk-web/juminkanja/S2430/initialize?prefCd=25&kikanCd=2250014850&kikanKbn=2", "url2": null, "内容": "どらごんクリニック【2:診療所】【診療科目:内科_小児科】滋賀県蒲生郡竜王町須恵８１４－９３" }, "geometry": { "type": "Point", "coordinates": [ 136.10934, 35.08074 ] } },
{ "type": "Feature", "properties": { "ID": 2522250014870, "正式名称": "ぜぜこころのクリニック", "機関区分": 2, "都道府県コード": 25, "市区町村コード": 201, "所在地": "滋賀県大津市馬場２－９－１　ＩＢ　ＯＴＳＵ　２階", "緯度": 34.999933, "経度": 135.881464, "url": "https://www.iryou.teikyouseido.mhlw.go.jp/znk-web/juminkanja/S2430/initialize?prefCd=25&kikanCd=2250014870&kikanKbn=2", "url2": "https://zezecocoro.com/", "内容": "ぜぜこころのクリニック【2:診療所】【診療科目:精神科_心療内科】滋賀県大津市馬場２－９－１　ＩＢ　ＯＴＳＵ　２階" }, "geometry": { "type": "Point", "coordinates": [ 135.881464, 34.999933 ] } },
{ "type": "Feature", "properties": { "ID": 2522250014880, "正式名称": "うえの内科・消化器内視鏡クリニック", "機関区分": 2, "都道府県コード": 25, "市区町村コード": 212, "所在地": "滋賀県高島市新旭町熊野本一丁目１番１", "緯度": 35.354557, "経度": 136.032198, "url": "https://www.iryou.teikyouseido.mhlw.go.jp/znk-web/juminkanja/S2430/initialize?prefCd=25&kikanCd=2250014880&kikanKbn=2", "url2": "https://ueno-naika-gie-clinic.com/", "内容": "うえの内科・消化器内視鏡クリニック【2:診療所】【診療科目:内科_消化器内科_内視鏡内科】滋賀県高島市新旭町熊野本一丁目１番１" }, "geometry": { "type": "Point", "coordinates": [ 136.032198, 35.354557 ] } },
{ "type": "Feature", "properties": { "ID": 2522250014890, "正式名称": "ＴＣＢ　東京中央美容外科・ＴＣＢ　スキンクリニック　草津院", "機関区分": 2, "都道府県コード": 25, "市区町村コード": 206, "所在地": "滋賀県草津市大路１丁目１－１Ｌｔｙ９３２　３階", "緯度": 35.021286, "経度": 135.96149, "url": "https://www.iryou.teikyouseido.mhlw.go.jp/znk-web/juminkanja/S2430/initialize?prefCd=25&kikanCd=2250014890&kikanKbn=2", "url2": "https://aoki-tsuyoshi.com/", "内容": "ＴＣＢ　東京中央美容外科・ＴＣＢ　スキンクリニック　草津院【2:診療所】【診療科目:形成外科_美容外科_皮膚科_美容皮膚科】滋賀県草津市大路１丁目１－１Ｌｔｙ９３２　３階" }, "geometry": { "type": "Point", "coordinates": [ 135.96149, 35.021286 ] } },
{ "type": "Feature", "properties": { "ID": 2522250014900, "正式名称": "医療法人社団日翔会なぎさクリニック", "機関区分": 2, "都道府県コード": 25, "市区町村コード": 207, "所在地": "滋賀県守山市今宿２丁目１３－２４", "緯度": 35.053538, "経度": 135.988026, "url": "https://www.iryou.teikyouseido.mhlw.go.jp/znk-web/juminkanja/S2430/initialize?prefCd=25&kikanCd=2250014900&kikanKbn=2", "url2": "https://www.nagisa.clinic/", "内容": "医療法人社団日翔会なぎさクリニック【2:診療所】【診療科目:内科_循環器内科】滋賀県守山市今宿２丁目１３－２４" }, "geometry": { "type": "Point", "coordinates": [ 135.988026, 35.053538 ] } },
{ "type": "Feature", "properties": { "ID": 2522250014910, "正式名称": "ながはま在宅クリニック", "機関区分": 2, "都道府県コード": 25, "市区町村コード": 203, "所在地": "滋賀県長浜市八幡東町２６６－１", "緯度": 35.383567, "経度": 136.281234, "url": "https://www.iryou.teikyouseido.mhlw.go.jp/znk-web/juminkanja/S2430/initialize?prefCd=25&kikanCd=2250014910&kikanKbn=2", "url2": "https://nagahama-hcs-clinic.com/", "内容": "ながはま在宅クリニック【2:診療所】【診療科目:内科】滋賀県長浜市八幡東町２６６－１" }, "geometry": { "type": "Point", "coordinates": [ 136.281234, 35.383567 ] } },
{ "type": "Feature", "properties": { "ID": 2522250014920, "正式名称": "ピースホームケアクリニック", "機関区分": 2, "都道府県コード": 25, "市区町村コード": 201, "所在地": "滋賀県大津市神領三丁目１１番７号", "緯度": 34.970184, "経度": 135.915922, "url": "https://www.iryou.teikyouseido.mhlw.go.jp/znk-web/juminkanja/S2430/initialize?prefCd=25&kikanCd=2250014920&kikanKbn=2", "url2": "https://peace-clinic.jp/", "内容": "ピースホームケアクリニック【2:診療所】【診療科目:内科_腫瘍内科_緩和ケア内科】滋賀県大津市神領三丁目１１番７号" }, "geometry": { "type": "Point", "coordinates": [ 135.915922, 34.970184 ] } },
{ "type": "Feature", "properties": { "ID": 2522250014930, "正式名称": "ジェイズクリニックイースト", "機関区分": 2, "都道府県コード": 25, "市区町村コード": 214, "所在地": "滋賀県米原市梅ケ原１４１２", "緯度": 35.308461, "経度": 136.290714, "url": "https://www.iryou.teikyouseido.mhlw.go.jp/znk-web/juminkanja/S2430/initialize?prefCd=25&kikanCd=2250014930&kikanKbn=2", "url2": null, "内容": "ジェイズクリニックイースト【2:診療所】【診療科目:内科_産婦人科_皮膚科_美容皮膚科】滋賀県米原市梅ケ原１４１２" }, "geometry": { "type": "Point", "coordinates": [ 136.290714, 35.308461 ] } },
{ "type": "Feature", "properties": { "ID": 2522250014970, "正式名称": "なかじま小児科アレルギークリニック", "機関区分": 2, "都道府県コード": 25, "市区町村コード": 207, "所在地": "滋賀県守山市勝部５丁目６番３４号", "緯度": 35.045073, "経度": 135.99463, "url": "https://www.iryou.teikyouseido.mhlw.go.jp/znk-web/juminkanja/S2430/initialize?prefCd=25&kikanCd=2250014970&kikanKbn=2", "url2": "https://nakajima-allergy.com/", "内容": "なかじま小児科アレルギークリニック【2:診療所】【診療科目:小児科_アレルギー科】滋賀県守山市勝部５丁目６番３４号" }, "geometry": { "type": "Point", "coordinates": [ 135.99463, 35.045073 ] } },
{ "type": "Feature", "properties": { "ID": 2522250014990, "正式名称": "みやはら整形外科", "機関区分": 2, "都道府県コード": 25, "市区町村コード": 206, "所在地": "滋賀県草津市追分南２丁目１２番地２", "緯度": 34.99853, "経度": 135.960759, "url": "https://www.iryou.teikyouseido.mhlw.go.jp/znk-web/juminkanja/S2430/initialize?prefCd=25&kikanCd=2250014990&kikanKbn=2", "url2": "https://www.miyahara-seikeigeka.com/", "内容": "みやはら整形外科【2:診療所】【診療科目:整形外科_リウマチ科_リハビリテーション科】滋賀県草津市追分南２丁目１２番地２" }, "geometry": { "type": "Point", "coordinates": [ 135.960759, 34.99853 ] } },
{ "type": "Feature", "properties": { "ID": 2522250015020, "正式名称": "ＪＩＮ　ＣＬＩＮＩＣ", "機関区分": 2, "都道府県コード": 25, "市区町村コード": 206, "所在地": "滋賀県草津市新浜町３００イオンモール草津１Ｆ", "緯度": 34.998004, "経度": 135.912345, "url": "https://www.iryou.teikyouseido.mhlw.go.jp/znk-web/juminkanja/S2430/initialize?prefCd=25&kikanCd=2250015020&kikanKbn=2", "url2": null, "内容": "ＪＩＮ　ＣＬＩＮＩＣ【2:診療所】【診療科目:美容外科_美容皮膚科】滋賀県草津市新浜町３００イオンモール草津１Ｆ" }, "geometry": { "type": "Point", "coordinates": [ 135.912345, 34.998004 ] } },
{ "type": "Feature", "properties": { "ID": 2522250015030, "正式名称": "さかい内科クリニック", "機関区分": 2, "都道府県コード": 25, "市区町村コード": 201, "所在地": "滋賀県大津市本堅田６－８－３６", "緯度": 35.120153, "経度": 135.913525, "url": "https://www.iryou.teikyouseido.mhlw.go.jp/znk-web/juminkanja/S2430/initialize?prefCd=25&kikanCd=2250015030&kikanKbn=2", "url2": "https://sakainaika-cl.com/", "内容": "さかい内科クリニック【2:診療所】【診療科目:内科_消化器内科_肝臓内科_内視鏡内科】滋賀県大津市本堅田６－８－３６" }, "geometry": { "type": "Point", "coordinates": [ 135.913525, 35.120153 ] } },
{ "type": "Feature", "properties": { "ID": 2522250015060, "正式名称": "医療法人　あずＢαｂｙ＆Ｋｉｄｓクリニック", "機関区分": 2, "都道府県コード": 25, "市区町村コード": 208, "所在地": "滋賀県栗東市霊仙寺３丁目２−３０", "緯度": 35.038915, "経度": 135.968961, "url": "https://www.iryou.teikyouseido.mhlw.go.jp/znk-web/juminkanja/S2430/initialize?prefCd=25&kikanCd=2250015060&kikanKbn=2", "url2": "https://azu-babykids.com/", "内容": "医療法人　あずＢαｂｙ＆Ｋｉｄｓクリニック【2:診療所】【診療科目:小児科_アレルギー科】滋賀県栗東市霊仙寺３丁目２−３０" }, "geometry": { "type": "Point", "coordinates": [ 135.968961, 35.038915 ] } },
{ "type": "Feature", "properties": { "ID": 2522250015090, "正式名称": "いわさ眼科", "機関区分": 2, "都道府県コード": 25, "市区町村コード": 206, "所在地": "滋賀県草津市西渋川１－３－１８", "緯度": 35.025528, "経度": 135.962591, "url": "https://www.iryou.teikyouseido.mhlw.go.jp/znk-web/juminkanja/S2430/initialize?prefCd=25&kikanCd=2250015090&kikanKbn=2", "url2": "iwasa-eye.com", "内容": "いわさ眼科【2:診療所】【診療科目:眼科】滋賀県草津市西渋川１－３－１８" }, "geometry": { "type": "Point", "coordinates": [ 135.962591, 35.025528 ] } },
{ "type": "Feature", "properties": { "ID": 2522250015100, "正式名称": "大津京ファミリー整形外科", "機関区分": 2, "都道府県コード": 25, "市区町村コード": 201, "所在地": "滋賀県大津市松山町１ー２４", "緯度": 35.025476, "経度": 135.862452, "url": "https://www.iryou.teikyouseido.mhlw.go.jp/znk-web/juminkanja/S2430/initialize?prefCd=25&kikanCd=2250015100&kikanKbn=2", "url2": "https://otsukyo-family.com", "内容": "大津京ファミリー整形外科【2:診療所】【診療科目:整形外科_リウマチ科_リハビリテーション科】滋賀県大津市松山町１ー２４" }, "geometry": { "type": "Point", "coordinates": [ 135.862452, 35.025476 ] } },
{ "type": "Feature", "properties": { "ID": 2522250015110, "正式名称": "たまたにこどもクリニックぜぜ", "機関区分": 2, "都道府県コード": 25, "市区町村コード": 201, "所在地": "滋賀県大津市相模町４−３", "緯度": 34.996439, "経度": 135.886205, "url": "https://www.iryou.teikyouseido.mhlw.go.jp/znk-web/juminkanja/S2430/initialize?prefCd=25&kikanCd=2250015110&kikanKbn=2", "url2": "https://tamatani-kids-zeze.com/", "内容": "たまたにこどもクリニックぜぜ【2:診療所】【診療科目:小児科_アレルギー科】滋賀県大津市相模町４−３" }, "geometry": { "type": "Point", "coordinates": [ 135.886205, 34.996439 ] } },
{ "type": "Feature", "properties": { "ID": 2522250015120, "正式名称": "さわだ眼科", "機関区分": 2, "都道府県コード": 25, "市区町村コード": 203, "所在地": "滋賀県長浜市宮前町１０－７", "緯度": 35.381619, "経度": 136.272226, "url": "https://www.iryou.teikyouseido.mhlw.go.jp/znk-web/juminkanja/S2430/initialize?prefCd=25&kikanCd=2250015120&kikanKbn=2", "url2": "https://sawada-ganka.com", "内容": "さわだ眼科【2:診療所】【診療科目:眼科】滋賀県長浜市宮前町１０－７" }, "geometry": { "type": "Point", "coordinates": [ 136.272226, 35.381619 ] } },
{ "type": "Feature", "properties": { "ID": 2522250015130, "正式名称": "ますだホームクリニック", "機関区分": 2, "都道府県コード": 25, "市区町村コード": 204, "所在地": "滋賀県近江八幡市出町８０２－１", "緯度": 35.128729, "経度": 136.100923, "url": "https://www.iryou.teikyouseido.mhlw.go.jp/znk-web/juminkanja/S2430/initialize?prefCd=25&kikanCd=2250015130&kikanKbn=2", "url2": null, "内容": "ますだホームクリニック【2:診療所】【診療科目:内科_循環器内科_心療内科】滋賀県近江八幡市出町８０２－１" }, "geometry": { "type": "Point", "coordinates": [ 136.100923, 35.128729 ] } },
{ "type": "Feature", "properties": { "ID": 2522250015150, "正式名称": "まごころファミリークリニック", "機関区分": 2, "都道府県コード": 25, "市区町村コード": 206, "所在地": "滋賀県草津市西渋川１丁目２１番１４号", "緯度": 35.02741, "経度": 135.958717, "url": "https://www.iryou.teikyouseido.mhlw.go.jp/znk-web/juminkanja/S2430/initialize?prefCd=25&kikanCd=2250015150&kikanKbn=2", "url2": "https://shiga-magokoro.com", "内容": "まごころファミリークリニック【2:診療所】【診療科目:内科_小児科】滋賀県草津市西渋川１丁目２１番１４号" }, "geometry": { "type": "Point", "coordinates": [ 135.958717, 35.02741 ] } },
{ "type": "Feature", "properties": { "ID": 2522250015160, "正式名称": "もりた内科クリニック", "機関区分": 2, "都道府県コード": 25, "市区町村コード": 208, "所在地": "滋賀県栗東市北中小路３４４−１", "緯度": 35.04125, "経度": 135.97606, "url": "https://www.iryou.teikyouseido.mhlw.go.jp/znk-web/juminkanja/S2430/initialize?prefCd=25&kikanCd=2250015160&kikanKbn=2", "url2": "https://morita-naikaclinic.com/", "内容": "もりた内科クリニック【2:診療所】【診療科目:内科_消化器内科_肝臓内科_内視鏡内科_乳腺外科】滋賀県栗東市北中小路３４４−１" }, "geometry": { "type": "Point", "coordinates": [ 135.97606, 35.04125 ] } },
{ "type": "Feature", "properties": { "ID": 2522250015200, "正式名称": "みやもとこども診療所", "機関区分": 2, "都道府県コード": 25, "市区町村コード": 212, "所在地": "滋賀県高島市安曇川町末広１丁目１４ＨＯＴ　ＳＨＯＰ内", "緯度": 35.329167, "経度": 136.021463, "url": "https://www.iryou.teikyouseido.mhlw.go.jp/znk-web/juminkanja/S2430/initialize?prefCd=25&kikanCd=2250015200&kikanKbn=2", "url2": "http://www.medic-grp.co.jp/doctor/miyamoto-kodomo/index.html", "内容": "みやもとこども診療所【2:診療所】【診療科目:小児科_小児耳鼻いんこう科_小児皮膚科_新生児内科】滋賀県高島市安曇川町末広１丁目１４ＨＯＴ　ＳＨＯＰ内" }, "geometry": { "type": "Point", "coordinates": [ 136.021463, 35.329167 ] } },
{ "type": "Feature", "properties": { "ID": 2522250015210, "正式名称": "北びわこ耳鼻咽喉科クリニック", "機関区分": 2, "都道府県コード": 25, "市区町村コード": 203, "所在地": "滋賀県長浜市八幡中山町３０５−６−１０１", "緯度": 35.392753, "経度": 136.279456, "url": "https://www.iryou.teikyouseido.mhlw.go.jp/znk-web/juminkanja/S2430/initialize?prefCd=25&kikanCd=2250015210&kikanKbn=2", "url2": "https://www.kitabiwako-ent.com", "内容": "北びわこ耳鼻咽喉科クリニック【2:診療所】【診療科目:耳鼻いんこう科_アレルギー科】滋賀県長浜市八幡中山町３０５−６−１０１" }, "geometry": { "type": "Point", "coordinates": [ 136.279456, 35.392753 ] } },
{ "type": "Feature", "properties": { "ID": 2522250015230, "正式名称": "近江八幡市立武佐診療所", "機関区分": 2, "都道府県コード": 25, "市区町村コード": 204, "所在地": "滋賀県近江八幡市友定町３０５番地　０次予防センター　２階", "緯度": 35.1183789, "経度": 136.1336474, "url": "https://www.iryou.teikyouseido.mhlw.go.jp/znk-web/juminkanja/S2430/initialize?prefCd=25&kikanCd=2250015230&kikanKbn=2", "url2": null, "内容": "近江八幡市立武佐診療所【2:診療所】【診療科目:内科】滋賀県近江八幡市友定町３０５番地　０次予防センター　２階" }, "geometry": { "type": "Point", "coordinates": [ 136.1336474, 35.1183789 ] } },
{ "type": "Feature", "properties": { "ID": 2522250015240, "正式名称": "たかやま内科クリニック", "機関区分": 2, "都道府県コード": 25, "市区町村コード": 209, "所在地": "滋賀県甲賀市水口町水口５５４６－４", "緯度": 34.964056, "経度": 136.17367, "url": "https://www.iryou.teikyouseido.mhlw.go.jp/znk-web/juminkanja/S2430/initialize?prefCd=25&kikanCd=2250015240&kikanKbn=2", "url2": "https://takayama-naika-clinic.com", "内容": "たかやま内科クリニック【2:診療所】【診療科目:内科_糖尿病内科_呼吸器内科_循環器内科】滋賀県甲賀市水口町水口５５４６－４" }, "geometry": { "type": "Point", "coordinates": [ 136.17367, 34.964056 ] } },
{ "type": "Feature", "properties": { "ID": 2522250015250, "正式名称": "守山こころのクリニック", "機関区分": 2, "都道府県コード": 25, "市区町村コード": 207, "所在地": "滋賀県守山市勝部１ー１ー２１　小島ビル２階", "緯度": 35.05019, "経度": 135.994877, "url": "https://www.iryou.teikyouseido.mhlw.go.jp/znk-web/juminkanja/S2430/initialize?prefCd=25&kikanCd=2250015250&kikanKbn=2", "url2": null, "内容": "守山こころのクリニック【2:診療所】【診療科目:精神科_心療内科】滋賀県守山市勝部１ー１ー２１　小島ビル２階" }, "geometry": { "type": "Point", "coordinates": [ 135.994877, 35.05019 ] } },
{ "type": "Feature", "properties": { "ID": 2522250015260, "正式名称": "中神産業医クリニック", "機関区分": 2, "都道府県コード": 25, "市区町村コード": 206, "所在地": "滋賀県草津市西大路町１１－１０", "緯度": 35.02327, "経度": 135.956218, "url": "https://www.iryou.teikyouseido.mhlw.go.jp/znk-web/juminkanja/S2430/initialize?prefCd=25&kikanCd=2250015260&kikanKbn=2", "url2": null, "内容": "中神産業医クリニック【2:診療所】【診療科目:内科】滋賀県草津市西大路町１１－１０" }, "geometry": { "type": "Point", "coordinates": [ 135.956218, 35.02327 ] } },
{ "type": "Feature", "properties": { "ID": 2522250015270, "正式名称": "たけうち整形外科", "機関区分": 2, "都道府県コード": 25, "市区町村コード": 202, "所在地": "滋賀県彦根市中央町３－５６", "緯度": 35.268851, "経度": 136.255362, "url": "https://www.iryou.teikyouseido.mhlw.go.jp/znk-web/juminkanja/S2430/initialize?prefCd=25&kikanCd=2250015270&kikanKbn=2", "url2": "https://www.takeuchi-ort.com", "内容": "たけうち整形外科【2:診療所】【診療科目:整形外科_リウマチ科_リハビリテーション科_骨軟部腫瘍科】滋賀県彦根市中央町３－５６" }, "geometry": { "type": "Point", "coordinates": [ 136.255362, 35.268851 ] } },
{ "type": "Feature", "properties": { "ID": 2522250015280, "正式名称": "たにがわクリニック", "機関区分": 2, "都道府県コード": 25, "市区町村コード": 208, "所在地": "滋賀県栗東市目川１４０３番", "緯度": 35.017636, "経度": 135.980902, "url": "https://www.iryou.teikyouseido.mhlw.go.jp/znk-web/juminkanja/S2430/initialize?prefCd=25&kikanCd=2250015280&kikanKbn=2", "url2": "https://tanigawa-cl.com/access/", "内容": "たにがわクリニック【2:診療所】【診療科目:内科_糖尿病内科_腎臓内科_小児科】滋賀県栗東市目川１４０３番" }, "geometry": { "type": "Point", "coordinates": [ 135.980902, 35.017636 ] } },
{ "type": "Feature", "properties": { "ID": 2522250015310, "正式名称": "平松耳鼻咽喉科", "機関区分": 2, "都道府県コード": 25, "市区町村コード": 211, "所在地": "滋賀県湖南市平松北３丁目７３", "緯度": 35.003013, "経度": 136.0788, "url": "https://www.iryou.teikyouseido.mhlw.go.jp/znk-web/juminkanja/S2430/initialize?prefCd=25&kikanCd=2250015310&kikanKbn=2", "url2": "https://hiramatsu-jibika.jp/", "内容": "平松耳鼻咽喉科【2:診療所】【診療科目:頭頸部・耳鼻いんこう科】滋賀県湖南市平松北３丁目７３" }, "geometry": { "type": "Point", "coordinates": [ 136.0788, 35.003013 ] } },
{ "type": "Feature", "properties": { "ID": 2522250015320, "正式名称": "耳鼻咽喉科やまもとクリニック", "機関区分": 2, "都道府県コード": 25, "市区町村コード": 209, "所在地": "滋賀県甲賀市甲南町野田４７５－６", "緯度": 34.924138, "経度": 136.171554, "url": "https://www.iryou.teikyouseido.mhlw.go.jp/znk-web/juminkanja/S2430/initialize?prefCd=25&kikanCd=2250015320&kikanKbn=2", "url2": "https://yamamoto-ent-cl.jp/", "内容": "耳鼻咽喉科やまもとクリニック【2:診療所】【診療科目:小児耳鼻いんこう科_耳鼻いんこう科_気管食道・耳鼻いんこう科_頭頸部・耳鼻いんこう科_めまい】滋賀県甲賀市甲南町野田４７５－６" }, "geometry": { "type": "Point", "coordinates": [ 136.171554, 34.924138 ] } },
{ "type": "Feature", "properties": { "ID": 2522250015340, "正式名称": "ブルーレイク消化器内科クリニック", "機関区分": 2, "都道府県コード": 25, "市区町村コード": 207, "所在地": "滋賀県守山市金森町６０５－１", "緯度": 35.059986, "経度": 135.981932, "url": "https://www.iryou.teikyouseido.mhlw.go.jp/znk-web/juminkanja/S2430/initialize?prefCd=25&kikanCd=2250015340&kikanKbn=2", "url2": null, "内容": "ブルーレイク消化器内科クリニック【2:診療所】【診療科目:内科_消化器内科_内視鏡内科】滋賀県守山市金森町６０５－１" }, "geometry": { "type": "Point", "coordinates": [ 135.981932, 35.059986 ] } },
{ "type": "Feature", "properties": { "ID": 2522250015350, "正式名称": "守山駅前よねくら内科・胃腸内視鏡クリニック", "機関区分": 2, "都道府県コード": 25, "市区町村コード": 207, "所在地": "滋賀県守山市梅田町６－２", "緯度": 35.053217, "経度": 135.993594, "url": "https://www.iryou.teikyouseido.mhlw.go.jp/znk-web/juminkanja/S2430/initialize?prefCd=25&kikanCd=2250015350&kikanKbn=2", "url2": "https://www.yonekura-endoscopy-clinic.com/", "内容": "守山駅前よねくら内科・胃腸内視鏡クリニック【2:診療所】【診療科目:内科_消化器内科_肝臓内科_内視鏡内科_肛門内科】滋賀県守山市梅田町６－２" }, "geometry": { "type": "Point", "coordinates": [ 135.993594, 35.053217 ] } },
{ "type": "Feature", "properties": { "ID": 2522250015360, "正式名称": "草津たにもと脳神経外科クリニック", "機関区分": 2, "都道府県コード": 25, "市区町村コード": 208, "所在地": "滋賀県栗東市小柿７丁目１番３号", "緯度": 35.021643, "経度": 135.974316, "url": "https://www.iryou.teikyouseido.mhlw.go.jp/znk-web/juminkanja/S2430/initialize?prefCd=25&kikanCd=2250015360&kikanKbn=2", "url2": "https://tanimoto-neurosurgery.com/", "内容": "草津たにもと脳神経外科クリニック【2:診療所】【診療科目:脳神経内科_脳神経外科_脳外科_脳・血管外科】滋賀県栗東市小柿７丁目１番３号" }, "geometry": { "type": "Point", "coordinates": [ 135.974316, 35.021643 ] } },
{ "type": "Feature", "properties": { "ID": 2522250015370, "正式名称": "医療法人真樹会　滋賀ひかりハートクリニック", "機関区分": 2, "都道府県コード": 25, "市区町村コード": 206, "所在地": "滋賀県草津市橋岡町４２－１スリーワン南草津１Ｆ", "緯度": 35.010657, "経度": 135.934675, "url": "https://www.iryou.teikyouseido.mhlw.go.jp/znk-web/juminkanja/S2430/initialize?prefCd=25&kikanCd=2250015370&kikanKbn=2", "url2": "https://iryouhoujin-shinjukai.com/", "内容": "医療法人真樹会　滋賀ひかりハートクリニック【2:診療所】【診療科目:内科_循環器内科】滋賀県草津市橋岡町４２－１スリーワン南草津１Ｆ" }, "geometry": { "type": "Point", "coordinates": [ 135.934675, 35.010657 ] } },
{ "type": "Feature", "properties": { "ID": 2522250015380, "正式名称": "堅田いけざき整形外科", "機関区分": 2, "都道府県コード": 25, "市区町村コード": 201, "所在地": "滋賀県大津市本堅田６丁目３番４７号", "緯度": 35.117125, "経度": 135.908741, "url": "https://www.iryou.teikyouseido.mhlw.go.jp/znk-web/juminkanja/S2430/initialize?prefCd=25&kikanCd=2250015380&kikanKbn=2", "url2": "https://ike-seikei.jp/", "内容": "堅田いけざき整形外科【2:診療所】【診療科目:整形外科_リウマチ科_リハビリテーション科】滋賀県大津市本堅田６丁目３番４７号" }, "geometry": { "type": "Point", "coordinates": [ 135.908741, 35.117125 ] } },
{ "type": "Feature", "properties": { "ID": 2522250015390, "正式名称": "ぱんだキッズファミリークリニック", "機関区分": 2, "都道府県コード": 25, "市区町村コード": 207, "所在地": "滋賀県守山市梅田町６−２フレンドタウン守山２Ｆ", "緯度": 35.052898, "経度": 135.993443, "url": "https://www.iryou.teikyouseido.mhlw.go.jp/znk-web/juminkanja/S2430/initialize?prefCd=25&kikanCd=2250015390&kikanKbn=2", "url2": "https://pkfc/jp", "内容": "ぱんだキッズファミリークリニック【2:診療所】【診療科目:内科_アレルギー疾患内科_小児科】滋賀県守山市梅田町６−２フレンドタウン守山２Ｆ" }, "geometry": { "type": "Point", "coordinates": [ 135.993443, 35.052898 ] } },
{ "type": "Feature", "properties": { "ID": 2522250015400, "正式名称": "医療法人　竹林ウィメンズクリニックＡＮＮＥＸ", "機関区分": 2, "都道府県コード": 25, "市区町村コード": 201, "所在地": "滋賀県大津市大萱１丁目３番６号", "緯度": 34.983966, "経度": 135.921875, "url": "https://www.iryou.teikyouseido.mhlw.go.jp/znk-web/juminkanja/S2430/initialize?prefCd=25&kikanCd=2250015400&kikanKbn=2", "url2": "https://takebayashi-clinic.com", "内容": "医療法人　竹林ウィメンズクリニックＡＮＮＥＸ【2:診療所】【診療科目:産婦人科（生殖医療）】滋賀県大津市大萱１丁目３番６号" }, "geometry": { "type": "Point", "coordinates": [ 135.921875, 34.983966 ] } },
{ "type": "Feature", "properties": { "ID": 2522250015410, "正式名称": "てはらハートクリニック", "機関区分": 2, "都道府県コード": 25, "市区町村コード": 208, "所在地": "滋賀県栗東市手原５丁目６－１２", "緯度": 35.024948, "経度": 135.996657, "url": "https://www.iryou.teikyouseido.mhlw.go.jp/znk-web/juminkanja/S2430/initialize?prefCd=25&kikanCd=2250015410&kikanKbn=2", "url2": "https://tehara-hc.jp/", "内容": "てはらハートクリニック【2:診療所】【診療科目:内科_循環器内科_小児科】滋賀県栗東市手原５丁目６－１２" }, "geometry": { "type": "Point", "coordinates": [ 135.996657, 35.024948 ] } },
{ "type": "Feature", "properties": { "ID": 2522250015420, "正式名称": "かわせ駅前内科・呼吸器内科クリニック", "機関区分": 2, "都道府県コード": 25, "市区町村コード": 202, "所在地": "滋賀県彦根市南川瀬町１４８０－５２", "緯度": 35.22261, "経度": 136.227693, "url": "https://www.iryou.teikyouseido.mhlw.go.jp/znk-web/juminkanja/S2430/initialize?prefCd=25&kikanCd=2250015420&kikanKbn=2", "url2": "https://kawase-ekimae-clinic.com/", "内容": "かわせ駅前内科・呼吸器内科クリニック【2:診療所】【診療科目:内科_呼吸器内科】滋賀県彦根市南川瀬町１４８０－５２" }, "geometry": { "type": "Point", "coordinates": [ 136.227693, 35.22261 ] } }
]
}
