{
"type": "FeatureCollection",
"name": "geo_25_訪問介護",
"crs": { "type": "name", "properties": { "name": "urn:ogc:def:crs:OGC:1.3:CRS84" } },
"features": [
{ "type": "Feature", "properties": { "内容": "近江訪問介護事業所【訪問介護】萱野浦５－６１F", "url": "https://www.kaigokensaku.mhlw.go.jp/25/index.php?action_kouhyou_detail_004_kani=true&JigyosyoCd=2570103677-00&ServiceCd=110&Type=search", "url2": null }, "geometry": { "type": "Point", "coordinates": [ 135.911677, 34.9917356 ] } },
{ "type": "Feature", "properties": { "内容": "ハーネスト訪問介護事業所【訪問介護】大津市坂本1丁目13番12号", "url": "https://www.kaigokensaku.mhlw.go.jp/25/index.php?action_kouhyou_detail_004_kani=true&JigyosyoCd=2570103347-00&ServiceCd=110&Type=search", "url2": "ｈｔｔｐ://www.hernest.jp" }, "geometry": { "type": "Point", "coordinates": [ 135.861511195462072, 35.052100152790402 ] } },
{ "type": "Feature", "properties": { "内容": "訪問介護ステーション喜楽【訪問介護】坂本８丁目１５－１２", "url": "https://www.kaigokensaku.mhlw.go.jp/25/index.php?action_kouhyou_detail_004_kani=true&JigyosyoCd=2570103107-00&ServiceCd=110&Type=search", "url2": null }, "geometry": { "type": "Point", "coordinates": [ 135.867260926810076, 35.082617098787921 ] } },
{ "type": "Feature", "properties": { "内容": "地域生活サポートセンターじゅぷ【訪問介護】滋賀県大津市一里山２丁目２番８号", "url": "https://www.kaigokensaku.mhlw.go.jp/25/index.php?action_kouhyou_detail_004_kani=true&JigyosyoCd=2570105102-00&ServiceCd=110&Type=search", "url2": "http://www.je-peux.net/" }, "geometry": { "type": "Point", "coordinates": [ 135.929289, 34.9823396 ] } },
{ "type": "Feature", "properties": { "内容": "ヘルパーステーションまった里【訪問介護】滋賀県大津市瀬田5-14-1リバーサイドヒルズ107号室", "url": "https://www.kaigokensaku.mhlw.go.jp/25/index.php?action_kouhyou_detail_004_kani=true&JigyosyoCd=2570104436-00&ServiceCd=110&Type=search", "url2": null }, "geometry": { "type": "Point", "coordinates": [ 135.911242484655759, 34.961403880927129 ] } },
{ "type": "Feature", "properties": { "内容": "ケアステーションあんじぇす石山寺【訪問介護】滋賀県大津市平津2丁目4番3号アンジェス石山寺", "url": "https://www.kaigokensaku.mhlw.go.jp/25/index.php?action_kouhyou_detail_004_kani=true&JigyosyoCd=2570104915-00&ServiceCd=110&Type=search", "url2": "http://t-s-i.jp" }, "geometry": { "type": "Point", "coordinates": [ 135.903977899999973, 34.9517646 ] } },
{ "type": "Feature", "properties": { "内容": "でいさーびすええわ【訪問介護】大平一丁目12番30号", "url": "https://www.kaigokensaku.mhlw.go.jp/25/index.php?action_kouhyou_detail_004_kani=true&JigyosyoCd=2570105680-00&ServiceCd=110&Type=search", "url2": "https://www.eewa.net/" }, "geometry": { "type": "Point", "coordinates": [ 135.894469780051793, 34.953510475589674 ] } },
{ "type": "Feature", "properties": { "内容": "訪問介護事業所つるかめ介護【訪問介護】滋賀県大津市国分二丁目１－２１", "url": "https://www.kaigokensaku.mhlw.go.jp/25/index.php?action_kouhyou_detail_004_kani=true&JigyosyoCd=2570106225-00&ServiceCd=110&Type=search", "url2": "https://tsurukame-care.com/" }, "geometry": { "type": "Point", "coordinates": [ 135.892059499999988, 34.9653709 ] } },
{ "type": "Feature", "properties": { "内容": "ケアステーションえんじゅおごと【訪問介護】苗鹿2丁目37番1号アンジェスおごと　事務室", "url": "https://www.kaigokensaku.mhlw.go.jp/25/index.php?action_kouhyou_detail_004_kani=true&JigyosyoCd=2570103495-00&ServiceCd=110&Type=search", "url2": "http://www.tsi-ns.com/anges/" }, "geometry": { "type": "Point", "coordinates": [ 135.89216579999993, 35.0861348 ] } },
{ "type": "Feature", "properties": { "内容": "ホームサポートぶどうの木【訪問介護】滋賀県大津市皇子が丘１丁目２－２", "url": "https://www.kaigokensaku.mhlw.go.jp/25/index.php?action_kouhyou_detail_004_kani=true&JigyosyoCd=2570102299-00&ServiceCd=110&Type=search", "url2": "https://www.shoushukai.or.jp/" }, "geometry": { "type": "Point", "coordinates": [ 135.854936117860461, 35.024551918796803 ] } },
{ "type": "Feature", "properties": { "内容": "訪問介護つむぎ【訪問介護】滋賀県大津市衣川1丁目33番23号メゾン・ヴィヴレ105号室", "url": "https://www.kaigokensaku.mhlw.go.jp/25/index.php?action_kouhyou_detail_004_kani=true&JigyosyoCd=2570105342-00&ServiceCd=110&Type=search", "url2": "http://hp.kaipoke.biz/0mf/" }, "geometry": { "type": "Point", "coordinates": [ 135.9114596, 35.1134916 ] } },
{ "type": "Feature", "properties": { "内容": "ヘルパーステーション志賀【訪問介護】滋賀県大津市和邇中浜３０３－１", "url": "https://www.kaigokensaku.mhlw.go.jp/25/index.php?action_kouhyou_detail_004_kani=true&JigyosyoCd=2570102968-00&ServiceCd=110&Type=search", "url2": "http://www.kosei-f.jp/" }, "geometry": { "type": "Point", "coordinates": [ 135.92069790000005, 35.1629487 ] } },
{ "type": "Feature", "properties": { "内容": "ケアステーションリレア【訪問介護】滋賀県大津市高砂町2番19号Ａ102", "url": "https://www.kaigokensaku.mhlw.go.jp/25/index.php?action_kouhyou_detail_004_kani=true&JigyosyoCd=2570105086-00&ServiceCd=110&Type=search", "url2": null }, "geometry": { "type": "Point", "coordinates": [ 135.857848800000056, 35.0398945 ] } },
{ "type": "Feature", "properties": { "内容": "アークス・ホームヘルプサービス【訪問介護】滋賀県大津市高砂町2-19ウェルドミール高砂A101", "url": "https://www.kaigokensaku.mhlw.go.jp/25/index.php?action_kouhyou_detail_004_kani=true&JigyosyoCd=2570105490-00&ServiceCd=110&Type=search", "url2": null }, "geometry": { "type": "Point", "coordinates": [ 135.8578488, 35.0398945 ] } },
{ "type": "Feature", "properties": { "内容": "リールヘルパーステーション大津坂本【訪問介護】滋賀県大津市坂本1‐13‐8", "url": "https://www.kaigokensaku.mhlw.go.jp/25/index.php?action_kouhyou_detail_004_kani=true&JigyosyoCd=2570105912-00&ServiceCd=110&Type=search", "url2": "https://rirestage.co.jp/" }, "geometry": { "type": "Point", "coordinates": [ 135.866977100000014, 35.0593664 ] } },
{ "type": "Feature", "properties": { "内容": "あい・ネット訪問介護事業所【訪問介護】滋賀県大津市秋葉台７番２号", "url": "https://www.kaigokensaku.mhlw.go.jp/25/index.php?action_kouhyou_detail_004_kani=true&JigyosyoCd=2570100566-00&ServiceCd=110&Type=search", "url2": "https://www.ainet-otsu.com/" }, "geometry": { "type": "Point", "coordinates": [ 135.885932799999978, 34.9905573 ] } },
{ "type": "Feature", "properties": { "内容": "訪問介護事業所　百百【訪問介護】大津市瀬田3丁目25-3", "url": "https://www.kaigokensaku.mhlw.go.jp/25/index.php?action_kouhyou_detail_004_kani=true&JigyosyoCd=2570102307-00&ServiceCd=110&Type=search", "url2": null }, "geometry": { "type": "Point", "coordinates": [ 135.910735499999987, 34.9670579 ] } },
{ "type": "Feature", "properties": { "内容": "ライフケア瀬田【訪問介護】滋賀県大津市月輪１丁目13-10", "url": "https://www.kaigokensaku.mhlw.go.jp/25/index.php?action_kouhyou_detail_004_kani=true&JigyosyoCd=2570105946-00&ServiceCd=110&Type=search", "url2": "http://www.miki-corporation.ne.jp" }, "geometry": { "type": "Point", "coordinates": [ 135.935694, 34.9915369 ] } },
{ "type": "Feature", "properties": { "内容": "ヘルパーステーション　たなかみ【訪問介護】黒津2丁目21番13号", "url": "https://www.kaigokensaku.mhlw.go.jp/25/index.php?action_kouhyou_detail_004_kani=true&JigyosyoCd=2570104089-00&ServiceCd=110&Type=search", "url2": null }, "geometry": { "type": "Point", "coordinates": [ 135.916847174205031, 34.942454342236822 ] } },
{ "type": "Feature", "properties": { "内容": "ケア・サポートミモザ【訪問介護】本堅田3丁目14番3号エステート堅田305号", "url": "https://www.kaigokensaku.mhlw.go.jp/25/index.php?action_kouhyou_detail_004_kani=true&JigyosyoCd=2570106159-00&ServiceCd=110&Type=search", "url2": null }, "geometry": { "type": "Point", "coordinates": [ 135.915725880356604, 35.116169711973697 ] } },
{ "type": "Feature", "properties": { "内容": "ロゼ共生型介護オフィス【訪問介護】滋賀県大津市平津一丁目38番24号", "url": "https://www.kaigokensaku.mhlw.go.jp/25/index.php?action_kouhyou_detail_004_kani=true&JigyosyoCd=2570106373-00&ServiceCd=110&Type=search", "url2": null }, "geometry": { "type": "Point", "coordinates": [ 135.9088928, 34.9533668 ] } },
{ "type": "Feature", "properties": { "内容": "スマイルケア【訪問介護】滋賀県大津市島の関6-15衣笠ビル1F", "url": "https://www.kaigokensaku.mhlw.go.jp/25/index.php?action_kouhyou_detail_004_kani=true&JigyosyoCd=2570102596-00&ServiceCd=110&Type=search", "url2": "https://smilelife-biwako.com/" }, "geometry": { "type": "Point", "coordinates": [ 135.870353499999965, 35.0083052 ] } },
{ "type": "Feature", "properties": { "内容": "合同会社らいとはうす【訪問介護】滋賀県大津市見世1丁目7-6", "url": "https://www.kaigokensaku.mhlw.go.jp/25/index.php?action_kouhyou_detail_004_kani=true&JigyosyoCd=2570103388-00&ServiceCd=110&Type=search", "url2": "ｒａｉｔｏｈａｕｓｕ＿７０５＠ｙａｈｏｏ．ｃｏｊｐ" }, "geometry": { "type": "Point", "coordinates": [ 135.858143604090884, 35.038608655465758 ] } },
{ "type": "Feature", "properties": { "内容": "琵琶湖大橋ヘルパーステーション椋の癒【訪問介護】滋賀県大津市真野５丁目1-33琵琶湖大橋椋の癒", "url": "https://www.kaigokensaku.mhlw.go.jp/25/index.php?action_kouhyou_detail_004_kani=true&JigyosyoCd=2570104600-00&ServiceCd=110&Type=search", "url2": "http://www.mukuno-ie.com/" }, "geometry": { "type": "Point", "coordinates": [ 135.923192100000051, 35.1288222 ] } },
{ "type": "Feature", "properties": { "内容": "ケア２１比叡山坂本【訪問介護】滋賀県大津市比叡辻１－９－３比叡辻①テナントＡ号", "url": "https://www.kaigokensaku.mhlw.go.jp/25/index.php?action_kouhyou_detail_004_kani=true&JigyosyoCd=2570106480-00&ServiceCd=110&Type=search", "url2": null }, "geometry": { "type": "Point", "coordinates": [ 135.8861121, 35.0706389 ] } },
{ "type": "Feature", "properties": { "内容": "訪問介護まごのて大津【訪問介護】滋賀県大津市梅林一丁目4番１号プレシャスビル３階", "url": "https://www.kaigokensaku.mhlw.go.jp/25/index.php?action_kouhyou_detail_004_kani=true&JigyosyoCd=2570106431-00&ServiceCd=110&Type=search", "url2": "https://glanz.care/" }, "geometry": { "type": "Point", "coordinates": [ 135.866885700000012, 35.0036158 ] } },
{ "type": "Feature", "properties": { "内容": "ヘルパーステーション　かのん【訪問介護】国分2丁目4番8号無し", "url": "https://www.kaigokensaku.mhlw.go.jp/25/index.php?action_kouhyou_detail_004_kani=true&JigyosyoCd=2570105763-00&ServiceCd=110&Type=search", "url2": null }, "geometry": { "type": "Point", "coordinates": [ 135.891242, 34.9651634 ] } },
{ "type": "Feature", "properties": { "内容": "オレンジケア【訪問介護】滋賀県大津市長等3丁目３番16号", "url": "https://www.kaigokensaku.mhlw.go.jp/25/index.php?action_kouhyou_detail_004_kani=true&JigyosyoCd=2570106415-00&ServiceCd=110&Type=search", "url2": null }, "geometry": { "type": "Point", "coordinates": [ 135.859397800000011, 35.0106533 ] } },
{ "type": "Feature", "properties": { "内容": "特定非営利活動法人ALSしがネット　訪問介護事業所もも【訪問介護】滋賀県大津市浜大津3丁目2番31号", "url": "https://www.kaigokensaku.mhlw.go.jp/25/index.php?action_kouhyou_detail_004_kani=true&JigyosyoCd=2570102810-00&ServiceCd=110&Type=search", "url2": "https://als-shiga.net/" }, "geometry": { "type": "Point", "coordinates": [ 135.859983982410171, 35.012039108386439 ] } },
{ "type": "Feature", "properties": { "内容": "アークケアステーション【訪問介護】大津市神領２丁目３７－２６", "url": "https://www.kaigokensaku.mhlw.go.jp/25/index.php?action_kouhyou_detail_004_kani=true&JigyosyoCd=2570103057-00&ServiceCd=110&Type=search", "url2": null }, "geometry": { "type": "Point", "coordinates": [ 135.915821, 34.9713965 ] } },
{ "type": "Feature", "properties": { "内容": "ヘルパーステーション　リーチおおつ【訪問介護】滋賀県大津市御殿浜2-30", "url": "https://www.kaigokensaku.mhlw.go.jp/25/index.php?action_kouhyou_detail_004_kani=true&JigyosyoCd=2570105482-00&ServiceCd=110&Type=search", "url2": null }, "geometry": { "type": "Point", "coordinates": [ 135.8955953, 34.98764120000002 ] } },
{ "type": "Feature", "properties": { "内容": "ヘルパーステーションにじいろ大津【訪問介護】北大路２丁目１４−２３", "url": "https://www.kaigokensaku.mhlw.go.jp/25/index.php?action_kouhyou_detail_004_kani=true&JigyosyoCd=2570106563-00&ServiceCd=110&Type=search", "url2": "https://kaigo-nijiiro.com/" }, "geometry": { "type": "Point", "coordinates": [ 135.8957708, 34.9727069 ] } },
{ "type": "Feature", "properties": { "内容": "ふれあいサポート膳所ケアステーション【訪問介護】滋賀県大津市中庄一丁目１５－１４", "url": "https://www.kaigokensaku.mhlw.go.jp/25/index.php?action_kouhyou_detail_004_kani=true&JigyosyoCd=2570102232-00&ServiceCd=110&Type=search", "url2": "http://www.furesuppo.com/" }, "geometry": { "type": "Point", "coordinates": [ 135.893265299999939, 34.9915629 ] } },
{ "type": "Feature", "properties": { "内容": "ライフケアみき【訪問介護】滋賀県大津市あかね町14-7", "url": "https://www.kaigokensaku.mhlw.go.jp/25/index.php?action_kouhyou_detail_004_kani=true&JigyosyoCd=2570103800-00&ServiceCd=110&Type=search", "url2": "http://www.miki-corporation.jp" }, "geometry": { "type": "Point", "coordinates": [ 135.863719700000047, 35.0446315 ] } },
{ "type": "Feature", "properties": { "内容": "さくら会訪問介護事業所【訪問介護】滋賀県大津市真野６丁目６－２１", "url": "https://www.kaigokensaku.mhlw.go.jp/25/index.php?action_kouhyou_detail_004_kani=true&JigyosyoCd=2570104071-00&ServiceCd=110&Type=search", "url2": "https://sakurakai-forestmano.jimdofree.com" }, "geometry": { "type": "Point", "coordinates": [ 135.92025307617439, 35.133665051908118 ] } },
{ "type": "Feature", "properties": { "内容": "株式会社アートケアステーション【訪問介護】滋賀県大津市御殿浜12番14号ハイツ御殿浜１０２", "url": "https://www.kaigokensaku.mhlw.go.jp/25/index.php?action_kouhyou_detail_004_kani=true&JigyosyoCd=2570105177-00&ServiceCd=110&Type=search", "url2": "https://artcare.online" }, "geometry": { "type": "Point", "coordinates": [ 135.898046799999946, 34.9857604 ] } },
{ "type": "Feature", "properties": { "内容": "ニチイケアセンター唐崎【訪問介護】滋賀県大津市蓮池町13-13ファーストビル３Ｆ", "url": "https://www.kaigokensaku.mhlw.go.jp/25/index.php?action_kouhyou_detail_004_kani=true&JigyosyoCd=2570105425-00&ServiceCd=110&Type=search", "url2": null }, "geometry": { "type": "Point", "coordinates": [ 135.8636603, 35.046826 ] } },
{ "type": "Feature", "properties": { "内容": "あんじぇす瀬田【訪問介護】大江2丁目3-1", "url": "https://www.kaigokensaku.mhlw.go.jp/25/index.php?action_kouhyou_detail_004_kani=true&JigyosyoCd=2570105755-00&ServiceCd=110&Type=search", "url2": "https//www.t-s-i.jp/anges/seta/index.html" }, "geometry": { "type": "Point", "coordinates": [ 135.9108489, 34.9801576 ] } },
{ "type": "Feature", "properties": { "内容": "訪問介護事業所ゆめ【訪問介護】滋賀県大津市皇子が丘三丁目9番13号ハイツ紅葉202号室", "url": "https://www.kaigokensaku.mhlw.go.jp/25/index.php?action_kouhyou_detail_004_kani=true&JigyosyoCd=2570105854-00&ServiceCd=110&Type=search", "url2": null }, "geometry": { "type": "Point", "coordinates": [ 135.861176300000011, 35.0249144 ] } },
{ "type": "Feature", "properties": { "内容": "ラ・ケアながら【訪問介護】大津市長等二丁目７－４", "url": "https://www.kaigokensaku.mhlw.go.jp/25/index.php?action_kouhyou_detail_004_kani=true&JigyosyoCd=2570100095-00&ServiceCd=110&Type=search", "url2": "http://www.la-care.jp" }, "geometry": { "type": "Point", "coordinates": [ 135.85901, 35.0094384 ] } },
{ "type": "Feature", "properties": { "内容": "びわこ介護ユアナース株式会社大津営業所【訪問介護】大津市中央1丁目５－１０", "url": "https://www.kaigokensaku.mhlw.go.jp/25/index.php?action_kouhyou_detail_004_kani=true&JigyosyoCd=2570100244-00&ServiceCd=110&Type=search", "url2": "http://www.biwakokaigo.jp" }, "geometry": { "type": "Point", "coordinates": [ 135.864712300000065, 35.0081497 ] } },
{ "type": "Feature", "properties": { "内容": "洛和ヘルパーステーション石山寺【訪問介護】滋賀県大津市平津1-17-32", "url": "https://www.kaigokensaku.mhlw.go.jp/25/index.php?action_kouhyou_detail_004_kani=true&JigyosyoCd=2570100731-00&ServiceCd=110&Type=search", "url2": "www.rakuwa.or.jp" }, "geometry": { "type": "Point", "coordinates": [ 135.909124134254398, 34.948699163500542 ] } },
{ "type": "Feature", "properties": { "内容": "あかねはうす【訪問介護】大津市唐崎1丁目30番10号", "url": "https://www.kaigokensaku.mhlw.go.jp/25/index.php?action_kouhyou_detail_004_kani=true&JigyosyoCd=2570100830-00&ServiceCd=110&Type=search", "url2": "http://www.akanehouse.com/" }, "geometry": { "type": "Point", "coordinates": [ 135.869580207571033, 35.047782865073764 ] } },
{ "type": "Feature", "properties": { "内容": "医療法人啓信会萌木の村ヘルパーステーションリエゾン大津【訪問介護】滋賀県大津市尾花川11-31ロータリーマンション西大津III番館1F", "url": "https://www.kaigokensaku.mhlw.go.jp/25/index.php?action_kouhyou_detail_004_kani=true&JigyosyoCd=2570101242-00&ServiceCd=110&Type=search", "url2": "http://www.kyoto-keishinkai.or.jp/" }, "geometry": { "type": "Point", "coordinates": [ 135.861095299999988, 35.0215154 ] } },
{ "type": "Feature", "properties": { "内容": "大津市社会福祉事業団真野ヘルパーステーション【訪問介護】大津市真野普門三丁目1120番地", "url": "https://www.kaigokensaku.mhlw.go.jp/25/index.php?action_kouhyou_detail_004_kani=true&JigyosyoCd=2570101994-00&ServiceCd=110&Type=search", "url2": null }, "geometry": { "type": "Point", "coordinates": [ 135.918810980913918, 35.134146273488554 ] } },
{ "type": "Feature", "properties": { "内容": "大津市社会福祉事業団比叡すこやかヘルパーステーション【訪問介護】大津市坂本六丁目33-19", "url": "https://www.kaigokensaku.mhlw.go.jp/25/index.php?action_kouhyou_detail_004_kani=true&JigyosyoCd=2570102000-00&ServiceCd=110&Type=search", "url2": "http://www.fukusi-otsu.or.jp" }, "geometry": { "type": "Point", "coordinates": [ 135.874353231667186, 35.077139695437097 ] } },
{ "type": "Feature", "properties": { "内容": "ケアサポート　ソシア【訪問介護】滋賀県大津市茶戸町18番10号", "url": "https://www.kaigokensaku.mhlw.go.jp/25/index.php?action_kouhyou_detail_004_kani=true&JigyosyoCd=2570102463-00&ServiceCd=110&Type=search", "url2": "http://caresupport-sosia.jimdo.com/" }, "geometry": { "type": "Point", "coordinates": [ 135.831431400000042, 34.994581 ] } },
{ "type": "Feature", "properties": { "内容": "訪問介護ハートランド南志賀【訪問介護】大津市南志賀3-20-1訪問介護　ハートランド南志賀", "url": "https://www.kaigokensaku.mhlw.go.jp/25/index.php?action_kouhyou_detail_004_kani=true&JigyosyoCd=2570103396-00&ServiceCd=110&Type=search", "url2": null }, "geometry": { "type": "Point", "coordinates": [ 135.860500309960571, 35.036979137660971 ] } },
{ "type": "Feature", "properties": { "内容": "訪問介護ハートランド瀬田【訪問介護】滋賀県大津市大将軍１丁目9-7訪問介護ハートランド瀬田", "url": "https://www.kaigokensaku.mhlw.go.jp/25/index.php?action_kouhyou_detail_004_kani=true&JigyosyoCd=2570103883-00&ServiceCd=110&Type=search", "url2": null }, "geometry": { "type": "Point", "coordinates": [ 135.923677886078963, 34.994153190993885 ] } },
{ "type": "Feature", "properties": { "内容": "華頂会訪問介護事業所【訪問介護】滋賀県大津市大萱六丁目4番16号", "url": "https://www.kaigokensaku.mhlw.go.jp/25/index.php?action_kouhyou_detail_004_kani=true&JigyosyoCd=2570104584-00&ServiceCd=110&Type=search", "url2": "http://fukuju-sou.com" }, "geometry": { "type": "Point", "coordinates": [ 135.91407670000001, 34.993416 ] } },
{ "type": "Feature", "properties": { "内容": "訪問介護事業所おかげさん【訪問介護】滋賀県大津市黒津2丁目1番11号", "url": "https://www.kaigokensaku.mhlw.go.jp/25/index.php?action_kouhyou_detail_004_kani=true&JigyosyoCd=2570105292-00&ServiceCd=110&Type=search", "url2": "http:s//www.okage-kaigo.com" }, "geometry": { "type": "Point", "coordinates": [ 135.9153154, 34.944358 ] } },
{ "type": "Feature", "properties": { "内容": "訪問介護RANOK大津【訪問介護】滋賀県大津市勧学1-5-18メゾンヤマギワ103号室", "url": "https://www.kaigokensaku.mhlw.go.jp/25/index.php?action_kouhyou_detail_004_kani=true&JigyosyoCd=2570106365-00&ServiceCd=110&Type=search", "url2": null }, "geometry": { "type": "Point", "coordinates": [ 135.858006, 35.033685 ] } },
{ "type": "Feature", "properties": { "内容": "マザーレイク田上訪問介護事業所【訪問介護】滋賀県大津市黒津1-6-18", "url": "https://www.kaigokensaku.mhlw.go.jp/25/index.php?action_kouhyou_detail_004_kani=true&JigyosyoCd=2570100715-00&ServiceCd=110&Type=search", "url2": "http://www.grouphome.jp/" }, "geometry": { "type": "Point", "coordinates": [ 135.913662899999963, 34.9426074 ] } },
{ "type": "Feature", "properties": { "内容": "ふれあいサポート小野ケアステーション【訪問介護】滋賀県大津市湖青1-1-20ローズプラザ小野内", "url": "https://www.kaigokensaku.mhlw.go.jp/25/index.php?action_kouhyou_detail_004_kani=true&JigyosyoCd=2570102190-00&ServiceCd=110&Type=search", "url2": "http://www.furesuppo.com/" }, "geometry": { "type": "Point", "coordinates": [ 135.922017200000028, 35.1387377 ] } },
{ "type": "Feature", "properties": { "内容": "こころケア・サポート【訪問介護】大津市本堅田5丁目3-2", "url": "https://www.kaigokensaku.mhlw.go.jp/25/index.php?action_kouhyou_detail_004_kani=true&JigyosyoCd=2570102331-00&ServiceCd=110&Type=search", "url2": "kokorokea.my.canva.site" }, "geometry": { "type": "Point", "coordinates": [ 135.912285, 35.1147376 ] } },
{ "type": "Feature", "properties": { "内容": "NPO法人　花みずき　ヘルパーステーション花【訪問介護】大津市松が丘５丁目１３－５", "url": "https://www.kaigokensaku.mhlw.go.jp/25/index.php?action_kouhyou_detail_004_kani=true&JigyosyoCd=2570102372-00&ServiceCd=110&Type=search", "url2": null }, "geometry": { "type": "Point", "coordinates": [ 135.9639486, 34.9732754 ] } },
{ "type": "Feature", "properties": { "内容": "訪問介護事業所すばる【訪問介護】大津市秋葉台３－６", "url": "https://www.kaigokensaku.mhlw.go.jp/25/index.php?action_kouhyou_detail_004_kani=true&JigyosyoCd=2570102737-00&ServiceCd=110&Type=search", "url2": null }, "geometry": { "type": "Point", "coordinates": [ 135.883377399999972, 34.992532 ] } },
{ "type": "Feature", "properties": { "内容": "ヘルパーステーションここあ石山【訪問介護】滋賀県大津市栄町2番5号", "url": "https://www.kaigokensaku.mhlw.go.jp/25/index.php?action_kouhyou_detail_004_kani=true&JigyosyoCd=2570104576-00&ServiceCd=110&Type=search", "url2": "http://kokoa.jp/" }, "geometry": { "type": "Point", "coordinates": [ 135.900589500000024, 34.9770843 ] } },
{ "type": "Feature", "properties": { "内容": "訪問介護ステーション太陽【訪問介護】滋賀県大津市神領三丁目20番9号名神瀬田ビル3階3-B", "url": "https://www.kaigokensaku.mhlw.go.jp/25/index.php?action_kouhyou_detail_004_kani=true&JigyosyoCd=2570104675-00&ServiceCd=110&Type=search", "url2": "https://taiyou-kaigo.com/service02/" }, "geometry": { "type": "Point", "coordinates": [ 135.910541, 34.9711658 ] } },
{ "type": "Feature", "properties": { "内容": "しみんふくし滋賀大津訪問介護事業所【訪問介護】滋賀県大津市柳川2丁目11-25", "url": "https://www.kaigokensaku.mhlw.go.jp/25/index.php?action_kouhyou_detail_004_kani=true&JigyosyoCd=2570104816-00&ServiceCd=110&Type=search", "url2": "http://www.shiminfukushi-shiga.jp/" }, "geometry": { "type": "Point", "coordinates": [ 135.8616147, 35.0327341 ] } },
{ "type": "Feature", "properties": { "内容": "医療法人弘英会　ヘルパーステーション緑の癒【訪問介護】滋賀県大津市緑町6番27号", "url": "https://www.kaigokensaku.mhlw.go.jp/25/index.php?action_kouhyou_detail_004_kani=true&JigyosyoCd=2570105656-00&ServiceCd=110&Type=search", "url2": "http://www.boh.or.jp/" }, "geometry": { "type": "Point", "coordinates": [ 135.9094915, 35.1420109 ] } },
{ "type": "Feature", "properties": { "内容": "ケア21大津【訪問介護】滋賀県大津市梅林2丁目3-16松風ビル1階", "url": "https://www.kaigokensaku.mhlw.go.jp/25/index.php?action_kouhyou_detail_004_kani=true&JigyosyoCd=2570105896-00&ServiceCd=110&Type=search", "url2": null }, "geometry": { "type": "Point", "coordinates": [ 135.868287, 35.0024269 ] } },
{ "type": "Feature", "properties": { "内容": "結びケア【訪問介護】滋賀県大津市坂本１丁目11-49", "url": "https://www.kaigokensaku.mhlw.go.jp/25/index.php?action_kouhyou_detail_004_kani=true&JigyosyoCd=2570106050-00&ServiceCd=110&Type=search", "url2": null }, "geometry": { "type": "Point", "coordinates": [ 135.867287, 35.0632016 ] } },
{ "type": "Feature", "properties": { "内容": "ケア２１瀬田【訪問介護】滋賀県大津市大萱１丁目17-14松政ビル2-A", "url": "https://www.kaigokensaku.mhlw.go.jp/25/index.php?action_kouhyou_detail_004_kani=true&JigyosyoCd=2570106084-00&ServiceCd=110&Type=search", "url2": null }, "geometry": { "type": "Point", "coordinates": [ 135.9266381, 34.9869735 ] } },
{ "type": "Feature", "properties": { "内容": "コスモスヘルパーステーション【訪問介護】大津市坂本6-6-31", "url": "https://www.kaigokensaku.mhlw.go.jp/25/index.php?action_kouhyou_detail_004_kani=true&JigyosyoCd=2560190031-00&ServiceCd=110&Type=search", "url2": "https://www.shigahokenkai.jp" }, "geometry": { "type": "Point", "coordinates": [ 135.8719903, 35.0746361 ] } },
{ "type": "Feature", "properties": { "内容": "洛和ヘルパーステーション坂本【訪問介護】大津市下阪本6丁目13-11", "url": "https://www.kaigokensaku.mhlw.go.jp/25/index.php?action_kouhyou_detail_004_kani=true&JigyosyoCd=2570100863-00&ServiceCd=110&Type=search", "url2": "http://www.rakuwa.or.jp" }, "geometry": { "type": "Point", "coordinates": [ 135.885305409539797, 35.068469305077109 ] } },
{ "type": "Feature", "properties": { "内容": "ケアタウンからさきヘルパーステーション【訪問介護】滋賀県大津市見世一丁目17番1号ケアタウンからさき", "url": "https://www.kaigokensaku.mhlw.go.jp/25/index.php?action_kouhyou_detail_004_kani=true&JigyosyoCd=2570100970-00&ServiceCd=110&Type=search", "url2": "http://www.kosei-f.jp/" }, "geometry": { "type": "Point", "coordinates": [ 135.859631300000046, 35.0406486 ] } },
{ "type": "Feature", "properties": { "内容": "医療法人弘英会琵琶湖大橋病院ヘルパーステーション【訪問介護】滋賀県大津市本堅田５丁目２０番１０号アル・プラザ堅田２階", "url": "https://www.kaigokensaku.mhlw.go.jp/25/index.php?action_kouhyou_detail_004_kani=true&JigyosyoCd=2570101010-00&ServiceCd=110&Type=search", "url2": "http://www.boh.or.jp/" }, "geometry": { "type": "Point", "coordinates": [ 135.915653135581977, 35.119235412138835 ] } },
{ "type": "Feature", "properties": { "内容": "ニチイケアセンター大津仰木の里【訪問介護】滋賀県大津市仰木の里3－5－20", "url": "https://www.kaigokensaku.mhlw.go.jp/25/index.php?action_kouhyou_detail_004_kani=true&JigyosyoCd=2570101309-00&ServiceCd=110&Type=search", "url2": "http://www.nichiigakkan.co.jp" }, "geometry": { "type": "Point", "coordinates": [ 135.886543699999947, 35.1049547 ] } },
{ "type": "Feature", "properties": { "内容": "うららホームヘルパーステーション【訪問介護】大津市木下町7番39号", "url": "https://www.kaigokensaku.mhlw.go.jp/25/index.php?action_kouhyou_detail_004_kani=true&JigyosyoCd=2570101937-00&ServiceCd=110&Type=search", "url2": "https://urara-kaigo.com" }, "geometry": { "type": "Point", "coordinates": [ 135.891303515344248, 34.998752207211062 ] } },
{ "type": "Feature", "properties": { "内容": "大津市社会福祉事業団南すこやかヘルパーステーション【訪問介護】大津市南郷一丁目14-30南老人福祉センター内", "url": "https://www.kaigokensaku.mhlw.go.jp/25/index.php?action_kouhyou_detail_004_kani=true&JigyosyoCd=2570102034-00&ServiceCd=110&Type=search", "url2": "http://fukusi-otsu.or.jp/" }, "geometry": { "type": "Point", "coordinates": [ 135.908497, 34.941777 ] } },
{ "type": "Feature", "properties": { "内容": "ふれあいサポート西大津ケアステーション【訪問介護】滋賀県大津市山上町5-37シャルム皇子山", "url": "https://www.kaigokensaku.mhlw.go.jp/25/index.php?action_kouhyou_detail_004_kani=true&JigyosyoCd=2570102216-00&ServiceCd=110&Type=search", "url2": "http://www.furesuppo.com/" }, "geometry": { "type": "Point", "coordinates": [ 135.85480670000004, 35.0215142 ] } },
{ "type": "Feature", "properties": { "内容": "あいサポートおおつ【訪問介護】月輪三丁目29番4号", "url": "https://www.kaigokensaku.mhlw.go.jp/25/index.php?action_kouhyou_detail_004_kani=true&JigyosyoCd=2570102703-00&ServiceCd=110&Type=search", "url2": "https://www.love-smile-happiness.co.jp/" }, "geometry": { "type": "Point", "coordinates": [ 135.940776899999946, 34.9837319 ] } },
{ "type": "Feature", "properties": { "内容": "善幸苑大津訪問介護【訪問介護】大津市横木二丁目2番17号", "url": "https://www.kaigokensaku.mhlw.go.jp/25/index.php?action_kouhyou_detail_004_kani=true&JigyosyoCd=2570103172-00&ServiceCd=110&Type=search", "url2": "https://medicalseed.jp/" }, "geometry": { "type": "Point", "coordinates": [ 135.832634, 34.9925479 ] } },
{ "type": "Feature", "properties": { "内容": "訪問介護事業所ともに【訪問介護】滋賀県大津市堅田一丁目5番19号", "url": "https://www.kaigokensaku.mhlw.go.jp/25/index.php?action_kouhyou_detail_004_kani=true&JigyosyoCd=2570104154-00&ServiceCd=110&Type=search", "url2": null }, "geometry": { "type": "Point", "coordinates": [ 135.9084355, 35.1081049 ] } },
{ "type": "Feature", "properties": { "内容": "陽だまりヘルパーステーション【訪問介護】滋賀県大津市昭和町8-15", "url": "https://www.kaigokensaku.mhlw.go.jp/25/index.php?action_kouhyou_detail_004_kani=true&JigyosyoCd=2570105185-00&ServiceCd=110&Type=search", "url2": "医療法人滋賀勤労者保健会" }, "geometry": { "type": "Point", "coordinates": [ 135.8862766, 34.997586 ] } },
{ "type": "Feature", "properties": { "内容": "アトリエパンダヘルパーステーション【訪問介護】滋賀県大津市大石東６丁目７番４５号", "url": "https://www.kaigokensaku.mhlw.go.jp/25/index.php?action_kouhyou_detail_004_kani=true&JigyosyoCd=2570106142-00&ServiceCd=110&Type=search", "url2": "https://www.biwako-panda.com/" }, "geometry": { "type": "Point", "coordinates": [ 135.9168941, 34.9135911 ] } },
{ "type": "Feature", "properties": { "内容": "ふれあいサポート坂本ケアステーション【訪問介護】比叡辻二丁目17-3八景ビル3F", "url": "https://www.kaigokensaku.mhlw.go.jp/25/index.php?action_kouhyou_detail_004_kani=true&JigyosyoCd=2570106274-00&ServiceCd=110&Type=search", "url2": "http://furesuppo.com/" }, "geometry": { "type": "Point", "coordinates": [ 135.8820863, 35.0743085 ] } },
{ "type": "Feature", "properties": { "内容": "訪問介護　一休堅田【訪問介護】滋賀県大津市本堅田６丁目６番２号住宅型有料老人ホームCareVilla堅田", "url": "https://www.kaigokensaku.mhlw.go.jp/25/index.php?action_kouhyou_detail_004_kani=true&JigyosyoCd=2570106332-00&ServiceCd=110&Type=search", "url2": null }, "geometry": { "type": "Point", "coordinates": [ 135.909911553303516, 35.116440676933969 ] } },
{ "type": "Feature", "properties": { "内容": "田中ケアサービス株式会社　大津支援センター【訪問介護】滋賀県大津市鏡が浜１５－４１", "url": "https://www.kaigokensaku.mhlw.go.jp/25/index.php?action_kouhyou_detail_004_kani=true&JigyosyoCd=2570100194-00&ServiceCd=110&Type=search", "url2": "http://www.tanakacare.co.jp/" }, "geometry": { "type": "Point", "coordinates": [ 135.865021701296996, 35.03263445773041 ] } },
{ "type": "Feature", "properties": { "内容": "公益社団法人　大津市シルバー人材センター【訪問介護】滋賀県大津市中央二丁目2番5号中央市民センター3階", "url": "https://www.kaigokensaku.mhlw.go.jp/25/index.php?action_kouhyou_detail_004_kani=true&JigyosyoCd=2570100301-00&ServiceCd=110&Type=search", "url2": "http://otsu-sjc.or.jp/" }, "geometry": { "type": "Point", "coordinates": [ 135.865516417196659, 35.008389625375806 ] } },
{ "type": "Feature", "properties": { "内容": "桐生園訪問介護センター【訪問介護】滋賀県大津市桐生一丁目２６番７号", "url": "https://www.kaigokensaku.mhlw.go.jp/25/index.php?action_kouhyou_detail_004_kani=true&JigyosyoCd=2570101127-00&ServiceCd=110&Type=search", "url2": "http://www.kiryuen.jp/" }, "geometry": { "type": "Point", "coordinates": [ 135.991728400000056, 34.9708678 ] } },
{ "type": "Feature", "properties": { "内容": "ケアステーションあんじぇす堅田【訪問介護】滋賀県大津市今堅田1丁目10番7アンジェス堅田", "url": "https://www.kaigokensaku.mhlw.go.jp/25/index.php?action_kouhyou_detail_004_kani=true&JigyosyoCd=2570104055-00&ServiceCd=110&Type=search", "url2": "http://www.tsi-ns.com/katata/" }, "geometry": { "type": "Point", "coordinates": [ 135.923081711114492, 35.11946947286237 ] } },
{ "type": "Feature", "properties": { "内容": "訪問介護事業所　りんく大津浦の郷【訪問介護】大津市本堅田2丁目1-12", "url": "https://www.kaigokensaku.mhlw.go.jp/25/index.php?action_kouhyou_detail_004_kani=true&JigyosyoCd=2570104238-00&ServiceCd=110&Type=search", "url2": "http://link-otsu.jp/index.html" }, "geometry": { "type": "Point", "coordinates": [ 135.922292199999987, 35.112674200000015 ] } },
{ "type": "Feature", "properties": { "内容": "コンソルテ訪問介護事業所【訪問介護】滋賀県大津市瀬田4丁目1番3号", "url": "https://www.kaigokensaku.mhlw.go.jp/25/index.php?action_kouhyou_detail_004_kani=true&JigyosyoCd=2570104386-00&ServiceCd=110&Type=search", "url2": null }, "geometry": { "type": "Point", "coordinates": [ 135.907632017721539, 34.964178101970965 ] } },
{ "type": "Feature", "properties": { "内容": "グランユニライフホームヘルパーステーション大津大将軍【訪問介護】大津市大将軍3丁目19番5号", "url": "https://www.kaigokensaku.mhlw.go.jp/25/index.php?action_kouhyou_detail_004_kani=true&JigyosyoCd=2570105219-00&ServiceCd=110&Type=search", "url2": "gm⁻otsutaishogun⁻hc＠cocofump.co.jp" }, "geometry": { "type": "Point", "coordinates": [ 135.927608891401604, 34.99150386847132 ] } },
{ "type": "Feature", "properties": { "内容": "けいはんなヘルパーステーション瀬田【訪問介護】滋賀県大津市大萱4丁目6-1トゥインクル瀬田", "url": "https://www.kaigokensaku.mhlw.go.jp/25/index.php?action_kouhyou_detail_004_kani=true&JigyosyoCd=2570105276-00&ServiceCd=110&Type=search", "url2": null }, "geometry": { "type": "Point", "coordinates": [ 135.9174885, 34.9862486 ] } },
{ "type": "Feature", "properties": { "内容": "訪問介護さくらんぼヘルパーステーション【訪問介護】滋賀県大津市長等3丁目4-26", "url": "https://www.kaigokensaku.mhlw.go.jp/25/index.php?action_kouhyou_detail_004_kani=true&JigyosyoCd=2570103321-00&ServiceCd=110&Type=search", "url2": null }, "geometry": { "type": "Point", "coordinates": [ 135.85916, 35.0106938 ] } },
{ "type": "Feature", "properties": { "内容": "かたた訪問介護ステーション【訪問介護】滋賀県大津市本堅田6丁目16-8かすがやま翔裕館Ⅰ号館", "url": "https://www.kaigokensaku.mhlw.go.jp/25/index.php?action_kouhyou_detail_004_kani=true&JigyosyoCd=2570105532-00&ServiceCd=110&Type=search", "url2": null }, "geometry": { "type": "Point", "coordinates": [ 135.9097625, 35.1178869 ] } },
{ "type": "Feature", "properties": { "内容": "訪問介護事業所まほろば【訪問介護】滋賀県大津市南郷上山町18-12", "url": "https://www.kaigokensaku.mhlw.go.jp/25/index.php?action_kouhyou_detail_004_kani=true&JigyosyoCd=2570106316-00&ServiceCd=110&Type=search", "url2": null }, "geometry": { "type": "Point", "coordinates": [ 135.900149540475468, 34.934863966563015 ] } },
{ "type": "Feature", "properties": { "内容": "大津市社会福祉事業団中すこやかヘルパーステーション【訪問介護】大津市浜大津四丁目1-1明日都浜大津5階", "url": "https://www.kaigokensaku.mhlw.go.jp/25/index.php?action_kouhyou_detail_004_kani=true&JigyosyoCd=2570102018-00&ServiceCd=110&Type=search", "url2": "http://www.fukusi-otsu.or.jp/" }, "geometry": { "type": "Point", "coordinates": [ 135.862616500000058, 35.012095 ] } },
{ "type": "Feature", "properties": { "内容": "大津市社会福祉事業団瀬田すこやかヘルパーステーション【訪問介護】大津市三大寺８番D3－101", "url": "https://www.kaigokensaku.mhlw.go.jp/25/index.php?action_kouhyou_detail_004_kani=true&JigyosyoCd=2570102042-00&ServiceCd=110&Type=search", "url2": null }, "geometry": { "type": "Point", "coordinates": [ 135.916943721009829, 34.973769233102679 ] } },
{ "type": "Feature", "properties": { "内容": "ケアサポート大海【訪問介護】滋賀県大津市皇子が丘2丁目10-13西大津ビル501号室", "url": "https://www.kaigokensaku.mhlw.go.jp/25/index.php?action_kouhyou_detail_004_kani=true&JigyosyoCd=2570103180-00&ServiceCd=110&Type=search", "url2": null }, "geometry": { "type": "Point", "coordinates": [ 135.857373700000039, 35.0234839 ] } },
{ "type": "Feature", "properties": { "内容": "訪問介護RANOK大津柳川【訪問介護】滋賀県大津市柳川1丁目4-20ハイツルピナス103号室", "url": "https://www.kaigokensaku.mhlw.go.jp/25/index.php?action_kouhyou_detail_004_kani=true&JigyosyoCd=2570106514-00&ServiceCd=110&Type=search", "url2": null }, "geometry": { "type": "Point", "coordinates": [ 135.858665099999968, 35.031823 ] } },
{ "type": "Feature", "properties": { "内容": "在宅介護ファミールケア　堅田センター【訪問介護】滋賀県大津市今堅田2丁目26-8　サンユートラストビル３Ｆ", "url": "https://www.kaigokensaku.mhlw.go.jp/25/index.php?action_kouhyou_detail_004_kani=true&JigyosyoCd=2570100541-00&ServiceCd=110&Type=search", "url2": "http://www.famille-care.co.jp" }, "geometry": { "type": "Point", "coordinates": [ 135.920850400000063, 35.1217071 ] } },
{ "type": "Feature", "properties": { "内容": "有限会社　さくらケアセンター【訪問介護】滋賀県大津市湖城が丘44番18号", "url": "https://www.kaigokensaku.mhlw.go.jp/25/index.php?action_kouhyou_detail_004_kani=true&JigyosyoCd=2570100905-00&ServiceCd=110&Type=search", "url2": "http://sakura-carecenter.co.jp" }, "geometry": { "type": "Point", "coordinates": [ 135.881202600000051, 34.9970815 ] } },
{ "type": "Feature", "properties": { "内容": "ホームヘルパーステーション　松の浦湯治の郷【訪問介護】滋賀県大津市大物６６５番地の９", "url": "https://www.kaigokensaku.mhlw.go.jp/25/index.php?action_kouhyou_detail_004_kani=true&JigyosyoCd=2570101788-00&ServiceCd=110&Type=search", "url2": "https://biwakoaiwakai.com" }, "geometry": { "type": "Point", "coordinates": [ 135.933664431352213, 35.208995701876837 ] } },
{ "type": "Feature", "properties": { "内容": "ニチイケアセンターにおの浜【訪問介護】滋賀県大津市木下町17-12芙蓉ビル5階", "url": "https://www.kaigokensaku.mhlw.go.jp/25/index.php?action_kouhyou_detail_004_kani=true&JigyosyoCd=2570105193-00&ServiceCd=110&Type=search", "url2": "www.nichiigakkan.co.jp" }, "geometry": { "type": "Point", "coordinates": [ 135.8901975, 35.0016077 ] } },
{ "type": "Feature", "properties": { "内容": "ことほぎ大津京【訪問介護】滋賀県大津市桜野町1丁目15-4コーポ協和　102号室", "url": "https://www.kaigokensaku.mhlw.go.jp/25/index.php?action_kouhyou_detail_004_kani=true&JigyosyoCd=2570106597-00&ServiceCd=110&Type=search", "url2": null }, "geometry": { "type": "Point", "coordinates": [ 135.856083, 35.0275455 ] } },
{ "type": "Feature", "properties": { "内容": "LHヘルパーステーション【訪問介護】御殿浜1番13番", "url": "https://www.kaigokensaku.mhlw.go.jp/25/index.php?action_kouhyou_detail_004_kani=true&JigyosyoCd=2570104121-00&ServiceCd=110&Type=search", "url2": null }, "geometry": { "type": "Point", "coordinates": [ 135.895623199999989, 34.9890364 ] } },
{ "type": "Feature", "properties": { "内容": "サンウェルズ大津ヘルパーステーション【訪問介護】滋賀県大津市美崎町６番６号PDハウス大津", "url": "https://www.kaigokensaku.mhlw.go.jp/25/index.php?action_kouhyou_detail_004_kani=true&JigyosyoCd=2570106548-00&ServiceCd=110&Type=search", "url2": "https://sunwels.jp/pdh/facility/pdhouse-otsu/" }, "geometry": { "type": "Point", "coordinates": [ 135.890710238761869, 34.982235090305203 ] } },
{ "type": "Feature", "properties": { "内容": "ニチイケアセンターながら【訪問介護】滋賀県大津市大門通16-45", "url": "https://www.kaigokensaku.mhlw.go.jp/25/index.php?action_kouhyou_detail_004_kani=true&JigyosyoCd=2570100152-00&ServiceCd=110&Type=search", "url2": "http://www.nichiigakkan.co.jp" }, "geometry": { "type": "Point", "coordinates": [ 135.8575267, 35.0148016 ] } },
{ "type": "Feature", "properties": { "内容": "まごころはあとヘルパーステーション【訪問介護】桜野町1丁目17番15号", "url": "https://www.kaigokensaku.mhlw.go.jp/25/index.php?action_kouhyou_detail_004_kani=true&JigyosyoCd=2570103065-00&ServiceCd=110&Type=search", "url2": "http://magokoro-ie.net/" }, "geometry": { "type": "Point", "coordinates": [ 135.860562100000038, 35.0295138 ] } },
{ "type": "Feature", "properties": { "内容": "あいむ　大津訪問介護【訪問介護】滋賀県大津市瀬田1丁目4-10", "url": "https://www.kaigokensaku.mhlw.go.jp/25/index.php?action_kouhyou_detail_004_kani=true&JigyosyoCd=2570106258-00&ServiceCd=110&Type=search", "url2": "http://k-aimu.co.jp" }, "geometry": { "type": "Point", "coordinates": [ 135.9118332, 34.9758219 ] } },
{ "type": "Feature", "properties": { "内容": "ケアステーション琥珀【訪問介護】栄町2-14-2F", "url": "https://www.kaigokensaku.mhlw.go.jp/25/index.php?action_kouhyou_detail_004_kani=true&JigyosyoCd=2570104261-00&ServiceCd=110&Type=search", "url2": "https://kaigo-kohaku.jimdo.com" }, "geometry": { "type": "Point", "coordinates": [ 135.900705567401673, 34.976521286139771 ] } },
{ "type": "Feature", "properties": { "内容": "ドリームヘルパーステーション【訪問介護】滋賀県大津市本堅田６丁目3－50", "url": "https://www.kaigokensaku.mhlw.go.jp/25/index.php?action_kouhyou_detail_004_kani=true&JigyosyoCd=2570101770-00&ServiceCd=110&Type=search", "url2": null }, "geometry": { "type": "Point", "coordinates": [ 135.9083698, 35.116262 ] } },
{ "type": "Feature", "properties": { "内容": "訪問介護事業所たなごころ【訪問介護】滋賀県大津市苗鹿二丁目31番地28アンソレイエ1001号室", "url": "https://www.kaigokensaku.mhlw.go.jp/25/index.php?action_kouhyou_detail_004_kani=true&JigyosyoCd=2570105250-00&ServiceCd=110&Type=search", "url2": "https://tanagokoro-care.com/" }, "geometry": { "type": "Point", "coordinates": [ 135.8934604, 35.0877008 ] } },
{ "type": "Feature", "properties": { "内容": "ケアステーション　そらいろ【訪問介護】滋賀県大津市におの浜3-4-40小堀マンション104", "url": "https://www.kaigokensaku.mhlw.go.jp/25/index.php?action_kouhyou_detail_004_kani=true&JigyosyoCd=2570105409-00&ServiceCd=110&Type=search", "url2": "https://carestation-sorairo.business.site/" }, "geometry": { "type": "Point", "coordinates": [ 135.884896434970273, 35.003923778944383 ] } },
{ "type": "Feature", "properties": { "内容": "ケアフロンティア　大津ケアセンター【訪問介護】滋賀県大津市錦織三丁目16番17号", "url": "https://www.kaigokensaku.mhlw.go.jp/25/index.php?action_kouhyou_detail_004_kani=true&JigyosyoCd=2570104923-00&ServiceCd=110&Type=search", "url2": "http://carefrontier.co.jp/" }, "geometry": { "type": "Point", "coordinates": [ 135.860905923169867, 35.029475267659677 ] } },
{ "type": "Feature", "properties": { "内容": "ヘルパーステーションさんさん【訪問介護】大津市朝日1丁目4-6", "url": "https://www.kaigokensaku.mhlw.go.jp/25/index.php?action_kouhyou_detail_004_kani=true&JigyosyoCd=2570103636-00&ServiceCd=110&Type=search", "url2": null }, "geometry": { "type": "Point", "coordinates": [ 135.914722075173955, 35.140880049992084 ] } },
{ "type": "Feature", "properties": { "内容": "介護サービス令和【訪問介護】滋賀県大津市唐崎１丁目26-1フローラ唐崎201", "url": "https://www.kaigokensaku.mhlw.go.jp/25/index.php?action_kouhyou_detail_004_kani=true&JigyosyoCd=2570105227-00&ServiceCd=110&Type=search", "url2": null }, "geometry": { "type": "Point", "coordinates": [ 135.870138014076815, 35.048048811444765 ] } },
{ "type": "Feature", "properties": { "内容": "アーネストケアサービス【訪問介護】松が丘7丁目12-1", "url": "https://www.kaigokensaku.mhlw.go.jp/25/index.php?action_kouhyou_detail_004_kani=true&JigyosyoCd=2570102562-00&ServiceCd=110&Type=search", "url2": null }, "geometry": { "type": "Point", "coordinates": [ 135.962062169516003, 34.970384511108023 ] } },
{ "type": "Feature", "properties": { "内容": "医療法人良善会ひかり病院【訪問介護】滋賀県大津市際川3丁目35-1５階", "url": "https://www.kaigokensaku.mhlw.go.jp/25/index.php?action_kouhyou_detail_004_kani=true&JigyosyoCd=2510106152-00&ServiceCd=110&Type=search", "url2": "http://hikaribyouin.com/" }, "geometry": { "type": "Point", "coordinates": [ 135.8664556, 35.0439511 ] } },
{ "type": "Feature", "properties": { "内容": "訪問介護事業所　陽気の里　陽【訪問介護】滋賀県大津市苗鹿2丁目14-12", "url": "https://www.kaigokensaku.mhlw.go.jp/25/index.php?action_kouhyou_detail_004_kani=true&JigyosyoCd=2570106001-00&ServiceCd=110&Type=search", "url2": "http:youkinosato.com" }, "geometry": { "type": "Point", "coordinates": [ 135.889949292688925, 35.087560044380702 ] } },
{ "type": "Feature", "properties": { "内容": "はなまる訪問介護【訪問介護】滋賀県大津市光が丘町4番77号", "url": "https://www.kaigokensaku.mhlw.go.jp/25/index.php?action_kouhyou_detail_004_kani=true&JigyosyoCd=2570103776-00&ServiceCd=110&Type=search", "url2": null }, "geometry": { "type": "Point", "coordinates": [ 135.898175900000069, 34.9733069 ] } },
{ "type": "Feature", "properties": { "内容": "大津市社会福祉事業団膳所すこやかヘルパーステーション【訪問介護】大津市膳所二丁目５－５", "url": "https://www.kaigokensaku.mhlw.go.jp/25/index.php?action_kouhyou_detail_004_kani=true&JigyosyoCd=2570102026-00&ServiceCd=110&Type=search", "url2": null }, "geometry": { "type": "Point", "coordinates": [ 135.888571500000012, 34.9972259 ] } },
{ "type": "Feature", "properties": { "内容": "ニチイライフケア瀬田【訪問介護】滋賀県大津市大将軍2丁目1－17ニチイメゾン瀬田", "url": "https://www.kaigokensaku.mhlw.go.jp/25/index.php?action_kouhyou_detail_004_kani=true&JigyosyoCd=2570106043-00&ServiceCd=110&Type=search", "url2": "https://www.nichii-carepalace.co.jp/" }, "geometry": { "type": "Point", "coordinates": [ 135.9285285, 34.9921843 ] } },
{ "type": "Feature", "properties": { "内容": "おまめ訪問介護ステーション【訪問介護】滋賀県大津市中庄2丁目1-55アード膳所203アード膳所203", "url": "https://www.kaigokensaku.mhlw.go.jp/25/index.php?action_kouhyou_detail_004_kani=true&JigyosyoCd=2570106464-00&ServiceCd=110&Type=search", "url2": null }, "geometry": { "type": "Point", "coordinates": [ 135.886694251540945, 34.989775766433262 ] } },
{ "type": "Feature", "properties": { "内容": "訪問トータルケアにじ【訪問介護】滋賀県大津市南郷1丁目１４－４", "url": "https://www.kaigokensaku.mhlw.go.jp/25/index.php?action_kouhyou_detail_004_kani=true&JigyosyoCd=2570105714-00&ServiceCd=110&Type=search", "url2": "https://0120niji.jimdofree.com/" }, "geometry": { "type": "Point", "coordinates": [ 135.9078225, 34.9412658 ] } },
{ "type": "Feature", "properties": { "内容": "るりあん彦根ケアサービス【訪問介護】滋賀県彦根市野口町字若松276番地", "url": "https://www.kaigokensaku.mhlw.go.jp/25/index.php?action_kouhyou_detail_004_kani=true&JigyosyoCd=2570201216-00&ServiceCd=110&Type=search", "url2": "http://lelien-hikone.com/" }, "geometry": { "type": "Point", "coordinates": [ 136.236803399999985, 35.2212572 ] } },
{ "type": "Feature", "properties": { "内容": "有限会社愛彩　あったまるケアサービス【訪問介護】滋賀県彦根市後三条町５９０－７", "url": "https://www.kaigokensaku.mhlw.go.jp/25/index.php?action_kouhyou_detail_004_kani=true&JigyosyoCd=2570200440-00&ServiceCd=110&Type=search", "url2": null }, "geometry": { "type": "Point", "coordinates": [ 136.246049200000016, 35.2652726 ] } },
{ "type": "Feature", "properties": { "内容": "ケアステーションあんじぇす彦根【訪問介護】滋賀県彦根市大藪町７３７－３アンジェス彦根", "url": "https://www.kaigokensaku.mhlw.go.jp/25/index.php?action_kouhyou_detail_004_kani=true&JigyosyoCd=2570201109-00&ServiceCd=110&Type=search", "url2": "http://www.t-s-i.jp/index.html" }, "geometry": { "type": "Point", "coordinates": [ 136.234865315344223, 35.264524621873015 ] } },
{ "type": "Feature", "properties": { "内容": "ニチイケアセンター彦根【訪問介護】彦根市西葛籠町311－6", "url": "https://www.kaigokensaku.mhlw.go.jp/25/index.php?action_kouhyou_detail_004_kani=true&JigyosyoCd=2570200184-00&ServiceCd=110&Type=search", "url2": "http://www.nichiigakkan.co.jp/" }, "geometry": { "type": "Point", "coordinates": [ 136.240217201358064, 35.225660005016792 ] } },
{ "type": "Feature", "properties": { "内容": "特定非営利活動法人　滋賀リリースサポートセンター【訪問介護】彦根市芹町１０番２８－５０２号", "url": "https://www.kaigokensaku.mhlw.go.jp/25/index.php?action_kouhyou_detail_004_kani=true&JigyosyoCd=2570200838-00&ServiceCd=110&Type=search", "url2": "https://www.shiga-release.com/" }, "geometry": { "type": "Point", "coordinates": [ 136.259045499999957, 35.2605517 ] } },
{ "type": "Feature", "properties": { "内容": "ホームケアらっこ【訪問介護】滋賀県彦根市高宮町2073番地7", "url": "https://www.kaigokensaku.mhlw.go.jp/25/index.php?action_kouhyou_detail_004_kani=true&JigyosyoCd=2570201760-00&ServiceCd=110&Type=search", "url2": null }, "geometry": { "type": "Point", "coordinates": [ 136.2530964, 35.2377706 ] } },
{ "type": "Feature", "properties": { "内容": "障害者自立支援センター「葦の舟」【訪問介護】滋賀県彦根市高宮町1393-6ハイツスカイウィング102号", "url": "https://www.kaigokensaku.mhlw.go.jp/25/index.php?action_kouhyou_detail_004_kani=true&JigyosyoCd=2570200580-00&ServiceCd=110&Type=search", "url2": "http://ashinohune.org/" }, "geometry": { "type": "Point", "coordinates": [ 136.252449500000012, 35.2409143 ] } },
{ "type": "Feature", "properties": { "内容": "社会福祉法人　千歳会【訪問介護】彦根市河原二丁目１番３号", "url": "https://www.kaigokensaku.mhlw.go.jp/25/index.php?action_kouhyou_detail_004_kani=true&JigyosyoCd=2570200663-00&ServiceCd=110&Type=search", "url2": "www.chitosekai.net." }, "geometry": { "type": "Point", "coordinates": [ 136.25428450000004, 35.2661258 ] } },
{ "type": "Feature", "properties": { "内容": "みどりや訪問介護ステーション【訪問介護】滋賀県彦根市肥田町1013-2", "url": "https://www.kaigokensaku.mhlw.go.jp/25/index.php?action_kouhyou_detail_004_kani=true&JigyosyoCd=2570201059-00&ServiceCd=110&Type=search", "url2": "https://www.kyoto-midoriya.co.jp/" }, "geometry": { "type": "Point", "coordinates": [ 136.200130300000012, 35.2040429 ] } },
{ "type": "Feature", "properties": { "内容": "ニチイケアセンター稲枝【訪問介護】滋賀県彦根市稲部町字六ノ坪79-3日東マンション１F", "url": "https://www.kaigokensaku.mhlw.go.jp/25/index.php?action_kouhyou_detail_004_kani=true&JigyosyoCd=2570201463-00&ServiceCd=110&Type=search", "url2": null }, "geometry": { "type": "Point", "coordinates": [ 136.199255768043628, 35.206135246979215 ] } },
{ "type": "Feature", "properties": { "内容": "訪問介護ステーションりんく【訪問介護】滋賀県彦根市正法寺町370－5", "url": "https://www.kaigokensaku.mhlw.go.jp/25/index.php?action_kouhyou_detail_004_kani=true&JigyosyoCd=2570201596-00&ServiceCd=110&Type=search", "url2": null }, "geometry": { "type": "Point", "coordinates": [ 136.2749542, 35.2560522 ] } },
{ "type": "Feature", "properties": { "内容": "訪問介護事業所えがお【訪問介護】滋賀県彦根市戸賀町５１－１", "url": "https://www.kaigokensaku.mhlw.go.jp/25/index.php?action_kouhyou_detail_004_kani=true&JigyosyoCd=2570201067-00&ServiceCd=110&Type=search", "url2": null }, "geometry": { "type": "Point", "coordinates": [ 136.240600200000017, 35.254232 ] } },
{ "type": "Feature", "properties": { "内容": "訪問介護はえみ【訪問介護】彦根市田附町１２２７番地", "url": "https://www.kaigokensaku.mhlw.go.jp/25/index.php?action_kouhyou_detail_004_kani=true&JigyosyoCd=2570200861-00&ServiceCd=110&Type=search", "url2": "http://hp.kaipoke.biz/7c/" }, "geometry": { "type": "Point", "coordinates": [ 136.147746699999971, 35.2090741 ] } },
{ "type": "Feature", "properties": { "内容": "有限会社　フロルケア【訪問介護】滋賀県彦根市日夏町3662-5", "url": "https://www.kaigokensaku.mhlw.go.jp/25/index.php?action_kouhyou_detail_004_kani=true&JigyosyoCd=2570201513-00&ServiceCd=110&Type=search", "url2": "https://synapsegroup.jp" }, "geometry": { "type": "Point", "coordinates": [ 136.217956500000014, 35.2319702 ] } },
{ "type": "Feature", "properties": { "内容": "アクア彦根訪問介護【訪問介護】滋賀県彦根市野田山町918-1", "url": "https://www.kaigokensaku.mhlw.go.jp/25/index.php?action_kouhyou_detail_004_kani=true&JigyosyoCd=2570201711-00&ServiceCd=110&Type=search", "url2": null }, "geometry": { "type": "Point", "coordinates": [ 136.275624727721748, 35.246923069737825 ] } },
{ "type": "Feature", "properties": { "内容": "社会福祉法人彦根市社会福祉協議会ホームヘルパーステーション【訪問介護】彦根市平田町670番地彦根市福祉センター別館１階", "url": "https://www.kaigokensaku.mhlw.go.jp/25/index.php?action_kouhyou_detail_004_kani=true&JigyosyoCd=2570200044-00&ServiceCd=110&Type=search", "url2": "https://www.hikone-shakyo.or.jp" }, "geometry": { "type": "Point", "coordinates": [ 136.2394911, 35.2557895 ] } },
{ "type": "Feature", "properties": { "内容": "訪問介護　みずほ【訪問介護】日夏町２９０６番地５", "url": "https://www.kaigokensaku.mhlw.go.jp/25/index.php?action_kouhyou_detail_004_kani=true&JigyosyoCd=2570200473-00&ServiceCd=110&Type=search", "url2": null }, "geometry": { "type": "Point", "coordinates": [ 136.2179304, 35.2350079 ] } },
{ "type": "Feature", "properties": { "内容": "ニチイケアセンター大藪【訪問介護】彦根市大藪町2505-1", "url": "https://www.kaigokensaku.mhlw.go.jp/25/index.php?action_kouhyou_detail_004_kani=true&JigyosyoCd=2570200283-00&ServiceCd=110&Type=search", "url2": "http://www.nichiigakkan.co.jp" }, "geometry": { "type": "Point", "coordinates": [ 136.235100200000034, 35.2624945 ] } },
{ "type": "Feature", "properties": { "内容": "鈴木ヘルスケアサービス【訪問介護】滋賀県彦根市後三条町350－3", "url": "https://www.kaigokensaku.mhlw.go.jp/25/index.php?action_kouhyou_detail_004_kani=true&JigyosyoCd=2570200465-00&ServiceCd=110&Type=search", "url2": "http://www.suzukihltheare.co.jp" }, "geometry": { "type": "Point", "coordinates": [ 136.248814, 35.262825400000011 ] } },
{ "type": "Feature", "properties": { "内容": "アリエスけあ彦根【訪問介護】滋賀県彦根市西今町301番地1リヴハイツ104", "url": "https://www.kaigokensaku.mhlw.go.jp/25/index.php?action_kouhyou_detail_004_kani=true&JigyosyoCd=2570201448-00&ServiceCd=110&Type=search", "url2": null }, "geometry": { "type": "Point", "coordinates": [ 136.242688499999986, 35.2475734 ] } },
{ "type": "Feature", "properties": { "内容": "訪問介護ケアリー彦根宇尾【訪問介護】滋賀県彦根市宇尾町３１２番地", "url": "https://www.kaigokensaku.mhlw.go.jp/25/index.php?action_kouhyou_detail_004_kani=true&JigyosyoCd=2570201703-00&ServiceCd=110&Type=search", "url2": "https://carely-recruit.com/hikoneuo/" }, "geometry": { "type": "Point", "coordinates": [ 136.233882200000011, 35.244728640781375 ] } },
{ "type": "Feature", "properties": { "内容": "田中ケアサービス株式会社　彦根支援センター【訪問介護】滋賀県彦根市外町浄土129-2", "url": "https://www.kaigokensaku.mhlw.go.jp/25/index.php?action_kouhyou_detail_004_kani=true&JigyosyoCd=2570200010-00&ServiceCd=110&Type=search", "url2": "http://www.tanakacare.co.jp/" }, "geometry": { "type": "Point", "coordinates": [ 136.2642836, 35.2670538 ] } },
{ "type": "Feature", "properties": { "内容": "ケアステーション　あんじぇす彦根城【訪問介護】滋賀県彦根市元町1番34号アンジェス彦根城", "url": "https://www.kaigokensaku.mhlw.go.jp/25/index.php?action_kouhyou_detail_004_kani=true&JigyosyoCd=2570201190-00&ServiceCd=110&Type=search", "url2": "http://www.t-s-i.jp/" }, "geometry": { "type": "Point", "coordinates": [ 136.259448279237432, 35.276342160228282 ] } },
{ "type": "Feature", "properties": { "内容": "平田訪問介護ステーション爽やかな風【訪問介護】滋賀県彦根市平田町1114-1ひらた翔裕館Ⅰ号館", "url": "https://www.kaigokensaku.mhlw.go.jp/25/index.php?action_kouhyou_detail_004_kani=true&JigyosyoCd=2570201554-00&ServiceCd=110&Type=search", "url2": "https://www.sanga-kaigo.co.jp/" }, "geometry": { "type": "Point", "coordinates": [ 136.238478017552183, 35.260680605639656 ] } },
{ "type": "Feature", "properties": { "内容": "まりいヘルパーステーション【訪問介護】滋賀県彦根市肥田町981-2光タウン102号", "url": "https://www.kaigokensaku.mhlw.go.jp/25/index.php?action_kouhyou_detail_004_kani=true&JigyosyoCd=2570201331-00&ServiceCd=110&Type=search", "url2": "https://marii.crayonsite.net/" }, "geometry": { "type": "Point", "coordinates": [ 136.199777, 35.204621 ] } },
{ "type": "Feature", "properties": { "内容": "ヘルパーステーションひまわり【訪問介護】滋賀県彦根市里根町191-1ハートフルヒルズ彦根", "url": "https://www.kaigokensaku.mhlw.go.jp/25/index.php?action_kouhyou_detail_004_kani=true&JigyosyoCd=2570201133-00&ServiceCd=110&Type=search", "url2": "http://www.soin-vie.co.jp" }, "geometry": { "type": "Point", "coordinates": [ 136.26785540000003, 35.2674261 ] } },
{ "type": "Feature", "properties": { "内容": "信幸ケアサービスセンター【訪問介護】彦根市賀田山町240-2", "url": "https://www.kaigokensaku.mhlw.go.jp/25/index.php?action_kouhyou_detail_004_kani=true&JigyosyoCd=2570200606-00&ServiceCd=110&Type=search", "url2": "https://www.shinkohcare.com" }, "geometry": { "type": "Point", "coordinates": [ 136.21373078033443, 35.220833126765214 ] } },
{ "type": "Feature", "properties": { "内容": "サニープレイス河瀬ヘルパーステーション【訪問介護】滋賀県彦根市川瀬馬場町９７１番地１サニープレイス河瀬", "url": "https://www.kaigokensaku.mhlw.go.jp/25/index.php?action_kouhyou_detail_004_kani=true&JigyosyoCd=2570200986-00&ServiceCd=110&Type=search", "url2": "http://hinatakonon.jp/" }, "geometry": { "type": "Point", "coordinates": [ 136.224332499999946, 35.2277203 ] } },
{ "type": "Feature", "properties": { "内容": "るりあん稲枝ケアサービス【訪問介護】滋賀県彦根市野良田町287-3", "url": "https://www.kaigokensaku.mhlw.go.jp/25/index.php?action_kouhyou_detail_004_kani=true&JigyosyoCd=2570201828-00&ServiceCd=110&Type=search", "url2": null }, "geometry": { "type": "Point", "coordinates": [ 136.1976635, 35.2016792 ] } },
{ "type": "Feature", "properties": { "内容": "有限会社めいせい訪問介護事業所【訪問介護】滋賀県彦根市新海浜二丁目3番地6", "url": "https://www.kaigokensaku.mhlw.go.jp/25/index.php?action_kouhyou_detail_004_kani=true&JigyosyoCd=2570200523-00&ServiceCd=110&Type=search", "url2": "http://www." }, "geometry": { "type": "Point", "coordinates": [ 136.125013306157712, 35.215279780940563 ] } },
{ "type": "Feature", "properties": { "内容": "ケアステーションあんじぇす長浜【訪問介護】滋賀県長浜市室町410-1アンジェス長浜", "url": "https://www.kaigokensaku.mhlw.go.jp/25/index.php?action_kouhyou_detail_004_kani=true&JigyosyoCd=2570301453-00&ServiceCd=110&Type=search", "url2": "http://t-s-i.jp" }, "geometry": { "type": "Point", "coordinates": [ 136.288571877740395, 35.377707779505229 ] } },
{ "type": "Feature", "properties": { "内容": "ほっとはーとケアサービス【訪問介護】高月町柳野中９１番地", "url": "https://www.kaigokensaku.mhlw.go.jp/25/index.php?action_kouhyou_detail_004_kani=true&JigyosyoCd=2570301701-00&ServiceCd=110&Type=search", "url2": "https://hottoha-to0017.info" }, "geometry": { "type": "Point", "coordinates": [ 136.211042, 35.4681363 ] } },
{ "type": "Feature", "properties": { "内容": "田中ケアサービス株式会社　長浜支援センター【訪問介護】滋賀県長浜市祇園町278-5", "url": "https://www.kaigokensaku.mhlw.go.jp/25/index.php?action_kouhyou_detail_004_kani=true&JigyosyoCd=2570300224-00&ServiceCd=110&Type=search", "url2": "http://www.tanakacare.co.jp/" }, "geometry": { "type": "Point", "coordinates": [ 136.258624066131574, 35.386340181135559 ] } },
{ "type": "Feature", "properties": { "内容": "なないろヘルパーステーション【訪問介護】滋賀県長浜市八島町1557-1", "url": "https://www.kaigokensaku.mhlw.go.jp/25/index.php?action_kouhyou_detail_004_kani=true&JigyosyoCd=2570301370-00&ServiceCd=110&Type=search", "url2": null }, "geometry": { "type": "Point", "coordinates": [ 136.297845974706661, 35.434097326809294 ] } },
{ "type": "Feature", "properties": { "内容": "しゃきょうヘルパーステーションこくあ【訪問介護】長浜市内保町480-3", "url": "https://www.kaigokensaku.mhlw.go.jp/25/index.php?action_kouhyou_detail_004_kani=true&JigyosyoCd=2570300497-00&ServiceCd=110&Type=search", "url2": "http://www.nagahama-shakyo.or.jp" }, "geometry": { "type": "Point", "coordinates": [ 136.300610199999937, 35.4324452 ] } },
{ "type": "Feature", "properties": { "内容": "社会福祉法人芳醇会　ケアステーションかけはし訪問介護事業所【訪問介護】滋賀県長浜市湖北町山本4290", "url": "https://www.kaigokensaku.mhlw.go.jp/25/index.php?action_kouhyou_detail_004_kani=true&JigyosyoCd=2570300802-00&ServiceCd=110&Type=search", "url2": "http://www.care-station-kakehashi.com/" }, "geometry": { "type": "Point", "coordinates": [ 136.215439899999978, 35.4420083 ] } },
{ "type": "Feature", "properties": { "内容": "田中ケアサービス株式会社　高月支援センター【訪問介護】滋賀県長浜市高月町柏原418－1", "url": "https://www.kaigokensaku.mhlw.go.jp/25/index.php?action_kouhyou_detail_004_kani=true&JigyosyoCd=2570300836-00&ServiceCd=110&Type=search", "url2": "http://www.tanakacare.co.jp/" }, "geometry": { "type": "Point", "coordinates": [ 136.231447099999968, 35.4775834 ] } },
{ "type": "Feature", "properties": { "内容": "ヘルパーステーションあすか【訪問介護】滋賀県長浜市加田町1402", "url": "https://www.kaigokensaku.mhlw.go.jp/25/index.php?action_kouhyou_detail_004_kani=true&JigyosyoCd=2570301503-00&ServiceCd=110&Type=search", "url2": "https://askacare.com/" }, "geometry": { "type": "Point", "coordinates": [ 136.297718878886599, 35.367142813763422 ] } },
{ "type": "Feature", "properties": { "内容": "訪問介護ファミリオ長浜【訪問介護】滋賀県長浜市平方町238番地　ワイエフビル23　2Fワイエフビル２３　１階", "url": "https://www.kaigokensaku.mhlw.go.jp/25/index.php?action_kouhyou_detail_004_kani=true&JigyosyoCd=2570301768-00&ServiceCd=110&Type=search", "url2": null }, "geometry": { "type": "Point", "coordinates": [ 136.277989247221399, 35.371605038196655 ] } },
{ "type": "Feature", "properties": { "内容": "有限会社　ホーム・ヘルパー人財センター【訪問介護】長浜市山階町589-15", "url": "https://www.kaigokensaku.mhlw.go.jp/25/index.php?action_kouhyou_detail_004_kani=true&JigyosyoCd=2570300141-00&ServiceCd=110&Type=search", "url2": null }, "geometry": { "type": "Point", "coordinates": [ 136.287776500000064, 35.3903248 ] } },
{ "type": "Feature", "properties": { "内容": "しゃきょうヘルパーステーションあとれ【訪問介護】滋賀県長浜市木之本町黒田1221", "url": "https://www.kaigokensaku.mhlw.go.jp/25/index.php?action_kouhyou_detail_004_kani=true&JigyosyoCd=2570301339-00&ServiceCd=110&Type=search", "url2": "http://www.nagahama-shakyo.or.jp" }, "geometry": { "type": "Point", "coordinates": [ 136.212406500000043, 35.5046661 ] } },
{ "type": "Feature", "properties": { "内容": "ニチイケアセンター湖北【訪問介護】滋賀県長浜市加納町上角田886", "url": "https://www.kaigokensaku.mhlw.go.jp/25/index.php?action_kouhyou_detail_004_kani=true&JigyosyoCd=2570300026-00&ServiceCd=110&Type=search", "url2": "http://www.nichiigakkan.co.jp" }, "geometry": { "type": "Point", "coordinates": [ 136.304038100000071, 35.394747 ] } },
{ "type": "Feature", "properties": { "内容": "ニチイケアセンター六荘【訪問介護】滋賀県長浜市勝町452", "url": "https://www.kaigokensaku.mhlw.go.jp/25/index.php?action_kouhyou_detail_004_kani=true&JigyosyoCd=2570300240-00&ServiceCd=110&Type=search", "url2": "http://www.hstI95@nichiigakkan.co.jp" }, "geometry": { "type": "Point", "coordinates": [ 136.287023800000043, 35.3727408 ] } },
{ "type": "Feature", "properties": { "内容": "訪問介護事業所　　燦さん夢くらぶ【訪問介護】滋賀県長浜市湖北町山本2971－1", "url": "https://www.kaigokensaku.mhlw.go.jp/25/index.php?action_kouhyou_detail_004_kani=true&JigyosyoCd=2570300828-00&ServiceCd=110&Type=search", "url2": null }, "geometry": { "type": "Point", "coordinates": [ 136.212762500000053, 35.4441413 ] } },
{ "type": "Feature", "properties": { "内容": "ニチイケアセンター木之本【訪問介護】滋賀県長浜市木之本町木之本1587-4", "url": "https://www.kaigokensaku.mhlw.go.jp/25/index.php?action_kouhyou_detail_004_kani=true&JigyosyoCd=2570300851-00&ServiceCd=110&Type=search", "url2": "http://www.nichiigakkan.co.jp" }, "geometry": { "type": "Point", "coordinates": [ 136.224149899999929, 35.5054888 ] } },
{ "type": "Feature", "properties": { "内容": "株式会社訪問介護中井【訪問介護】滋賀県長浜市八幡東町316-6", "url": "https://www.kaigokensaku.mhlw.go.jp/25/index.php?action_kouhyou_detail_004_kani=true&JigyosyoCd=2570301115-00&ServiceCd=110&Type=search", "url2": "https://www.nakai-houmon.com/" }, "geometry": { "type": "Point", "coordinates": [ 136.27831070000002, 35.3866361 ] } },
{ "type": "Feature", "properties": { "内容": "アリエスけあ【訪問介護】滋賀県長浜市下八木町1654-1", "url": "https://www.kaigokensaku.mhlw.go.jp/25/index.php?action_kouhyou_detail_004_kani=true&JigyosyoCd=2570301289-00&ServiceCd=110&Type=search", "url2": null }, "geometry": { "type": "Point", "coordinates": [ 136.216153599999956, 35.4301568 ] } },
{ "type": "Feature", "properties": { "内容": "ニチイケアセンター浅井【訪問介護】滋賀県長浜市内保町258-1", "url": "https://www.kaigokensaku.mhlw.go.jp/25/index.php?action_kouhyou_detail_004_kani=true&JigyosyoCd=2570301560-00&ServiceCd=110&Type=search", "url2": "http://www.nichiigakkan.co.jp" }, "geometry": { "type": "Point", "coordinates": [ 136.306492299999974, 35.4287012 ] } },
{ "type": "Feature", "properties": { "内容": "ニチイケアセンター高月北【訪問介護】滋賀県長浜市高月町高月955-1", "url": "https://www.kaigokensaku.mhlw.go.jp/25/index.php?action_kouhyou_detail_004_kani=true&JigyosyoCd=2570301578-00&ServiceCd=110&Type=search", "url2": null }, "geometry": { "type": "Point", "coordinates": [ 136.233774617860405, 35.470019033307871 ] } },
{ "type": "Feature", "properties": { "内容": "アンタレスホームヘルパーステーション【訪問介護】滋賀県長浜市加田町3360", "url": "https://www.kaigokensaku.mhlw.go.jp/25/index.php?action_kouhyou_detail_004_kani=true&JigyosyoCd=2570300661-00&ServiceCd=110&Type=search", "url2": "https://www.seishokai.jp/antares" }, "geometry": { "type": "Point", "coordinates": [ 136.304977300000019, 35.3610679 ] } },
{ "type": "Feature", "properties": { "内容": "高齢者総合福祉施設余呉はごろも村　やまなみ訪問介護事業所【訪問介護】滋賀県長浜市余呉町中之郷2434番地", "url": "https://www.kaigokensaku.mhlw.go.jp/25/index.php?action_kouhyou_detail_004_kani=true&JigyosyoCd=2570300927-00&ServiceCd=110&Type=search", "url2": null }, "geometry": { "type": "Point", "coordinates": [ 136.2041372, 35.5423889 ] } },
{ "type": "Feature", "properties": { "内容": "訪問介護ステーション　ヒューマンケア長浜【訪問介護】長浜市田町140番地", "url": "https://www.kaigokensaku.mhlw.go.jp/25/index.php?action_kouhyou_detail_004_kani=true&JigyosyoCd=2570301834-00&ServiceCd=110&Type=search", "url2": "https://meigakukan.co.jp/hc-nurse/" }, "geometry": { "type": "Point", "coordinates": [ 136.2588748, 35.4226877 ] } },
{ "type": "Feature", "properties": { "内容": "ニチイケアセンター虎姫【訪問介護】滋賀県長浜市酢268-3ﾏﾙﾀｶ建設2階", "url": "https://www.kaigokensaku.mhlw.go.jp/25/index.php?action_kouhyou_detail_004_kani=true&JigyosyoCd=2570301586-00&ServiceCd=110&Type=search", "url2": "www.nichiigakkan.co.jp" }, "geometry": { "type": "Point", "coordinates": [ 136.254058500000042, 35.4176351 ] } },
{ "type": "Feature", "properties": { "内容": "ハートケアヘルパーゆとり【訪問介護】滋賀県長浜市西上坂町1235番地", "url": "https://www.kaigokensaku.mhlw.go.jp/25/index.php?action_kouhyou_detail_004_kani=true&JigyosyoCd=2570301271-00&ServiceCd=110&Type=search", "url2": null }, "geometry": { "type": "Point", "coordinates": [ 136.308321225153918, 35.408292763936437 ] } },
{ "type": "Feature", "properties": { "内容": "訪問介護事業所　すずらん【訪問介護】長浜市三ツ矢町13-16", "url": "https://www.kaigokensaku.mhlw.go.jp/25/index.php?action_kouhyou_detail_004_kani=true&JigyosyoCd=2570301081-00&ServiceCd=110&Type=search", "url2": null }, "geometry": { "type": "Point", "coordinates": [ 136.26847829999997, 35.3878884 ] } },
{ "type": "Feature", "properties": { "内容": "ケアステーション　あんじぇす神照【訪問介護】滋賀県長浜市神照町27-4", "url": "https://www.kaigokensaku.mhlw.go.jp/25/index.php?action_kouhyou_detail_004_kani=true&JigyosyoCd=2570301669-00&ServiceCd=110&Type=search", "url2": "http://www.t-ｓ-i.jp/index.html" }, "geometry": { "type": "Point", "coordinates": [ 136.280230962704479, 35.39831875559598 ] } },
{ "type": "Feature", "properties": { "内容": "ほほえみケア【訪問介護】滋賀県長浜市高月町高月114番地1", "url": "https://www.kaigokensaku.mhlw.go.jp/25/index.php?action_kouhyou_detail_004_kani=true&JigyosyoCd=2570301867-00&ServiceCd=110&Type=search", "url2": null }, "geometry": { "type": "Point", "coordinates": [ 136.236472273541267, 35.46640475552131 ] } },
{ "type": "Feature", "properties": { "内容": "シャトンケアサービス【訪問介護】滋賀県長浜市平方町町1210番25リバティハイツ　1階　102号室", "url": "https://www.kaigokensaku.mhlw.go.jp/25/index.php?action_kouhyou_detail_004_kani=true&JigyosyoCd=2570301602-00&ServiceCd=110&Type=search", "url2": "https://www.chatoncareservice.com/" }, "geometry": { "type": "Point", "coordinates": [ 136.2800813, 35.377195399999984 ] } },
{ "type": "Feature", "properties": { "内容": "あおぞら介護サービス【訪問介護】長浜市地福寺町１４番２１号２", "url": "https://www.kaigokensaku.mhlw.go.jp/25/index.php?action_kouhyou_detail_004_kani=true&JigyosyoCd=2570300646-00&ServiceCd=110&Type=search", "url2": null }, "geometry": { "type": "Point", "coordinates": [ 136.28001720342715, 35.375438944114414 ] } },
{ "type": "Feature", "properties": { "内容": "訪問介護ステーションてらしあ【訪問介護】滋賀県長浜市南高田町372-1", "url": "https://www.kaigokensaku.mhlw.go.jp/25/index.php?action_kouhyou_detail_004_kani=true&JigyosyoCd=2570301479-00&ServiceCd=110&Type=search", "url2": null }, "geometry": { "type": "Point", "coordinates": [ 136.282083891057113, 35.380799958873034 ] } },
{ "type": "Feature", "properties": { "内容": "ケアコネクション株式会社【訪問介護】鷹飼町457-23-201", "url": "https://www.kaigokensaku.mhlw.go.jp/25/index.php?action_kouhyou_detail_004_kani=true&JigyosyoCd=2570400883-00&ServiceCd=110&Type=search", "url2": null }, "geometry": { "type": "Point", "coordinates": [ 136.099540203041101, 35.12104996111259 ] } },
{ "type": "Feature", "properties": { "内容": "ツクイ近江八幡鷹飼【訪問介護】滋賀県近江八幡市鷹飼町北4-21-2", "url": "https://www.kaigokensaku.mhlw.go.jp/25/index.php?action_kouhyou_detail_004_kani=true&JigyosyoCd=2570400941-00&ServiceCd=110&Type=search", "url2": "https://www.tsukui.net/home-care/2585/" }, "geometry": { "type": "Point", "coordinates": [ 136.101774, 35.1276746 ] } },
{ "type": "Feature", "properties": { "内容": "訪問介護ヘルパーステーション　おうみ【訪問介護】滋賀県近江八幡市鷹飼町７４４番地　公益財団法人青樹会　滋賀八幡病院内", "url": "https://www.kaigokensaku.mhlw.go.jp/25/index.php?action_kouhyou_detail_004_kani=true&JigyosyoCd=2560490027-00&ServiceCd=110&Type=search", "url2": "http://www.seijyukai.jp" }, "geometry": { "type": "Point", "coordinates": [ 136.1041004, 35.1250087 ] } },
{ "type": "Feature", "properties": { "内容": "ニチイケアセンター近江八幡【訪問介護】滋賀県近江八幡市中村町476", "url": "https://www.kaigokensaku.mhlw.go.jp/25/index.php?action_kouhyou_detail_004_kani=true&JigyosyoCd=2570400099-00&ServiceCd=110&Type=search", "url2": "http://www.nichiigakkan.co.jp" }, "geometry": { "type": "Point", "coordinates": [ 136.0919685, 35.1327629 ] } },
{ "type": "Feature", "properties": { "内容": "JAグリーン近江介護福祉課　訪問介護事業所【訪問介護】滋賀県近江八幡市中小森町1138番地", "url": "https://www.kaigokensaku.mhlw.go.jp/25/index.php?action_kouhyou_detail_004_kani=true&JigyosyoCd=2570400024-00&ServiceCd=110&Type=search", "url2": "http://www.jagreenohmi.jashiga.co.jp/" }, "geometry": { "type": "Point", "coordinates": [ 136.083132557672116, 35.10983011858054 ] } },
{ "type": "Feature", "properties": { "内容": "しみんふくし滋賀近江八幡訪問介護事業所【訪問介護】滋賀県近江八幡市出町４１４-５フラワー１番館１０７号室", "url": "https://www.kaigokensaku.mhlw.go.jp/25/index.php?action_kouhyou_detail_004_kani=true&JigyosyoCd=2570400859-00&ServiceCd=110&Type=search", "url2": "http://www.shiminfukushi-shiga.jp/" }, "geometry": { "type": "Point", "coordinates": [ 136.099479887171924, 35.128129415814051 ] } },
{ "type": "Feature", "properties": { "内容": "公益財団法人近江兄弟社ホームヘルパーステーションヴォーリズ【訪問介護】滋賀県近江八幡市北之庄町492", "url": "https://www.kaigokensaku.mhlw.go.jp/25/index.php?action_kouhyou_detail_004_kani=true&JigyosyoCd=2510400068-00&ServiceCd=110&Type=search", "url2": "http://www.vories.or.jp" }, "geometry": { "type": "Point", "coordinates": [ 136.090811095770249, 35.152551729185582 ] } },
{ "type": "Feature", "properties": { "内容": "ヘルパーステーションあづち【訪問介護】滋賀県近江八幡市安土町上出908番地1", "url": "https://www.kaigokensaku.mhlw.go.jp/25/index.php?action_kouhyou_detail_004_kani=true&JigyosyoCd=2570400461-00&ServiceCd=110&Type=search", "url2": null }, "geometry": { "type": "Point", "coordinates": [ 136.141302, 35.1317582 ] } },
{ "type": "Feature", "properties": { "内容": "ニチイケアセンター八幡南【訪問介護】滋賀県近江八幡市鷹飼町南４丁目1-4カルチャーコート1-C号室", "url": "https://www.kaigokensaku.mhlw.go.jp/25/index.php?action_kouhyou_detail_004_kani=true&JigyosyoCd=2570400925-00&ServiceCd=110&Type=search", "url2": "http://www.nichiigakkan.co.jp/" }, "geometry": { "type": "Point", "coordinates": [ 136.102053599999977, 35.1213449 ] } },
{ "type": "Feature", "properties": { "内容": "合同会社Ｔ．ＤＬＳ【訪問介護】滋賀県近江八幡市末広町２００番地１１７", "url": "https://www.kaigokensaku.mhlw.go.jp/25/index.php?action_kouhyou_detail_004_kani=true&JigyosyoCd=2570401055-00&ServiceCd=110&Type=search", "url2": null }, "geometry": { "type": "Point", "coordinates": [ 136.1527376, 35.1112141 ] } },
{ "type": "Feature", "properties": { "内容": "びわこ介護ユアナース株式会社近江八幡営業所【訪問介護】近江八幡市鷹飼町454－7　鳥井ビル2F", "url": "https://www.kaigokensaku.mhlw.go.jp/25/index.php?action_kouhyou_detail_004_kani=true&JigyosyoCd=2570400230-00&ServiceCd=110&Type=search", "url2": "hpps://biwakokaigo.jp/" }, "geometry": { "type": "Point", "coordinates": [ 136.098679100000027, 35.1222358 ] } },
{ "type": "Feature", "properties": { "内容": "訪問介護事業所　カイト【訪問介護】滋賀県近江八幡市中小森町276-17", "url": "https://www.kaigokensaku.mhlw.go.jp/25/index.php?action_kouhyou_detail_004_kani=true&JigyosyoCd=2570400974-00&ServiceCd=110&Type=search", "url2": null }, "geometry": { "type": "Point", "coordinates": [ 136.087904400000014, 35.1169031 ] } },
{ "type": "Feature", "properties": { "内容": "タンポポ訪問サービス【訪問介護】追分町6丁目18-23", "url": "https://www.kaigokensaku.mhlw.go.jp/25/index.php?action_kouhyou_detail_004_kani=true&JigyosyoCd=2570600714-00&ServiceCd=110&Type=search", "url2": null }, "geometry": { "type": "Point", "coordinates": [ 139.715055900000038, 35.5197488 ] } },
{ "type": "Feature", "properties": { "内容": "あいサポートセンター【訪問介護】草津市新浜町８－５", "url": "https://www.kaigokensaku.mhlw.go.jp/25/index.php?action_kouhyou_detail_004_kani=true&JigyosyoCd=2570600276-00&ServiceCd=110&Type=search", "url2": "http://www2.plala.or.jp/ai-support/" }, "geometry": { "type": "Point", "coordinates": [ 135.927808599999906, 34.9987964 ] } },
{ "type": "Feature", "properties": { "内容": "ヘルパーステーション彩【訪問介護】滋賀県草津市平井２丁目８番１５号　２階", "url": "https://www.kaigokensaku.mhlw.go.jp/25/index.php?action_kouhyou_detail_004_kani=true&JigyosyoCd=2570601910-00&ServiceCd=110&Type=search", "url2": null }, "geometry": { "type": "Point", "coordinates": [ 135.9581224, 35.0331759 ] } },
{ "type": "Feature", "properties": { "内容": "ライフパートナー【訪問介護】滋賀県草津市若竹町7-10　Act213FAct213F", "url": "https://www.kaigokensaku.mhlw.go.jp/25/index.php?action_kouhyou_detail_004_kani=true&JigyosyoCd=2570601423-00&ServiceCd=110&Type=search", "url2": "https://escarethegrand.jp/" }, "geometry": { "type": "Point", "coordinates": [ 135.96822940000007, 35.02211350000006 ] } },
{ "type": "Feature", "properties": { "内容": "訪問介護事業所Mats【訪問介護】滋賀県草津市南草津5丁目4-7KNKレジデンス南草津203", "url": "https://www.kaigokensaku.mhlw.go.jp/25/index.php?action_kouhyou_detail_004_kani=true&JigyosyoCd=2570601977-00&ServiceCd=110&Type=search", "url2": null }, "geometry": { "type": "Point", "coordinates": [ 135.939383, 35.0047103 ] } },
{ "type": "Feature", "properties": { "内容": "ヘルパーステーション　くじら【訪問介護】木川町922-50", "url": "https://www.kaigokensaku.mhlw.go.jp/25/index.php?action_kouhyou_detail_004_kani=true&JigyosyoCd=2570601761-00&ServiceCd=110&Type=search", "url2": null }, "geometry": { "type": "Point", "coordinates": [ 135.952105196100064, 35.022251033740325 ] } },
{ "type": "Feature", "properties": { "内容": "菖蒲の郷訪問介護センター【訪問介護】滋賀県草津市追分南5丁目18番8号", "url": "https://www.kaigokensaku.mhlw.go.jp/25/index.php?action_kouhyou_detail_004_kani=true&JigyosyoCd=2570600748-00&ServiceCd=110&Type=search", "url2": "http://shoubunosato.jp" }, "geometry": { "type": "Point", "coordinates": [ 135.967649599999959, 34.9925091 ] } },
{ "type": "Feature", "properties": { "内容": "ヘルパーステーション　よつば【訪問介護】滋賀県草津市矢橋町621", "url": "https://www.kaigokensaku.mhlw.go.jp/25/index.php?action_kouhyou_detail_004_kani=true&JigyosyoCd=2570600441-00&ServiceCd=110&Type=search", "url2": "http://www.yotsuba-lcn.or.jp/" }, "geometry": { "type": "Point", "coordinates": [ 135.927025299999968, 35.0031347 ] } },
{ "type": "Feature", "properties": { "内容": "訪問介護事業所るぴな【訪問介護】滋賀県草津市東矢倉2丁目9-141F", "url": "https://www.kaigokensaku.mhlw.go.jp/25/index.php?action_kouhyou_detail_004_kani=true&JigyosyoCd=2570601381-00&ServiceCd=110&Type=search", "url2": "https://dst48.jp/" }, "geometry": { "type": "Point", "coordinates": [ 135.952996920030216, 35.003909990526758 ] } },
{ "type": "Feature", "properties": { "内容": "おたすけ家てんてん訪問介護事業所【訪問介護】滋賀県草津市片岡町559番地１", "url": "https://www.kaigokensaku.mhlw.go.jp/25/index.php?action_kouhyou_detail_004_kani=true&JigyosyoCd=2570601951-00&ServiceCd=110&Type=search", "url2": null }, "geometry": { "type": "Point", "coordinates": [ 135.9445949, 35.0560898 ] } },
{ "type": "Feature", "properties": { "内容": "有限会社ヒューマンケアあゆみ【訪問介護】滋賀県草津市野路町467-1ウイング21　202号室", "url": "https://www.kaigokensaku.mhlw.go.jp/25/index.php?action_kouhyou_detail_004_kani=true&JigyosyoCd=2570600607-00&ServiceCd=110&Type=search", "url2": "human-care-ayumi.com" }, "geometry": { "type": "Point", "coordinates": [ 135.939270900000054, 35.0070014 ] } },
{ "type": "Feature", "properties": { "内容": "訪問介護かえで【訪問介護】追分南1-7-3", "url": "https://www.kaigokensaku.mhlw.go.jp/25/index.php?action_kouhyou_detail_004_kani=true&JigyosyoCd=2570601241-00&ServiceCd=110&Type=search", "url2": "https://maple-kohu.com" }, "geometry": { "type": "Point", "coordinates": [ 135.961205599999971, 35.0000276 ] } },
{ "type": "Feature", "properties": { "内容": "ヘルパーステーションアイズ【訪問介護】草津市追分4丁目11-37", "url": "https://www.kaigokensaku.mhlw.go.jp/25/index.php?action_kouhyou_detail_004_kani=true&JigyosyoCd=2570601878-00&ServiceCd=110&Type=search", "url2": "https://iz-life.com/" }, "geometry": { "type": "Point", "coordinates": [ 135.9615465, 35.004662100000019 ] } },
{ "type": "Feature", "properties": { "内容": "ヘルパーステーションウイング【訪問介護】滋賀県草津市上笠四丁目３２番１７号", "url": "https://www.kaigokensaku.mhlw.go.jp/25/index.php?action_kouhyou_detail_004_kani=true&JigyosyoCd=2570602082-00&ServiceCd=110&Type=search", "url2": "https://helperstationwing.hirameki7.site" }, "geometry": { "type": "Point", "coordinates": [ 135.9410919, 35.0318135 ] } },
{ "type": "Feature", "properties": { "内容": "あやは訪問介護事業所　草津【訪問介護】草津市西渋川1丁目17-25　綾羽企業年金基金会館内", "url": "https://www.kaigokensaku.mhlw.go.jp/25/index.php?action_kouhyou_detail_004_kani=true&JigyosyoCd=2570600193-00&ServiceCd=110&Type=search", "url2": "http://www.ayaha.co.jp/care/" }, "geometry": { "type": "Point", "coordinates": [ 135.962735, 35.026927 ] } },
{ "type": "Feature", "properties": { "内容": "訪問介護ステーション　ティエールみなみ草津【訪問介護】滋賀県草津市東矢倉二丁目２番３３号", "url": "https://www.kaigokensaku.mhlw.go.jp/25/index.php?action_kouhyou_detail_004_kani=true&JigyosyoCd=2570601357-00&ServiceCd=110&Type=search", "url2": null }, "geometry": { "type": "Point", "coordinates": [ 135.956772499999943, 35.0073988 ] } },
{ "type": "Feature", "properties": { "内容": "訪問介護事業所　よかよか【訪問介護】滋賀県草津市駒井沢町375-33", "url": "https://www.kaigokensaku.mhlw.go.jp/25/index.php?action_kouhyou_detail_004_kani=true&JigyosyoCd=2570601662-00&ServiceCd=110&Type=search", "url2": "yokayoka0703@gmail.com" }, "geometry": { "type": "Point", "coordinates": [ 135.959360899999979, 35.0430397 ] } },
{ "type": "Feature", "properties": { "内容": "ケア21草津【訪問介護】滋賀県草津市平井1丁目7-1平井テナント", "url": "https://www.kaigokensaku.mhlw.go.jp/25/index.php?action_kouhyou_detail_004_kani=true&JigyosyoCd=2570601852-00&ServiceCd=110&Type=search", "url2": null }, "geometry": { "type": "Point", "coordinates": [ 135.9611979, 35.0293068 ] } },
{ "type": "Feature", "properties": { "内容": "ヘルパーステーションCOCOそら【訪問介護】滋賀県草津市野路8-15-8クラージュ21　101号", "url": "https://www.kaigokensaku.mhlw.go.jp/25/index.php?action_kouhyou_detail_004_kani=true&JigyosyoCd=2570601860-00&ServiceCd=110&Type=search", "url2": "https://www.leciel3588.com" }, "geometry": { "type": "Point", "coordinates": [ 135.934115, 35.0097978 ] } },
{ "type": "Feature", "properties": { "内容": "ムラセ介護サービス事業所【訪問介護】滋賀県草津市野路１丁目１４番３８－２０１号", "url": "https://www.kaigokensaku.mhlw.go.jp/25/index.php?action_kouhyou_detail_004_kani=true&JigyosyoCd=2570600177-00&ServiceCd=110&Type=search", "url2": "https://murase-group.jp/" }, "geometry": { "type": "Point", "coordinates": [ 135.947940099999983, 35.0036103 ] } },
{ "type": "Feature", "properties": { "内容": "医心館訪問介護ステーション南草津【訪問介護】滋賀県草津市追分南二丁目3番17号", "url": "https://www.kaigokensaku.mhlw.go.jp/25/index.php?action_kouhyou_detail_004_kani=true&JigyosyoCd=2570602017-00&ServiceCd=110&Type=search", "url2": null }, "geometry": { "type": "Point", "coordinates": [ 135.964614, 34.9950067 ] } },
{ "type": "Feature", "properties": { "内容": "社会医療法人草津ケアセンター訪問介護ステーション【訪問介護】滋賀県草津市野村2-13-13", "url": "https://www.kaigokensaku.mhlw.go.jp/25/index.php?action_kouhyou_detail_004_kani=true&JigyosyoCd=2550680017-00&ServiceCd=110&Type=search", "url2": "https://www.seikoukai-sc.or.jp/care_center/facility/visit-nursing" }, "geometry": { "type": "Point", "coordinates": [ 135.953325100000029, 35.0253266 ] } },
{ "type": "Feature", "properties": { "内容": "訪問介護センターなでしこ草津【訪問介護】草津市西渋川2丁目９－４８－１１", "url": "https://www.kaigokensaku.mhlw.go.jp/25/index.php?action_kouhyou_detail_004_kani=true&JigyosyoCd=2570601449-00&ServiceCd=110&Type=search", "url2": "http:/www.saiseikai-shiga.jp/tankaiso/" }, "geometry": { "type": "Point", "coordinates": [ 135.963896200000022, 35.0295262 ] } },
{ "type": "Feature", "properties": { "内容": "オフィス豆の木　訪問介護事務所【訪問介護】滋賀県草津市大路1丁目7-1リーデンスタワー草津3103", "url": "https://www.kaigokensaku.mhlw.go.jp/25/index.php?action_kouhyou_detail_004_kani=true&JigyosyoCd=2570600011-00&ServiceCd=110&Type=search", "url2": null }, "geometry": { "type": "Point", "coordinates": [ 135.961746700000049, 35.0200998 ] } },
{ "type": "Feature", "properties": { "内容": "はぴねすさぽーと滋賀支店【訪問介護】草津市平井２丁目９－１１EspoirTakaya305", "url": "https://www.kaigokensaku.mhlw.go.jp/25/index.php?action_kouhyou_detail_004_kani=true&JigyosyoCd=2570601720-00&ServiceCd=110&Type=search", "url2": "WWW.REGAROA.NET" }, "geometry": { "type": "Point", "coordinates": [ 135.957687600000014, 35.0331171 ] } },
{ "type": "Feature", "properties": { "内容": "訪問介護フィットケア南草津【訪問介護】南笠東1丁目16-24", "url": "https://www.kaigokensaku.mhlw.go.jp/25/index.php?action_kouhyou_detail_004_kani=true&JigyosyoCd=2570601993-00&ServiceCd=110&Type=search", "url2": null }, "geometry": { "type": "Point", "coordinates": [ 135.9457937, 34.9929908 ] } },
{ "type": "Feature", "properties": { "内容": "ニチイケアセンター草津【訪問介護】滋賀県草津市矢倉1丁目2-19-15", "url": "https://www.kaigokensaku.mhlw.go.jp/25/index.php?action_kouhyou_detail_004_kani=true&JigyosyoCd=2570600508-00&ServiceCd=110&Type=search", "url2": "http://www.nichiigakkann.co.jp" }, "geometry": { "type": "Point", "coordinates": [ 135.954758699999957, 35.0109371 ] } },
{ "type": "Feature", "properties": { "内容": "労協センター事業団草津地域福祉事業所ヘルパーステーションみんなの家【訪問介護】草津市東草津1-2-35", "url": "https://www.kaigokensaku.mhlw.go.jp/25/index.php?action_kouhyou_detail_004_kani=true&JigyosyoCd=2570600359-00&ServiceCd=110&Type=search", "url2": "http://minnanoie.roukyou.gr.jp/" }, "geometry": { "type": "Point", "coordinates": [ 135.967942099999959, 35.01532760000002 ] } },
{ "type": "Feature", "properties": { "内容": "イリーゼ草津訪問介護センター【訪問介護】滋賀県草津市野村6丁目17番36号イリーゼ草津", "url": "https://www.kaigokensaku.mhlw.go.jp/25/index.php?action_kouhyou_detail_004_kani=true&JigyosyoCd=2570601522-00&ServiceCd=110&Type=search", "url2": "http://www.hitowa.com/care-service/" }, "geometry": { "type": "Point", "coordinates": [ 135.95310829999994, 35.0293011 ] } },
{ "type": "Feature", "properties": { "内容": "ヘルパーステーションOASIS【訪問介護】滋賀県草津市矢橋町105-1カーサ・ソラッツオ　壱番館423号", "url": "https://www.kaigokensaku.mhlw.go.jp/25/index.php?action_kouhyou_detail_004_kani=true&JigyosyoCd=2570602090-00&ServiceCd=110&Type=search", "url2": null }, "geometry": { "type": "Point", "coordinates": [ 135.9351484, 35.0091475 ] } },
{ "type": "Feature", "properties": { "内容": "ケアステーションつみき【訪問介護】滋賀県草津市大路一丁目4-12大丸ソイビル302号", "url": "https://www.kaigokensaku.mhlw.go.jp/25/index.php?action_kouhyou_detail_004_kani=true&JigyosyoCd=2570601928-00&ServiceCd=110&Type=search", "url2": "https://tsumiki0808.com" }, "geometry": { "type": "Point", "coordinates": [ 135.961174699999987, 35.0194549 ] } },
{ "type": "Feature", "properties": { "内容": "ニチイライフケア南草津【訪問介護】野路5丁目20－25ニチイメゾン南草津", "url": "https://www.kaigokensaku.mhlw.go.jp/25/index.php?action_kouhyou_detail_004_kani=true&JigyosyoCd=2570601886-00&ServiceCd=110&Type=search", "url2": "https://www.nichii-carepalace.co.jp/" }, "geometry": { "type": "Point", "coordinates": [ 135.94841310000001, 34.9986361 ] } },
{ "type": "Feature", "properties": { "内容": "訪問介護サービスゆとり【訪問介護】滋賀県草津市南笠東二丁目１５番９号", "url": "https://www.kaigokensaku.mhlw.go.jp/25/index.php?action_kouhyou_detail_004_kani=true&JigyosyoCd=2570602108-00&ServiceCd=110&Type=search", "url2": "https://yutoriyutori.jimdofree.com" }, "geometry": { "type": "Point", "coordinates": [ 135.939985799999988, 34.994261 ] } },
{ "type": "Feature", "properties": { "内容": "イリーゼ草津訪問介護センター【訪問介護】滋賀県草津市野村６丁目１７番３６号イリーゼ草津", "url": "https://www.kaigokensaku.mhlw.go.jp/25/index.php?action_kouhyou_detail_004_kani=true&JigyosyoCd=2570602116-00&ServiceCd=110&Type=search", "url2": "http://www.hitowa.com/care-service/" }, "geometry": { "type": "Point", "coordinates": [ 135.953107100000011, 35.0292859 ] } },
{ "type": "Feature", "properties": { "内容": "訪問介護アザレアK.C【訪問介護】滋賀県草津市東矢倉3丁目34ー48", "url": "https://www.kaigokensaku.mhlw.go.jp/25/index.php?action_kouhyou_detail_004_kani=true&JigyosyoCd=2570601688-00&ServiceCd=110&Type=search", "url2": "http://azaleakc.jimdo.com/" }, "geometry": { "type": "Point", "coordinates": [ 135.957596200000012, 35.0008575 ] } },
{ "type": "Feature", "properties": { "内容": "メディケア訪問介護事業所【訪問介護】滋賀県草津市草津3丁目14-44木村ビル1階", "url": "https://www.kaigokensaku.mhlw.go.jp/25/index.php?action_kouhyou_detail_004_kani=true&JigyosyoCd=2570601985-00&ServiceCd=110&Type=search", "url2": "https://www.dayservice-magokoro.com/service/medicare/" }, "geometry": { "type": "Point", "coordinates": [ 135.961854500000015, 35.012319199999986 ] } },
{ "type": "Feature", "properties": { "内容": "ヘルパーステーションここあ草津【訪問介護】滋賀県草津市大路1丁目4-25", "url": "https://www.kaigokensaku.mhlw.go.jp/25/index.php?action_kouhyou_detail_004_kani=true&JigyosyoCd=2570601514-00&ServiceCd=110&Type=search", "url2": "http://kokoa.jp/service/kusatsu/" }, "geometry": { "type": "Point", "coordinates": [ 135.960955942327899, 35.018955121919845 ] } },
{ "type": "Feature", "properties": { "内容": "ライフケア向日葵【訪問介護】滋賀県草津市若竹町10ー41　丸十ビル4階", "url": "https://www.kaigokensaku.mhlw.go.jp/25/index.php?action_kouhyou_detail_004_kani=true&JigyosyoCd=2570601571-00&ServiceCd=110&Type=search", "url2": null }, "geometry": { "type": "Point", "coordinates": [ 135.96861684223822, 35.020396969457131 ] } },
{ "type": "Feature", "properties": { "内容": "ツクイ草津【訪問介護】滋賀県草津市岡本町1371-7フレール西鴻池205号", "url": "https://www.kaigokensaku.mhlw.go.jp/25/index.php?action_kouhyou_detail_004_kani=true&JigyosyoCd=2570601746-00&ServiceCd=110&Type=search", "url2": "https://www.tsukui.net/home-care/2745/" }, "geometry": { "type": "Point", "coordinates": [ 135.9713261, 34.9906593 ] } },
{ "type": "Feature", "properties": { "内容": "サポートセンターまはろ【訪問介護】滋賀県守山市守山３丁目20-46ハシモトビル2F", "url": "https://www.kaigokensaku.mhlw.go.jp/25/index.php?action_kouhyou_detail_004_kani=true&JigyosyoCd=2570700977-00&ServiceCd=110&Type=search", "url2": null }, "geometry": { "type": "Point", "coordinates": [ 135.9897853, 35.0576124 ] } },
{ "type": "Feature", "properties": { "内容": "ライフサポート「ナナ」訪問介護事業所【訪問介護】滋賀県守山市今浜町2532-5", "url": "https://www.kaigokensaku.mhlw.go.jp/25/index.php?action_kouhyou_detail_004_kani=true&JigyosyoCd=2570700373-00&ServiceCd=110&Type=search", "url2": null }, "geometry": { "type": "Point", "coordinates": [ 135.946495227616879, 35.118364287905969 ] } },
{ "type": "Feature", "properties": { "内容": "すこやか生活支援センター【訪問介護】滋賀県守山市古高町98-9", "url": "https://www.kaigokensaku.mhlw.go.jp/25/index.php?action_kouhyou_detail_004_kani=true&JigyosyoCd=2570701074-00&ServiceCd=110&Type=search", "url2": null }, "geometry": { "type": "Point", "coordinates": [ 135.980280377909821, 35.052235765869902 ] } },
{ "type": "Feature", "properties": { "内容": "ケアステーションふたば【訪問介護】滋賀県守山市水保町2227番地の3", "url": "https://www.kaigokensaku.mhlw.go.jp/25/index.php?action_kouhyou_detail_004_kani=true&JigyosyoCd=2570701132-00&ServiceCd=110&Type=search", "url2": "https://www.care-st-futaba.com" }, "geometry": { "type": "Point", "coordinates": [ 135.9565273, 35.1001441 ] } },
{ "type": "Feature", "properties": { "内容": "ヘルパーステーションここあ勝部【訪問介護】勝部3丁目10-34", "url": "https://www.kaigokensaku.mhlw.go.jp/25/index.php?action_kouhyou_detail_004_kani=true&JigyosyoCd=2570700746-00&ServiceCd=110&Type=search", "url2": "http://www.kokoa.jp" }, "geometry": { "type": "Point", "coordinates": [ 135.98806049999996, 35.0471747 ] } },
{ "type": "Feature", "properties": { "内容": "訪問介護事業所あかりや守山【訪問介護】守山6-9-41", "url": "https://www.kaigokensaku.mhlw.go.jp/25/index.php?action_kouhyou_detail_004_kani=true&JigyosyoCd=2570701264-00&ServiceCd=110&Type=search", "url2": "https://akariya.ltd/office/moriyama/" }, "geometry": { "type": "Point", "coordinates": [ 135.995218, 35.0633288 ] } },
{ "type": "Feature", "properties": { "内容": "有限会社ゆうすげ介護指定訪問介護事業所【訪問介護】滋賀県守山市下之郷1丁目2番32-301号", "url": "https://www.kaigokensaku.mhlw.go.jp/25/index.php?action_kouhyou_detail_004_kani=true&JigyosyoCd=2570700332-00&ServiceCd=110&Type=search", "url2": "http://www.yuusuge.co.jp/" }, "geometry": { "type": "Point", "coordinates": [ 135.995643171827766, 35.063698245623065 ] } },
{ "type": "Feature", "properties": { "内容": "ゆうらいふヘルパーステーション【訪問介護】守山市石田町735-3", "url": "https://www.kaigokensaku.mhlw.go.jp/25/index.php?action_kouhyou_detail_004_kani=true&JigyosyoCd=2570700688-00&ServiceCd=110&Type=search", "url2": "http://www.youIife.ne.jp" }, "geometry": { "type": "Point", "coordinates": [ 135.972591873566046, 35.074903908955385 ] } },
{ "type": "Feature", "properties": { "内容": "ケアステーションあんじぇす守山【訪問介護】滋賀県守山市古高町602番", "url": "https://www.kaigokensaku.mhlw.go.jp/25/index.php?action_kouhyou_detail_004_kani=true&JigyosyoCd=2570700910-00&ServiceCd=110&Type=search", "url2": null }, "geometry": { "type": "Point", "coordinates": [ 135.9759238, 35.052003 ] } },
{ "type": "Feature", "properties": { "内容": "しみんふくし滋賀守山訪問介護事業所【訪問介護】滋賀県守山市守山6丁目1-44", "url": "https://www.kaigokensaku.mhlw.go.jp/25/index.php?action_kouhyou_detail_004_kani=true&JigyosyoCd=2570700993-00&ServiceCd=110&Type=search", "url2": "http://www.shiminfukushi-shiga.jp/" }, "geometry": { "type": "Point", "coordinates": [ 135.993882, 35.0610648 ] } },
{ "type": "Feature", "properties": { "内容": "JAレーク滋賀訪問介護事業所【訪問介護】滋賀県守山市吉身三丁目７番６号", "url": "https://www.kaigokensaku.mhlw.go.jp/25/index.php?action_kouhyou_detail_004_kani=true&JigyosyoCd=2570701124-00&ServiceCd=110&Type=search", "url2": "ｈｔｔｐｓ：//ｊａ-ｌａｋｅｓｈｉｇａ.ｏｒ.ｊｐ/" }, "geometry": { "type": "Point", "coordinates": [ 135.994848416558767, 35.060258515869215 ] } },
{ "type": "Feature", "properties": { "内容": "ケア21守山【訪問介護】滋賀県守山市勝部四丁目3-20Bu-Bu-BuSUN203号", "url": "https://www.kaigokensaku.mhlw.go.jp/25/index.php?action_kouhyou_detail_004_kani=true&JigyosyoCd=2570701215-00&ServiceCd=110&Type=search", "url2": "https://career.care21.co.jp/2024/16637/" }, "geometry": { "type": "Point", "coordinates": [ 135.993875300000013, 35.0435875 ] } },
{ "type": "Feature", "properties": { "内容": "ゆいの里訪問介護ステーション【訪問介護】滋賀県守山市守山６丁目11－51", "url": "https://www.kaigokensaku.mhlw.go.jp/25/index.php?action_kouhyou_detail_004_kani=true&JigyosyoCd=2570700043-00&ServiceCd=110&Type=search", "url2": "http://www.yuinosato.or.jp" }, "geometry": { "type": "Point", "coordinates": [ 135.993446144359496, 35.060980961147706 ] } },
{ "type": "Feature", "properties": { "内容": "社会福祉法人守山市社会福祉協議会訪問介護事業所【訪問介護】滋賀県守山市石田町422番地社協石田ケアセンター", "url": "https://www.kaigokensaku.mhlw.go.jp/25/index.php?action_kouhyou_detail_004_kani=true&JigyosyoCd=2570700068-00&ServiceCd=110&Type=search", "url2": "http://www.moriyama-shakyo.or.jp/" }, "geometry": { "type": "Point", "coordinates": [ 135.979028, 35.0693745 ] } },
{ "type": "Feature", "properties": { "内容": "ヘルパーステーション杜【訪問介護】滋賀県守山市今浜町2620－132", "url": "https://www.kaigokensaku.mhlw.go.jp/25/index.php?action_kouhyou_detail_004_kani=true&JigyosyoCd=2570701082-00&ServiceCd=110&Type=search", "url2": "https://tkk-kaigoservice.com/" }, "geometry": { "type": "Point", "coordinates": [ 135.946940466270405, 35.124676899462102 ] } },
{ "type": "Feature", "properties": { "内容": "ヘルパーステーションぽこ守山【訪問介護】滋賀県守山市守山４丁目7-20辻田ビル105", "url": "https://www.kaigokensaku.mhlw.go.jp/25/index.php?action_kouhyou_detail_004_kani=true&JigyosyoCd=2570701173-00&ServiceCd=110&Type=search", "url2": "https://www.pak2.com" }, "geometry": { "type": "Point", "coordinates": [ 135.9900204, 35.0612714 ] } },
{ "type": "Feature", "properties": { "内容": "アクア守山訪問介護【訪問介護】滋賀県守山市水保町2892-2琵琶湖プラザ803号室", "url": "https://www.kaigokensaku.mhlw.go.jp/25/index.php?action_kouhyou_detail_004_kani=true&JigyosyoCd=2570701181-00&ServiceCd=110&Type=search", "url2": null }, "geometry": { "type": "Point", "coordinates": [ 135.944020034145893, 35.114685893965152 ] } },
{ "type": "Feature", "properties": { "内容": "アクア水保訪問介護【訪問介護】滋賀県守山市水保町2892-2琵琶湖プラザ806号室", "url": "https://www.kaigokensaku.mhlw.go.jp/25/index.php?action_kouhyou_detail_004_kani=true&JigyosyoCd=2570701256-00&ServiceCd=110&Type=search", "url2": null }, "geometry": { "type": "Point", "coordinates": [ 135.944019150926238, 35.114689495744962 ] } },
{ "type": "Feature", "properties": { "内容": "あいむ守山訪問介護【訪問介護】滋賀県守山市守山６丁目９番２８号エルプラス元町", "url": "https://www.kaigokensaku.mhlw.go.jp/25/index.php?action_kouhyou_detail_004_kani=true&JigyosyoCd=2570701058-00&ServiceCd=110&Type=search", "url2": "http://k-aimu.co.jp/" }, "geometry": { "type": "Point", "coordinates": [ 135.994581238432147, 35.063748165691635 ] } },
{ "type": "Feature", "properties": { "内容": "訪問介護フィットケア守山【訪問介護】守山市水保町1390-4", "url": "https://www.kaigokensaku.mhlw.go.jp/25/index.php?action_kouhyou_detail_004_kani=true&JigyosyoCd=2570700407-00&ServiceCd=110&Type=search", "url2": null }, "geometry": { "type": "Point", "coordinates": [ 135.9444684, 35.1152322 ] } },
{ "type": "Feature", "properties": { "内容": "大福【訪問介護】滋賀県守山市今浜町２６２０番地８９", "url": "https://www.kaigokensaku.mhlw.go.jp/25/index.php?action_kouhyou_detail_004_kani=true&JigyosyoCd=2570701272-00&ServiceCd=110&Type=search", "url2": null }, "geometry": { "type": "Point", "coordinates": [ 135.948299, 35.125216100000017 ] } },
{ "type": "Feature", "properties": { "内容": "ヘルパーステーションあづき【訪問介護】滋賀県栗東市安養寺2丁目１２-７-104", "url": "https://www.kaigokensaku.mhlw.go.jp/25/index.php?action_kouhyou_detail_004_kani=true&JigyosyoCd=2571200886-00&ServiceCd=110&Type=search", "url2": null }, "geometry": { "type": "Point", "coordinates": [ 136.0006827, 35.0209828 ] } },
{ "type": "Feature", "properties": { "内容": "ニチイライフケア栗東訪問介護事業所【訪問介護】滋賀県栗東市綣5丁目1-15", "url": "https://www.kaigokensaku.mhlw.go.jp/25/index.php?action_kouhyou_detail_004_kani=true&JigyosyoCd=2571200951-00&ServiceCd=110&Type=search", "url2": null }, "geometry": { "type": "Point", "coordinates": [ 135.9759616, 35.0380408 ] } },
{ "type": "Feature", "properties": { "内容": "重度訪問介護ステーションオウミ【訪問介護】滋賀県栗東市綣九丁目11番地12号", "url": "https://www.kaigokensaku.mhlw.go.jp/25/index.php?action_kouhyou_detail_004_kani=true&JigyosyoCd=2571201074-00&ServiceCd=110&Type=search", "url2": null }, "geometry": { "type": "Point", "coordinates": [ 135.9792622, 35.0440893 ] } },
{ "type": "Feature", "properties": { "内容": "田中ケアサービス株式会社　栗東支援センター【訪問介護】滋賀県栗東市大橋7丁目7-7", "url": "https://www.kaigokensaku.mhlw.go.jp/25/index.php?action_kouhyou_detail_004_kani=true&JigyosyoCd=2571200126-00&ServiceCd=110&Type=search", "url2": "http://www.tanakacare.co.jp/" }, "geometry": { "type": "Point", "coordinates": [ 136.004747599999973, 35.0288298 ] } },
{ "type": "Feature", "properties": { "内容": "ニチイケアセンター栗東【訪問介護】滋賀県栗東市綣７丁目15-2　ブルースカイビル2Ｆ", "url": "https://www.kaigokensaku.mhlw.go.jp/25/index.php?action_kouhyou_detail_004_kani=true&JigyosyoCd=2571200043-00&ServiceCd=110&Type=search", "url2": "http://www.nichiigakkan.co.jp" }, "geometry": { "type": "Point", "coordinates": [ 135.977713699999981, 35.0381293 ] } },
{ "type": "Feature", "properties": { "内容": "ヘルパーステーションあかり【訪問介護】滋賀県栗東市上鈎541-3", "url": "https://www.kaigokensaku.mhlw.go.jp/25/index.php?action_kouhyou_detail_004_kani=true&JigyosyoCd=2571200555-00&ServiceCd=110&Type=search", "url2": null }, "geometry": { "type": "Point", "coordinates": [ 135.992507599999954, 35.0219 ] } },
{ "type": "Feature", "properties": { "内容": "ヘルパーステーション日昇【訪問介護】滋賀県栗東市綣6丁目6番4号", "url": "https://www.kaigokensaku.mhlw.go.jp/25/index.php?action_kouhyou_detail_004_kani=true&JigyosyoCd=2571200969-00&ServiceCd=110&Type=search", "url2": "https://nissyou.hp.peraichi.com/0905" }, "geometry": { "type": "Point", "coordinates": [ 135.9775463, 35.0360353 ] } },
{ "type": "Feature", "properties": { "内容": "タック・ヘルパーステーション【訪問介護】滋賀県栗東市目川１３２５タック目川・サービス付き高齢者向け住宅", "url": "https://www.kaigokensaku.mhlw.go.jp/25/index.php?action_kouhyou_detail_004_kani=true&JigyosyoCd=2571200837-00&ServiceCd=110&Type=search", "url2": "http://tacktac.com/" }, "geometry": { "type": "Point", "coordinates": [ 135.979337491154411, 35.01516042041677 ] } },
{ "type": "Feature", "properties": { "内容": "訪問介護センターなでしこ【訪問介護】滋賀県栗東市小柿4丁目１－１", "url": "https://www.kaigokensaku.mhlw.go.jp/25/index.php?action_kouhyou_detail_004_kani=true&JigyosyoCd=2571200605-00&ServiceCd=110&Type=search", "url2": "http://www.saiseikai-shiga.jp/tankaiso/" }, "geometry": { "type": "Point", "coordinates": [ 135.976403600000026, 35.0242744 ] } },
{ "type": "Feature", "properties": { "内容": "ライフ・草津訪問介護事業所【訪問介護】滋賀県栗東市岡199-12ビエノス岡B号室", "url": "https://www.kaigokensaku.mhlw.go.jp/25/index.php?action_kouhyou_detail_004_kani=true&JigyosyoCd=2571201066-00&ServiceCd=110&Type=search", "url2": null }, "geometry": { "type": "Point", "coordinates": [ 135.9760118, 35.0159613 ] } },
{ "type": "Feature", "properties": { "内容": "ヘルパーステーション　なないろ【訪問介護】滋賀県栗東市小平井3丁目2番２７号GREEＮＡＷＡＹ1Ｆ", "url": "https://www.kaigokensaku.mhlw.go.jp/25/index.php?action_kouhyou_detail_004_kani=true&JigyosyoCd=2561290020-00&ServiceCd=110&Type=search", "url2": null }, "geometry": { "type": "Point", "coordinates": [ 135.965051635581972, 35.035978269219605 ] } },
{ "type": "Feature", "properties": { "内容": "ヘルパーステーションまんぼう【訪問介護】滋賀県栗東市目川877番地1", "url": "https://www.kaigokensaku.mhlw.go.jp/25/index.php?action_kouhyou_detail_004_kani=true&JigyosyoCd=2571200860-00&ServiceCd=110&Type=search", "url2": "https://www.helpermanbou.com" }, "geometry": { "type": "Point", "coordinates": [ 135.980418134219747, 35.019144832203523 ] } },
{ "type": "Feature", "properties": { "内容": "ヘルパーステーションよりみち【訪問介護】滋賀県栗東市川辺620井口ハイツ１号", "url": "https://www.kaigokensaku.mhlw.go.jp/25/index.php?action_kouhyou_detail_004_kani=true&JigyosyoCd=2571201025-00&ServiceCd=110&Type=search", "url2": "https://www.yorimichi.biz/" }, "geometry": { "type": "Point", "coordinates": [ 135.986995900000011, 35.0186323 ] } },
{ "type": "Feature", "properties": { "内容": "あうんホームヘルパー栗東【訪問介護】滋賀県栗東市出庭862-2", "url": "https://www.kaigokensaku.mhlw.go.jp/25/index.php?action_kouhyou_detail_004_kani=true&JigyosyoCd=2571200779-00&ServiceCd=110&Type=search", "url2": "https://aun-shiga.co.jp/" }, "geometry": { "type": "Point", "coordinates": [ 136.001960683931912, 35.038325005828483 ] } },
{ "type": "Feature", "properties": { "内容": "訪問介護事業所まごころ甲賀【訪問介護】水口町牛飼395-4まごころ甲賀Ⅰ番館・Ⅱ番館", "url": "https://www.kaigokensaku.mhlw.go.jp/25/index.php?action_kouhyou_detail_004_kani=true&JigyosyoCd=2571401195-00&ServiceCd=110&Type=search", "url2": "http://www.dayservice-magokoro.com/" }, "geometry": { "type": "Point", "coordinates": [ 136.1088035, 34.9298695 ] } },
{ "type": "Feature", "properties": { "内容": "株式会社オオマイトほねつぎ介護ヘルパーステーション希望ヶ丘【訪問介護】滋賀県甲賀市甲南町希望ヶ丘本町9丁目421-31", "url": "https://www.kaigokensaku.mhlw.go.jp/25/index.php?action_kouhyou_detail_004_kani=true&JigyosyoCd=2571401062-00&ServiceCd=110&Type=search", "url2": null }, "geometry": { "type": "Point", "coordinates": [ 136.1737197, 34.9403562 ] } },
{ "type": "Feature", "properties": { "内容": "ＪＡゆうハート　水口ヘルパーステーション【訪問介護】滋賀県甲賀市水口町新城５２０番地", "url": "https://www.kaigokensaku.mhlw.go.jp/25/index.php?action_kouhyou_detail_004_kani=true&JigyosyoCd=2571400676-00&ServiceCd=110&Type=search", "url2": "http://www.ja-youheart.co.jp/" }, "geometry": { "type": "Point", "coordinates": [ 136.197656300000062, 34.9603429 ] } },
{ "type": "Feature", "properties": { "内容": "あいむ水口訪問介護【訪問介護】水口町北泉1丁目138", "url": "https://www.kaigokensaku.mhlw.go.jp/25/index.php?action_kouhyou_detail_004_kani=true&JigyosyoCd=2571400866-00&ServiceCd=110&Type=search", "url2": "http://k-aimu.co.jp" }, "geometry": { "type": "Point", "coordinates": [ 136.142507499999965, 34.9836174 ] } },
{ "type": "Feature", "properties": { "内容": "ヘルパーステーションてんりゅう【訪問介護】滋賀県甲賀市水口町牛飼395－8", "url": "https://www.kaigokensaku.mhlw.go.jp/25/index.php?action_kouhyou_detail_004_kani=true&JigyosyoCd=2571401278-00&ServiceCd=110&Type=search", "url2": null }, "geometry": { "type": "Point", "coordinates": [ 136.1494868, 34.9454225 ] } },
{ "type": "Feature", "properties": { "内容": "ヘルパーステーションえがお【訪問介護】滋賀県甲賀市甲南町稗谷1910-218", "url": "https://www.kaigokensaku.mhlw.go.jp/25/index.php?action_kouhyou_detail_004_kani=true&JigyosyoCd=2571401005-00&ServiceCd=110&Type=search", "url2": "http://hp.kaipoke.biz/91z/" }, "geometry": { "type": "Point", "coordinates": [ 136.182069, 34.9399451 ] } },
{ "type": "Feature", "properties": { "内容": "甲賀市社協　ヘルパーステーションつちやま【訪問介護】滋賀県甲賀市土山町北土山2171番地", "url": "https://www.kaigokensaku.mhlw.go.jp/25/index.php?action_kouhyou_detail_004_kani=true&JigyosyoCd=2571400692-00&ServiceCd=110&Type=search", "url2": "http://kokashakyo.jp" }, "geometry": { "type": "Point", "coordinates": [ 136.279078469454589, 34.936430676470977 ] } },
{ "type": "Feature", "properties": { "内容": "甲賀市社協ヘルパーステーションみなくち【訪問介護】滋賀県甲賀市水口町水口5609番地", "url": "https://www.kaigokensaku.mhlw.go.jp/25/index.php?action_kouhyou_detail_004_kani=true&JigyosyoCd=2571400064-00&ServiceCd=110&Type=search", "url2": "https://kokashakyo.jp/" }, "geometry": { "type": "Point", "coordinates": [ 136.168186399999968, 34.9665836 ] } },
{ "type": "Feature", "properties": { "内容": "甲賀市社協ヘルパーステーションしがらき【訪問介護】滋賀県甲賀市信楽町長野３７２番地１号棟", "url": "https://www.kaigokensaku.mhlw.go.jp/25/index.php?action_kouhyou_detail_004_kani=true&JigyosyoCd=2571401179-00&ServiceCd=110&Type=search", "url2": "https://kokashakyo.jp/" }, "geometry": { "type": "Point", "coordinates": [ 136.057403281675789, 34.875893829379166 ] } },
{ "type": "Feature", "properties": { "内容": "せせらぎ苑訪問介護サービス【訪問介護】滋賀県甲賀市甲南町葛木８５５", "url": "https://www.kaigokensaku.mhlw.go.jp/25/index.php?action_kouhyou_detail_004_kani=true&JigyosyoCd=2571400015-00&ServiceCd=110&Type=search", "url2": "http://kohnankai.jp" }, "geometry": { "type": "Point", "coordinates": [ 136.179133399999955, 34.9321544 ] } },
{ "type": "Feature", "properties": { "内容": "ＪＡゆうハート信楽ヘルパーステーション【訪問介護】滋賀県甲賀市信楽町柞原793", "url": "https://www.kaigokensaku.mhlw.go.jp/25/index.php?action_kouhyou_detail_004_kani=true&JigyosyoCd=2571400841-00&ServiceCd=110&Type=search", "url2": "http://www.ja-youheart.co.jp/" }, "geometry": { "type": "Point", "coordinates": [ 136.026039849923677, 34.861415315757576 ] } },
{ "type": "Feature", "properties": { "内容": "甲賀市社協ヘルパーステーションこうか【訪問介護】滋賀県甲賀市甲賀町大原中８８６番地", "url": "https://www.kaigokensaku.mhlw.go.jp/25/index.php?action_kouhyou_detail_004_kani=true&JigyosyoCd=2571400239-00&ServiceCd=110&Type=search", "url2": "http://kokashakyo.jp" }, "geometry": { "type": "Point", "coordinates": [ 136.230710199999976, 34.9021638 ] } },
{ "type": "Feature", "properties": { "内容": "株式会社　ルシエル【訪問介護】滋賀県野洲市久野部200-1-101", "url": "https://www.kaigokensaku.mhlw.go.jp/25/index.php?action_kouhyou_detail_004_kani=true&JigyosyoCd=2571300561-00&ServiceCd=110&Type=search", "url2": "info@leciel-g.co.jp" }, "geometry": { "type": "Point", "coordinates": [ 136.0231619, 35.070336800000021 ] } },
{ "type": "Feature", "properties": { "内容": "ヘルパーステーションKOKORO【訪問介護】滋賀県野洲市小篠原1800番地30", "url": "https://www.kaigokensaku.mhlw.go.jp/25/index.php?action_kouhyou_detail_004_kani=true&JigyosyoCd=2571300819-00&ServiceCd=110&Type=search", "url2": null }, "geometry": { "type": "Point", "coordinates": [ 136.030378899999988, 35.0709911 ] } },
{ "type": "Feature", "properties": { "内容": "（株）青空訪問介護事業所【訪問介護】滋賀県野洲市冨波乙690-15", "url": "https://www.kaigokensaku.mhlw.go.jp/25/index.php?action_kouhyou_detail_004_kani=true&JigyosyoCd=2571300215-00&ServiceCd=110&Type=search", "url2": null }, "geometry": { "type": "Point", "coordinates": [ 136.031569200000035, 35.0886707 ] } },
{ "type": "Feature", "properties": { "内容": "あいむ野洲訪問介護【訪問介護】野洲市冨波乙190番地", "url": "https://www.kaigokensaku.mhlw.go.jp/25/index.php?action_kouhyou_detail_004_kani=true&JigyosyoCd=2571300439-00&ServiceCd=110&Type=search", "url2": "http://k-aimu.co.jp" }, "geometry": { "type": "Point", "coordinates": [ 136.032383, 35.0760584 ] } },
{ "type": "Feature", "properties": { "内容": "滋賀県野洲市栄2-8湖南工芸1階4号ユースタイルケア守山・野洲センター【訪問介護】滋賀県野洲市栄2-8湖南工芸1階4号", "url": "https://www.kaigokensaku.mhlw.go.jp/25/index.php?action_kouhyou_detail_004_kani=true&JigyosyoCd=2571300835-00&ServiceCd=110&Type=search", "url2": null }, "geometry": { "type": "Point", "coordinates": [ 136.029571800000014, 35.0722261 ] } },
{ "type": "Feature", "properties": { "内容": "しみんふくし滋賀野洲訪問介護事業所【訪問介護】滋賀県野洲市小篠原1111-1ロイヤルコーポヤス103号", "url": "https://www.kaigokensaku.mhlw.go.jp/25/index.php?action_kouhyou_detail_004_kani=true&JigyosyoCd=2571300678-00&ServiceCd=110&Type=search", "url2": "http://www.shiminfukushi-shiga.jp/" }, "geometry": { "type": "Point", "coordinates": [ 136.022720299999946, 35.0647596 ] } },
{ "type": "Feature", "properties": { "内容": "ミライリハヘルパーステーション野洲【訪問介護】滋賀県野洲市北野1丁目16-15", "url": "https://www.kaigokensaku.mhlw.go.jp/25/index.php?action_kouhyou_detail_004_kani=true&JigyosyoCd=2571300827-00&ServiceCd=110&Type=search", "url2": "https://mirai-riha.com/" }, "geometry": { "type": "Point", "coordinates": [ 136.022771, 35.0709675 ] } },
{ "type": "Feature", "properties": { "内容": "訪問介護事業所　ふくろう【訪問介護】滋賀県野洲市吉地1丁目1171番地", "url": "https://www.kaigokensaku.mhlw.go.jp/25/index.php?action_kouhyou_detail_004_kani=true&JigyosyoCd=2571300504-00&ServiceCd=110&Type=search", "url2": "http://www.kaigo-fukurou.com/" }, "geometry": { "type": "Point", "coordinates": [ 136.009899726831009, 35.101985869914515 ] } },
{ "type": "Feature", "properties": { "内容": "ラ・ステイト野洲ヘルパーステーション【訪問介護】滋賀県野洲市野洲2053-1", "url": "https://www.kaigokensaku.mhlw.go.jp/25/index.php?action_kouhyou_detail_004_kani=true&JigyosyoCd=2571300777-00&ServiceCd=110&Type=search", "url2": "https://www.lastate.jp/" }, "geometry": { "type": "Point", "coordinates": [ 136.015131471958171, 35.065232890758217 ] } },
{ "type": "Feature", "properties": { "内容": "コープしがヘルパーステーションぽこ野洲【訪問介護】滋賀県野洲市富波甲972介護事業部", "url": "https://www.kaigokensaku.mhlw.go.jp/25/index.php?action_kouhyou_detail_004_kani=true&JigyosyoCd=2571300637-00&ServiceCd=110&Type=search", "url2": "http://www.pak2.com/hukushi/yasu.html" }, "geometry": { "type": "Point", "coordinates": [ 136.035108280321879, 35.081710909088528 ] } },
{ "type": "Feature", "properties": { "内容": "トータルサポートいろ葉【訪問介護】滋賀県野洲市西河原252番地2", "url": "https://www.kaigokensaku.mhlw.go.jp/25/index.php?action_kouhyou_detail_004_kani=true&JigyosyoCd=2571300702-00&ServiceCd=110&Type=search", "url2": null }, "geometry": { "type": "Point", "coordinates": [ 136.017390200000023, 35.1048214 ] } },
{ "type": "Feature", "properties": { "内容": "社会福祉法人愛心会【訪問介護】滋賀県湖南市梅影町3番1", "url": "https://www.kaigokensaku.mhlw.go.jp/25/index.php?action_kouhyou_detail_004_kani=true&JigyosyoCd=2571401252-00&ServiceCd=110&Type=search", "url2": "https://r.goope.jp/shion/" }, "geometry": { "type": "Point", "coordinates": [ 136.1257008, 35.0119442 ] } },
{ "type": "Feature", "properties": { "内容": "ヘルパーステーション楓【訪問介護】菩提寺西二丁目10―45", "url": "https://www.kaigokensaku.mhlw.go.jp/25/index.php?action_kouhyou_detail_004_kani=true&JigyosyoCd=2572300438-00&ServiceCd=110&Type=search", "url2": null }, "geometry": { "type": "Point", "coordinates": [ 136.061006899999938, 35.0335922 ] } },
{ "type": "Feature", "properties": { "内容": "社会福祉法人　湖南市社会福祉協議会ホームヘルプセンター【訪問介護】滋賀県湖南市中央一丁目1番地湖南市社会福祉協議会ホームヘルプセンター", "url": "https://www.kaigokensaku.mhlw.go.jp/25/index.php?action_kouhyou_detail_004_kani=true&JigyosyoCd=2572300131-00&ServiceCd=110&Type=search", "url2": "htt://shiga-konan-shakyo.or.jp" }, "geometry": { "type": "Point", "coordinates": [ 136.083873199999971, 35.0043531 ] } },
{ "type": "Feature", "properties": { "内容": "ヘルパーステーションかふか湖南【訪問介護】滋賀県湖南市水戸町４番地５", "url": "https://www.kaigokensaku.mhlw.go.jp/25/index.php?action_kouhyou_detail_004_kani=true&JigyosyoCd=2572300461-00&ServiceCd=110&Type=search", "url2": "http://hp.kaipoke.biz/enw/" }, "geometry": { "type": "Point", "coordinates": [ 136.1216904, 35.0068732 ] } },
{ "type": "Feature", "properties": { "内容": "八起会ホームヘルプステーション【訪問介護】湖南市丸山四丁目5番1号", "url": "https://www.kaigokensaku.mhlw.go.jp/25/index.php?action_kouhyou_detail_004_kani=true&JigyosyoCd=2552380012-00&ServiceCd=110&Type=search", "url2": "http://www.hachikikai.com" }, "geometry": { "type": "Point", "coordinates": [ 136.04611639999996, 34.9987899 ] } },
{ "type": "Feature", "properties": { "内容": "訪問介護事業所大空【訪問介護】滋賀県湖南市吉永１７０番地４", "url": "https://www.kaigokensaku.mhlw.go.jp/25/index.php?action_kouhyou_detail_004_kani=true&JigyosyoCd=2572300172-00&ServiceCd=110&Type=search", "url2": "https://www.oozora-konan.com/" }, "geometry": { "type": "Point", "coordinates": [ 136.1029221, 34.9865332 ] } },
{ "type": "Feature", "properties": { "内容": "医療法人社団美松会　さつきヘルパーステーション【訪問介護】中央2丁目125番地サービス付き高齢者向け住宅サツキ", "url": "https://www.kaigokensaku.mhlw.go.jp/25/index.php?action_kouhyou_detail_004_kani=true&JigyosyoCd=2572300354-00&ServiceCd=110&Type=search", "url2": "http:／／ikuta-hospital.com/satuki-ds" }, "geometry": { "type": "Point", "coordinates": [ 136.082920599999966, 35.0051474 ] } },
{ "type": "Feature", "properties": { "内容": "社会福祉法人　近江ちいろば会　ぼだいじホームヘルパーステーション【訪問介護】滋賀県湖南市菩提寺東4丁目１－５", "url": "https://www.kaigokensaku.mhlw.go.jp/25/index.php?action_kouhyou_detail_004_kani=true&JigyosyoCd=2572300370-00&ServiceCd=110&Type=search", "url2": "http//chiiroba.jp/" }, "geometry": { "type": "Point", "coordinates": [ 136.063502699999958, 35.0351994 ] } },
{ "type": "Feature", "properties": { "内容": "株式会社レイクケア【訪問介護】湖南市若竹町13-33", "url": "https://www.kaigokensaku.mhlw.go.jp/25/index.php?action_kouhyou_detail_004_kani=true&JigyosyoCd=2572300420-00&ServiceCd=110&Type=search", "url2": null }, "geometry": { "type": "Point", "coordinates": [ 136.123106370492764, 35.017585292652257 ] } },
{ "type": "Feature", "properties": { "内容": "合同会社ヘルパーステーションつくし【訪問介護】滋賀県湖南市針304-1", "url": "https://www.kaigokensaku.mhlw.go.jp/25/index.php?action_kouhyou_detail_004_kani=true&JigyosyoCd=2572300446-00&ServiceCd=110&Type=search", "url2": "hs-tsukushi@iris.eonet.ne.jp" }, "geometry": { "type": "Point", "coordinates": [ 136.0854813, 35.0009578 ] } },
{ "type": "Feature", "properties": { "内容": "わになろう【訪問介護】滋賀県高島市新旭町藁園2607番地", "url": "https://www.kaigokensaku.mhlw.go.jp/25/index.php?action_kouhyou_detail_004_kani=true&JigyosyoCd=2572200760-00&ServiceCd=110&Type=search", "url2": "https://www.shiganijinokai.net/" }, "geometry": { "type": "Point", "coordinates": [ 136.0460774, 35.3492177 ] } },
{ "type": "Feature", "properties": { "内容": "ヘルパーステーションじゃがいもの家【訪問介護】滋賀県高島市マキノ町浦３４５番地", "url": "https://www.kaigokensaku.mhlw.go.jp/25/index.php?action_kouhyou_detail_004_kani=true&JigyosyoCd=2572200158-00&ServiceCd=110&Type=search", "url2": null }, "geometry": { "type": "Point", "coordinates": [ 136.062048799999957, 35.4881152 ] } },
{ "type": "Feature", "properties": { "内容": "ヘルパーステーション　リーチたかしま【訪問介護】滋賀県高島市新旭町新旭489-14グリーンハウス愛の鈴Ⅰ", "url": "https://www.kaigokensaku.mhlw.go.jp/25/index.php?action_kouhyou_detail_004_kani=true&JigyosyoCd=2572200745-00&ServiceCd=110&Type=search", "url2": null }, "geometry": { "type": "Point", "coordinates": [ 136.0355171, 35.3555147 ] } },
{ "type": "Feature", "properties": { "内容": "ヘルパーステーション　元気な仲間【訪問介護】滋賀県高島市新旭町針江２９１", "url": "https://www.kaigokensaku.mhlw.go.jp/25/index.php?action_kouhyou_detail_004_kani=true&JigyosyoCd=2572200208-00&ServiceCd=110&Type=search", "url2": null }, "geometry": { "type": "Point", "coordinates": [ 136.0477674, 35.3567682 ] } },
{ "type": "Feature", "properties": { "内容": "こころいちばんホームヘルプサービス【訪問介護】高島市今津町住吉2丁目11－２", "url": "https://www.kaigokensaku.mhlw.go.jp/25/index.php?action_kouhyou_detail_004_kani=true&JigyosyoCd=2572200497-00&ServiceCd=110&Type=search", "url2": null }, "geometry": { "type": "Point", "coordinates": [ 136.032519992912285, 35.401544866658035 ] } },
{ "type": "Feature", "properties": { "内容": "ヘルパーステーションひより【訪問介護】滋賀県高島市新旭町北畑2-2-18", "url": "https://www.kaigokensaku.mhlw.go.jp/25/index.php?action_kouhyou_detail_004_kani=true&JigyosyoCd=2572200646-00&ServiceCd=110&Type=search", "url2": "https://logic-shiga.com/" }, "geometry": { "type": "Point", "coordinates": [ 136.032327665734357, 35.35135118662555 ] } },
{ "type": "Feature", "properties": { "内容": "訪問介護事業所ハーブ【訪問介護】滋賀県高島市新旭町旭462サービス付き高齢者向け住宅オアシス", "url": "https://www.kaigokensaku.mhlw.go.jp/25/index.php?action_kouhyou_detail_004_kani=true&JigyosyoCd=2572200687-00&ServiceCd=110&Type=search", "url2": "http://shinasahi-minorikai.or.jp" }, "geometry": { "type": "Point", "coordinates": [ 136.046329792898518, 35.352936325749454 ] } },
{ "type": "Feature", "properties": { "内容": "高島市社会福祉協議会　きらり今津北【訪問介護】滋賀県高島市今津町桂830-1", "url": "https://www.kaigokensaku.mhlw.go.jp/25/index.php?action_kouhyou_detail_004_kani=true&JigyosyoCd=2572200430-00&ServiceCd=110&Type=search", "url2": null }, "geometry": { "type": "Point", "coordinates": [ 136.0255099, 35.4301739 ] } },
{ "type": "Feature", "properties": { "内容": "高島市社会福祉協議会きらり高島【訪問介護】高島市勝野680番地", "url": "https://www.kaigokensaku.mhlw.go.jp/25/index.php?action_kouhyou_detail_004_kani=true&JigyosyoCd=2572200448-00&ServiceCd=110&Type=search", "url2": null }, "geometry": { "type": "Point", "coordinates": [ 136.011740500327392, 35.300142317505738 ] } },
{ "type": "Feature", "properties": { "内容": "ヘルパーステーションひより【訪問介護】滋賀県高島市新旭町北畑2-2-18", "url": "https://www.kaigokensaku.mhlw.go.jp/25/index.php?action_kouhyou_detail_004_kani=true&JigyosyoCd=2572200844-00&ServiceCd=110&Type=search", "url2": "https://logic-shiga.com/" }, "geometry": { "type": "Point", "coordinates": [ 136.0321865, 35.3512581 ] } },
{ "type": "Feature", "properties": { "内容": "ヘルパーステーションなぎさ【訪問介護】滋賀県東近江市宮荘町835ジェルメフルール１０２", "url": "https://www.kaigokensaku.mhlw.go.jp/25/index.php?action_kouhyou_detail_004_kani=true&JigyosyoCd=2570501045-00&ServiceCd=110&Type=search", "url2": null }, "geometry": { "type": "Point", "coordinates": [ 136.1885059, 35.1605613 ] } },
{ "type": "Feature", "properties": { "内容": "きぬがさほうもんかいごじぎょうしょ【訪問介護】五個荘川並町322番地", "url": "https://www.kaigokensaku.mhlw.go.jp/25/index.php?action_kouhyou_detail_004_kani=true&JigyosyoCd=2570501151-00&ServiceCd=110&Type=search", "url2": "https://glow.or.jp" }, "geometry": { "type": "Point", "coordinates": [ 136.175337500000069, 35.1451878 ] } },
{ "type": "Feature", "properties": { "内容": "訪問介護タイニー・ドリーム湖東【訪問介護】滋賀県東近江市垣見町1581", "url": "https://www.kaigokensaku.mhlw.go.jp/25/index.php?action_kouhyou_detail_004_kani=true&JigyosyoCd=2570501474-00&ServiceCd=110&Type=search", "url2": "https://www.tiny-dream.com/index.html" }, "geometry": { "type": "Point", "coordinates": [ 136.163822900000014, 35.1827822 ] } },
{ "type": "Feature", "properties": { "内容": "ヘルパーステーションスイッチオン五個荘【訪問介護】滋賀県東近江市五個荘五位田町字辻堂592番地", "url": "https://www.kaigokensaku.mhlw.go.jp/25/index.php?action_kouhyou_detail_004_kani=true&JigyosyoCd=2570501052-00&ServiceCd=110&Type=search", "url2": null }, "geometry": { "type": "Point", "coordinates": [ 136.193311699999981, 35.159582 ] } },
{ "type": "Feature", "properties": { "内容": "ヘルパーステーション桜川【訪問介護】滋賀県東近江市桜川西町８９１", "url": "https://www.kaigokensaku.mhlw.go.jp/25/index.php?action_kouhyou_detail_004_kani=true&JigyosyoCd=2570500591-00&ServiceCd=110&Type=search", "url2": "http://care-net.biz/25/nagaoka" }, "geometry": { "type": "Point", "coordinates": [ 136.187029400000029, 35.0608362 ] } },
{ "type": "Feature", "properties": { "内容": "訪問介護事業所みなと【訪問介護】滋賀県東近江市沖野2丁目9-25", "url": "https://www.kaigokensaku.mhlw.go.jp/25/index.php?action_kouhyou_detail_004_kani=true&JigyosyoCd=2570501524-00&ServiceCd=110&Type=search", "url2": null }, "geometry": { "type": "Point", "coordinates": [ 136.2053205, 35.101000300000031 ] } },
{ "type": "Feature", "properties": { "内容": "ヘルパーステーションうらら【訪問介護】滋賀県東近江市五個荘五位田町517番地2", "url": "https://www.kaigokensaku.mhlw.go.jp/25/index.php?action_kouhyou_detail_004_kani=true&JigyosyoCd=2570501359-00&ServiceCd=110&Type=search", "url2": null }, "geometry": { "type": "Point", "coordinates": [ 136.192183, 35.1593577 ] } },
{ "type": "Feature", "properties": { "内容": "ヘルパーステーションてんまや【訪問介護】滋賀県東近江市建部日吉町312番地", "url": "https://www.kaigokensaku.mhlw.go.jp/25/index.php?action_kouhyou_detail_004_kani=true&JigyosyoCd=2570501417-00&ServiceCd=110&Type=search", "url2": null }, "geometry": { "type": "Point", "coordinates": [ 136.1975335, 35.1188864 ] } },
{ "type": "Feature", "properties": { "内容": "医療法人社団幸信会　ケアステーションあおば【訪問介護】滋賀県東近江市青葉町1-46", "url": "https://www.kaigokensaku.mhlw.go.jp/25/index.php?action_kouhyou_detail_004_kani=true&JigyosyoCd=2510500693-00&ServiceCd=110&Type=search", "url2": "https://aoba-med.com" }, "geometry": { "type": "Point", "coordinates": [ 136.197524, 35.1060311 ] } },
{ "type": "Feature", "properties": { "内容": "田中ケアサービス株式会社　八日市支援センター【訪問介護】滋賀県東近江市八日市金屋２丁目２－７", "url": "https://www.kaigokensaku.mhlw.go.jp/25/index.php?action_kouhyou_detail_004_kani=true&JigyosyoCd=2570500070-00&ServiceCd=110&Type=search", "url2": "http://www.tanakacare.co.jp/" }, "geometry": { "type": "Point", "coordinates": [ 136.1997566, 35.1112309 ] } },
{ "type": "Feature", "properties": { "内容": "いずみ介護サービスおがわ【訪問介護】滋賀県東近江市小川町3317番", "url": "https://www.kaigokensaku.mhlw.go.jp/25/index.php?action_kouhyou_detail_004_kani=true&JigyosyoCd=2570500724-00&ServiceCd=110&Type=search", "url2": "http://care-net.biz/25/izumikaigo/" }, "geometry": { "type": "Point", "coordinates": [ 136.1612566, 35.1925511 ] } },
{ "type": "Feature", "properties": { "内容": "ナーシングホームまごころ【訪問介護】滋賀県東近江市東沖野2丁目4-3", "url": "https://www.kaigokensaku.mhlw.go.jp/25/index.php?action_kouhyou_detail_004_kani=true&JigyosyoCd=2570501292-00&ServiceCd=110&Type=search", "url2": "dayservice-magokoro.com" }, "geometry": { "type": "Point", "coordinates": [ 136.209416299999987, 35.1041755 ] } },
{ "type": "Feature", "properties": { "内容": "ヘルパーステーションつくし【訪問介護】横溝町308", "url": "https://www.kaigokensaku.mhlw.go.jp/25/index.php?action_kouhyou_detail_004_kani=true&JigyosyoCd=2570501086-00&ServiceCd=110&Type=search", "url2": "http://www.katogroup.jp/" }, "geometry": { "type": "Point", "coordinates": [ 136.243529900000027, 35.1322237 ] } },
{ "type": "Feature", "properties": { "内容": "東近江市社会福祉協議会ヘルパーステーションハートピア【訪問介護】東近江市今崎町21番地1", "url": "https://www.kaigokensaku.mhlw.go.jp/25/index.php?action_kouhyou_detail_004_kani=true&JigyosyoCd=2570500666-00&ServiceCd=110&Type=search", "url2": "http://www.higashiomi-shakyo.or.jp/" }, "geometry": { "type": "Point", "coordinates": [ 136.182074199999988, 35.0601335 ] } },
{ "type": "Feature", "properties": { "内容": "ヘルパーステーションぱーるラボ【訪問介護】東近江市乙女浜町12-1", "url": "https://www.kaigokensaku.mhlw.go.jp/25/index.php?action_kouhyou_detail_004_kani=true&JigyosyoCd=2570501557-00&ServiceCd=110&Type=search", "url2": "https://shiga-shinjyukai.or.jp/pearllab/" }, "geometry": { "type": "Point", "coordinates": [ 136.1476348, 35.1983895 ] } },
{ "type": "Feature", "properties": { "内容": "ニチイケアセンター　東近江【訪問介護】八日市上之町9-3グリーンＲＴ　Ｂ-1号室", "url": "https://www.kaigokensaku.mhlw.go.jp/25/index.php?action_kouhyou_detail_004_kani=true&JigyosyoCd=2570500864-00&ServiceCd=110&Type=search", "url2": "www.nichiigakkan.co.jp" }, "geometry": { "type": "Point", "coordinates": [ 136.205092899999954, 35.1116503 ] } },
{ "type": "Feature", "properties": { "内容": "カルナホームヘルプサービス【訪問介護】東近江市建部下野町７９７", "url": "https://www.kaigokensaku.mhlw.go.jp/25/index.php?action_kouhyou_detail_004_kani=true&JigyosyoCd=2570500054-00&ServiceCd=110&Type=search", "url2": "http://www.jishoukai.or.jp" }, "geometry": { "type": "Point", "coordinates": [ 136.197176600000034, 35.1391892 ] } },
{ "type": "Feature", "properties": { "内容": "あいケアステーション【訪問介護】滋賀県東近江市蒲生堂町３３８-６８", "url": "https://www.kaigokensaku.mhlw.go.jp/25/index.php?action_kouhyou_detail_004_kani=true&JigyosyoCd=2570501300-00&ServiceCd=110&Type=search", "url2": null }, "geometry": { "type": "Point", "coordinates": [ 136.162735099999963, 35.0395539 ] } },
{ "type": "Feature", "properties": { "内容": "もくれんの小径　訪問介護事業所【訪問介護】滋賀県東近江市湯屋町1320-1", "url": "https://www.kaigokensaku.mhlw.go.jp/25/index.php?action_kouhyou_detail_004_kani=true&JigyosyoCd=2570500799-00&ServiceCd=110&Type=search", "url2": "http://www.taijyukai.net/kizuna/index.html" }, "geometry": { "type": "Point", "coordinates": [ 136.260787307765241, 35.141236566528924 ] } },
{ "type": "Feature", "properties": { "内容": "ヘルパーステーションあい【訪問介護】滋賀県東近江市桜川東町４３１－３ラ・ナチュールあい", "url": "https://www.kaigokensaku.mhlw.go.jp/25/index.php?action_kouhyou_detail_004_kani=true&JigyosyoCd=2570501516-00&ServiceCd=110&Type=search", "url2": "http://www.eonet.ne.jp/~kkshiga-forusa/index.htm" }, "geometry": { "type": "Point", "coordinates": [ 136.189813497735599, 35.062559070647495 ] } },
{ "type": "Feature", "properties": { "内容": "ヘルパーステーション　リーチ【訪問介護】滋賀県東近江市五個荘竜田町３５７番地２", "url": "https://www.kaigokensaku.mhlw.go.jp/25/index.php?action_kouhyou_detail_004_kani=true&JigyosyoCd=2570501391-00&ServiceCd=110&Type=search", "url2": null }, "geometry": { "type": "Point", "coordinates": [ 136.185418351892821, 35.15360446970012 ] } },
{ "type": "Feature", "properties": { "内容": "しみんふくしの家八日市訪問介護事業所【訪問介護】滋賀県東近江市東沖野２丁目５－５", "url": "https://www.kaigokensaku.mhlw.go.jp/25/index.php?action_kouhyou_detail_004_kani=true&JigyosyoCd=2570500120-00&ServiceCd=110&Type=search", "url2": "http://shimin-yokaichi.net/" }, "geometry": { "type": "Point", "coordinates": [ 136.210673698933448, 35.10264906600775 ] } },
{ "type": "Feature", "properties": { "内容": "ヘルパーステーションせいとく【訪問介護】滋賀県東近江市聖徳町1-21ハートフルコート東近江", "url": "https://www.kaigokensaku.mhlw.go.jp/25/index.php?action_kouhyou_detail_004_kani=true&JigyosyoCd=2570501169-00&ServiceCd=110&Type=search", "url2": "URL:http//soin-vie.co.jp" }, "geometry": { "type": "Point", "coordinates": [ 136.199515432540892, 35.10444711283067 ] } },
{ "type": "Feature", "properties": { "内容": "まごの手　ケアサービス【訪問介護】滋賀県米原市坂口90番地70", "url": "https://www.kaigokensaku.mhlw.go.jp/25/index.php?action_kouhyou_detail_004_kani=true&JigyosyoCd=2572400345-00&ServiceCd=110&Type=search", "url2": "magonote@iaa.itkeeper.ne.jp" }, "geometry": { "type": "Point", "coordinates": [ 136.346321499999931, 35.3972917 ] } },
{ "type": "Feature", "properties": { "内容": "在宅介護ファミールケア　米原センター【訪問介護】滋賀県米原市中多良1丁目17番", "url": "https://www.kaigokensaku.mhlw.go.jp/25/index.php?action_kouhyou_detail_004_kani=true&JigyosyoCd=2572400048-00&ServiceCd=110&Type=search", "url2": "https://www.famille-care.co.jp" }, "geometry": { "type": "Point", "coordinates": [ 136.281027699999981, 35.3166954 ] } },
{ "type": "Feature", "properties": { "内容": "坂本ケアサービス【訪問介護】米原市宇賀野２１９番地３２", "url": "https://www.kaigokensaku.mhlw.go.jp/25/index.php?action_kouhyou_detail_004_kani=true&JigyosyoCd=2572400477-00&ServiceCd=110&Type=search", "url2": "https://sakamotocare.com" }, "geometry": { "type": "Point", "coordinates": [ 136.291770499999984, 35.3395874 ] } },
{ "type": "Feature", "properties": { "内容": "訪問介護　ヘルパーステーションリーチまいばら【訪問介護】顔戸681-1201号室", "url": "https://www.kaigokensaku.mhlw.go.jp/25/index.php?action_kouhyou_detail_004_kani=true&JigyosyoCd=2572400626-00&ServiceCd=110&Type=search", "url2": null }, "geometry": { "type": "Point", "coordinates": [ 136.2989639019913, 35.337795244232737 ] } },
{ "type": "Feature", "properties": { "内容": "ニチイケアセンター　米原【訪問介護】滋賀県米原市宇賀野206-7フォレストパーク1号室", "url": "https://www.kaigokensaku.mhlw.go.jp/25/index.php?action_kouhyou_detail_004_kani=true&JigyosyoCd=2572400394-00&ServiceCd=110&Type=search", "url2": "www.nichiigakkan.co.jp" }, "geometry": { "type": "Point", "coordinates": [ 136.290495700000065, 35.3418371 ] } },
{ "type": "Feature", "properties": { "内容": "訪問介護こんにちはひだまり【訪問介護】滋賀県米原市能登瀬1322-1", "url": "https://www.kaigokensaku.mhlw.go.jp/25/index.php?action_kouhyou_detail_004_kani=true&JigyosyoCd=2572400519-00&ServiceCd=110&Type=search", "url2": "houmon@hidamari-shiga.jp" }, "geometry": { "type": "Point", "coordinates": [ 136.315667499999989, 35.3322072 ] } },
{ "type": "Feature", "properties": { "内容": "ヘルパーステーションみしま池【訪問介護】滋賀県米原市池下520-1", "url": "https://www.kaigokensaku.mhlw.go.jp/25/index.php?action_kouhyou_detail_004_kani=true&JigyosyoCd=2572400634-00&ServiceCd=110&Type=search", "url2": "https://www.cs-mishimaike.com/" }, "geometry": { "type": "Point", "coordinates": [ 136.3564895, 35.3705538 ] } },
{ "type": "Feature", "properties": { "内容": "ビジットケアあおば【訪問介護】滋賀県米原市顔戸1729番地1", "url": "https://www.kaigokensaku.mhlw.go.jp/25/index.php?action_kouhyou_detail_004_kani=true&JigyosyoCd=2572400576-00&ServiceCd=110&Type=search", "url2": "http://maibara-shakyo.or.jp/" }, "geometry": { "type": "Point", "coordinates": [ 136.3106865, 35.3369578 ] } },
{ "type": "Feature", "properties": { "内容": "ゆうゆうケアサービス【訪問介護】米原市磯1729-1", "url": "https://www.kaigokensaku.mhlw.go.jp/25/index.php?action_kouhyou_detail_004_kani=true&JigyosyoCd=2572400022-00&ServiceCd=110&Type=search", "url2": "http://yuyu-life.jp" }, "geometry": { "type": "Point", "coordinates": [ 136.262007400000016, 35.3108144 ] } },
{ "type": "Feature", "properties": { "内容": "レーク伊吹農業協同組合　訪問介護事業所【訪問介護】滋賀県米原市能登瀬1286-2", "url": "https://www.kaigokensaku.mhlw.go.jp/25/index.php?action_kouhyou_detail_004_kani=true&JigyosyoCd=2572400121-00&ServiceCd=110&Type=search", "url2": "https://www.ja-lakeibuki.or.jp" }, "geometry": { "type": "Point", "coordinates": [ 136.315778899999941, 35.3312413 ] } },
{ "type": "Feature", "properties": { "内容": "水野ヘルパーステーション【訪問介護】長岡645番地", "url": "https://www.kaigokensaku.mhlw.go.jp/25/index.php?action_kouhyou_detail_004_kani=true&JigyosyoCd=2572400402-00&ServiceCd=110&Type=search", "url2": "http://www.ryokusenkai.com/ryokusenkan/helper.html" }, "geometry": { "type": "Point", "coordinates": [ 138.929437399999983, 35.0342568 ] } },
{ "type": "Feature", "properties": { "内容": "日野町社会福祉協議会　ホームヘルパーステーションひだまり【訪問介護】滋賀県蒲生郡日野町河原一丁目１番地", "url": "https://www.kaigokensaku.mhlw.go.jp/25/index.php?action_kouhyou_detail_004_kani=true&JigyosyoCd=2571500251-00&ServiceCd=110&Type=search", "url2": "http://www.hinoshakyo.or.jp/" }, "geometry": { "type": "Point", "coordinates": [ 136.24554841645849, 35.018572415047686 ] } },
{ "type": "Feature", "properties": { "内容": "ヘルパーステーションリーチひの【訪問介護】滋賀県蒲生郡日野町村井1113Sunnycoco103号室", "url": "https://www.kaigokensaku.mhlw.go.jp/25/index.php?action_kouhyou_detail_004_kani=true&JigyosyoCd=2571500582-00&ServiceCd=110&Type=search", "url2": "http://reach-green.com/" }, "geometry": { "type": "Point", "coordinates": [ 136.25831070000001, 35.0140622 ] } },
{ "type": "Feature", "properties": { "内容": "いずみ介護サービスひふみ訪問介護【訪問介護】滋賀県蒲生郡日野町大字里口４８", "url": "https://www.kaigokensaku.mhlw.go.jp/25/index.php?action_kouhyou_detail_004_kani=true&JigyosyoCd=2571500202-00&ServiceCd=110&Type=search", "url2": "http://care-net.biz/25/izumikaigo/" }, "geometry": { "type": "Point", "coordinates": [ 136.227095299999974, 35.0148279 ] } },
{ "type": "Feature", "properties": { "内容": "ヘルパーステーション桃の郷【訪問介護】滋賀県蒲生郡竜王町大字山之上5147-8", "url": "https://www.kaigokensaku.mhlw.go.jp/25/index.php?action_kouhyou_detail_004_kani=true&JigyosyoCd=2571500442-00&ServiceCd=110&Type=search", "url2": null }, "geometry": { "type": "Point", "coordinates": [ 136.143627599999945, 35.0480183 ] } },
{ "type": "Feature", "properties": { "内容": "弓削メディカルクリニック在宅医療部訪問介護【訪問介護】滋賀県蒲生郡竜王町弓削1825番地", "url": "https://www.kaigokensaku.mhlw.go.jp/25/index.php?action_kouhyou_detail_004_kani=true&JigyosyoCd=2511500650-00&ServiceCd=110&Type=search", "url2": "http://www.biwa.ne.jp/~masa-ame" }, "geometry": { "type": "Point", "coordinates": [ 136.11966, 35.0882634 ] } },
{ "type": "Feature", "properties": { "内容": "ヘルパーステーション万葉の里【訪問介護】滋賀県蒲生郡竜王町大字山之上６０６８", "url": "https://www.kaigokensaku.mhlw.go.jp/25/index.php?action_kouhyou_detail_004_kani=true&JigyosyoCd=2571500020-00&ServiceCd=110&Type=search", "url2": "https://yukinokai.com/" }, "geometry": { "type": "Point", "coordinates": [ 136.1458189, 35.0535787 ] } },
{ "type": "Feature", "properties": { "内容": "愛ユーケアサービス訪問介護事業所【訪問介護】滋賀県愛知郡愛荘町石橋９０５番地", "url": "https://www.kaigokensaku.mhlw.go.jp/25/index.php?action_kouhyou_detail_004_kani=true&JigyosyoCd=2571700026-00&ServiceCd=110&Type=search", "url2": null }, "geometry": { "type": "Point", "coordinates": [ 136.220860600000037, 35.1816639 ] } },
{ "type": "Feature", "properties": { "内容": "訪問介護ステーションえがを【訪問介護】滋賀県愛知郡愛荘町東円堂1806番地", "url": "https://www.kaigokensaku.mhlw.go.jp/25/index.php?action_kouhyou_detail_004_kani=true&JigyosyoCd=2571700406-00&ServiceCd=110&Type=search", "url2": "egawo-1220.hp.peraichi.com/rtl" }, "geometry": { "type": "Point", "coordinates": [ 136.218713400000013, 35.1557656 ] } },
{ "type": "Feature", "properties": { "内容": "愛荘町社会福祉協議会　訪問介護事業所【訪問介護】愛知郡愛荘町安孫子1216番地-1愛荘町立福祉センターラポール秦荘　いきいきセンター", "url": "https://www.kaigokensaku.mhlw.go.jp/25/index.php?action_kouhyou_detail_004_kani=true&JigyosyoCd=2571700307-00&ServiceCd=110&Type=search", "url2": "http://aisho-shakyo.or.jp/" }, "geometry": { "type": "Point", "coordinates": [ 136.250217099999986, 35.1728358 ] } },
{ "type": "Feature", "properties": { "内容": "訪問介護ヘルパーステーション紬【訪問介護】滋賀県愛知郡愛荘町愛知川1686", "url": "https://www.kaigokensaku.mhlw.go.jp/25/index.php?action_kouhyou_detail_004_kani=true&JigyosyoCd=2571700398-00&ServiceCd=110&Type=search", "url2": null }, "geometry": { "type": "Point", "coordinates": [ 136.206453730163588, 35.169798441341364 ] } },
{ "type": "Feature", "properties": { "内容": "株式会社天の川【訪問介護】滋賀県犬上郡豊郷町高野瀬678-17", "url": "https://www.kaigokensaku.mhlw.go.jp/25/index.php?action_kouhyou_detail_004_kani=true&JigyosyoCd=2571800362-00&ServiceCd=110&Type=search", "url2": null }, "geometry": { "type": "Point", "coordinates": [ 136.2221559, 35.2019845 ] } },
{ "type": "Feature", "properties": { "内容": "幸せの扉　訪問介護事業所【訪問介護】滋賀県犬上郡豊郷町下枝34‐5", "url": "https://www.kaigokensaku.mhlw.go.jp/25/index.php?action_kouhyou_detail_004_kani=true&JigyosyoCd=2571800305-00&ServiceCd=110&Type=search", "url2": null }, "geometry": { "type": "Point", "coordinates": [ 136.22058353041075, 35.193280719664607 ] } },
{ "type": "Feature", "properties": { "内容": "こんきライフ・モビリティ【訪問介護】滋賀県犬上郡甲良町金屋823番地", "url": "https://www.kaigokensaku.mhlw.go.jp/25/index.php?action_kouhyou_detail_004_kani=true&JigyosyoCd=2571800313-00&ServiceCd=110&Type=search", "url2": null }, "geometry": { "type": "Point", "coordinates": [ 136.279317499999934, 35.1996585 ] } },
{ "type": "Feature", "properties": { "内容": "訪問介護ステーション　花水木【訪問介護】滋賀県犬上郡甲良町池寺1144-1", "url": "https://www.kaigokensaku.mhlw.go.jp/25/index.php?action_kouhyou_detail_004_kani=true&JigyosyoCd=2571800180-00&ServiceCd=110&Type=search", "url2": "https://hanamizuki-sakura.com" }, "geometry": { "type": "Point", "coordinates": [ 136.279850900000042, 35.1923453 ] } }
]
}
