{
  "type": "FeatureCollection",
  "features": [
    {
      "type": "Feature",
      "geometry": {
        "type": "Point",
        "coordinates": [
          136.1663062,
          34.9669799
        ]
      },
      "properties": {
        "内容": "バス停: あいこうか市民ホール (甲賀市コミュニティバス)",
        "name": "あいこうか市民ホール",
        "operator": "甲賀市コミュニティバス",
        "ref": "",
        "url": "",
        "url2": ""
      }
    },
    {
      "type": "Feature",
      "geometry": {
        "type": "Point",
        "coordinates": [
          136.1663022,
          34.9713442
        ]
      },
      "properties": {
        "内容": "バス停: 水口西部コミセン (甲賀市)",
        "name": "水口西部コミセン",
        "operator": "甲賀市",
        "ref": "",
        "url": "",
        "url2": ""
      }
    },
    {
      "type": "Feature",
      "geometry": {
        "type": "Point",
        "coordinates": [
          136.1591326,
          34.9742169
        ]
      },
      "properties": {
        "内容": "バス停: 林口 (甲賀市)",
        "name": "林口",
        "operator": "甲賀市",
        "ref": "",
        "url": "",
        "url2": ""
      }
    },
    {
      "type": "Feature",
      "geometry": {
        "type": "Point",
        "coordinates": [
          136.0627648,
          35.1585173
        ]
      },
      "properties": {
        "内容": "バス停: 長命寺",
        "name": "長命寺",
        "operator": "事業者不明",
        "ref": "",
        "url": "",
        "url2": ""
      }
    },
    {
      "type": "Feature",
      "geometry": {
        "type": "Point",
        "coordinates": [
          135.8639109,
          35.003778
        ]
      },
      "properties": {
        "内容": "バス停: 大津駅",
        "name": "大津駅",
        "operator": "事業者不明",
        "ref": "1",
        "url": "",
        "url2": ""
      }
    },
    {
      "type": "Feature",
      "geometry": {
        "type": "Point",
        "coordinates": [
          135.8282052,
          35.036235
        ]
      },
      "properties": {
        "内容": "バス停: 比叡平口 (京阪バス)",
        "name": "比叡平口",
        "operator": "京阪バス",
        "ref": "",
        "url": "",
        "url2": ""
      }
    },
    {
      "type": "Feature",
      "geometry": {
        "type": "Point",
        "coordinates": [
          135.8281307,
          35.0363564
        ]
      },
      "properties": {
        "内容": "バス停: 比叡平口 (京阪バス)",
        "name": "比叡平口",
        "operator": "京阪バス",
        "ref": "",
        "url": "",
        "url2": ""
      }
    },
    {
      "type": "Feature",
      "geometry": {
        "type": "Point",
        "coordinates": [
          136.1672565,
          34.9771933
        ]
      },
      "properties": {
        "内容": "バス停: 名坂日電前 (甲賀市)",
        "name": "名坂日電前",
        "operator": "甲賀市",
        "ref": "",
        "url": "",
        "url2": ""
      }
    },
    {
      "type": "Feature",
      "geometry": {
        "type": "Point",
        "coordinates": [
          136.0928705,
          35.13222
        ]
      },
      "properties": {
        "内容": "バス停: 中村 (近江鉄道バス)",
        "name": "中村",
        "operator": "近江鉄道バス",
        "ref": "",
        "url": "",
        "url2": ""
      }
    },
    {
      "type": "Feature",
      "geometry": {
        "type": "Point",
        "coordinates": [
          136.0958365,
          35.1285031
        ]
      },
      "properties": {
        "内容": "バス停: 官庁街通り (近江鉄道バス)",
        "name": "官庁街通り",
        "operator": "近江鉄道バス",
        "ref": "",
        "url": "",
        "url2": ""
      }
    },
    {
      "type": "Feature",
      "geometry": {
        "type": "Point",
        "coordinates": [
          136.0963674,
          35.1276458
        ]
      },
      "properties": {
        "内容": "バス停: 官庁街通り (近江鉄道バス)",
        "name": "官庁街通り",
        "operator": "近江鉄道バス",
        "ref": "",
        "url": "",
        "url2": ""
      }
    },
    {
      "type": "Feature",
      "geometry": {
        "type": "Point",
        "coordinates": [
          136.0976752,
          35.1260363
        ]
      },
      "properties": {
        "内容": "バス停: 中村上 (近江鉄道バス)",
        "name": "中村上",
        "operator": "近江鉄道バス",
        "ref": "",
        "url": "",
        "url2": ""
      }
    },
    {
      "type": "Feature",
      "geometry": {
        "type": "Point",
        "coordinates": [
          136.0985202,
          35.1253705
        ]
      },
      "properties": {
        "内容": "バス停: 中村上 (近江鉄道バス)",
        "name": "中村上",
        "operator": "近江鉄道バス",
        "ref": "",
        "url": "",
        "url2": ""
      }
    },
    {
      "type": "Feature",
      "geometry": {
        "type": "Point",
        "coordinates": [
          136.1661698,
          34.9721405
        ]
      },
      "properties": {
        "内容": "バス停: 中央公民館西 (甲賀市)",
        "name": "中央公民館西",
        "operator": "甲賀市",
        "ref": "",
        "url": "",
        "url2": ""
      }
    },
    {
      "type": "Feature",
      "geometry": {
        "type": "Point",
        "coordinates": [
          136.2953094,
          34.9149404
        ]
      },
      "properties": {
        "内容": "バス停: 土山",
        "name": "土山",
        "operator": "事業者不明",
        "ref": "",
        "url": "",
        "url2": ""
      }
    },
    {
      "type": "Feature",
      "geometry": {
        "type": "Point",
        "coordinates": [
          136.231149,
          35.202636
        ]
      },
      "properties": {
        "内容": "バス停: 八幡神社一里塚の郷",
        "name": "八幡神社一里塚の郷",
        "operator": "事業者不明",
        "ref": "",
        "url": "",
        "url2": ""
      }
    },
    {
      "type": "Feature",
      "geometry": {
        "type": "Point",
        "coordinates": [
          136.1533567,
          34.9522202
        ]
      },
      "properties": {
        "内容": "バス停: 貴生川駅 (甲賀市コミュニティバス)",
        "name": "貴生川駅",
        "operator": "甲賀市コミュニティバス",
        "ref": "",
        "url": "",
        "url2": ""
      }
    },
    {
      "type": "Feature",
      "geometry": {
        "type": "Point",
        "coordinates": [
          136.1573453,
          34.9520596
        ]
      },
      "properties": {
        "内容": "バス停: 虫生野中央",
        "name": "虫生野中央",
        "operator": "事業者不明",
        "ref": "",
        "url": "",
        "url2": ""
      }
    },
    {
      "type": "Feature",
      "geometry": {
        "type": "Point",
        "coordinates": [
          136.167571,
          34.9749991
        ]
      },
      "properties": {
        "内容": "バス停: 綾野天満宮 (甲賀市)",
        "name": "綾野天満宮",
        "operator": "甲賀市",
        "ref": "",
        "url": "",
        "url2": ""
      }
    },
    {
      "type": "Feature",
      "geometry": {
        "type": "Point",
        "coordinates": [
          136.1769267,
          34.9740256
        ]
      },
      "properties": {
        "内容": "バス停: 水口駅 (甲賀市コミュニティバス)",
        "name": "水口駅",
        "operator": "甲賀市コミュニティバス",
        "ref": "",
        "url": "",
        "url2": ""
      }
    },
    {
      "type": "Feature",
      "geometry": {
        "type": "Point",
        "coordinates": [
          136.1682692,
          34.9648093
        ]
      },
      "properties": {
        "内容": "バス停: JAこうか (甲賀市)",
        "name": "JAこうか",
        "operator": "甲賀市",
        "ref": "",
        "url": "",
        "url2": ""
      }
    },
    {
      "type": "Feature",
      "geometry": {
        "type": "Point",
        "coordinates": [
          136.1027255,
          35.123373
        ]
      },
      "properties": {
        "内容": "バス停: 近江八幡駅バス降り場 (近江鉄道バス)",
        "name": "近江八幡駅バス降り場",
        "operator": "近江鉄道バス",
        "ref": "",
        "url": "",
        "url2": ""
      }
    },
    {
      "type": "Feature",
      "geometry": {
        "type": "Point",
        "coordinates": [
          136.1627736,
          34.9557089
        ]
      },
      "properties": {
        "内容": "バス停: 看護学校 (シガ・エージェントシステム)",
        "name": "看護学校",
        "operator": "シガ・エージェントシステム",
        "ref": "",
        "url": "",
        "url2": ""
      }
    },
    {
      "type": "Feature",
      "geometry": {
        "type": "Point",
        "coordinates": [
          136.177937,
          34.9676892
        ]
      },
      "properties": {
        "内容": "バス停: 本水口 (甲賀市)",
        "name": "本水口",
        "operator": "甲賀市",
        "ref": "",
        "url": "",
        "url2": ""
      }
    },
    {
      "type": "Feature",
      "geometry": {
        "type": "Point",
        "coordinates": [
          136.1736855,
          34.9694927
        ]
      },
      "properties": {
        "内容": "バス停: 平町 (甲賀市)",
        "name": "平町",
        "operator": "甲賀市",
        "ref": "",
        "url": "",
        "url2": ""
      }
    },
    {
      "type": "Feature",
      "geometry": {
        "type": "Point",
        "coordinates": [
          135.9551929,
          34.9792686
        ]
      },
      "properties": {
        "内容": "バス停: BKCグリーンフィールド (近江鉄道大津営業所)",
        "name": "BKCグリーンフィールド",
        "operator": "近江鉄道大津営業所",
        "ref": "",
        "url": "http://time.khobho.co.jp/ohmi_bus/pol_dsp.asp?KaiKbn=NOW&teiNm=BKC%83O%83%8A%81[%83%93%83t%83B%81[%83%8B%83h",
        "url2": ""
      }
    },
    {
      "type": "Feature",
      "geometry": {
        "type": "Point",
        "coordinates": [
          135.9559308,
          34.9794036
        ]
      },
      "properties": {
        "内容": "バス停: BKCグリーンフィールド (近江鉄道大津営業所)",
        "name": "BKCグリーンフィールド",
        "operator": "近江鉄道大津営業所",
        "ref": "",
        "url": "http://time.khobho.co.jp/ohmi_bus/pol_dsp.asp?KaiKbn=NOW&teiNm=BKC%83O%83%8A%81[%83%93%83t%83B%81[%83%8B%83h",
        "url2": ""
      }
    },
    {
      "type": "Feature",
      "geometry": {
        "type": "Point",
        "coordinates": [
          135.9520586,
          34.9820296
        ]
      },
      "properties": {
        "内容": "バス停: クレスト草津前 (近江鉄道大津営業所)",
        "name": "クレスト草津前",
        "operator": "近江鉄道大津営業所",
        "ref": "",
        "url": "http://time.khobho.co.jp/ohmi_bus/pol_dsp.asp?KaiKbn=NOW&teiNm=%83N%83%8C%83X%83g%91%90%92%C3%91O",
        "url2": ""
      }
    },
    {
      "type": "Feature",
      "geometry": {
        "type": "Point",
        "coordinates": [
          135.9520104,
          34.982127
        ]
      },
      "properties": {
        "内容": "バス停: クレスト草津前 (近江鉄道大津営業所)",
        "name": "クレスト草津前",
        "operator": "近江鉄道大津営業所",
        "ref": "",
        "url": "http://time.khobho.co.jp/ohmi_bus/pol_dsp.asp?KaiKbn=NOW&teiNm=%83N%83%8C%83X%83g%91%90%92%C3%91O",
        "url2": ""
      }
    },
    {
      "type": "Feature",
      "geometry": {
        "type": "Point",
        "coordinates": [
          135.9513605,
          34.9876787
        ]
      },
      "properties": {
        "内容": "バス停: パナソニック前 (近江鉄道大津営業所)",
        "name": "パナソニック前",
        "operator": "近江鉄道大津営業所",
        "ref": "",
        "url": "",
        "url2": ""
      }
    },
    {
      "type": "Feature",
      "geometry": {
        "type": "Point",
        "coordinates": [
          135.9543124,
          34.9893313
        ]
      },
      "properties": {
        "内容": "バス停: パナソニック東口 (近江鉄道大津営業所)",
        "name": "パナソニック東口",
        "operator": "近江鉄道大津営業所",
        "ref": "",
        "url": "http://time.khobho.co.jp/ohmi_bus/pol_dsp.asp?KaiKbn=NOW&teiNm=%83p%83i%83\\%83j%83b%83N%93%8C%8C%FB",
        "url2": ""
      }
    },
    {
      "type": "Feature",
      "geometry": {
        "type": "Point",
        "coordinates": [
          135.9481018,
          34.985096
        ]
      },
      "properties": {
        "内容": "バス停: パナソニック西口 (近江鉄道大津営業所)",
        "name": "パナソニック西口",
        "operator": "近江鉄道大津営業所",
        "ref": "",
        "url": "http://time.khobho.co.jp/ohmi_bus/pol_dsp.asp?KaiKbn=NOW&teiNm=%83p%83i%83\\%83j%83b%83N%90%BC%8C%FB",
        "url2": ""
      }
    },
    {
      "type": "Feature",
      "geometry": {
        "type": "Point",
        "coordinates": [
          135.9484524,
          34.9861203
        ]
      },
      "properties": {
        "内容": "バス停: パナソニック西口 (近江鉄道大津営業所)",
        "name": "パナソニック西口",
        "operator": "近江鉄道大津営業所",
        "ref": "",
        "url": "http://time.khobho.co.jp/ohmi_bus/pol_dsp.asp?KaiKbn=NOW&teiNm=%83p%83i%83\\%83j%83b%83N%90%BC%8C%FB",
        "url2": ""
      }
    },
    {
      "type": "Feature",
      "geometry": {
        "type": "Point",
        "coordinates": [
          135.9476161,
          34.9987842
        ]
      },
      "properties": {
        "内容": "バス停: 南田山 (近江鉄道大津営業所)",
        "name": "南田山",
        "operator": "近江鉄道大津営業所",
        "ref": "",
        "url": "https://time.khobho.co.jp/ohmi_bus/pol_dsp.asp?KaiKbn=NOW&teiNm=%93%EC%93c%8ER",
        "url2": ""
      }
    },
    {
      "type": "Feature",
      "geometry": {
        "type": "Point",
        "coordinates": [
          135.9480264,
          35.0002059
        ]
      },
      "properties": {
        "内容": "バス停: 南田山 (近江鉄道大津営業所)",
        "name": "南田山",
        "operator": "近江鉄道大津営業所",
        "ref": "",
        "url": "time.khobho.co.jp/ohmi_bus/pol_dsp.asp?KaiKbn=NOW&teiNm=%93%EC%93c%8ER",
        "url2": ""
      }
    },
    {
      "type": "Feature",
      "geometry": {
        "type": "Point",
        "coordinates": [
          135.9474689,
          35.0034872
        ]
      },
      "properties": {
        "内容": "バス停: 南草津駅前 (近江鉄道大津営業所)",
        "name": "南草津駅前",
        "operator": "近江鉄道大津営業所",
        "ref": "",
        "url": "http://time.khobho.co.jp/ohmi_bus/pol_dsp.asp?KaiKbn=NOW&teiNm=%93%EC%91%90%92%C3%89w",
        "url2": ""
      }
    },
    {
      "type": "Feature",
      "geometry": {
        "type": "Point",
        "coordinates": [
          135.9479846,
          35.0039005
        ]
      },
      "properties": {
        "内容": "バス停: 南草津駅前 (近江鉄道大津営業所)",
        "name": "南草津駅前",
        "operator": "近江鉄道大津営業所",
        "ref": "",
        "url": "http://time.khobho.co.jp/ohmi_bus/pol_dsp.asp?KaiKbn=NOW&teiNm=%93%EC%91%90%92%C3%89w",
        "url2": ""
      }
    },
    {
      "type": "Feature",
      "geometry": {
        "type": "Point",
        "coordinates": [
          135.9517882,
          34.9926393
        ]
      },
      "properties": {
        "内容": "バス停: 小野山 (近江鉄道大津営業所)",
        "name": "小野山",
        "operator": "近江鉄道大津営業所",
        "ref": "",
        "url": "http://time.khobho.co.jp/ohmi_bus/pol_dsp.asp?KaiKbn=NOW&teiNm=%8F%AC%96%EC%8ER",
        "url2": ""
      }
    },
    {
      "type": "Feature",
      "geometry": {
        "type": "Point",
        "coordinates": [
          135.9501467,
          34.9952802
        ]
      },
      "properties": {
        "内容": "バス停: 玉川小学校前 (近江鉄道大津営業所)",
        "name": "玉川小学校前",
        "operator": "近江鉄道大津営業所",
        "ref": "",
        "url": "http://time.khobho.co.jp/ohmi_bus/pol_dsp.asp?KaiKbn=NOW&teiNm=%8B%CA%90%EC%8F%AC%8Aw%8DZ%91O",
        "url2": ""
      }
    },
    {
      "type": "Feature",
      "geometry": {
        "type": "Point",
        "coordinates": [
          135.9499032,
          34.9953677
        ]
      },
      "properties": {
        "内容": "バス停: 玉川小学校前 (近江鉄道大津営業所)",
        "name": "玉川小学校前",
        "operator": "近江鉄道大津営業所",
        "ref": "",
        "url": "http://time.khobho.co.jp/ohmi_bus/pol_dsp.asp?KaiKbn=NOW&teiNm=%8B%CA%90%EC%8F%AC%8Aw%8DZ%91O",
        "url2": ""
      }
    },
    {
      "type": "Feature",
      "geometry": {
        "type": "Point",
        "coordinates": [
          135.9625354,
          34.9826672
        ]
      },
      "properties": {
        "内容": "バス停: 立命館大学 (近江鉄道大津営業所)",
        "name": "立命館大学",
        "operator": "近江鉄道大津営業所",
        "ref": "",
        "url": "http://time.khobho.co.jp/ohmi_bus/pol_dsp.asp?KaiKbn=NOW&teiNm=%97%A7%96%BD%8A%D9%91%E5%8Aw",
        "url2": ""
      }
    },
    {
      "type": "Feature",
      "geometry": {
        "type": "Point",
        "coordinates": [
          135.946726,
          34.9884328
        ]
      },
      "properties": {
        "内容": "バス停: 笠山 (近江鉄道大津営業所)",
        "name": "笠山",
        "operator": "近江鉄道大津営業所",
        "ref": "",
        "url": "http://time.khobho.co.jp/ohmi_bus/pol_dsp.asp?KaiKbn=NOW&teiNm=%8A}%8ER",
        "url2": ""
      }
    },
    {
      "type": "Feature",
      "geometry": {
        "type": "Point",
        "coordinates": [
          135.9467876,
          34.9885538
        ]
      },
      "properties": {
        "内容": "バス停: 笠山 (近江鉄道大津営業所)",
        "name": "笠山",
        "operator": "近江鉄道大津営業所",
        "ref": "",
        "url": "http://time.khobho.co.jp/ohmi_bus/pol_dsp.asp?KaiKbn=NOW&teiNm=%8A}%8ER",
        "url2": ""
      }
    },
    {
      "type": "Feature",
      "geometry": {
        "type": "Point",
        "coordinates": [
          135.9510264,
          34.9827348
        ]
      },
      "properties": {
        "内容": "バス停: 笹の口 (近江鉄道大津営業所)",
        "name": "笹の口",
        "operator": "近江鉄道大津営業所",
        "ref": "",
        "url": "http://time.khobho.co.jp/ohmi_bus/pol_dsp.asp?KaiKbn=NOW&teiNm=%8D%F9%82%CC%8C%FB",
        "url2": ""
      }
    },
    {
      "type": "Feature",
      "geometry": {
        "type": "Point",
        "coordinates": [
          135.9509621,
          34.98293
        ]
      },
      "properties": {
        "内容": "バス停: 笹の口 (近江鉄道大津営業所)",
        "name": "笹の口",
        "operator": "近江鉄道大津営業所",
        "ref": "",
        "url": "http://time.khobho.co.jp/ohmi_bus/pol_dsp.asp?KaiKbn=NOW&teiNm=%8D%F9%82%CC%8C%FB",
        "url2": ""
      }
    },
    {
      "type": "Feature",
      "geometry": {
        "type": "Point",
        "coordinates": [
          135.9485257,
          35.001812
        ]
      },
      "properties": {
        "内容": "バス停: 野路 (近江鉄道大津営業所)",
        "name": "野路",
        "operator": "近江鉄道大津営業所",
        "ref": "",
        "url": "http://time.khobho.co.jp/ohmi_bus/pol_dsp.asp?KaiKbn=NOW&teiNm=%96%EC%98H",
        "url2": ""
      }
    },
    {
      "type": "Feature",
      "geometry": {
        "type": "Point",
        "coordinates": [
          135.9485932,
          35.002002
        ]
      },
      "properties": {
        "内容": "バス停: 野路 (近江鉄道大津営業所)",
        "name": "野路",
        "operator": "近江鉄道大津営業所",
        "ref": "",
        "url": "http://time.khobho.co.jp/ohmi_bus/pol_dsp.asp?KaiKbn=NOW&teiNm=%96%EC%98H",
        "url2": ""
      }
    },
    {
      "type": "Feature",
      "geometry": {
        "type": "Point",
        "coordinates": [
          135.9471038,
          34.9920133
        ]
      },
      "properties": {
        "内容": "バス停: 野路中央 (近江鉄道大津営業所)",
        "name": "野路中央",
        "operator": "近江鉄道大津営業所",
        "ref": "",
        "url": "time.khobho.co.jp/ohmi_bus/pol_dsp.asp?KaiKbn=NOW&teiNm=%96%EC%98H%92%86%89%9B",
        "url2": ""
      }
    },
    {
      "type": "Feature",
      "geometry": {
        "type": "Point",
        "coordinates": [
          135.9013224,
          35.1336404
        ]
      },
      "properties": {
        "内容": "バス停: 家田道",
        "name": "家田道",
        "operator": "事業者不明",
        "ref": "",
        "url": "",
        "url2": ""
      }
    },
    {
      "type": "Feature",
      "geometry": {
        "type": "Point",
        "coordinates": [
          135.9173609,
          35.1276981
        ]
      },
      "properties": {
        "内容": "バス停: 沢口",
        "name": "沢口",
        "operator": "事業者不明",
        "ref": "",
        "url": "",
        "url2": ""
      }
    },
    {
      "type": "Feature",
      "geometry": {
        "type": "Point",
        "coordinates": [
          135.9139797,
          35.1155941
        ]
      },
      "properties": {
        "内容": "バス停: 本堅田 (江若交通)",
        "name": "本堅田",
        "operator": "江若交通",
        "ref": "",
        "url": "",
        "url2": ""
      }
    },
    {
      "type": "Feature",
      "geometry": {
        "type": "Point",
        "coordinates": [
          135.8935057,
          35.0872016
        ]
      },
      "properties": {
        "内容": "バス停: おごと温泉ホテル前 (江若交通)",
        "name": "おごと温泉ホテル前",
        "operator": "江若交通",
        "ref": "",
        "url": "",
        "url2": ""
      }
    },
    {
      "type": "Feature",
      "geometry": {
        "type": "Point",
        "coordinates": [
          135.8611213,
          35.0137768
        ]
      },
      "properties": {
        "内容": "バス停: 三保ヶ崎",
        "name": "三保ヶ崎",
        "operator": "事業者不明",
        "ref": "",
        "url": "",
        "url2": ""
      }
    },
    {
      "type": "Feature",
      "geometry": {
        "type": "Point",
        "coordinates": [
          135.8606708,
          35.0174004
        ]
      },
      "properties": {
        "内容": "バス停: 競艇場前 (江若交通)",
        "name": "競艇場前",
        "operator": "江若交通",
        "ref": "",
        "url": "",
        "url2": ""
      }
    },
    {
      "type": "Feature",
      "geometry": {
        "type": "Point",
        "coordinates": [
          135.8614088,
          35.0220874
        ]
      },
      "properties": {
        "内容": "バス停: 茶ヶ崎 (江若交通)",
        "name": "茶ヶ崎",
        "operator": "江若交通",
        "ref": "",
        "url": "",
        "url2": ""
      }
    },
    {
      "type": "Feature",
      "geometry": {
        "type": "Point",
        "coordinates": [
          136.1751366,
          34.972705
        ]
      },
      "properties": {
        "内容": "バス停: 新町 (甲賀市)",
        "name": "新町",
        "operator": "甲賀市",
        "ref": "",
        "url": "",
        "url2": ""
      }
    },
    {
      "type": "Feature",
      "geometry": {
        "type": "Point",
        "coordinates": [
          136.1751658,
          34.9728612
        ]
      },
      "properties": {
        "内容": "バス停: 新町 (甲賀市)",
        "name": "新町",
        "operator": "甲賀市",
        "ref": "",
        "url": "",
        "url2": ""
      }
    },
    {
      "type": "Feature",
      "geometry": {
        "type": "Point",
        "coordinates": [
          136.1798802,
          34.9757087
        ]
      },
      "properties": {
        "内容": "バス停: 古城が丘 (甲賀市コミュニティバス)",
        "name": "古城が丘",
        "operator": "甲賀市コミュニティバス",
        "ref": "",
        "url": "",
        "url2": ""
      }
    },
    {
      "type": "Feature",
      "geometry": {
        "type": "Point",
        "coordinates": [
          136.1800183,
          34.9756333
        ]
      },
      "properties": {
        "内容": "バス停: 古城が丘 (甲賀市コミュニティバス)",
        "name": "古城が丘",
        "operator": "甲賀市コミュニティバス",
        "ref": "",
        "url": "",
        "url2": ""
      }
    },
    {
      "type": "Feature",
      "geometry": {
        "type": "Point",
        "coordinates": [
          136.1819923,
          34.9737382
        ]
      },
      "properties": {
        "内容": "バス停: 水口東高校 (甲賀市コミュニティバス)",
        "name": "水口東高校",
        "operator": "甲賀市コミュニティバス",
        "ref": "",
        "url": "",
        "url2": ""
      }
    },
    {
      "type": "Feature",
      "geometry": {
        "type": "Point",
        "coordinates": [
          136.1820779,
          34.9737727
        ]
      },
      "properties": {
        "内容": "バス停: 水口東高校 (甲賀市コミュニティバス)",
        "name": "水口東高校",
        "operator": "甲賀市コミュニティバス",
        "ref": "",
        "url": "",
        "url2": ""
      }
    },
    {
      "type": "Feature",
      "geometry": {
        "type": "Point",
        "coordinates": [
          136.1668891,
          34.9657078
        ]
      },
      "properties": {
        "内容": "バス停: 甲賀市役所 (甲賀市コミュニティバス)",
        "name": "甲賀市役所",
        "operator": "甲賀市コミュニティバス",
        "ref": "",
        "url": "",
        "url2": ""
      }
    },
    {
      "type": "Feature",
      "geometry": {
        "type": "Point",
        "coordinates": [
          136.1669112,
          34.965563
        ]
      },
      "properties": {
        "内容": "バス停: 甲賀市役所 (甲賀市コミュニティバス)",
        "name": "甲賀市役所",
        "operator": "甲賀市コミュニティバス",
        "ref": "",
        "url": "",
        "url2": ""
      }
    },
    {
      "type": "Feature",
      "geometry": {
        "type": "Point",
        "coordinates": [
          136.1625921,
          34.9648863
        ]
      },
      "properties": {
        "内容": "バス停: 甲賀県事務所 (甲賀市コミュニティバス)",
        "name": "甲賀県事務所",
        "operator": "甲賀市コミュニティバス",
        "ref": "",
        "url": "",
        "url2": ""
      }
    },
    {
      "type": "Feature",
      "geometry": {
        "type": "Point",
        "coordinates": [
          136.1630565,
          34.9648233
        ]
      },
      "properties": {
        "内容": "バス停: 甲賀県事務所 (甲賀市コミュニティバス)",
        "name": "甲賀県事務所",
        "operator": "甲賀市コミュニティバス",
        "ref": "",
        "url": "",
        "url2": ""
      }
    },
    {
      "type": "Feature",
      "geometry": {
        "type": "Point",
        "coordinates": [
          136.1590995,
          34.9623304
        ]
      },
      "properties": {
        "内容": "バス停: スポーツの森西口 (甲賀市コミュニティバス)",
        "name": "スポーツの森西口",
        "operator": "甲賀市コミュニティバス",
        "ref": "",
        "url": "",
        "url2": ""
      }
    },
    {
      "type": "Feature",
      "geometry": {
        "type": "Point",
        "coordinates": [
          136.155257,
          34.9610849
        ]
      },
      "properties": {
        "内容": "バス停: 川田神社 (甲賀市コミュニティバス)",
        "name": "川田神社",
        "operator": "甲賀市コミュニティバス",
        "ref": "",
        "url": "",
        "url2": ""
      }
    },
    {
      "type": "Feature",
      "geometry": {
        "type": "Point",
        "coordinates": [
          136.1518338,
          34.9517701
        ]
      },
      "properties": {
        "内容": "バス停: みなくち診療所 (甲賀市コミュニティバス)",
        "name": "みなくち診療所",
        "operator": "甲賀市コミュニティバス",
        "ref": "",
        "url": "",
        "url2": ""
      }
    },
    {
      "type": "Feature",
      "geometry": {
        "type": "Point",
        "coordinates": [
          135.8631705,
          35.0257187
        ]
      },
      "properties": {
        "内容": "バス停: イオンスタイル大津京前 (江若交通)",
        "name": "イオンスタイル大津京前",
        "operator": "江若交通",
        "ref": "",
        "url": "",
        "url2": ""
      }
    },
    {
      "type": "Feature",
      "geometry": {
        "type": "Point",
        "coordinates": [
          135.8648965,
          35.0273275
        ]
      },
      "properties": {
        "内容": "バス停: 柳ヶ崎 (江若交通)",
        "name": "柳ヶ崎",
        "operator": "江若交通",
        "ref": "",
        "url": "",
        "url2": ""
      }
    },
    {
      "type": "Feature",
      "geometry": {
        "type": "Point",
        "coordinates": [
          136.1174543,
          34.9829068
        ]
      },
      "properties": {
        "内容": "バス停: 三雲駅 (甲賀市)",
        "name": "三雲駅",
        "operator": "甲賀市",
        "ref": "",
        "url": "",
        "url2": ""
      }
    },
    {
      "type": "Feature",
      "geometry": {
        "type": "Point",
        "coordinates": [
          136.1210585,
          34.9862064
        ]
      },
      "properties": {
        "内容": "バス停: TOTO前 (甲賀市)",
        "name": "TOTO前",
        "operator": "甲賀市",
        "ref": "",
        "url": "",
        "url2": ""
      }
    },
    {
      "type": "Feature",
      "geometry": {
        "type": "Point",
        "coordinates": [
          136.1676263,
          34.9748761
        ]
      },
      "properties": {
        "内容": "バス停: 綾野天満宮 (甲賀市)",
        "name": "綾野天満宮",
        "operator": "甲賀市",
        "ref": "",
        "url": "",
        "url2": ""
      }
    },
    {
      "type": "Feature",
      "geometry": {
        "type": "Point",
        "coordinates": [
          135.9832843,
          35.1075787
        ]
      },
      "properties": {
        "内容": "バス停: 名称不明バス停",
        "name": "名称不明バス停",
        "operator": "事業者不明",
        "ref": "",
        "url": "",
        "url2": ""
      }
    },
    {
      "type": "Feature",
      "geometry": {
        "type": "Point",
        "coordinates": [
          135.9836082,
          35.1105101
        ]
      },
      "properties": {
        "内容": "バス停: 名称不明バス停",
        "name": "名称不明バス停",
        "operator": "事業者不明",
        "ref": "",
        "url": "",
        "url2": ""
      }
    },
    {
      "type": "Feature",
      "geometry": {
        "type": "Point",
        "coordinates": [
          135.9501204,
          35.004004
        ]
      },
      "properties": {
        "内容": "バス停: 野路北口 (近江鉄道大津営業所)",
        "name": "野路北口",
        "operator": "近江鉄道大津営業所",
        "ref": "",
        "url": "http://time.khobho.co.jp/ohmi_bus/pol_dsp.asp?KaiKbn=NOW&teiNm=%96%EC%98H%96k%8C%FB",
        "url2": ""
      }
    },
    {
      "type": "Feature",
      "geometry": {
        "type": "Point",
        "coordinates": [
          135.9528745,
          35.0025823
        ]
      },
      "properties": {
        "内容": "バス停: しが県民芸術創造館 (近江鉄道大津営業所)",
        "name": "しが県民芸術創造館",
        "operator": "近江鉄道大津営業所",
        "ref": "",
        "url": "http://time.khobho.co.jp/ohmi_bus/pol_dsp.asp?KaiKbn=NOW&teiNm=%82%B5%82%AA%8C%A7%96%AF%8C|%8Fp%91n%91%A2%8A%D9",
        "url2": ""
      }
    },
    {
      "type": "Feature",
      "geometry": {
        "type": "Point",
        "coordinates": [
          135.9529104,
          35.0027052
        ]
      },
      "properties": {
        "内容": "バス停: しが県民芸術創造館 (近江鉄道大津営業所)",
        "name": "しが県民芸術創造館",
        "operator": "近江鉄道大津営業所",
        "ref": "",
        "url": "http://time.khobho.co.jp/ohmi_bus/pol_dsp.asp?KaiKbn=NOW&teiNm=%82%B5%82%AA%8C%A7%96%AF%8C|%8Fp%91n%91%A2%8A%D9",
        "url2": ""
      }
    },
    {
      "type": "Feature",
      "geometry": {
        "type": "Point",
        "coordinates": [
          135.9545053,
          35.0019637
        ]
      },
      "properties": {
        "内容": "バス停: 東矢倉四丁目 (近江鉄道大津営業所)",
        "name": "東矢倉四丁目",
        "operator": "近江鉄道大津営業所",
        "ref": "",
        "url": "http://time.khobho.co.jp/ohmi_bus/pol_dsp.asp?KaiKbn=NOW&teiNm=%93%8C%96%EE%91q%82S%92%9A%96%DA",
        "url2": ""
      }
    },
    {
      "type": "Feature",
      "geometry": {
        "type": "Point",
        "coordinates": [
          135.954183,
          35.0020205
        ]
      },
      "properties": {
        "内容": "バス停: 東矢倉四丁目 (近江鉄道大津営業所)",
        "name": "東矢倉四丁目",
        "operator": "近江鉄道大津営業所",
        "ref": "",
        "url": "http://time.khobho.co.jp/ohmi_bus/pol_dsp.asp?KaiKbn=NOW&teiNm=%93%8C%96%EE%91q%82S%92%9A%96%DA",
        "url2": ""
      }
    },
    {
      "type": "Feature",
      "geometry": {
        "type": "Point",
        "coordinates": [
          135.9572833,
          35.0006723
        ]
      },
      "properties": {
        "内容": "バス停: 東矢倉南 (近江鉄道大津営業所)",
        "name": "東矢倉南",
        "operator": "近江鉄道大津営業所",
        "ref": "",
        "url": "http://time.khobho.co.jp/ohmi_bus/pol_dsp.asp?KaiKbn=NOW&teiNm=%93%8C%96%EE%91q%93%EC",
        "url2": ""
      }
    },
    {
      "type": "Feature",
      "geometry": {
        "type": "Point",
        "coordinates": [
          135.9577044,
          35.0005563
        ]
      },
      "properties": {
        "内容": "バス停: 東矢倉南 (近江鉄道大津営業所)",
        "name": "東矢倉南",
        "operator": "近江鉄道大津営業所",
        "ref": "",
        "url": "http://time.khobho.co.jp/ohmi_bus/pol_dsp.asp?KaiKbn=NOW&teiNm=%93%8C%96%EE%91q%93%EC",
        "url2": ""
      }
    },
    {
      "type": "Feature",
      "geometry": {
        "type": "Point",
        "coordinates": [
          135.9596849,
          34.999433
        ]
      },
      "properties": {
        "内容": "バス停: 東矢倉職員住宅 (近江鉄道大津営業所)",
        "name": "東矢倉職員住宅",
        "operator": "近江鉄道大津営業所",
        "ref": "",
        "url": "http://time.khobho.co.jp/ohmi_bus/pol_dsp.asp?KaiKbn=NOW&teiNm=%93%8C%96%EE%91q%90E%88%F5%8FZ%91%EE",
        "url2": ""
      }
    },
    {
      "type": "Feature",
      "geometry": {
        "type": "Point",
        "coordinates": [
          135.9591245,
          34.9995707
        ]
      },
      "properties": {
        "内容": "バス停: 東矢倉職員住宅 (近江鉄道大津営業所)",
        "name": "東矢倉職員住宅",
        "operator": "近江鉄道大津営業所",
        "ref": "",
        "url": "http://time.khobho.co.jp/ohmi_bus/pol_dsp.asp?KaiKbn=NOW&teiNm=%93%8C%96%EE%91q%90E%88%F5%8FZ%91%EE",
        "url2": ""
      }
    },
    {
      "type": "Feature",
      "geometry": {
        "type": "Point",
        "coordinates": [
          135.9635891,
          34.9969746
        ]
      },
      "properties": {
        "内容": "バス停: 向山ニュータウン (近江鉄道大津営業所)",
        "name": "向山ニュータウン",
        "operator": "近江鉄道大津営業所",
        "ref": "",
        "url": "time.khobho.co.jp/ohmi_bus/pol_dsp.asp?KaiKbn=NOW&teiNm=%8C%FC%8ER%83j%83%85%81[%83^%83E%83%93",
        "url2": ""
      }
    },
    {
      "type": "Feature",
      "geometry": {
        "type": "Point",
        "coordinates": [
          135.9640934,
          34.99679
        ]
      },
      "properties": {
        "内容": "バス停: 向山ニュータウン (近江鉄道大津営業所)",
        "name": "向山ニュータウン",
        "operator": "近江鉄道大津営業所",
        "ref": "",
        "url": "time.khobho.co.jp/ohmi_bus/pol_dsp.asp?KaiKbn=NOW&teiNm=%8C%FC%8ER%83j%83%85%81[%83^%83E%83%93",
        "url2": ""
      }
    },
    {
      "type": "Feature",
      "geometry": {
        "type": "Point",
        "coordinates": [
          135.9652252,
          34.9937709
        ]
      },
      "properties": {
        "内容": "バス停: 丸尾 (近江鉄道大津営業所)",
        "name": "丸尾",
        "operator": "近江鉄道大津営業所",
        "ref": "",
        "url": "http://time.khobho.co.jp/ohmi_bus/pol_dsp.asp?KaiKbn=NOW&teiNm=%8A%DB%94%F6",
        "url2": ""
      }
    },
    {
      "type": "Feature",
      "geometry": {
        "type": "Point",
        "coordinates": [
          135.9653504,
          34.9933942
        ]
      },
      "properties": {
        "内容": "バス停: 丸尾 (近江鉄道大津営業所)",
        "name": "丸尾",
        "operator": "近江鉄道大津営業所",
        "ref": "",
        "url": "http://time.khobho.co.jp/ohmi_bus/pol_dsp.asp?KaiKbn=NOW&teiNm=%8A%DB%94%F6",
        "url2": ""
      }
    },
    {
      "type": "Feature",
      "geometry": {
        "type": "Point",
        "coordinates": [
          135.9666625,
          34.9895671
        ]
      },
      "properties": {
        "内容": "バス停: 若草北口 (近江鉄道大津営業所)",
        "name": "若草北口",
        "operator": "近江鉄道大津営業所",
        "ref": "",
        "url": "http://time.khobho.co.jp/ohmi_bus/pol_dsp.asp?KaiKbn=NOW&teiNm=%8E%E1%91%90%96k%8C%FB",
        "url2": ""
      }
    },
    {
      "type": "Feature",
      "geometry": {
        "type": "Point",
        "coordinates": [
          135.960802,
          34.9852094
        ]
      },
      "properties": {
        "内容": "バス停: 立命館大学正門前 (近江鉄道大津営業所)",
        "name": "立命館大学正門前",
        "operator": "近江鉄道大津営業所",
        "ref": "",
        "url": "http://time.khobho.co.jp/ohmi_bus/pol_dsp.asp?KaiKbn=NOW&teiNm=%97%A7%96%BD%8A%D9%91%E5%8Aw%90%B3%96%E5%91O",
        "url2": ""
      }
    },
    {
      "type": "Feature",
      "geometry": {
        "type": "Point",
        "coordinates": [
          135.9610542,
          34.9857068
        ]
      },
      "properties": {
        "内容": "バス停: 立命館大学正門前 (近江鉄道大津営業所)",
        "name": "立命館大学正門前",
        "operator": "近江鉄道大津営業所",
        "ref": "",
        "url": "http://time.khobho.co.jp/ohmi_bus/pol_dsp.asp?KaiKbn=NOW&teiNm=%97%A7%96%BD%8A%D9%91%E5%8Aw%90%B3%96%E5%91O",
        "url2": ""
      }
    },
    {
      "type": "Feature",
      "geometry": {
        "type": "Point",
        "coordinates": [
          135.9623283,
          35.0222599
        ]
      },
      "properties": {
        "内容": "バス停: 草津駅 (近江鉄道大津営業所)",
        "name": "草津駅",
        "operator": "近江鉄道大津営業所",
        "ref": "",
        "url": "http://time.khobho.co.jp/ohmi_bus/pol_dsp.asp?KaiKbn=NOW&teiNm=%91%90%92%C3%89whttp://time.khobho.co.jp/ohmi_bus/pol_dsp.asp?KaiKbn=NOW&teiNm=%91%90%92%C3%89w",
        "url2": ""
      }
    },
    {
      "type": "Feature",
      "geometry": {
        "type": "Point",
        "coordinates": [
          135.9648165,
          35.0219789
        ]
      },
      "properties": {
        "内容": "バス停: 渋川口 (近江鉄道大津営業所)",
        "name": "渋川口",
        "operator": "近江鉄道大津営業所",
        "ref": "",
        "url": "http://time.khobho.co.jp/ohmi_bus/pol_dsp.asp?KaiKbn=NOW&teiNm=%8Fa%90%EC%8C%FB",
        "url2": ""
      }
    },
    {
      "type": "Feature",
      "geometry": {
        "type": "Point",
        "coordinates": [
          135.9692144,
          35.0200047
        ]
      },
      "properties": {
        "内容": "バス停: 国道草津 (近江鉄道大津営業所)",
        "name": "国道草津",
        "operator": "近江鉄道大津営業所",
        "ref": "",
        "url": "http://time.khobho.co.jp/ohmi_bus/pol_dsp.asp?KaiKbn=NOW&teiNm=%8D%91%93%B9%91%90%92%C3",
        "url2": ""
      }
    },
    {
      "type": "Feature",
      "geometry": {
        "type": "Point",
        "coordinates": [
          135.9691833,
          35.0186088
        ]
      },
      "properties": {
        "内容": "バス停: 東草津 (近江鉄道大津営業所)",
        "name": "東草津",
        "operator": "近江鉄道大津営業所",
        "ref": "",
        "url": "",
        "url2": ""
      }
    },
    {
      "type": "Feature",
      "geometry": {
        "type": "Point",
        "coordinates": [
          135.9660163,
          35.014837
        ]
      },
      "properties": {
        "内容": "バス停: 草津一丁目 (近江鉄道大津営業所)",
        "name": "草津一丁目",
        "operator": "近江鉄道大津営業所",
        "ref": "",
        "url": "http://time.khobho.co.jp/ohmi_bus/pol_dsp.asp?KaiKbn=NOW&teiNm=%91%90%92%C3%82P%92%9A%96%DA",
        "url2": ""
      }
    },
    {
      "type": "Feature",
      "geometry": {
        "type": "Point",
        "coordinates": [
          135.9634499,
          35.0130795
        ]
      },
      "properties": {
        "内容": "バス停: 草津中学校前 (近江鉄道大津営業所)",
        "name": "草津中学校前",
        "operator": "近江鉄道大津営業所",
        "ref": "",
        "url": "http://time.khobho.co.jp/ohmi_bus/pol_dsp.asp?KaiKbn=NOW&teiNm=%91%90%92%C3%92%86%8Aw%8DZ%91O",
        "url2": ""
      }
    },
    {
      "type": "Feature",
      "geometry": {
        "type": "Point",
        "coordinates": [
          135.9608662,
          35.0111392
        ]
      },
      "properties": {
        "内容": "バス停: 伯母川新橋 (近江鉄度大津営業所)",
        "name": "伯母川新橋",
        "operator": "近江鉄度大津営業所",
        "ref": "",
        "url": "http://time.khobho.co.jp/ohmi_bus/pol_dsp.asp?KaiKbn=NOW&teiNm=%82%A8%82%CE%90%EC%90V%8B%B4",
        "url2": ""
      }
    },
    {
      "type": "Feature",
      "geometry": {
        "type": "Point",
        "coordinates": [
          135.9563398,
          35.0029545
        ]
      },
      "properties": {
        "内容": "バス停: 東矢倉二丁目 (近江鉄道大津営業所)",
        "name": "東矢倉二丁目",
        "operator": "近江鉄道大津営業所",
        "ref": "",
        "url": "http://time.khobho.co.jp/ohmi_bus/pol_dsp.asp?KaiKbn=NOW&teiNm=%93%8C%96%EE%91q%93%F1%92%9A%96%DA",
        "url2": ""
      }
    },
    {
      "type": "Feature",
      "geometry": {
        "type": "Point",
        "coordinates": [
          135.9541844,
          34.99707
        ]
      },
      "properties": {
        "内容": "バス停: バイパス野路 (近江鉄道大津営業所)",
        "name": "バイパス野路",
        "operator": "近江鉄道大津営業所",
        "ref": "",
        "url": "http://time.khobho.co.jp/ohmi_bus/pol_dsp.asp?KaiKbn=NOW&teiNm=%83o%83C%83p%83X%96%EC%98H",
        "url2": ""
      }
    },
    {
      "type": "Feature",
      "geometry": {
        "type": "Point",
        "coordinates": [
          135.9257126,
          34.986392
        ]
      },
      "properties": {
        "内容": "バス停: 瀬田駅 (近江鉄道大津営業所)",
        "name": "瀬田駅",
        "operator": "近江鉄道大津営業所",
        "ref": "",
        "url": "http://time.khobho.co.jp/ohmi_bus/pol_dsp.asp?KaiKbn=NOW&teiNm=%90%A3%93c%89w",
        "url2": ""
      }
    },
    {
      "type": "Feature",
      "geometry": {
        "type": "Point",
        "coordinates": [
          135.9333079,
          34.9887535
        ]
      },
      "properties": {
        "内容": "バス停: 月の輪 (近江鉄道大津営業所)",
        "name": "月の輪",
        "operator": "近江鉄道大津営業所",
        "ref": "",
        "url": "http://time.khobho.co.jp/ohmi_bus/pol_dsp.asp?KaiKbn=NOW&teiNm=%8C%8E%82%CC%97%D6",
        "url2": ""
      }
    },
    {
      "type": "Feature",
      "geometry": {
        "type": "Point",
        "coordinates": [
          135.9349536,
          34.9899723
        ]
      },
      "properties": {
        "内容": "バス停: 島津メクテム前 (近江鉄道大津営業所)",
        "name": "島津メクテム前",
        "operator": "近江鉄道大津営業所",
        "ref": "",
        "url": "http://time.khobho.co.jp/ohmi_bus/pol_dsp.asp?KaiKbn=NOW&teiNm=%93%87%92%C3%83%81%83N%83e%83%80%91O",
        "url2": ""
      }
    },
    {
      "type": "Feature",
      "geometry": {
        "type": "Point",
        "coordinates": [
          135.9382195,
          34.9923613
        ]
      },
      "properties": {
        "内容": "バス停: 栗林町 (近江鉄道大津営業所)",
        "name": "栗林町",
        "operator": "近江鉄道大津営業所",
        "ref": "",
        "url": "",
        "url2": ""
      }
    },
    {
      "type": "Feature",
      "geometry": {
        "type": "Point",
        "coordinates": [
          135.9403828,
          34.9941243
        ]
      },
      "properties": {
        "内容": "バス停: 国道南笠 (近江鉄道大津営業所)",
        "name": "国道南笠",
        "operator": "近江鉄道大津営業所",
        "ref": "",
        "url": "http://time.khobho.co.jp/ohmi_bus/pol_dsp.asp?KaiKbn=NOW&teiNm=%8D%91%93%B9%93%EC%8A}",
        "url2": ""
      }
    },
    {
      "type": "Feature",
      "geometry": {
        "type": "Point",
        "coordinates": [
          135.94429,
          34.9927558
        ]
      },
      "properties": {
        "内容": "バス停: 笠山口 (近江鉄道大津営業所)",
        "name": "笠山口",
        "operator": "近江鉄道大津営業所",
        "ref": "",
        "url": "http://time.khobho.co.jp/ohmi_bus/pol_dsp.asp?KaiKbn=NOW&teiNm=%8A}%8ER%8C%FB",
        "url2": ""
      }
    },
    {
      "type": "Feature",
      "geometry": {
        "type": "Point",
        "coordinates": [
          136.0609231,
          34.8770112
        ]
      },
      "properties": {
        "内容": "バス停: 信楽駅",
        "name": "信楽駅",
        "operator": "事業者不明",
        "ref": "",
        "url": "",
        "url2": ""
      }
    },
    {
      "type": "Feature",
      "geometry": {
        "type": "Point",
        "coordinates": [
          136.2196487,
          35.0122432
        ]
      },
      "properties": {
        "内容": "バス停: 日野駅 (近江鉄道)",
        "name": "日野駅",
        "operator": "近江鉄道",
        "ref": "",
        "url": "",
        "url2": ""
      }
    },
    {
      "type": "Feature",
      "geometry": {
        "type": "Point",
        "coordinates": [
          135.9516131,
          34.9926069
        ]
      },
      "properties": {
        "内容": "バス停: 小野山 (近江鉄道大津営業所)",
        "name": "小野山",
        "operator": "近江鉄道大津営業所",
        "ref": "",
        "url": "",
        "url2": ""
      }
    },
    {
      "type": "Feature",
      "geometry": {
        "type": "Point",
        "coordinates": [
          135.9550229,
          34.989114
        ]
      },
      "properties": {
        "内容": "バス停: パナソニック東口 (近江鉄道大津営業所)",
        "name": "パナソニック東口",
        "operator": "近江鉄道大津営業所",
        "ref": "",
        "url": "",
        "url2": ""
      }
    },
    {
      "type": "Feature",
      "geometry": {
        "type": "Point",
        "coordinates": [
          135.9554195,
          34.984851
        ]
      },
      "properties": {
        "内容": "バス停: パナソニック南門前 (近江鉄道大津営業所)",
        "name": "パナソニック南門前",
        "operator": "近江鉄道大津営業所",
        "ref": "",
        "url": "",
        "url2": ""
      }
    },
    {
      "type": "Feature",
      "geometry": {
        "type": "Point",
        "coordinates": [
          135.9551149,
          34.9845152
        ]
      },
      "properties": {
        "内容": "バス停: パナソニック南門前 (近江鉄道大津営業所)",
        "name": "パナソニック南門前",
        "operator": "近江鉄道大津営業所",
        "ref": "",
        "url": "",
        "url2": ""
      }
    },
    {
      "type": "Feature",
      "geometry": {
        "type": "Point",
        "coordinates": [
          135.9572284,
          34.9859392
        ]
      },
      "properties": {
        "内容": "バス停: パナソニック団地口 (近江鉄道大津営業所)",
        "name": "パナソニック団地口",
        "operator": "近江鉄道大津営業所",
        "ref": "",
        "url": "",
        "url2": ""
      }
    },
    {
      "type": "Feature",
      "geometry": {
        "type": "Point",
        "coordinates": [
          135.9572714,
          34.9857106
        ]
      },
      "properties": {
        "内容": "バス停: パナソニック団地口 (近江鉄道大津営業所)",
        "name": "パナソニック団地口",
        "operator": "近江鉄道大津営業所",
        "ref": "",
        "url": "",
        "url2": ""
      }
    },
    {
      "type": "Feature",
      "geometry": {
        "type": "Point",
        "coordinates": [
          135.9528511,
          34.9836537
        ]
      },
      "properties": {
        "内容": "バス停: パナソニックスクール (近江鉄道大津営業所)",
        "name": "パナソニックスクール",
        "operator": "近江鉄道大津営業所",
        "ref": "",
        "url": "",
        "url2": ""
      }
    },
    {
      "type": "Feature",
      "geometry": {
        "type": "Point",
        "coordinates": [
          135.95313,
          34.9834603
        ]
      },
      "properties": {
        "内容": "バス停: パナソニックスクール (近江鉄道大津営業所)",
        "name": "パナソニックスクール",
        "operator": "近江鉄道大津営業所",
        "ref": "",
        "url": "",
        "url2": ""
      }
    },
    {
      "type": "Feature",
      "geometry": {
        "type": "Point",
        "coordinates": [
          135.9481164,
          34.9861057
        ]
      },
      "properties": {
        "内容": "バス停: パナソニック西口 (近江鉄道大津営業所)",
        "name": "パナソニック西口",
        "operator": "近江鉄道大津営業所",
        "ref": "",
        "url": "",
        "url2": ""
      }
    },
    {
      "type": "Feature",
      "geometry": {
        "type": "Point",
        "coordinates": [
          135.950069,
          34.993612
        ]
      },
      "properties": {
        "内容": "バス停: 野路中央",
        "name": "野路中央",
        "operator": "事業者不明",
        "ref": "",
        "url": "",
        "url2": ""
      }
    },
    {
      "type": "Feature",
      "geometry": {
        "type": "Point",
        "coordinates": [
          135.9545961,
          34.9984417
        ]
      },
      "properties": {
        "内容": "バス停: バイパス野路 (近江鉄道大津営業所)",
        "name": "バイパス野路",
        "operator": "近江鉄道大津営業所",
        "ref": "",
        "url": "",
        "url2": ""
      }
    },
    {
      "type": "Feature",
      "geometry": {
        "type": "Point",
        "coordinates": [
          136.1527735,
          34.9553987
        ]
      },
      "properties": {
        "内容": "バス停: 貴生川二丁目 (甲賀市コミュニティバス)",
        "name": "貴生川二丁目",
        "operator": "甲賀市コミュニティバス",
        "ref": "",
        "url": "",
        "url2": ""
      }
    },
    {
      "type": "Feature",
      "geometry": {
        "type": "Point",
        "coordinates": [
          136.0954442,
          35.1415777
        ]
      },
      "properties": {
        "内容": "バス停: 学園前 (近江鉄道バス)",
        "name": "学園前",
        "operator": "近江鉄道バス",
        "ref": "",
        "url": "",
        "url2": ""
      }
    },
    {
      "type": "Feature",
      "geometry": {
        "type": "Point",
        "coordinates": [
          136.0956267,
          35.1415679
        ]
      },
      "properties": {
        "内容": "バス停: 学園前 (近江鉄道バス)",
        "name": "学園前",
        "operator": "近江鉄道バス",
        "ref": "",
        "url": "",
        "url2": ""
      }
    },
    {
      "type": "Feature",
      "geometry": {
        "type": "Point",
        "coordinates": [
          136.0937258,
          35.1406126
        ]
      },
      "properties": {
        "内容": "バス停: 鍛冶屋町 (近江鉄道バス)",
        "name": "鍛冶屋町",
        "operator": "近江鉄道バス",
        "ref": "",
        "url": "",
        "url2": ""
      }
    },
    {
      "type": "Feature",
      "geometry": {
        "type": "Point",
        "coordinates": [
          136.0938642,
          35.1407953
        ]
      },
      "properties": {
        "内容": "バス停: 鍛冶屋町 (近江鉄道バス)",
        "name": "鍛冶屋町",
        "operator": "近江鉄道バス",
        "ref": "",
        "url": "",
        "url2": ""
      }
    },
    {
      "type": "Feature",
      "geometry": {
        "type": "Point",
        "coordinates": [
          136.0915025,
          35.1399177
        ]
      },
      "properties": {
        "内容": "バス停: 大杉町 (近江鉄道バス)",
        "name": "大杉町",
        "operator": "近江鉄道バス",
        "ref": "",
        "url": "",
        "url2": ""
      }
    },
    {
      "type": "Feature",
      "geometry": {
        "type": "Point",
        "coordinates": [
          136.0915577,
          35.1398402
        ]
      },
      "properties": {
        "内容": "バス停: 大杉町 (近江鉄道バス)",
        "name": "大杉町",
        "operator": "近江鉄道バス",
        "ref": "",
        "url": "",
        "url2": ""
      }
    },
    {
      "type": "Feature",
      "geometry": {
        "type": "Point",
        "coordinates": [
          136.089089,
          35.1389215
        ]
      },
      "properties": {
        "内容": "バス停: 新町 (近江鉄道バス)",
        "name": "新町",
        "operator": "近江鉄道バス",
        "ref": "",
        "url": "",
        "url2": ""
      }
    },
    {
      "type": "Feature",
      "geometry": {
        "type": "Point",
        "coordinates": [
          136.0891286,
          35.1390177
        ]
      },
      "properties": {
        "内容": "バス停: 新町 (近江鉄道バス)",
        "name": "新町",
        "operator": "近江鉄道バス",
        "ref": "",
        "url": "",
        "url2": ""
      }
    },
    {
      "type": "Feature",
      "geometry": {
        "type": "Point",
        "coordinates": [
          136.0883409,
          35.1377625
        ]
      },
      "properties": {
        "内容": "バス停: 小幡町資料館前 (近江鉄道バス)",
        "name": "小幡町資料館前",
        "operator": "近江鉄道バス",
        "ref": "",
        "url": "",
        "url2": ""
      }
    },
    {
      "type": "Feature",
      "geometry": {
        "type": "Point",
        "coordinates": [
          136.0889565,
          35.1370865
        ]
      },
      "properties": {
        "内容": "バス停: 小幡町資料館前 (近江鉄道バス)",
        "name": "小幡町資料館前",
        "operator": "近江鉄道バス",
        "ref": "",
        "url": "",
        "url2": ""
      }
    },
    {
      "type": "Feature",
      "geometry": {
        "type": "Point",
        "coordinates": [
          136.0896809,
          35.1360011
        ]
      },
      "properties": {
        "内容": "バス停: 小幡上筋 (近江鉄道バス)",
        "name": "小幡上筋",
        "operator": "近江鉄道バス",
        "ref": "",
        "url": "",
        "url2": ""
      }
    },
    {
      "type": "Feature",
      "geometry": {
        "type": "Point",
        "coordinates": [
          136.0904176,
          35.1352675
        ]
      },
      "properties": {
        "内容": "バス停: 小幡上筋 (近江鉄道バス)",
        "name": "小幡上筋",
        "operator": "近江鉄道バス",
        "ref": "",
        "url": "",
        "url2": ""
      }
    },
    {
      "type": "Feature",
      "geometry": {
        "type": "Point",
        "coordinates": [
          136.0905283,
          35.1349425
        ]
      },
      "properties": {
        "内容": "バス停: 八商前 (近江鉄道バス)",
        "name": "八商前",
        "operator": "近江鉄道バス",
        "ref": "",
        "url": "",
        "url2": ""
      }
    },
    {
      "type": "Feature",
      "geometry": {
        "type": "Point",
        "coordinates": [
          136.0913622,
          35.1340977
        ]
      },
      "properties": {
        "内容": "バス停: 八商前 (近江鉄道バス)",
        "name": "八商前",
        "operator": "近江鉄道バス",
        "ref": "",
        "url": "",
        "url2": ""
      }
    },
    {
      "type": "Feature",
      "geometry": {
        "type": "Point",
        "coordinates": [
          136.0924411,
          35.1325667
        ]
      },
      "properties": {
        "内容": "バス停: 中村 (近江鉄道バス)",
        "name": "中村",
        "operator": "近江鉄道バス",
        "ref": "",
        "url": "",
        "url2": ""
      }
    },
    {
      "type": "Feature",
      "geometry": {
        "type": "Point",
        "coordinates": [
          136.094164,
          35.1306339
        ]
      },
      "properties": {
        "内容": "バス停: 土田口 (近江鉄道バス)",
        "name": "土田口",
        "operator": "近江鉄道バス",
        "ref": "",
        "url": "",
        "url2": ""
      }
    },
    {
      "type": "Feature",
      "geometry": {
        "type": "Point",
        "coordinates": [
          136.0944463,
          35.1300758
        ]
      },
      "properties": {
        "内容": "バス停: 土田口 (近江鉄道バス)",
        "name": "土田口",
        "operator": "近江鉄道バス",
        "ref": "",
        "url": "",
        "url2": ""
      }
    },
    {
      "type": "Feature",
      "geometry": {
        "type": "Point",
        "coordinates": [
          136.1020329,
          35.1227992
        ]
      },
      "properties": {
        "内容": "バス停: 近江八幡駅 (近江鉄道バス)",
        "name": "近江八幡駅",
        "operator": "近江鉄道バス",
        "ref": "",
        "url": "",
        "url2": ""
      }
    },
    {
      "type": "Feature",
      "geometry": {
        "type": "Point",
        "coordinates": [
          136.1018831,
          35.1229198
        ]
      },
      "properties": {
        "内容": "バス停: 近江八幡駅 (近江鉄道バス)",
        "name": "近江八幡駅",
        "operator": "近江鉄道バス",
        "ref": "",
        "url": "",
        "url2": ""
      }
    },
    {
      "type": "Feature",
      "geometry": {
        "type": "Point",
        "coordinates": [
          136.1020842,
          35.1228905
        ]
      },
      "properties": {
        "内容": "バス停: 近江八幡駅 (近江鉄道バス)",
        "name": "近江八幡駅",
        "operator": "近江鉄道バス",
        "ref": "",
        "url": "",
        "url2": ""
      }
    },
    {
      "type": "Feature",
      "geometry": {
        "type": "Point",
        "coordinates": [
          136.1019832,
          35.1229784
        ]
      },
      "properties": {
        "内容": "バス停: 近江八幡駅 (近江鉄道バス)",
        "name": "近江八幡駅",
        "operator": "近江鉄道バス",
        "ref": "",
        "url": "",
        "url2": ""
      }
    },
    {
      "type": "Feature",
      "geometry": {
        "type": "Point",
        "coordinates": [
          136.1021412,
          35.1229617
        ]
      },
      "properties": {
        "内容": "バス停: 近江八幡駅 (近江鉄道バス)",
        "name": "近江八幡駅",
        "operator": "近江鉄道バス",
        "ref": "",
        "url": "",
        "url2": ""
      }
    },
    {
      "type": "Feature",
      "geometry": {
        "type": "Point",
        "coordinates": [
          136.1020533,
          35.1230376
        ]
      },
      "properties": {
        "内容": "バス停: 近江八幡駅 (近江鉄道バス)",
        "name": "近江八幡駅",
        "operator": "近江鉄道バス",
        "ref": "",
        "url": "",
        "url2": ""
      }
    },
    {
      "type": "Feature",
      "geometry": {
        "type": "Point",
        "coordinates": [
          136.1021135,
          35.1230949
        ]
      },
      "properties": {
        "内容": "バス停: 近江八幡駅北口 (近江八幡市)",
        "name": "近江八幡駅北口",
        "operator": "近江八幡市",
        "ref": "",
        "url": "",
        "url2": ""
      }
    },
    {
      "type": "Feature",
      "geometry": {
        "type": "Point",
        "coordinates": [
          136.0968968,
          35.1285491
        ]
      },
      "properties": {
        "内容": "バス停: 官庁街通り (近江鉄道バス)",
        "name": "官庁街通り",
        "operator": "近江鉄道バス",
        "ref": "",
        "url": "",
        "url2": ""
      }
    },
    {
      "type": "Feature",
      "geometry": {
        "type": "Point",
        "coordinates": [
          136.0973583,
          35.1291434
        ]
      },
      "properties": {
        "内容": "バス停: 市役所前 (近江鉄道バス)",
        "name": "市役所前",
        "operator": "近江鉄道バス",
        "ref": "",
        "url": "",
        "url2": ""
      }
    },
    {
      "type": "Feature",
      "geometry": {
        "type": "Point",
        "coordinates": [
          136.097709,
          35.1294081
        ]
      },
      "properties": {
        "内容": "バス停: 市役所前 (近江鉄道バス)",
        "name": "市役所前",
        "operator": "近江鉄道バス",
        "ref": "",
        "url": "",
        "url2": ""
      }
    },
    {
      "type": "Feature",
      "geometry": {
        "type": "Point",
        "coordinates": [
          136.0970287,
          35.1282868
        ]
      },
      "properties": {
        "内容": "バス停: 官庁街通り (近江鉄道バス)",
        "name": "官庁街通り",
        "operator": "近江鉄道バス",
        "ref": "",
        "url": "",
        "url2": ""
      }
    },
    {
      "type": "Feature",
      "geometry": {
        "type": "Point",
        "coordinates": [
          136.0966046,
          35.1302941
        ]
      },
      "properties": {
        "内容": "バス停: サルビアタウン (近江鉄道バス)",
        "name": "サルビアタウン",
        "operator": "近江鉄道バス",
        "ref": "",
        "url": "",
        "url2": ""
      }
    },
    {
      "type": "Feature",
      "geometry": {
        "type": "Point",
        "coordinates": [
          136.0965792,
          35.1305846
        ]
      },
      "properties": {
        "内容": "バス停: サルビアタウン (近江鉄道バス)",
        "name": "サルビアタウン",
        "operator": "近江鉄道バス",
        "ref": "",
        "url": "",
        "url2": ""
      }
    },
    {
      "type": "Feature",
      "geometry": {
        "type": "Point",
        "coordinates": [
          136.0978091,
          35.1328697
        ]
      },
      "properties": {
        "内容": "バス停: 出町南 (近江鉄道バス)",
        "name": "出町南",
        "operator": "近江鉄道バス",
        "ref": "",
        "url": "",
        "url2": ""
      }
    },
    {
      "type": "Feature",
      "geometry": {
        "type": "Point",
        "coordinates": [
          136.1000106,
          35.1340606
        ]
      },
      "properties": {
        "内容": "バス停: 音羽 (近江鉄道バス)",
        "name": "音羽",
        "operator": "近江鉄道バス",
        "ref": "",
        "url": "",
        "url2": ""
      }
    },
    {
      "type": "Feature",
      "geometry": {
        "type": "Point",
        "coordinates": [
          136.1009633,
          35.137504
        ]
      },
      "properties": {
        "内容": "バス停: 市井町 (近江鉄道バス)",
        "name": "市井町",
        "operator": "近江鉄道バス",
        "ref": "",
        "url": "",
        "url2": ""
      }
    },
    {
      "type": "Feature",
      "geometry": {
        "type": "Point",
        "coordinates": [
          135.9149961,
          35.1206456
        ]
      },
      "properties": {
        "内容": "バス停: 堅田駅 (江若交通)",
        "name": "堅田駅",
        "operator": "江若交通",
        "ref": "",
        "url": "",
        "url2": ""
      }
    },
    {
      "type": "Feature",
      "geometry": {
        "type": "Point",
        "coordinates": [
          135.8602241,
          35.0160696
        ]
      },
      "properties": {
        "内容": "バス停: 競艇場前 (江若交通)",
        "name": "競艇場前",
        "operator": "江若交通",
        "ref": "",
        "url": "",
        "url2": ""
      }
    },
    {
      "type": "Feature",
      "geometry": {
        "type": "Point",
        "coordinates": [
          135.8641777,
          35.0116475
        ]
      },
      "properties": {
        "内容": "バス停: びわ湖浜大津 (江若バス)",
        "name": "びわ湖浜大津",
        "operator": "江若バス",
        "ref": "",
        "url": "",
        "url2": ""
      }
    },
    {
      "type": "Feature",
      "geometry": {
        "type": "Point",
        "coordinates": [
          135.8649805,
          35.0095097
        ]
      },
      "properties": {
        "内容": "バス停: 浜町 (江若バス)",
        "name": "浜町",
        "operator": "江若バス",
        "ref": "",
        "url": "",
        "url2": ""
      }
    },
    {
      "type": "Feature",
      "geometry": {
        "type": "Point",
        "coordinates": [
          135.8648185,
          35.0062648
        ]
      },
      "properties": {
        "内容": "バス停: 京町通 (京阪バス・近江鉄道・江若交通)",
        "name": "京町通",
        "operator": "京阪バス・近江鉄道・江若交通",
        "ref": "",
        "url": "",
        "url2": ""
      }
    },
    {
      "type": "Feature",
      "geometry": {
        "type": "Point",
        "coordinates": [
          135.8659281,
          35.0051909
        ]
      },
      "properties": {
        "内容": "バス停: 裁判所前 (江若バス)",
        "name": "裁判所前",
        "operator": "江若バス",
        "ref": "",
        "url": "",
        "url2": ""
      }
    },
    {
      "type": "Feature",
      "geometry": {
        "type": "Point",
        "coordinates": [
          135.8392018,
          35.0705663
        ]
      },
      "properties": {
        "内容": "バス停: 延暦寺バスセンター (京都バス・京阪バス)",
        "name": "延暦寺バスセンター",
        "operator": "京都バス・京阪バス",
        "ref": "",
        "url": "",
        "url2": ""
      }
    },
    {
      "type": "Feature",
      "geometry": {
        "type": "Point",
        "coordinates": [
          135.8391572,
          35.0705128
        ]
      },
      "properties": {
        "内容": "バス停: 延暦寺バスセンター (京阪バス)",
        "name": "延暦寺バスセンター",
        "operator": "京阪バス",
        "ref": "",
        "url": "",
        "url2": ""
      }
    },
    {
      "type": "Feature",
      "geometry": {
        "type": "Point",
        "coordinates": [
          135.8391863,
          35.0705495
        ]
      },
      "properties": {
        "内容": "バス停: 延暦寺バスセンター (京阪バス)",
        "name": "延暦寺バスセンター",
        "operator": "京阪バス",
        "ref": "",
        "url": "",
        "url2": ""
      }
    },
    {
      "type": "Feature",
      "geometry": {
        "type": "Point",
        "coordinates": [
          135.8425745,
          35.0665973
        ]
      },
      "properties": {
        "内容": "バス停: 無動寺 (京都バス・京阪バス)",
        "name": "無動寺",
        "operator": "京都バス・京阪バス",
        "ref": "",
        "url": "",
        "url2": ""
      }
    },
    {
      "type": "Feature",
      "geometry": {
        "type": "Point",
        "coordinates": [
          135.9363162,
          34.9343185
        ]
      },
      "properties": {
        "内容": "バス停: 名称不明バス停",
        "name": "名称不明バス停",
        "operator": "事業者不明",
        "ref": "",
        "url": "",
        "url2": ""
      }
    },
    {
      "type": "Feature",
      "geometry": {
        "type": "Point",
        "coordinates": [
          135.9398754,
          34.9312331
        ]
      },
      "properties": {
        "内容": "バス停: 名称不明バス停",
        "name": "名称不明バス停",
        "operator": "事業者不明",
        "ref": "",
        "url": "",
        "url2": ""
      }
    },
    {
      "type": "Feature",
      "geometry": {
        "type": "Point",
        "coordinates": [
          135.9345306,
          34.933227
        ]
      },
      "properties": {
        "内容": "バス停: もみじが丘 (帝産湖南交通)",
        "name": "もみじが丘",
        "operator": "帝産湖南交通",
        "ref": "",
        "url": "",
        "url2": ""
      }
    },
    {
      "type": "Feature",
      "geometry": {
        "type": "Point",
        "coordinates": [
          135.930579,
          34.9344143
        ]
      },
      "properties": {
        "内容": "バス停: 名称不明バス停",
        "name": "名称不明バス停",
        "operator": "事業者不明",
        "ref": "",
        "url": "",
        "url2": ""
      }
    },
    {
      "type": "Feature",
      "geometry": {
        "type": "Point",
        "coordinates": [
          135.928073,
          34.9361713
        ]
      },
      "properties": {
        "内容": "バス停: 名称不明バス停",
        "name": "名称不明バス停",
        "operator": "事業者不明",
        "ref": "",
        "url": "",
        "url2": ""
      }
    },
    {
      "type": "Feature",
      "geometry": {
        "type": "Point",
        "coordinates": [
          135.9268961,
          34.935395
        ]
      },
      "properties": {
        "内容": "バス停: 名称不明バス停",
        "name": "名称不明バス停",
        "operator": "事業者不明",
        "ref": "",
        "url": "",
        "url2": ""
      }
    },
    {
      "type": "Feature",
      "geometry": {
        "type": "Point",
        "coordinates": [
          135.9267466,
          34.9350068
        ]
      },
      "properties": {
        "内容": "バス停: 名称不明バス停",
        "name": "名称不明バス停",
        "operator": "事業者不明",
        "ref": "",
        "url": "",
        "url2": ""
      }
    },
    {
      "type": "Feature",
      "geometry": {
        "type": "Point",
        "coordinates": [
          135.9341188,
          34.9367382
        ]
      },
      "properties": {
        "内容": "バス停: 名称不明バス停",
        "name": "名称不明バス停",
        "operator": "事業者不明",
        "ref": "",
        "url": "",
        "url2": ""
      }
    },
    {
      "type": "Feature",
      "geometry": {
        "type": "Point",
        "coordinates": [
          135.9321297,
          34.9382316
        ]
      },
      "properties": {
        "内容": "バス停: 名称不明バス停",
        "name": "名称不明バス停",
        "operator": "事業者不明",
        "ref": "",
        "url": "",
        "url2": ""
      }
    },
    {
      "type": "Feature",
      "geometry": {
        "type": "Point",
        "coordinates": [
          135.9301733,
          34.9394128
        ]
      },
      "properties": {
        "内容": "バス停: 名称不明バス停",
        "name": "名称不明バス停",
        "operator": "事業者不明",
        "ref": "",
        "url": "",
        "url2": ""
      }
    },
    {
      "type": "Feature",
      "geometry": {
        "type": "Point",
        "coordinates": [
          135.9293471,
          34.9384402
        ]
      },
      "properties": {
        "内容": "バス停: 名称不明バス停",
        "name": "名称不明バス停",
        "operator": "事業者不明",
        "ref": "",
        "url": "",
        "url2": ""
      }
    },
    {
      "type": "Feature",
      "geometry": {
        "type": "Point",
        "coordinates": [
          135.9276129,
          34.9410203
        ]
      },
      "properties": {
        "内容": "バス停: 名称不明バス停",
        "name": "名称不明バス停",
        "operator": "事業者不明",
        "ref": "",
        "url": "",
        "url2": ""
      }
    },
    {
      "type": "Feature",
      "geometry": {
        "type": "Point",
        "coordinates": [
          135.9328814,
          34.9395212
        ]
      },
      "properties": {
        "内容": "バス停: 名称不明バス停",
        "name": "名称不明バス停",
        "operator": "事業者不明",
        "ref": "",
        "url": "",
        "url2": ""
      }
    },
    {
      "type": "Feature",
      "geometry": {
        "type": "Point",
        "coordinates": [
          135.9637796,
          34.9714354
        ]
      },
      "properties": {
        "内容": "バス停: 松ヶ丘五丁目 (近江鉄道;帝産湖南交通)",
        "name": "松ヶ丘五丁目",
        "operator": "近江鉄道;帝産湖南交通",
        "ref": "",
        "url": "",
        "url2": ""
      }
    },
    {
      "type": "Feature",
      "geometry": {
        "type": "Point",
        "coordinates": [
          135.9676336,
          34.9732941
        ]
      },
      "properties": {
        "内容": "バス停: 松ヶ丘三丁目 (近江鉄道;帝産湖南交通)",
        "name": "松ヶ丘三丁目",
        "operator": "近江鉄道;帝産湖南交通",
        "ref": "",
        "url": "",
        "url2": ""
      }
    },
    {
      "type": "Feature",
      "geometry": {
        "type": "Point",
        "coordinates": [
          135.833477,
          35.0718136
        ]
      },
      "properties": {
        "内容": "バス停: 西塔（釈迦堂）",
        "name": "西塔（釈迦堂）",
        "operator": "事業者不明",
        "ref": "",
        "url": "",
        "url2": ""
      }
    },
    {
      "type": "Feature",
      "geometry": {
        "type": "Point",
        "coordinates": [
          135.8394759,
          35.0794745
        ]
      },
      "properties": {
        "内容": "バス停: シャトルバス・路線バスのりば 峰道(大師像前)",
        "name": "シャトルバス・路線バスのりば 峰道(大師像前)",
        "operator": "事業者不明",
        "ref": "",
        "url": "",
        "url2": ""
      }
    },
    {
      "type": "Feature",
      "geometry": {
        "type": "Point",
        "coordinates": [
          135.8393238,
          35.0793176
        ]
      },
      "properties": {
        "内容": "バス停: 峰道 京阪バスのりば",
        "name": "峰道 京阪バスのりば",
        "operator": "事業者不明",
        "ref": "",
        "url": "",
        "url2": ""
      }
    },
    {
      "type": "Feature",
      "geometry": {
        "type": "Point",
        "coordinates": [
          136.1704917,
          34.9756137
        ]
      },
      "properties": {
        "内容": "バス停: 綾野 (甲賀市コミュニティバス)",
        "name": "綾野",
        "operator": "甲賀市コミュニティバス",
        "ref": "",
        "url": "",
        "url2": ""
      }
    },
    {
      "type": "Feature",
      "geometry": {
        "type": "Point",
        "coordinates": [
          136.1701836,
          34.9756543
        ]
      },
      "properties": {
        "内容": "バス停: 綾野 (甲賀市コミュニティバス)",
        "name": "綾野",
        "operator": "甲賀市コミュニティバス",
        "ref": "",
        "url": "",
        "url2": ""
      }
    },
    {
      "type": "Feature",
      "geometry": {
        "type": "Point",
        "coordinates": [
          135.8462063,
          35.0955836
        ]
      },
      "properties": {
        "内容": "バス停: シャトルバスのりば 横川(横川中堂)",
        "name": "シャトルバスのりば 横川(横川中堂)",
        "operator": "事業者不明",
        "ref": "",
        "url": "",
        "url2": ""
      }
    },
    {
      "type": "Feature",
      "geometry": {
        "type": "Point",
        "coordinates": [
          135.8394042,
          35.0685928
        ]
      },
      "properties": {
        "内容": "バス停: 東塔 (京阪バス・京都バス)",
        "name": "東塔",
        "operator": "京阪バス・京都バス",
        "ref": "",
        "url": "",
        "url2": ""
      }
    },
    {
      "type": "Feature",
      "geometry": {
        "type": "Point",
        "coordinates": [
          135.8640128,
          35.0696042
        ]
      },
      "properties": {
        "内容": "バス停: ケーブル坂本",
        "name": "ケーブル坂本",
        "operator": "事業者不明",
        "ref": "",
        "url": "",
        "url2": ""
      }
    },
    {
      "type": "Feature",
      "geometry": {
        "type": "Point",
        "coordinates": [
          135.9784601,
          35.0638409
        ]
      },
      "properties": {
        "内容": "バス停: 立命館守山中学・高校前",
        "name": "立命館守山中学・高校前",
        "operator": "事業者不明",
        "ref": "",
        "url": "",
        "url2": ""
      }
    },
    {
      "type": "Feature",
      "geometry": {
        "type": "Point",
        "coordinates": [
          135.9790531,
          35.0627387
        ]
      },
      "properties": {
        "内容": "バス停: 立命館守山正門前（降車専用）",
        "name": "立命館守山正門前（降車専用）",
        "operator": "事業者不明",
        "ref": "",
        "url": "",
        "url2": ""
      }
    },
    {
      "type": "Feature",
      "geometry": {
        "type": "Point",
        "coordinates": [
          135.9792734,
          35.0640317
        ]
      },
      "properties": {
        "内容": "バス停: 守山市民ホール前",
        "name": "守山市民ホール前",
        "operator": "事業者不明",
        "ref": "",
        "url": "",
        "url2": ""
      }
    },
    {
      "type": "Feature",
      "geometry": {
        "type": "Point",
        "coordinates": [
          136.2947159,
          34.9137699
        ]
      },
      "properties": {
        "内容": "バス停: 土山",
        "name": "土山",
        "operator": "事業者不明",
        "ref": "",
        "url": "",
        "url2": ""
      }
    },
    {
      "type": "Feature",
      "geometry": {
        "type": "Point",
        "coordinates": [
          136.2953428,
          34.9126283
        ]
      },
      "properties": {
        "内容": "バス停: 土山SA入口",
        "name": "土山SA入口",
        "operator": "事業者不明",
        "ref": "",
        "url": "",
        "url2": ""
      }
    },
    {
      "type": "Feature",
      "geometry": {
        "type": "Point",
        "coordinates": [
          136.0917004,
          35.1394734
        ]
      },
      "properties": {
        "内容": "バス停: 元八幡",
        "name": "元八幡",
        "operator": "事業者不明",
        "ref": "",
        "url": "",
        "url2": ""
      }
    },
    {
      "type": "Feature",
      "geometry": {
        "type": "Point",
        "coordinates": [
          136.1683946,
          35.0755438
        ]
      },
      "properties": {
        "内容": "バス停: 名称不明バス停",
        "name": "名称不明バス停",
        "operator": "事業者不明",
        "ref": "",
        "url": "",
        "url2": ""
      }
    },
    {
      "type": "Feature",
      "geometry": {
        "type": "Point",
        "coordinates": [
          136.1676865,
          35.0750806
        ]
      },
      "properties": {
        "内容": "バス停: 名称不明バス停",
        "name": "名称不明バス停",
        "operator": "事業者不明",
        "ref": "",
        "url": "",
        "url2": ""
      }
    },
    {
      "type": "Feature",
      "geometry": {
        "type": "Point",
        "coordinates": [
          136.0902212,
          35.1633962
        ]
      },
      "properties": {
        "内容": "バス停: 白王口 (近江鉄道バス)",
        "name": "白王口",
        "operator": "近江鉄道バス",
        "ref": "",
        "url": "",
        "url2": ""
      }
    },
    {
      "type": "Feature",
      "geometry": {
        "type": "Point",
        "coordinates": [
          136.0938,
          35.194943
        ]
      },
      "properties": {
        "内容": "バス停: 堀切港",
        "name": "堀切港",
        "operator": "事業者不明",
        "ref": "",
        "url": "",
        "url2": ""
      }
    },
    {
      "type": "Feature",
      "geometry": {
        "type": "Point",
        "coordinates": [
          136.076246,
          35.138166
        ]
      },
      "properties": {
        "内容": "バス停: 船木",
        "name": "船木",
        "operator": "事業者不明",
        "ref": "",
        "url": "",
        "url2": ""
      }
    },
    {
      "type": "Feature",
      "geometry": {
        "type": "Point",
        "coordinates": [
          136.091287,
          35.159496
        ]
      },
      "properties": {
        "内容": "バス停: 円山",
        "name": "円山",
        "operator": "事業者不明",
        "ref": "",
        "url": "",
        "url2": ""
      }
    },
    {
      "type": "Feature",
      "geometry": {
        "type": "Point",
        "coordinates": [
          136.0888833,
          35.1650173
        ]
      },
      "properties": {
        "内容": "バス停: ユースホステル前",
        "name": "ユースホステル前",
        "operator": "事業者不明",
        "ref": "",
        "url": "",
        "url2": ""
      }
    },
    {
      "type": "Feature",
      "geometry": {
        "type": "Point",
        "coordinates": [
          135.916811,
          35.111273
        ]
      },
      "properties": {
        "内容": "バス停: 堅田出町",
        "name": "堅田出町",
        "operator": "事業者不明",
        "ref": "",
        "url": "",
        "url2": ""
      }
    },
    {
      "type": "Feature",
      "geometry": {
        "type": "Point",
        "coordinates": [
          135.915125,
          35.112004
        ]
      },
      "properties": {
        "内容": "バス停: 東洋紡",
        "name": "東洋紡",
        "operator": "事業者不明",
        "ref": "",
        "url": "",
        "url2": ""
      }
    },
    {
      "type": "Feature",
      "geometry": {
        "type": "Point",
        "coordinates": [
          135.896776,
          35.113798
        ]
      },
      "properties": {
        "内容": "バス停: レークピア北口",
        "name": "レークピア北口",
        "operator": "事業者不明",
        "ref": "",
        "url": "",
        "url2": ""
      }
    },
    {
      "type": "Feature",
      "geometry": {
        "type": "Point",
        "coordinates": [
          135.888092,
          35.113066
        ]
      },
      "properties": {
        "内容": "バス停: 下仰木",
        "name": "下仰木",
        "operator": "事業者不明",
        "ref": "",
        "url": "",
        "url2": ""
      }
    },
    {
      "type": "Feature",
      "geometry": {
        "type": "Point",
        "coordinates": [
          135.885303,
          35.110942
        ]
      },
      "properties": {
        "内容": "バス停: 平尾",
        "name": "平尾",
        "operator": "事業者不明",
        "ref": "",
        "url": "",
        "url2": ""
      }
    },
    {
      "type": "Feature",
      "geometry": {
        "type": "Point",
        "coordinates": [
          135.91959,
          35.110329
        ]
      },
      "properties": {
        "内容": "バス停: 浮御堂",
        "name": "浮御堂",
        "operator": "事業者不明",
        "ref": "",
        "url": "",
        "url2": ""
      }
    },
    {
      "type": "Feature",
      "geometry": {
        "type": "Point",
        "coordinates": [
          135.890401,
          35.113659
        ]
      },
      "properties": {
        "内容": "バス停: 十王堂前",
        "name": "十王堂前",
        "operator": "事業者不明",
        "ref": "",
        "url": "",
        "url2": ""
      }
    },
    {
      "type": "Feature",
      "geometry": {
        "type": "Point",
        "coordinates": [
          135.904396,
          34.954245
        ]
      },
      "properties": {
        "内容": "バス停: 野々宮 (京阪バス)",
        "name": "野々宮",
        "operator": "京阪バス",
        "ref": "",
        "url": "",
        "url2": ""
      }
    },
    {
      "type": "Feature",
      "geometry": {
        "type": "Point",
        "coordinates": [
          135.9073867,
          34.9545298
        ]
      },
      "properties": {
        "内容": "バス停: 石山幼稚園前 (京阪バス)",
        "name": "石山幼稚園前",
        "operator": "京阪バス",
        "ref": "",
        "url": "",
        "url2": ""
      }
    },
    {
      "type": "Feature",
      "geometry": {
        "type": "Point",
        "coordinates": [
          135.9100857,
          34.9552864
        ]
      },
      "properties": {
        "内容": "バス停: 石山小学校前 (京阪バス)",
        "name": "石山小学校前",
        "operator": "京阪バス",
        "ref": "",
        "url": "",
        "url2": ""
      }
    },
    {
      "type": "Feature",
      "geometry": {
        "type": "Point",
        "coordinates": [
          135.9098941,
          34.9555736
        ]
      },
      "properties": {
        "内容": "バス停: 石山小学校前 (京阪バス)",
        "name": "石山小学校前",
        "operator": "京阪バス",
        "ref": "",
        "url": "",
        "url2": ""
      }
    },
    {
      "type": "Feature",
      "geometry": {
        "type": "Point",
        "coordinates": [
          135.9100741,
          34.9572031
        ]
      },
      "properties": {
        "内容": "バス停: 大浜 (京阪バス)",
        "name": "大浜",
        "operator": "京阪バス",
        "ref": "",
        "url": "",
        "url2": ""
      }
    },
    {
      "type": "Feature",
      "geometry": {
        "type": "Point",
        "coordinates": [
          135.9098803,
          34.9581922
        ]
      },
      "properties": {
        "内容": "バス停: 大浜 (京阪バス)",
        "name": "大浜",
        "operator": "京阪バス",
        "ref": "",
        "url": "",
        "url2": ""
      }
    },
    {
      "type": "Feature",
      "geometry": {
        "type": "Point",
        "coordinates": [
          135.9081319,
          34.9611897
        ]
      },
      "properties": {
        "内容": "バス停: 石山寺山門前 (京阪バス)",
        "name": "石山寺山門前",
        "operator": "京阪バス",
        "ref": "",
        "url": "",
        "url2": ""
      }
    },
    {
      "type": "Feature",
      "geometry": {
        "type": "Point",
        "coordinates": [
          135.9067281,
          34.9622379
        ]
      },
      "properties": {
        "内容": "バス停: 石山寺山門前 (京阪バス)",
        "name": "石山寺山門前",
        "operator": "京阪バス",
        "ref": "",
        "url": "",
        "url2": ""
      }
    },
    {
      "type": "Feature",
      "geometry": {
        "type": "Point",
        "coordinates": [
          135.8826713,
          34.9966749
        ]
      },
      "properties": {
        "内容": "バス停: 国道膳所",
        "name": "国道膳所",
        "operator": "事業者不明",
        "ref": "",
        "url": "",
        "url2": ""
      }
    },
    {
      "type": "Feature",
      "geometry": {
        "type": "Point",
        "coordinates": [
          135.8822917,
          34.9969461
        ]
      },
      "properties": {
        "内容": "バス停: 国道膳所",
        "name": "国道膳所",
        "operator": "事業者不明",
        "ref": "",
        "url": "",
        "url2": ""
      }
    },
    {
      "type": "Feature",
      "geometry": {
        "type": "Point",
        "coordinates": [
          135.8818468,
          35.0037185
        ]
      },
      "properties": {
        "内容": "バス停: 義仲寺（西武百貨店前）",
        "name": "義仲寺（西武百貨店前）",
        "operator": "事業者不明",
        "ref": "",
        "url": "",
        "url2": ""
      }
    },
    {
      "type": "Feature",
      "geometry": {
        "type": "Point",
        "coordinates": [
          135.8819254,
          35.0035954
        ]
      },
      "properties": {
        "内容": "バス停: 義仲寺（西武百貨店前）",
        "name": "義仲寺（西武百貨店前）",
        "operator": "事業者不明",
        "ref": "",
        "url": "",
        "url2": ""
      }
    },
    {
      "type": "Feature",
      "geometry": {
        "type": "Point",
        "coordinates": [
          135.8786776,
          35.004229
        ]
      },
      "properties": {
        "内容": "バス停: 大津署前（大津パルコ）",
        "name": "大津署前（大津パルコ）",
        "operator": "事業者不明",
        "ref": "",
        "url": "",
        "url2": ""
      }
    },
    {
      "type": "Feature",
      "geometry": {
        "type": "Point",
        "coordinates": [
          135.8792736,
          35.0040145
        ]
      },
      "properties": {
        "内容": "バス停: 大津署前（大津パルコ）",
        "name": "大津署前（大津パルコ）",
        "operator": "事業者不明",
        "ref": "",
        "url": "",
        "url2": ""
      }
    },
    {
      "type": "Feature",
      "geometry": {
        "type": "Point",
        "coordinates": [
          135.9252347,
          34.9866084
        ]
      },
      "properties": {
        "内容": "バス停: 瀬田駅",
        "name": "瀬田駅",
        "operator": "事業者不明",
        "ref": "",
        "url": "",
        "url2": ""
      }
    },
    {
      "type": "Feature",
      "geometry": {
        "type": "Point",
        "coordinates": [
          135.9149131,
          34.9295013
        ]
      },
      "properties": {
        "内容": "バス停: 大浜 (京阪バス)",
        "name": "大浜",
        "operator": "京阪バス",
        "ref": "",
        "url": "",
        "url2": ""
      }
    },
    {
      "type": "Feature",
      "geometry": {
        "type": "Point",
        "coordinates": [
          135.9135017,
          34.9108979
        ]
      },
      "properties": {
        "内容": "バス停: 大石小学校 (京阪バス)",
        "name": "大石小学校",
        "operator": "京阪バス",
        "ref": "",
        "url": "",
        "url2": ""
      }
    },
    {
      "type": "Feature",
      "geometry": {
        "type": "Point",
        "coordinates": [
          136.2737425,
          35.2603157
        ]
      },
      "properties": {
        "内容": "バス停: 名称不明バス停",
        "name": "名称不明バス停",
        "operator": "事業者不明",
        "ref": "",
        "url": "",
        "url2": ""
      }
    },
    {
      "type": "Feature",
      "geometry": {
        "type": "Point",
        "coordinates": [
          136.2735118,
          35.260158
        ]
      },
      "properties": {
        "内容": "バス停: 名称不明バス停",
        "name": "名称不明バス停",
        "operator": "事業者不明",
        "ref": "",
        "url": "",
        "url2": ""
      }
    },
    {
      "type": "Feature",
      "geometry": {
        "type": "Point",
        "coordinates": [
          136.2256709,
          35.0950089
        ]
      },
      "properties": {
        "内容": "バス停: 名称不明バス停",
        "name": "名称不明バス停",
        "operator": "事業者不明",
        "ref": "",
        "url": "",
        "url2": ""
      }
    },
    {
      "type": "Feature",
      "geometry": {
        "type": "Point",
        "coordinates": [
          136.2258479,
          35.0950089
        ]
      },
      "properties": {
        "内容": "バス停: 名称不明バス停",
        "name": "名称不明バス停",
        "operator": "事業者不明",
        "ref": "",
        "url": "",
        "url2": ""
      }
    },
    {
      "type": "Feature",
      "geometry": {
        "type": "Point",
        "coordinates": [
          136.0900911,
          35.1633684
        ]
      },
      "properties": {
        "内容": "バス停: 白王口 (近江鉄道バス)",
        "name": "白王口",
        "operator": "近江鉄道バス",
        "ref": "",
        "url": "",
        "url2": ""
      }
    },
    {
      "type": "Feature",
      "geometry": {
        "type": "Point",
        "coordinates": [
          136.0944896,
          35.1454686
        ]
      },
      "properties": {
        "内容": "バス停: 豊年橋和船のりば口",
        "name": "豊年橋和船のりば口",
        "operator": "事業者不明",
        "ref": "",
        "url": "",
        "url2": ""
      }
    },
    {
      "type": "Feature",
      "geometry": {
        "type": "Point",
        "coordinates": [
          136.0948206,
          35.1452612
        ]
      },
      "properties": {
        "内容": "バス停: 豊年橋和船のりば口",
        "name": "豊年橋和船のりば口",
        "operator": "事業者不明",
        "ref": "",
        "url": "",
        "url2": ""
      }
    },
    {
      "type": "Feature",
      "geometry": {
        "type": "Point",
        "coordinates": [
          136.0934229,
          35.1475295
        ]
      },
      "properties": {
        "内容": "バス停: 北之庄",
        "name": "北之庄",
        "operator": "事業者不明",
        "ref": "",
        "url": "",
        "url2": ""
      }
    },
    {
      "type": "Feature",
      "geometry": {
        "type": "Point",
        "coordinates": [
          136.0931664,
          35.1485855
        ]
      },
      "properties": {
        "内容": "バス停: 北之庄 ラ コリーナ前",
        "name": "北之庄 ラ コリーナ前",
        "operator": "事業者不明",
        "ref": "",
        "url": "",
        "url2": ""
      }
    },
    {
      "type": "Feature",
      "geometry": {
        "type": "Point",
        "coordinates": [
          136.0933173,
          35.1487253
        ]
      },
      "properties": {
        "内容": "バス停: 北之庄 ラ コリーナ前",
        "name": "北之庄 ラ コリーナ前",
        "operator": "事業者不明",
        "ref": "",
        "url": "",
        "url2": ""
      }
    },
    {
      "type": "Feature",
      "geometry": {
        "type": "Point",
        "coordinates": [
          136.0925545,
          35.1525907
        ]
      },
      "properties": {
        "内容": "バス停: ヴォーリズ記念病院前",
        "name": "ヴォーリズ記念病院前",
        "operator": "事業者不明",
        "ref": "",
        "url": "",
        "url2": ""
      }
    },
    {
      "type": "Feature",
      "geometry": {
        "type": "Point",
        "coordinates": [
          136.0924525,
          35.1523341
        ]
      },
      "properties": {
        "内容": "バス停: ヴォーリズ記念病院前",
        "name": "ヴォーリズ記念病院前",
        "operator": "事業者不明",
        "ref": "",
        "url": "",
        "url2": ""
      }
    },
    {
      "type": "Feature",
      "geometry": {
        "type": "Point",
        "coordinates": [
          136.0912146,
          35.1592685
        ]
      },
      "properties": {
        "内容": "バス停: 円山",
        "name": "円山",
        "operator": "事業者不明",
        "ref": "",
        "url": "",
        "url2": ""
      }
    },
    {
      "type": "Feature",
      "geometry": {
        "type": "Point",
        "coordinates": [
          136.0912951,
          35.1594977
        ]
      },
      "properties": {
        "内容": "バス停: 円山",
        "name": "円山",
        "operator": "事業者不明",
        "ref": "",
        "url": "",
        "url2": ""
      }
    },
    {
      "type": "Feature",
      "geometry": {
        "type": "Point",
        "coordinates": [
          135.8940313,
          35.1078788
        ]
      },
      "properties": {
        "内容": "バス停: レークピアセンター前",
        "name": "レークピアセンター前",
        "operator": "事業者不明",
        "ref": "",
        "url": "",
        "url2": ""
      }
    },
    {
      "type": "Feature",
      "geometry": {
        "type": "Point",
        "coordinates": [
          135.8913837,
          35.1073472
        ]
      },
      "properties": {
        "内容": "バス停: 仰木の里小学校前",
        "name": "仰木の里小学校前",
        "operator": "事業者不明",
        "ref": "",
        "url": "",
        "url2": ""
      }
    },
    {
      "type": "Feature",
      "geometry": {
        "type": "Point",
        "coordinates": [
          135.8885422,
          35.10535
        ]
      },
      "properties": {
        "内容": "バス停: けやき通り",
        "name": "けやき通り",
        "operator": "事業者不明",
        "ref": "",
        "url": "",
        "url2": ""
      }
    },
    {
      "type": "Feature",
      "geometry": {
        "type": "Point",
        "coordinates": [
          136.15134,
          34.9766069
        ]
      },
      "properties": {
        "内容": "バス停: 北脇 (甲賀市)",
        "name": "北脇",
        "operator": "甲賀市",
        "ref": "",
        "url": "",
        "url2": ""
      }
    },
    {
      "type": "Feature",
      "geometry": {
        "type": "Point",
        "coordinates": [
          136.1533995,
          34.979086
        ]
      },
      "properties": {
        "内容": "バス停: 名称不明バス停",
        "name": "名称不明バス停",
        "operator": "事業者不明",
        "ref": "",
        "url": "",
        "url2": ""
      }
    },
    {
      "type": "Feature",
      "geometry": {
        "type": "Point",
        "coordinates": [
          136.155277,
          34.9986872
        ]
      },
      "properties": {
        "内容": "バス停: 名称不明バス停",
        "name": "名称不明バス停",
        "operator": "事業者不明",
        "ref": "",
        "url": "",
        "url2": ""
      }
    },
    {
      "type": "Feature",
      "geometry": {
        "type": "Point",
        "coordinates": [
          136.1273115,
          35.0270951
        ]
      },
      "properties": {
        "内容": "バス停: 下田口 (湖南市コミュニティバス)",
        "name": "下田口",
        "operator": "湖南市コミュニティバス",
        "ref": "",
        "url": "",
        "url2": ""
      }
    },
    {
      "type": "Feature",
      "geometry": {
        "type": "Point",
        "coordinates": [
          136.0222332,
          35.0947482
        ]
      },
      "properties": {
        "内容": "バス停: 八夫",
        "name": "八夫",
        "operator": "事業者不明",
        "ref": "",
        "url": "",
        "url2": ""
      }
    },
    {
      "type": "Feature",
      "geometry": {
        "type": "Point",
        "coordinates": [
          135.9455806,
          35.0197733
        ]
      },
      "properties": {
        "内容": "バス停: 東木ノ川",
        "name": "東木ノ川",
        "operator": "事業者不明",
        "ref": "",
        "url": "",
        "url2": ""
      }
    },
    {
      "type": "Feature",
      "geometry": {
        "type": "Point",
        "coordinates": [
          136.3596793,
          35.3665419
        ]
      },
      "properties": {
        "内容": "バス停: トンネル",
        "name": "トンネル",
        "operator": "事業者不明",
        "ref": "",
        "url": "",
        "url2": ""
      }
    },
    {
      "type": "Feature",
      "geometry": {
        "type": "Point",
        "coordinates": [
          136.1378273,
          35.0683556
        ]
      },
      "properties": {
        "内容": "バス停: 川守",
        "name": "川守",
        "operator": "事業者不明",
        "ref": "",
        "url": "",
        "url2": ""
      }
    },
    {
      "type": "Feature",
      "geometry": {
        "type": "Point",
        "coordinates": [
          136.1294179,
          35.0793638
        ]
      },
      "properties": {
        "内容": "バス停: 林",
        "name": "林",
        "operator": "事業者不明",
        "ref": "",
        "url": "",
        "url2": ""
      }
    },
    {
      "type": "Feature",
      "geometry": {
        "type": "Point",
        "coordinates": [
          135.9105165,
          35.13105
        ]
      },
      "properties": {
        "内容": "バス停: 普門",
        "name": "普門",
        "operator": "事業者不明",
        "ref": "",
        "url": "",
        "url2": ""
      }
    },
    {
      "type": "Feature",
      "geometry": {
        "type": "Point",
        "coordinates": [
          136.1473155,
          35.1426577
        ]
      },
      "properties": {
        "内容": "バス停: 瓢箪山古墳 (近江八幡市)",
        "name": "瓢箪山古墳",
        "operator": "近江八幡市",
        "ref": "",
        "url": "",
        "url2": ""
      }
    },
    {
      "type": "Feature",
      "geometry": {
        "type": "Point",
        "coordinates": [
          135.9035572,
          34.9671865
        ]
      },
      "properties": {
        "内容": "バス停: 京阪石山寺 (京阪バス)",
        "name": "京阪石山寺",
        "operator": "京阪バス",
        "ref": "",
        "url": "",
        "url2": ""
      }
    },
    {
      "type": "Feature",
      "geometry": {
        "type": "Point",
        "coordinates": [
          135.9035493,
          34.9672284
        ]
      },
      "properties": {
        "内容": "バス停: 京阪石山寺 (信楽高原バス)",
        "name": "京阪石山寺",
        "operator": "信楽高原バス",
        "ref": "",
        "url": "",
        "url2": ""
      }
    },
    {
      "type": "Feature",
      "geometry": {
        "type": "Point",
        "coordinates": [
          135.9038491,
          34.9670442
        ]
      },
      "properties": {
        "内容": "バス停: 京阪石山寺 (京阪バス)",
        "name": "京阪石山寺",
        "operator": "京阪バス",
        "ref": "",
        "url": "",
        "url2": ""
      }
    },
    {
      "type": "Feature",
      "geometry": {
        "type": "Point",
        "coordinates": [
          135.903857,
          34.96702
        ]
      },
      "properties": {
        "内容": "バス停: 京阪石山寺 (信楽高原バス)",
        "name": "京阪石山寺",
        "operator": "信楽高原バス",
        "ref": "",
        "url": "",
        "url2": ""
      }
    },
    {
      "type": "Feature",
      "geometry": {
        "type": "Point",
        "coordinates": [
          135.9024534,
          34.9740382
        ]
      },
      "properties": {
        "内容": "バス停: 唐橋前 (京阪バス・近江鉄道・帝産バス)",
        "name": "唐橋前",
        "operator": "京阪バス・近江鉄道・帝産バス",
        "ref": "",
        "url": "",
        "url2": ""
      }
    },
    {
      "type": "Feature",
      "geometry": {
        "type": "Point",
        "coordinates": [
          135.9032713,
          34.9728979
        ]
      },
      "properties": {
        "内容": "バス停: 唐橋前 (京阪バス)",
        "name": "唐橋前",
        "operator": "京阪バス",
        "ref": "",
        "url": "",
        "url2": ""
      }
    },
    {
      "type": "Feature",
      "geometry": {
        "type": "Point",
        "coordinates": [
          135.9035636,
          34.9737757
        ]
      },
      "properties": {
        "内容": "バス停: 唐橋前 (京阪バス・近江鉄道・帝産バス)",
        "name": "唐橋前",
        "operator": "京阪バス・近江鉄道・帝産バス",
        "ref": "",
        "url": "",
        "url2": ""
      }
    },
    {
      "type": "Feature",
      "geometry": {
        "type": "Point",
        "coordinates": [
          135.8640672,
          35.003763
        ]
      },
      "properties": {
        "内容": "バス停: 大津駅",
        "name": "大津駅",
        "operator": "事業者不明",
        "ref": "",
        "url": "",
        "url2": ""
      }
    },
    {
      "type": "Feature",
      "geometry": {
        "type": "Point",
        "coordinates": [
          135.8642278,
          35.0037488
        ]
      },
      "properties": {
        "内容": "バス停: 大津駅",
        "name": "大津駅",
        "operator": "事業者不明",
        "ref": "",
        "url": "",
        "url2": ""
      }
    },
    {
      "type": "Feature",
      "geometry": {
        "type": "Point",
        "coordinates": [
          135.8641835,
          35.0066272
        ]
      },
      "properties": {
        "内容": "バス停: 京町通り",
        "name": "京町通り",
        "operator": "事業者不明",
        "ref": "",
        "url": "",
        "url2": ""
      }
    },
    {
      "type": "Feature",
      "geometry": {
        "type": "Point",
        "coordinates": [
          135.8652045,
          35.0097551
        ]
      },
      "properties": {
        "内容": "バス停: 浜町",
        "name": "浜町",
        "operator": "事業者不明",
        "ref": "",
        "url": "",
        "url2": ""
      }
    },
    {
      "type": "Feature",
      "geometry": {
        "type": "Point",
        "coordinates": [
          136.0752327,
          35.1638651
        ]
      },
      "properties": {
        "内容": "バス停: 中之庄",
        "name": "中之庄",
        "operator": "事業者不明",
        "ref": "",
        "url": "",
        "url2": ""
      }
    },
    {
      "type": "Feature",
      "geometry": {
        "type": "Point",
        "coordinates": [
          136.0842081,
          35.1673011
        ]
      },
      "properties": {
        "内容": "バス停: 渡合",
        "name": "渡合",
        "operator": "事業者不明",
        "ref": "",
        "url": "",
        "url2": ""
      }
    },
    {
      "type": "Feature",
      "geometry": {
        "type": "Point",
        "coordinates": [
          136.0753022,
          35.1637351
        ]
      },
      "properties": {
        "内容": "バス停: 中之庄",
        "name": "中之庄",
        "operator": "事業者不明",
        "ref": "",
        "url": "",
        "url2": ""
      }
    },
    {
      "type": "Feature",
      "geometry": {
        "type": "Point",
        "coordinates": [
          136.0262413,
          35.3267455
        ]
      },
      "properties": {
        "内容": "バス停: 西万木今宮神社前 (江若交通; 大津第一交通)",
        "name": "西万木今宮神社前",
        "operator": "江若交通; 大津第一交通",
        "ref": "",
        "url": "",
        "url2": ""
      }
    },
    {
      "type": "Feature",
      "geometry": {
        "type": "Point",
        "coordinates": [
          136.0298073,
          35.3255731
        ]
      },
      "properties": {
        "内容": "バス停: 図書館前 (江若交通; 大津第一交通)",
        "name": "図書館前",
        "operator": "江若交通; 大津第一交通",
        "ref": "",
        "url": "",
        "url2": ""
      }
    },
    {
      "type": "Feature",
      "geometry": {
        "type": "Point",
        "coordinates": [
          136.029689,
          35.3212082
        ]
      },
      "properties": {
        "内容": "バス停: 藤樹書院前 (江若バス)",
        "name": "藤樹書院前",
        "operator": "江若バス",
        "ref": "",
        "url": "",
        "url2": ""
      }
    },
    {
      "type": "Feature",
      "geometry": {
        "type": "Point",
        "coordinates": [
          135.9618398,
          35.019297
        ]
      },
      "properties": {
        "内容": "バス停: 九谷医院前",
        "name": "九谷医院前",
        "operator": "事業者不明",
        "ref": "",
        "url": "",
        "url2": ""
      }
    },
    {
      "type": "Feature",
      "geometry": {
        "type": "Point",
        "coordinates": [
          135.9605124,
          35.0177401
        ]
      },
      "properties": {
        "内容": "バス停: 草津宿本陣",
        "name": "草津宿本陣",
        "operator": "事業者不明",
        "ref": "",
        "url": "",
        "url2": ""
      }
    },
    {
      "type": "Feature",
      "geometry": {
        "type": "Point",
        "coordinates": [
          135.9594551,
          35.0163633
        ]
      },
      "properties": {
        "内容": "バス停: 夢本陣前",
        "name": "夢本陣前",
        "operator": "事業者不明",
        "ref": "",
        "url": "",
        "url2": ""
      }
    },
    {
      "type": "Feature",
      "geometry": {
        "type": "Point",
        "coordinates": [
          135.9605788,
          35.0178283
        ]
      },
      "properties": {
        "内容": "バス停: 草津宿本陣",
        "name": "草津宿本陣",
        "operator": "事業者不明",
        "ref": "",
        "url": "",
        "url2": "Q3200642"
      }
    },
    {
      "type": "Feature",
      "geometry": {
        "type": "Point",
        "coordinates": [
          135.8730684,
          35.0472989
        ]
      },
      "properties": {
        "内容": "バス停: 唐崎 (江若交通)",
        "name": "唐崎",
        "operator": "江若交通",
        "ref": "",
        "url": "",
        "url2": ""
      }
    },
    {
      "type": "Feature",
      "geometry": {
        "type": "Point",
        "coordinates": [
          135.8983974,
          34.9851987
        ]
      },
      "properties": {
        "内容": "バス停: 衛生科学センター前 (京阪バス 近江鉄道)",
        "name": "衛生科学センター前",
        "operator": "京阪バス 近江鉄道",
        "ref": "",
        "url": "",
        "url2": ""
      }
    },
    {
      "type": "Feature",
      "geometry": {
        "type": "Point",
        "coordinates": [
          135.8983355,
          34.9851372
        ]
      },
      "properties": {
        "内容": "バス停: 衛生科学センター前 (京阪バス 近江鉄道)",
        "name": "衛生科学センター前",
        "operator": "京阪バス 近江鉄道",
        "ref": "",
        "url": "",
        "url2": ""
      }
    },
    {
      "type": "Feature",
      "geometry": {
        "type": "Point",
        "coordinates": [
          135.8987774,
          34.9871177
        ]
      },
      "properties": {
        "内容": "バス停: 御殿ケ浜 (京阪バス・近江鉄道)",
        "name": "御殿ケ浜",
        "operator": "京阪バス・近江鉄道",
        "ref": "",
        "url": "",
        "url2": ""
      }
    },
    {
      "type": "Feature",
      "geometry": {
        "type": "Point",
        "coordinates": [
          135.8988585,
          34.9869314
        ]
      },
      "properties": {
        "内容": "バス停: 御殿ケ浜 (京阪バス・近江鉄道)",
        "name": "御殿ケ浜",
        "operator": "京阪バス・近江鉄道",
        "ref": "",
        "url": "",
        "url2": ""
      }
    },
    {
      "type": "Feature",
      "geometry": {
        "type": "Point",
        "coordinates": [
          136.1777548,
          35.1551105
        ]
      },
      "properties": {
        "内容": "バス停: 金堂",
        "name": "金堂",
        "operator": "事業者不明",
        "ref": "",
        "url": "",
        "url2": ""
      }
    },
    {
      "type": "Feature",
      "geometry": {
        "type": "Point",
        "coordinates": [
          136.1794384,
          35.1575141
        ]
      },
      "properties": {
        "内容": "バス停: 竜田",
        "name": "竜田",
        "operator": "事業者不明",
        "ref": "",
        "url": "",
        "url2": ""
      }
    },
    {
      "type": "Feature",
      "geometry": {
        "type": "Point",
        "coordinates": [
          136.15349,
          34.9521555
        ]
      },
      "properties": {
        "内容": "バス停: 貴生川駅 (甲賀市コミュニティバス)",
        "name": "貴生川駅",
        "operator": "甲賀市コミュニティバス",
        "ref": "",
        "url": "",
        "url2": ""
      }
    },
    {
      "type": "Feature",
      "geometry": {
        "type": "Point",
        "coordinates": [
          136.1534216,
          34.9521903
        ]
      },
      "properties": {
        "内容": "バス停: 貴生川駅 (甲賀市コミュニティバス)",
        "name": "貴生川駅",
        "operator": "甲賀市コミュニティバス",
        "ref": "",
        "url": "",
        "url2": ""
      }
    },
    {
      "type": "Feature",
      "geometry": {
        "type": "Point",
        "coordinates": [
          136.1532798,
          34.9522539
        ]
      },
      "properties": {
        "内容": "バス停: 貴生川駅",
        "name": "貴生川駅",
        "operator": "事業者不明",
        "ref": "",
        "url": "",
        "url2": ""
      }
    },
    {
      "type": "Feature",
      "geometry": {
        "type": "Point",
        "coordinates": [
          135.8666865,
          35.0061411
        ]
      },
      "properties": {
        "内容": "バス停: 中央大通り",
        "name": "中央大通り",
        "operator": "事業者不明",
        "ref": "",
        "url": "",
        "url2": ""
      }
    },
    {
      "type": "Feature",
      "geometry": {
        "type": "Point",
        "coordinates": [
          135.8625197,
          35.0249192
        ]
      },
      "properties": {
        "内容": "バス停: イオンスタイル大津京前",
        "name": "イオンスタイル大津京前",
        "operator": "事業者不明",
        "ref": "",
        "url": "",
        "url2": ""
      }
    },
    {
      "type": "Feature",
      "geometry": {
        "type": "Point",
        "coordinates": [
          135.8573088,
          35.0242014
        ]
      },
      "properties": {
        "内容": "バス停: 大津京駅 (京阪バス)",
        "name": "大津京駅",
        "operator": "京阪バス",
        "ref": "",
        "url": "",
        "url2": ""
      }
    },
    {
      "type": "Feature",
      "geometry": {
        "type": "Point",
        "coordinates": [
          135.8552772,
          35.0183011
        ]
      },
      "properties": {
        "内容": "バス停: 市役所前 (京阪バス)",
        "name": "市役所前",
        "operator": "京阪バス",
        "ref": "",
        "url": "",
        "url2": ""
      }
    },
    {
      "type": "Feature",
      "geometry": {
        "type": "Point",
        "coordinates": [
          135.8550977,
          35.0182516
        ]
      },
      "properties": {
        "内容": "バス停: 市役所前 (京阪バス)",
        "name": "市役所前",
        "operator": "京阪バス",
        "ref": "",
        "url": "",
        "url2": ""
      }
    },
    {
      "type": "Feature",
      "geometry": {
        "type": "Point",
        "coordinates": [
          135.8554052,
          35.0161333
        ]
      },
      "properties": {
        "内容": "バス停: 別所 (京阪バス)",
        "name": "別所",
        "operator": "京阪バス",
        "ref": "",
        "url": "",
        "url2": ""
      }
    },
    {
      "type": "Feature",
      "geometry": {
        "type": "Point",
        "coordinates": [
          135.8552711,
          35.0156186
        ]
      },
      "properties": {
        "内容": "バス停: 別所 (京阪バス)",
        "name": "別所",
        "operator": "京阪バス",
        "ref": "",
        "url": "",
        "url2": ""
      }
    },
    {
      "type": "Feature",
      "geometry": {
        "type": "Point",
        "coordinates": [
          135.8603804,
          35.0131678
        ]
      },
      "properties": {
        "内容": "バス停: 三保ヶ崎 (京阪バス・江若バス・近江鉄道)",
        "name": "三保ヶ崎",
        "operator": "京阪バス・江若バス・近江鉄道",
        "ref": "",
        "url": "",
        "url2": ""
      }
    },
    {
      "type": "Feature",
      "geometry": {
        "type": "Point",
        "coordinates": [
          135.8600136,
          35.0134067
        ]
      },
      "properties": {
        "内容": "バス停: 三保ヶ崎 (京阪バス)",
        "name": "三保ヶ崎",
        "operator": "京阪バス",
        "ref": "",
        "url": "",
        "url2": ""
      }
    },
    {
      "type": "Feature",
      "geometry": {
        "type": "Point",
        "coordinates": [
          135.8651711,
          35.0045701
        ]
      },
      "properties": {
        "内容": "バス停: びわ湖大津プリンスホテル直行",
        "name": "びわ湖大津プリンスホテル直行",
        "operator": "事業者不明",
        "ref": "",
        "url": "",
        "url2": ""
      }
    },
    {
      "type": "Feature",
      "geometry": {
        "type": "Point",
        "coordinates": [
          136.2547036,
          35.2664938
        ]
      },
      "properties": {
        "内容": "バス停: 銀座 (近江バス)",
        "name": "銀座",
        "operator": "近江バス",
        "ref": "",
        "url": "",
        "url2": ""
      }
    },
    {
      "type": "Feature",
      "geometry": {
        "type": "Point",
        "coordinates": [
          135.9451609,
          35.1090403
        ]
      },
      "properties": {
        "内容": "バス停: 名称不明バス停",
        "name": "名称不明バス停",
        "operator": "事業者不明",
        "ref": "",
        "url": "",
        "url2": ""
      }
    },
    {
      "type": "Feature",
      "geometry": {
        "type": "Point",
        "coordinates": [
          136.1821815,
          35.0881104
        ]
      },
      "properties": {
        "内容": "バス停: 布施",
        "name": "布施",
        "operator": "事業者不明",
        "ref": "",
        "url": "",
        "url2": ""
      }
    },
    {
      "type": "Feature",
      "geometry": {
        "type": "Point",
        "coordinates": [
          136.1715171,
          35.1616535
        ]
      },
      "properties": {
        "内容": "バス停: 石馬寺",
        "name": "石馬寺",
        "operator": "事業者不明",
        "ref": "",
        "url": "",
        "url2": ""
      }
    },
    {
      "type": "Feature",
      "geometry": {
        "type": "Point",
        "coordinates": [
          135.9603654,
          35.0131598
        ]
      },
      "properties": {
        "内容": "バス停: 草津市役所 (まめばす)",
        "name": "草津市役所",
        "operator": "まめばす",
        "ref": "",
        "url": "",
        "url2": ""
      }
    },
    {
      "type": "Feature",
      "geometry": {
        "type": "Point",
        "coordinates": [
          135.9567881,
          35.0138006
        ]
      },
      "properties": {
        "内容": "バス停: 立木神社前 (草津市)",
        "name": "立木神社前",
        "operator": "草津市",
        "ref": "",
        "url": "",
        "url2": ""
      }
    },
    {
      "type": "Feature",
      "geometry": {
        "type": "Point",
        "coordinates": [
          135.9576214,
          35.0132575
        ]
      },
      "properties": {
        "内容": "バス停: 草津三丁目",
        "name": "草津三丁目",
        "operator": "事業者不明",
        "ref": "",
        "url": "",
        "url2": ""
      }
    },
    {
      "type": "Feature",
      "geometry": {
        "type": "Point",
        "coordinates": [
          136.2219725,
          35.0995691
        ]
      },
      "properties": {
        "内容": "バス停: 妙法寺 (近江鉄道)",
        "name": "妙法寺",
        "operator": "近江鉄道",
        "ref": "",
        "url": "",
        "url2": ""
      }
    },
    {
      "type": "Feature",
      "geometry": {
        "type": "Point",
        "coordinates": [
          136.229559,
          35.0962419
        ]
      },
      "properties": {
        "内容": "バス停: 五智前 (近江鉄道)",
        "name": "五智前",
        "operator": "近江鉄道",
        "ref": "",
        "url": "",
        "url2": ""
      }
    },
    {
      "type": "Feature",
      "geometry": {
        "type": "Point",
        "coordinates": [
          136.2243983,
          35.0985143
        ]
      },
      "properties": {
        "内容": "バス停: 妙法寺東口 (近江鉄道)",
        "name": "妙法寺東口",
        "operator": "近江鉄道",
        "ref": "",
        "url": "",
        "url2": ""
      }
    },
    {
      "type": "Feature",
      "geometry": {
        "type": "Point",
        "coordinates": [
          136.2222389,
          35.0995423
        ]
      },
      "properties": {
        "内容": "バス停: 妙法寺 (近江鉄道)",
        "name": "妙法寺",
        "operator": "近江鉄道",
        "ref": "",
        "url": "",
        "url2": ""
      }
    },
    {
      "type": "Feature",
      "geometry": {
        "type": "Point",
        "coordinates": [
          136.2274246,
          35.0972138
        ]
      },
      "properties": {
        "内容": "バス停: 中小路 (近江鉄道)",
        "name": "中小路",
        "operator": "近江鉄道",
        "ref": "",
        "url": "",
        "url2": ""
      }
    },
    {
      "type": "Feature",
      "geometry": {
        "type": "Point",
        "coordinates": [
          136.2349819,
          35.0940044
        ]
      },
      "properties": {
        "内容": "バス停: 林田 (近江鉄道)",
        "name": "林田",
        "operator": "近江鉄道",
        "ref": "",
        "url": "",
        "url2": ""
      }
    },
    {
      "type": "Feature",
      "geometry": {
        "type": "Point",
        "coordinates": [
          136.166234,
          34.971384
        ]
      },
      "properties": {
        "内容": "バス停: 水口西部コミセン (甲賀市コミュニティバス)",
        "name": "水口西部コミセン",
        "operator": "甲賀市コミュニティバス",
        "ref": "",
        "url": "",
        "url2": ""
      }
    },
    {
      "type": "Feature",
      "geometry": {
        "type": "Point",
        "coordinates": [
          136.0601136,
          35.0429954
        ]
      },
      "properties": {
        "内容": "バス停: 菩提寺",
        "name": "菩提寺",
        "operator": "事業者不明",
        "ref": "",
        "url": "",
        "url2": ""
      }
    },
    {
      "type": "Feature",
      "geometry": {
        "type": "Point",
        "coordinates": [
          136.0626671,
          35.0440978
        ]
      },
      "properties": {
        "内容": "バス停: ハイウェイサイドタウン",
        "name": "ハイウェイサイドタウン",
        "operator": "事業者不明",
        "ref": "",
        "url": "",
        "url2": ""
      }
    },
    {
      "type": "Feature",
      "geometry": {
        "type": "Point",
        "coordinates": [
          135.9512641,
          35.0192333
        ]
      },
      "properties": {
        "内容": "バス停: 図書館前",
        "name": "図書館前",
        "operator": "事業者不明",
        "ref": "",
        "url": "",
        "url2": ""
      }
    },
    {
      "type": "Feature",
      "geometry": {
        "type": "Point",
        "coordinates": [
          135.9011109,
          34.9827275
        ]
      },
      "properties": {
        "内容": "バス停: ローム滋賀前 (京阪バス・近江鉄道)",
        "name": "ローム滋賀前",
        "operator": "京阪バス・近江鉄道",
        "ref": "",
        "url": "",
        "url2": ""
      }
    },
    {
      "type": "Feature",
      "geometry": {
        "type": "Point",
        "coordinates": [
          135.9012222,
          34.9826385
        ]
      },
      "properties": {
        "内容": "バス停: ローム滋賀前 (京阪バス・近江鉄道)",
        "name": "ローム滋賀前",
        "operator": "京阪バス・近江鉄道",
        "ref": "",
        "url": "",
        "url2": ""
      }
    },
    {
      "type": "Feature",
      "geometry": {
        "type": "Point",
        "coordinates": [
          135.9134558,
          34.9757532
        ]
      },
      "properties": {
        "内容": "バス停: 瀬田南小学校前",
        "name": "瀬田南小学校前",
        "operator": "事業者不明",
        "ref": "",
        "url": "",
        "url2": ""
      }
    },
    {
      "type": "Feature",
      "geometry": {
        "type": "Point",
        "coordinates": [
          135.9112348,
          34.9735829
        ]
      },
      "properties": {
        "内容": "バス停: 神領建部大社前",
        "name": "神領建部大社前",
        "operator": "事業者不明",
        "ref": "",
        "url": "",
        "url2": ""
      }
    },
    {
      "type": "Feature",
      "geometry": {
        "type": "Point",
        "coordinates": [
          135.9019906,
          34.9756446
        ]
      },
      "properties": {
        "内容": "バス停: 栄町 (京阪バス・近江鉄道・帝産バス)",
        "name": "栄町",
        "operator": "京阪バス・近江鉄道・帝産バス",
        "ref": "",
        "url": "",
        "url2": ""
      }
    },
    {
      "type": "Feature",
      "geometry": {
        "type": "Point",
        "coordinates": [
          135.9020131,
          34.9774028
        ]
      },
      "properties": {
        "内容": "バス停: 松原 (京阪バス・近江鉄道・帝産バス)",
        "name": "松原",
        "operator": "京阪バス・近江鉄道・帝産バス",
        "ref": "",
        "url": "",
        "url2": ""
      }
    },
    {
      "type": "Feature",
      "geometry": {
        "type": "Point",
        "coordinates": [
          135.9584686,
          35.0152302
        ]
      },
      "properties": {
        "内容": "バス停: 道灌蔵",
        "name": "道灌蔵",
        "operator": "事業者不明",
        "ref": "",
        "url": "",
        "url2": ""
      }
    },
    {
      "type": "Feature",
      "geometry": {
        "type": "Point",
        "coordinates": [
          135.963116,
          35.0138071
        ]
      },
      "properties": {
        "内容": "バス停: 草津中学校前 (帝産バス)",
        "name": "草津中学校前",
        "operator": "帝産バス",
        "ref": "",
        "url": "",
        "url2": ""
      }
    },
    {
      "type": "Feature",
      "geometry": {
        "type": "Point",
        "coordinates": [
          135.9094281,
          34.9728631
        ]
      },
      "properties": {
        "内容": "バス停: 橋本",
        "name": "橋本",
        "operator": "事業者不明",
        "ref": "",
        "url": "",
        "url2": ""
      }
    },
    {
      "type": "Feature",
      "geometry": {
        "type": "Point",
        "coordinates": [
          135.9087679,
          34.9727403
        ]
      },
      "properties": {
        "内容": "バス停: 橋本",
        "name": "橋本",
        "operator": "事業者不明",
        "ref": "",
        "url": "",
        "url2": ""
      }
    },
    {
      "type": "Feature",
      "geometry": {
        "type": "Point",
        "coordinates": [
          136.1332381,
          35.1418559
        ]
      },
      "properties": {
        "内容": "バス停: 安土駅南広場",
        "name": "安土駅南広場",
        "operator": "事業者不明",
        "ref": "",
        "url": "",
        "url2": ""
      }
    },
    {
      "type": "Feature",
      "geometry": {
        "type": "Point",
        "coordinates": [
          136.0458409,
          35.0520028
        ]
      },
      "properties": {
        "内容": "バス停: 花緑公園",
        "name": "花緑公園",
        "operator": "事業者不明",
        "ref": "",
        "url": "",
        "url2": ""
      }
    },
    {
      "type": "Feature",
      "geometry": {
        "type": "Point",
        "coordinates": [
          136.0444482,
          35.0536705
        ]
      },
      "properties": {
        "内容": "バス停: ふるさと館館前",
        "name": "ふるさと館館前",
        "operator": "事業者不明",
        "ref": "",
        "url": "",
        "url2": ""
      }
    },
    {
      "type": "Feature",
      "geometry": {
        "type": "Point",
        "coordinates": [
          136.0493768,
          35.0593275
        ]
      },
      "properties": {
        "内容": "バス停: 希望が丘西ゲート",
        "name": "希望が丘西ゲート",
        "operator": "事業者不明",
        "ref": "",
        "url": "",
        "url2": ""
      }
    },
    {
      "type": "Feature",
      "geometry": {
        "type": "Point",
        "coordinates": [
          136.0115556,
          35.0611591
        ]
      },
      "properties": {
        "内容": "バス停: 名称不明バス停",
        "name": "名称不明バス停",
        "operator": "事業者不明",
        "ref": "",
        "url": "",
        "url2": ""
      }
    },
    {
      "type": "Feature",
      "geometry": {
        "type": "Point",
        "coordinates": [
          136.1512241,
          35.5386836
        ]
      },
      "properties": {
        "内容": "バス停: 塩津駅",
        "name": "塩津駅",
        "operator": "事業者不明",
        "ref": "",
        "url": "",
        "url2": ""
      }
    },
    {
      "type": "Feature",
      "geometry": {
        "type": "Point",
        "coordinates": [
          136.1509548,
          35.5389529
        ]
      },
      "properties": {
        "内容": "バス停: 塩津駅",
        "name": "塩津駅",
        "operator": "事業者不明",
        "ref": "",
        "url": "",
        "url2": ""
      }
    },
    {
      "type": "Feature",
      "geometry": {
        "type": "Point",
        "coordinates": [
          136.1998151,
          35.533836
        ]
      },
      "properties": {
        "内容": "バス停: 余呉駅 (余呉バス)",
        "name": "余呉駅",
        "operator": "余呉バス",
        "ref": "",
        "url": "",
        "url2": ""
      }
    },
    {
      "type": "Feature",
      "geometry": {
        "type": "Point",
        "coordinates": [
          135.946523,
          35.0036412
        ]
      },
      "properties": {
        "内容": "バス停: 名称不明バス停",
        "name": "名称不明バス停",
        "operator": "事業者不明",
        "ref": "",
        "url": "",
        "url2": ""
      }
    },
    {
      "type": "Feature",
      "geometry": {
        "type": "Point",
        "coordinates": [
          136.3741233,
          35.4205491
        ]
      },
      "properties": {
        "内容": "バス停: 小泉",
        "name": "小泉",
        "operator": "事業者不明",
        "ref": "",
        "url": "",
        "url2": ""
      }
    },
    {
      "type": "Feature",
      "geometry": {
        "type": "Point",
        "coordinates": [
          136.3724259,
          35.4242501
        ]
      },
      "properties": {
        "内容": "バス停: 大久保",
        "name": "大久保",
        "operator": "事業者不明",
        "ref": "",
        "url": "",
        "url2": ""
      }
    },
    {
      "type": "Feature",
      "geometry": {
        "type": "Point",
        "coordinates": [
          135.95166,
          35.0194922
        ]
      },
      "properties": {
        "内容": "バス停: 名称不明バス停",
        "name": "名称不明バス停",
        "operator": "事業者不明",
        "ref": "",
        "url": "",
        "url2": ""
      }
    },
    {
      "type": "Feature",
      "geometry": {
        "type": "Point",
        "coordinates": [
          135.9612373,
          35.0225293
        ]
      },
      "properties": {
        "内容": "バス停: 草津駅西口",
        "name": "草津駅西口",
        "operator": "事業者不明",
        "ref": "",
        "url": "",
        "url2": ""
      }
    },
    {
      "type": "Feature",
      "geometry": {
        "type": "Point",
        "coordinates": [
          135.9613761,
          35.0226584
        ]
      },
      "properties": {
        "内容": "バス停: 草津駅西口",
        "name": "草津駅西口",
        "operator": "事業者不明",
        "ref": "",
        "url": "",
        "url2": ""
      }
    },
    {
      "type": "Feature",
      "geometry": {
        "type": "Point",
        "coordinates": [
          135.9614241,
          35.0229545
        ]
      },
      "properties": {
        "内容": "バス停: 草津駅西口",
        "name": "草津駅西口",
        "operator": "事業者不明",
        "ref": "",
        "url": "",
        "url2": ""
      }
    },
    {
      "type": "Feature",
      "geometry": {
        "type": "Point",
        "coordinates": [
          135.9610236,
          35.0225056
        ]
      },
      "properties": {
        "内容": "バス停: 草津駅西口",
        "name": "草津駅西口",
        "operator": "事業者不明",
        "ref": "",
        "url": "",
        "url2": ""
      }
    },
    {
      "type": "Feature",
      "geometry": {
        "type": "Point",
        "coordinates": [
          135.9580774,
          35.0244476
        ]
      },
      "properties": {
        "内容": "バス停: 草津エストピアホテル前",
        "name": "草津エストピアホテル前",
        "operator": "事業者不明",
        "ref": "",
        "url": "",
        "url2": ""
      }
    },
    {
      "type": "Feature",
      "geometry": {
        "type": "Point",
        "coordinates": [
          135.9567414,
          35.025155
        ]
      },
      "properties": {
        "内容": "バス停: 西大路",
        "name": "西大路",
        "operator": "事業者不明",
        "ref": "",
        "url": "",
        "url2": ""
      }
    },
    {
      "type": "Feature",
      "geometry": {
        "type": "Point",
        "coordinates": [
          135.956869,
          35.0252404
        ]
      },
      "properties": {
        "内容": "バス停: 西大路",
        "name": "西大路",
        "operator": "事業者不明",
        "ref": "",
        "url": "",
        "url2": ""
      }
    },
    {
      "type": "Feature",
      "geometry": {
        "type": "Point",
        "coordinates": [
          135.9591535,
          35.024052
        ]
      },
      "properties": {
        "内容": "バス停: 草津エストピアホテル前",
        "name": "草津エストピアホテル前",
        "operator": "事業者不明",
        "ref": "",
        "url": "",
        "url2": ""
      }
    },
    {
      "type": "Feature",
      "geometry": {
        "type": "Point",
        "coordinates": [
          135.9521117,
          35.0256913
        ]
      },
      "properties": {
        "内容": "バス停: 野村運動公園前",
        "name": "野村運動公園前",
        "operator": "事業者不明",
        "ref": "",
        "url": "",
        "url2": ""
      }
    },
    {
      "type": "Feature",
      "geometry": {
        "type": "Point",
        "coordinates": [
          135.9493172,
          35.027222
        ]
      },
      "properties": {
        "内容": "バス停: 市金工業前",
        "name": "市金工業前",
        "operator": "事業者不明",
        "ref": "",
        "url": "",
        "url2": ""
      }
    },
    {
      "type": "Feature",
      "geometry": {
        "type": "Point",
        "coordinates": [
          135.9461136,
          35.028986
        ]
      },
      "properties": {
        "内容": "バス停: 東上笠",
        "name": "東上笠",
        "operator": "事業者不明",
        "ref": "",
        "url": "",
        "url2": ""
      }
    },
    {
      "type": "Feature",
      "geometry": {
        "type": "Point",
        "coordinates": [
          135.9431488,
          35.0306948
        ]
      },
      "properties": {
        "内容": "バス停: 草津市農協前",
        "name": "草津市農協前",
        "operator": "事業者不明",
        "ref": "",
        "url": "",
        "url2": ""
      }
    },
    {
      "type": "Feature",
      "geometry": {
        "type": "Point",
        "coordinates": [
          135.9395646,
          35.0328347
        ]
      },
      "properties": {
        "内容": "バス停: 松原中学校前",
        "name": "松原中学校前",
        "operator": "事業者不明",
        "ref": "",
        "url": "",
        "url2": ""
      }
    },
    {
      "type": "Feature",
      "geometry": {
        "type": "Point",
        "coordinates": [
          135.9392335,
          35.0331298
        ]
      },
      "properties": {
        "内容": "バス停: 松原中学校前",
        "name": "松原中学校前",
        "operator": "事業者不明",
        "ref": "",
        "url": "",
        "url2": ""
      }
    },
    {
      "type": "Feature",
      "geometry": {
        "type": "Point",
        "coordinates": [
          135.9345884,
          35.0348772
        ]
      },
      "properties": {
        "内容": "バス停: 下笠",
        "name": "下笠",
        "operator": "事業者不明",
        "ref": "",
        "url": "",
        "url2": ""
      }
    },
    {
      "type": "Feature",
      "geometry": {
        "type": "Point",
        "coordinates": [
          135.9345659,
          35.035005
        ]
      },
      "properties": {
        "内容": "バス停: 下笠",
        "name": "下笠",
        "operator": "事業者不明",
        "ref": "",
        "url": "",
        "url2": ""
      }
    },
    {
      "type": "Feature",
      "geometry": {
        "type": "Point",
        "coordinates": [
          135.9333341,
          35.0324052
        ]
      },
      "properties": {
        "内容": "バス停: 小屋場",
        "name": "小屋場",
        "operator": "事業者不明",
        "ref": "",
        "url": "",
        "url2": ""
      }
    },
    {
      "type": "Feature",
      "geometry": {
        "type": "Point",
        "coordinates": [
          135.9332541,
          35.032434
        ]
      },
      "properties": {
        "内容": "バス停: 小屋場",
        "name": "小屋場",
        "operator": "事業者不明",
        "ref": "",
        "url": "",
        "url2": ""
      }
    },
    {
      "type": "Feature",
      "geometry": {
        "type": "Point",
        "coordinates": [
          135.9316057,
          35.0290572
        ]
      },
      "properties": {
        "内容": "バス停: 陽の丘団地口",
        "name": "陽の丘団地口",
        "operator": "事業者不明",
        "ref": "",
        "url": "",
        "url2": ""
      }
    },
    {
      "type": "Feature",
      "geometry": {
        "type": "Point",
        "coordinates": [
          135.9317007,
          35.0290491
        ]
      },
      "properties": {
        "内容": "バス停: 陽の丘団地口",
        "name": "陽の丘団地口",
        "operator": "事業者不明",
        "ref": "",
        "url": "",
        "url2": ""
      }
    },
    {
      "type": "Feature",
      "geometry": {
        "type": "Point",
        "coordinates": [
          135.9304588,
          35.025931
        ]
      },
      "properties": {
        "内容": "バス停: 山田",
        "name": "山田",
        "operator": "事業者不明",
        "ref": "",
        "url": "",
        "url2": ""
      }
    },
    {
      "type": "Feature",
      "geometry": {
        "type": "Point",
        "coordinates": [
          135.9304659,
          35.0254237
        ]
      },
      "properties": {
        "内容": "バス停: 山田",
        "name": "山田",
        "operator": "事業者不明",
        "ref": "",
        "url": "",
        "url2": ""
      }
    },
    {
      "type": "Feature",
      "geometry": {
        "type": "Point",
        "coordinates": [
          135.9292377,
          35.0215177
        ]
      },
      "properties": {
        "内容": "バス停: 南山田",
        "name": "南山田",
        "operator": "事業者不明",
        "ref": "",
        "url": "",
        "url2": ""
      }
    },
    {
      "type": "Feature",
      "geometry": {
        "type": "Point",
        "coordinates": [
          135.9290358,
          35.0213789
        ]
      },
      "properties": {
        "内容": "バス停: 南山田",
        "name": "南山田",
        "operator": "事業者不明",
        "ref": "",
        "url": "",
        "url2": ""
      }
    },
    {
      "type": "Feature",
      "geometry": {
        "type": "Point",
        "coordinates": [
          135.9278841,
          35.0189963
        ]
      },
      "properties": {
        "内容": "バス停: 不動浜",
        "name": "不動浜",
        "operator": "事業者不明",
        "ref": "",
        "url": "",
        "url2": ""
      }
    },
    {
      "type": "Feature",
      "geometry": {
        "type": "Point",
        "coordinates": [
          135.9278318,
          35.0190823
        ]
      },
      "properties": {
        "内容": "バス停: 不動浜",
        "name": "不動浜",
        "operator": "事業者不明",
        "ref": "",
        "url": "",
        "url2": ""
      }
    },
    {
      "type": "Feature",
      "geometry": {
        "type": "Point",
        "coordinates": [
          135.9268144,
          35.016686
        ]
      },
      "properties": {
        "内容": "バス停: 御倉",
        "name": "御倉",
        "operator": "事業者不明",
        "ref": "",
        "url": "",
        "url2": ""
      }
    },
    {
      "type": "Feature",
      "geometry": {
        "type": "Point",
        "coordinates": [
          135.9268051,
          35.0167533
        ]
      },
      "properties": {
        "内容": "バス停: 御倉",
        "name": "御倉",
        "operator": "事業者不明",
        "ref": "",
        "url": "",
        "url2": ""
      }
    },
    {
      "type": "Feature",
      "geometry": {
        "type": "Point",
        "coordinates": [
          135.9268175,
          35.0168567
        ]
      },
      "properties": {
        "内容": "バス停: 御倉",
        "name": "御倉",
        "operator": "事業者不明",
        "ref": "",
        "url": "",
        "url2": ""
      }
    },
    {
      "type": "Feature",
      "geometry": {
        "type": "Point",
        "coordinates": [
          135.925114,
          35.008683
        ]
      },
      "properties": {
        "内容": "バス停: 矢橋",
        "name": "矢橋",
        "operator": "事業者不明",
        "ref": "",
        "url": "",
        "url2": ""
      }
    },
    {
      "type": "Feature",
      "geometry": {
        "type": "Point",
        "coordinates": [
          135.9252709,
          35.0087529
        ]
      },
      "properties": {
        "内容": "バス停: 矢橋",
        "name": "矢橋",
        "operator": "事業者不明",
        "ref": "",
        "url": "",
        "url2": ""
      }
    },
    {
      "type": "Feature",
      "geometry": {
        "type": "Point",
        "coordinates": [
          135.9244886,
          35.0051992
        ]
      },
      "properties": {
        "内容": "バス停: 矢橋郵便局前",
        "name": "矢橋郵便局前",
        "operator": "事業者不明",
        "ref": "",
        "url": "",
        "url2": ""
      }
    },
    {
      "type": "Feature",
      "geometry": {
        "type": "Point",
        "coordinates": [
          135.9243417,
          35.005171
        ]
      },
      "properties": {
        "内容": "バス停: 矢橋郵便局前",
        "name": "矢橋郵便局前",
        "operator": "事業者不明",
        "ref": "",
        "url": "",
        "url2": ""
      }
    },
    {
      "type": "Feature",
      "geometry": {
        "type": "Point",
        "coordinates": [
          135.9228257,
          35.0002005
        ]
      },
      "properties": {
        "内容": "バス停: 名称不明バス停",
        "name": "名称不明バス停",
        "operator": "事業者不明",
        "ref": "",
        "url": "",
        "url2": ""
      }
    },
    {
      "type": "Feature",
      "geometry": {
        "type": "Point",
        "coordinates": [
          135.9229677,
          35.000182
        ]
      },
      "properties": {
        "内容": "バス停: 新浜",
        "name": "新浜",
        "operator": "事業者不明",
        "ref": "",
        "url": "",
        "url2": ""
      }
    },
    {
      "type": "Feature",
      "geometry": {
        "type": "Point",
        "coordinates": [
          135.9218861,
          34.9973443
        ]
      },
      "properties": {
        "内容": "バス停: 近江大橋口",
        "name": "近江大橋口",
        "operator": "事業者不明",
        "ref": "",
        "url": "",
        "url2": ""
      }
    },
    {
      "type": "Feature",
      "geometry": {
        "type": "Point",
        "coordinates": [
          135.9212524,
          34.9954058
        ]
      },
      "properties": {
        "内容": "バス停: 近江大橋口",
        "name": "近江大橋口",
        "operator": "事業者不明",
        "ref": "",
        "url": "",
        "url2": ""
      }
    },
    {
      "type": "Feature",
      "geometry": {
        "type": "Point",
        "coordinates": [
          135.9200698,
          34.9962148
        ]
      },
      "properties": {
        "内容": "バス停: 名称不明バス停",
        "name": "名称不明バス停",
        "operator": "事業者不明",
        "ref": "",
        "url": "",
        "url2": ""
      }
    },
    {
      "type": "Feature",
      "geometry": {
        "type": "Point",
        "coordinates": [
          135.9204548,
          34.9964028
        ]
      },
      "properties": {
        "内容": "バス停: 近江大橋口",
        "name": "近江大橋口",
        "operator": "事業者不明",
        "ref": "",
        "url": "",
        "url2": ""
      }
    },
    {
      "type": "Feature",
      "geometry": {
        "type": "Point",
        "coordinates": [
          135.9200115,
          34.9921372
        ]
      },
      "properties": {
        "内容": "バス停: 大萱六丁目",
        "name": "大萱六丁目",
        "operator": "事業者不明",
        "ref": "",
        "url": "",
        "url2": ""
      }
    },
    {
      "type": "Feature",
      "geometry": {
        "type": "Point",
        "coordinates": [
          135.9194496,
          34.986735
        ]
      },
      "properties": {
        "内容": "バス停: 西浦",
        "name": "西浦",
        "operator": "事業者不明",
        "ref": "",
        "url": "",
        "url2": ""
      }
    },
    {
      "type": "Feature",
      "geometry": {
        "type": "Point",
        "coordinates": [
          135.9201055,
          34.9844205
        ]
      },
      "properties": {
        "内容": "バス停: 東レ瀬田事業所前",
        "name": "東レ瀬田事業所前",
        "operator": "事業者不明",
        "ref": "",
        "url": "",
        "url2": ""
      }
    },
    {
      "type": "Feature",
      "geometry": {
        "type": "Point",
        "coordinates": [
          135.9189851,
          34.9817577
        ]
      },
      "properties": {
        "内容": "バス停: 大江",
        "name": "大江",
        "operator": "事業者不明",
        "ref": "",
        "url": "",
        "url2": ""
      }
    },
    {
      "type": "Feature",
      "geometry": {
        "type": "Point",
        "coordinates": [
          135.9211359,
          34.9832109
        ]
      },
      "properties": {
        "内容": "バス停: 大江",
        "name": "大江",
        "operator": "事業者不明",
        "ref": "",
        "url": "",
        "url2": ""
      }
    },
    {
      "type": "Feature",
      "geometry": {
        "type": "Point",
        "coordinates": [
          135.9178379,
          34.9807155
        ]
      },
      "properties": {
        "内容": "バス停: 久保江",
        "name": "久保江",
        "operator": "事業者不明",
        "ref": "",
        "url": "",
        "url2": ""
      }
    },
    {
      "type": "Feature",
      "geometry": {
        "type": "Point",
        "coordinates": [
          135.9177088,
          34.9803916
        ]
      },
      "properties": {
        "内容": "バス停: 久保江",
        "name": "久保江",
        "operator": "事業者不明",
        "ref": "",
        "url": "",
        "url2": ""
      }
    },
    {
      "type": "Feature",
      "geometry": {
        "type": "Point",
        "coordinates": [
          135.9158732,
          34.9785041
        ]
      },
      "properties": {
        "内容": "バス停: 久保江",
        "name": "久保江",
        "operator": "事業者不明",
        "ref": "",
        "url": "",
        "url2": ""
      }
    },
    {
      "type": "Feature",
      "geometry": {
        "type": "Point",
        "coordinates": [
          135.9107695,
          34.972957
        ]
      },
      "properties": {
        "内容": "バス停: 神領建部大社前 (近江鉄道)",
        "name": "神領建部大社前",
        "operator": "近江鉄道",
        "ref": "",
        "url": "",
        "url2": ""
      }
    },
    {
      "type": "Feature",
      "geometry": {
        "type": "Point",
        "coordinates": [
          135.9111376,
          34.9728253
        ]
      },
      "properties": {
        "内容": "バス停: 神領建部大社前 (近江鉄道)",
        "name": "神領建部大社前",
        "operator": "近江鉄道",
        "ref": "",
        "url": "",
        "url2": ""
      }
    },
    {
      "type": "Feature",
      "geometry": {
        "type": "Point",
        "coordinates": [
          135.9019102,
          34.9756487
        ]
      },
      "properties": {
        "内容": "バス停: 栄町 (京阪バス・近江鉄道・帝産バス)",
        "name": "栄町",
        "operator": "京阪バス・近江鉄道・帝産バス",
        "ref": "",
        "url": "",
        "url2": ""
      }
    },
    {
      "type": "Feature",
      "geometry": {
        "type": "Point",
        "coordinates": [
          135.9020818,
          34.9774906
        ]
      },
      "properties": {
        "内容": "バス停: 松原 (京阪バス・近江鉄道・帝産バス)",
        "name": "松原",
        "operator": "京阪バス・近江鉄道・帝産バス",
        "ref": "",
        "url": "",
        "url2": ""
      }
    },
    {
      "type": "Feature",
      "geometry": {
        "type": "Point",
        "coordinates": [
          135.9010782,
          34.9794787
        ]
      },
      "properties": {
        "内容": "バス停: 石山駅 (京阪バス)",
        "name": "石山駅",
        "operator": "京阪バス",
        "ref": "",
        "url": "",
        "url2": ""
      }
    },
    {
      "type": "Feature",
      "geometry": {
        "type": "Point",
        "coordinates": [
          135.901014,
          34.9795978
        ]
      },
      "properties": {
        "内容": "バス停: 石山駅",
        "name": "石山駅",
        "operator": "事業者不明",
        "ref": "",
        "url": "",
        "url2": ""
      }
    },
    {
      "type": "Feature",
      "geometry": {
        "type": "Point",
        "coordinates": [
          136.1526691,
          34.9517298
        ]
      },
      "properties": {
        "内容": "バス停: みなくち診療所 (甲賀市コミュニティバス)",
        "name": "みなくち診療所",
        "operator": "甲賀市コミュニティバス",
        "ref": "",
        "url": "",
        "url2": ""
      }
    },
    {
      "type": "Feature",
      "geometry": {
        "type": "Point",
        "coordinates": [
          136.152731,
          34.9554898
        ]
      },
      "properties": {
        "内容": "バス停: 貴生川二丁目 (甲賀市コミュニティバス)",
        "name": "貴生川二丁目",
        "operator": "甲賀市コミュニティバス",
        "ref": "",
        "url": "",
        "url2": ""
      }
    },
    {
      "type": "Feature",
      "geometry": {
        "type": "Point",
        "coordinates": [
          136.1538989,
          34.9580017
        ]
      },
      "properties": {
        "内容": "バス停: 東内貴 (甲賀市コミュニティバス)",
        "name": "東内貴",
        "operator": "甲賀市コミュニティバス",
        "ref": "",
        "url": "",
        "url2": ""
      }
    },
    {
      "type": "Feature",
      "geometry": {
        "type": "Point",
        "coordinates": [
          136.15384,
          34.9578274
        ]
      },
      "properties": {
        "内容": "バス停: 東内貴 (甲賀市コミュニティバス)",
        "name": "東内貴",
        "operator": "甲賀市コミュニティバス",
        "ref": "",
        "url": "",
        "url2": ""
      }
    },
    {
      "type": "Feature",
      "geometry": {
        "type": "Point",
        "coordinates": [
          136.155101,
          34.9608323
        ]
      },
      "properties": {
        "内容": "バス停: 川田神社 (甲賀市コミュニティバス)",
        "name": "川田神社",
        "operator": "甲賀市コミュニティバス",
        "ref": "",
        "url": "",
        "url2": ""
      }
    },
    {
      "type": "Feature",
      "geometry": {
        "type": "Point",
        "coordinates": [
          136.1598569,
          34.9624631
        ]
      },
      "properties": {
        "内容": "バス停: スポーツの森西口 (甲賀市コミュニティバス)",
        "name": "スポーツの森西口",
        "operator": "甲賀市コミュニティバス",
        "ref": "",
        "url": "",
        "url2": ""
      }
    },
    {
      "type": "Feature",
      "geometry": {
        "type": "Point",
        "coordinates": [
          136.1721787,
          34.9677014
        ]
      },
      "properties": {
        "内容": "バス停: 宮の前 (甲賀市コミュニティバス)",
        "name": "宮の前",
        "operator": "甲賀市コミュニティバス",
        "ref": "",
        "url": "",
        "url2": ""
      }
    },
    {
      "type": "Feature",
      "geometry": {
        "type": "Point",
        "coordinates": [
          136.171826,
          34.9669588
        ]
      },
      "properties": {
        "内容": "バス停: 宮の前 (甲賀市コミュニティバス)",
        "name": "宮の前",
        "operator": "甲賀市コミュニティバス",
        "ref": "",
        "url": "",
        "url2": ""
      }
    },
    {
      "type": "Feature",
      "geometry": {
        "type": "Point",
        "coordinates": [
          136.1753218,
          34.9717995
        ]
      },
      "properties": {
        "内容": "バス停: 本町二丁目 (甲賀市コミュニティバス)",
        "name": "本町二丁目",
        "operator": "甲賀市コミュニティバス",
        "ref": "",
        "url": "",
        "url2": ""
      }
    },
    {
      "type": "Feature",
      "geometry": {
        "type": "Point",
        "coordinates": [
          136.176864,
          34.9738428
        ]
      },
      "properties": {
        "内容": "バス停: 水口駅 (甲賀市コミュニティバス)",
        "name": "水口駅",
        "operator": "甲賀市コミュニティバス",
        "ref": "",
        "url": "",
        "url2": ""
      }
    },
    {
      "type": "Feature",
      "geometry": {
        "type": "Point",
        "coordinates": [
          136.1780977,
          34.9819578
        ]
      },
      "properties": {
        "内容": "バス停: 甲賀病院 (甲賀市コミュニティバス)",
        "name": "甲賀病院",
        "operator": "甲賀市コミュニティバス",
        "ref": "",
        "url": "",
        "url2": ""
      }
    },
    {
      "type": "Feature",
      "geometry": {
        "type": "Point",
        "coordinates": [
          136.1776058,
          34.9923505
        ]
      },
      "properties": {
        "内容": "バス停: 水口台南口 (甲賀市コミュニティバス)",
        "name": "水口台南口",
        "operator": "甲賀市コミュニティバス",
        "ref": "",
        "url": "",
        "url2": ""
      }
    },
    {
      "type": "Feature",
      "geometry": {
        "type": "Point",
        "coordinates": [
          136.180312,
          34.9941603
        ]
      },
      "properties": {
        "内容": "バス停: 第四水口台南 (甲賀市コミュニティバス)",
        "name": "第四水口台南",
        "operator": "甲賀市コミュニティバス",
        "ref": "",
        "url": "",
        "url2": ""
      }
    },
    {
      "type": "Feature",
      "geometry": {
        "type": "Point",
        "coordinates": [
          136.1802569,
          34.9944593
        ]
      },
      "properties": {
        "内容": "バス停: 第四水口台南 (甲賀市コミュニティバス)",
        "name": "第四水口台南",
        "operator": "甲賀市コミュニティバス",
        "ref": "",
        "url": "",
        "url2": ""
      }
    },
    {
      "type": "Feature",
      "geometry": {
        "type": "Point",
        "coordinates": [
          136.1807623,
          34.9971421
        ]
      },
      "properties": {
        "内容": "バス停: 第四水口台 (甲賀市コミュニティバス)",
        "name": "第四水口台",
        "operator": "甲賀市コミュニティバス",
        "ref": "",
        "url": "",
        "url2": ""
      }
    },
    {
      "type": "Feature",
      "geometry": {
        "type": "Point",
        "coordinates": [
          136.1806345,
          34.9970092
        ]
      },
      "properties": {
        "内容": "バス停: 第四水口台 (甲賀市コミュニティバス)",
        "name": "第四水口台",
        "operator": "甲賀市コミュニティバス",
        "ref": "",
        "url": "",
        "url2": ""
      }
    },
    {
      "type": "Feature",
      "geometry": {
        "type": "Point",
        "coordinates": [
          136.1815159,
          35.0018059
        ]
      },
      "properties": {
        "内容": "バス停: ふみよ会館 (甲賀市コミュニティバス)",
        "name": "ふみよ会館",
        "operator": "甲賀市コミュニティバス",
        "ref": "",
        "url": "",
        "url2": ""
      }
    },
    {
      "type": "Feature",
      "geometry": {
        "type": "Point",
        "coordinates": [
          136.1816119,
          35.0018086
        ]
      },
      "properties": {
        "内容": "バス停: ふみよ会館 (甲賀市コミュニティバス)",
        "name": "ふみよ会館",
        "operator": "甲賀市コミュニティバス",
        "ref": "",
        "url": "",
        "url2": ""
      }
    },
    {
      "type": "Feature",
      "geometry": {
        "type": "Point",
        "coordinates": [
          136.1820241,
          35.0047916
        ]
      },
      "properties": {
        "内容": "バス停: 桜ヶ丘東 (甲賀市コミュニティバス)",
        "name": "桜ヶ丘東",
        "operator": "甲賀市コミュニティバス",
        "ref": "",
        "url": "",
        "url2": ""
      }
    },
    {
      "type": "Feature",
      "geometry": {
        "type": "Point",
        "coordinates": [
          136.182008,
          35.0047198
        ]
      },
      "properties": {
        "内容": "バス停: 桜ヶ丘東 (甲賀市コミュニティバス)",
        "name": "桜ヶ丘東",
        "operator": "甲賀市コミュニティバス",
        "ref": "",
        "url": "",
        "url2": ""
      }
    },
    {
      "type": "Feature",
      "geometry": {
        "type": "Point",
        "coordinates": [
          136.1797365,
          35.0057294
        ]
      },
      "properties": {
        "内容": "バス停: 桜ヶ丘 (甲賀市コミュニティバス)",
        "name": "桜ヶ丘",
        "operator": "甲賀市コミュニティバス",
        "ref": "",
        "url": "",
        "url2": ""
      }
    },
    {
      "type": "Feature",
      "geometry": {
        "type": "Point",
        "coordinates": [
          136.1795021,
          35.005756
        ]
      },
      "properties": {
        "内容": "バス停: 桜ヶ丘 (甲賀市コミュニティバス)",
        "name": "桜ヶ丘",
        "operator": "甲賀市コミュニティバス",
        "ref": "",
        "url": "",
        "url2": ""
      }
    },
    {
      "type": "Feature",
      "geometry": {
        "type": "Point",
        "coordinates": [
          136.1771716,
          35.0070097
        ]
      },
      "properties": {
        "内容": "バス停: 桜ヶ丘西 (甲賀市コミュニティバス)",
        "name": "桜ヶ丘西",
        "operator": "甲賀市コミュニティバス",
        "ref": "",
        "url": "",
        "url2": ""
      }
    },
    {
      "type": "Feature",
      "geometry": {
        "type": "Point",
        "coordinates": [
          136.1737411,
          35.0072536
        ]
      },
      "properties": {
        "内容": "バス停: 第三水口台東 (甲賀市コミュニティバス)",
        "name": "第三水口台東",
        "operator": "甲賀市コミュニティバス",
        "ref": "",
        "url": "",
        "url2": ""
      }
    },
    {
      "type": "Feature",
      "geometry": {
        "type": "Point",
        "coordinates": [
          136.1742517,
          35.0071562
        ]
      },
      "properties": {
        "内容": "バス停: 第三水口台東 (甲賀市コミュニティバス)",
        "name": "第三水口台東",
        "operator": "甲賀市コミュニティバス",
        "ref": "",
        "url": "",
        "url2": ""
      }
    },
    {
      "type": "Feature",
      "geometry": {
        "type": "Point",
        "coordinates": [
          136.1715604,
          35.008252
        ]
      },
      "properties": {
        "内容": "バス停: 第三水口台 (甲賀市コミュニティバス)",
        "name": "第三水口台",
        "operator": "甲賀市コミュニティバス",
        "ref": "",
        "url": "",
        "url2": ""
      }
    },
    {
      "type": "Feature",
      "geometry": {
        "type": "Point",
        "coordinates": [
          136.1711277,
          35.0083177
        ]
      },
      "properties": {
        "内容": "バス停: 第三水口台 (甲賀市コミュニティバス)",
        "name": "第三水口台",
        "operator": "甲賀市コミュニティバス",
        "ref": "",
        "url": "",
        "url2": ""
      }
    },
    {
      "type": "Feature",
      "geometry": {
        "type": "Point",
        "coordinates": [
          136.1646935,
          35.0118475
        ]
      },
      "properties": {
        "内容": "バス停: 東春日 (甲賀市コミュニティバス)",
        "name": "東春日",
        "operator": "甲賀市コミュニティバス",
        "ref": "",
        "url": "",
        "url2": ""
      }
    },
    {
      "type": "Feature",
      "geometry": {
        "type": "Point",
        "coordinates": [
          136.1603116,
          35.0136851
        ]
      },
      "properties": {
        "内容": "バス停: 春日 (甲賀市コミュニティバス)",
        "name": "春日",
        "operator": "甲賀市コミュニティバス",
        "ref": "",
        "url": "",
        "url2": ""
      }
    },
    {
      "type": "Feature",
      "geometry": {
        "type": "Point",
        "coordinates": [
          136.1559068,
          35.0125239
        ]
      },
      "properties": {
        "内容": "バス停: 西春日 (甲賀市コミュニティバス)",
        "name": "西春日",
        "operator": "甲賀市コミュニティバス",
        "ref": "",
        "url": "",
        "url2": ""
      }
    },
    {
      "type": "Feature",
      "geometry": {
        "type": "Point",
        "coordinates": [
          136.1493999,
          35.0158701
        ]
      },
      "properties": {
        "内容": "バス停: 八田口 (甲賀市コミュニティバス)",
        "name": "八田口",
        "operator": "甲賀市コミュニティバス",
        "ref": "",
        "url": "",
        "url2": ""
      }
    },
    {
      "type": "Feature",
      "geometry": {
        "type": "Point",
        "coordinates": [
          136.1491601,
          35.0173075
        ]
      },
      "properties": {
        "内容": "バス停: 八田 (甲賀市コミュニティバス)",
        "name": "八田",
        "operator": "甲賀市コミュニティバス",
        "ref": "",
        "url": "",
        "url2": ""
      }
    },
    {
      "type": "Feature",
      "geometry": {
        "type": "Point",
        "coordinates": [
          136.1394894,
          35.0205518
        ]
      },
      "properties": {
        "内容": "バス停: 松風苑 (甲賀市コミュニティバス)",
        "name": "松風苑",
        "operator": "甲賀市コミュニティバス",
        "ref": "",
        "url": "",
        "url2": ""
      }
    },
    {
      "type": "Feature",
      "geometry": {
        "type": "Point",
        "coordinates": [
          136.1305507,
          35.0255508
        ]
      },
      "properties": {
        "内容": "バス停: 蛭子町",
        "name": "蛭子町",
        "operator": "事業者不明",
        "ref": "",
        "url": "",
        "url2": ""
      }
    },
    {
      "type": "Feature",
      "geometry": {
        "type": "Point",
        "coordinates": [
          136.1267806,
          35.0298384
        ]
      },
      "properties": {
        "内容": "バス停: 中山口",
        "name": "中山口",
        "operator": "事業者不明",
        "ref": "",
        "url": "",
        "url2": ""
      }
    },
    {
      "type": "Feature",
      "geometry": {
        "type": "Point",
        "coordinates": [
          136.166991,
          34.9664316
        ]
      },
      "properties": {
        "内容": "バス停: あいこうか市民ホール (甲賀市コミュニティバス)",
        "name": "あいこうか市民ホール",
        "operator": "甲賀市コミュニティバス",
        "ref": "",
        "url": "",
        "url2": ""
      }
    },
    {
      "type": "Feature",
      "geometry": {
        "type": "Point",
        "coordinates": [
          136.1717197,
          34.9767601
        ]
      },
      "properties": {
        "内容": "バス停: 平和堂 (甲賀市コミュニティバス)",
        "name": "平和堂",
        "operator": "甲賀市コミュニティバス",
        "ref": "",
        "url": "",
        "url2": ""
      }
    },
    {
      "type": "Feature",
      "geometry": {
        "type": "Point",
        "coordinates": [
          136.1717801,
          34.9768363
        ]
      },
      "properties": {
        "内容": "バス停: 名称不明バス停",
        "name": "名称不明バス停",
        "operator": "事業者不明",
        "ref": "",
        "url": "",
        "url2": ""
      }
    },
    {
      "type": "Feature",
      "geometry": {
        "type": "Point",
        "coordinates": [
          136.1823572,
          34.9812736
        ]
      },
      "properties": {
        "内容": "バス停: 松尾口 (甲賀市コミュニティバス)",
        "name": "松尾口",
        "operator": "甲賀市コミュニティバス",
        "ref": "",
        "url": "",
        "url2": ""
      }
    },
    {
      "type": "Feature",
      "geometry": {
        "type": "Point",
        "coordinates": [
          136.1824178,
          34.9812571
        ]
      },
      "properties": {
        "内容": "バス停: 松尾口 (甲賀市コミュニティバス)",
        "name": "松尾口",
        "operator": "甲賀市コミュニティバス",
        "ref": "",
        "url": "",
        "url2": ""
      }
    },
    {
      "type": "Feature",
      "geometry": {
        "type": "Point",
        "coordinates": [
          136.1823036,
          34.9845209
        ]
      },
      "properties": {
        "内容": "バス停: 松尾 (甲賀市コミュニティバス)",
        "name": "松尾",
        "operator": "甲賀市コミュニティバス",
        "ref": "",
        "url": "",
        "url2": ""
      }
    },
    {
      "type": "Feature",
      "geometry": {
        "type": "Point",
        "coordinates": [
          135.8685851,
          35.0799962
        ]
      },
      "properties": {
        "内容": "バス停: 西教寺",
        "name": "西教寺",
        "operator": "事業者不明",
        "ref": "",
        "url": "",
        "url2": ""
      }
    },
    {
      "type": "Feature",
      "geometry": {
        "type": "Point",
        "coordinates": [
          136.2477251,
          35.2856693
        ]
      },
      "properties": {
        "内容": "バス停: 観光船利用客用彦根駅行き無料シャトルバス乗り場 (オーミマリン)",
        "name": "観光船利用客用彦根駅行き無料シャトルバス乗り場",
        "operator": "オーミマリン",
        "ref": "",
        "url": "",
        "url2": ""
      }
    },
    {
      "type": "Feature",
      "geometry": {
        "type": "Point",
        "coordinates": [
          135.9698543,
          34.9777641
        ]
      },
      "properties": {
        "内容": "バス停: 青山五丁目",
        "name": "青山五丁目",
        "operator": "事業者不明",
        "ref": "",
        "url": "",
        "url2": ""
      }
    },
    {
      "type": "Feature",
      "geometry": {
        "type": "Point",
        "coordinates": [
          135.9607745,
          35.0134179
        ]
      },
      "properties": {
        "内容": "バス停: 草津市役所 (まめバス)",
        "name": "草津市役所",
        "operator": "まめバス",
        "ref": "",
        "url": "",
        "url2": ""
      }
    },
    {
      "type": "Feature",
      "geometry": {
        "type": "Point",
        "coordinates": [
          135.946383,
          35.0037124
        ]
      },
      "properties": {
        "内容": "バス停: 名称不明バス停",
        "name": "名称不明バス停",
        "operator": "事業者不明",
        "ref": "",
        "url": "",
        "url2": ""
      }
    },
    {
      "type": "Feature",
      "geometry": {
        "type": "Point",
        "coordinates": [
          136.0598293,
          35.4609316
        ]
      },
      "properties": {
        "内容": "バス停: マキノ駅 (湖国バス)",
        "name": "マキノ駅",
        "operator": "湖国バス",
        "ref": "",
        "url": "",
        "url2": ""
      }
    },
    {
      "type": "Feature",
      "geometry": {
        "type": "Point",
        "coordinates": [
          136.0695724,
          35.4618453
        ]
      },
      "properties": {
        "内容": "バス停: 西浜 (湖国バス)",
        "name": "西浜",
        "operator": "湖国バス",
        "ref": "",
        "url": "",
        "url2": ""
      }
    },
    {
      "type": "Feature",
      "geometry": {
        "type": "Point",
        "coordinates": [
          136.0406375,
          35.4645381
        ]
      },
      "properties": {
        "内容": "バス停: マキノ支所前 (湖国バス)",
        "name": "マキノ支所前",
        "operator": "湖国バス",
        "ref": "",
        "url": "",
        "url2": ""
      }
    },
    {
      "type": "Feature",
      "geometry": {
        "type": "Point",
        "coordinates": [
          136.0314276,
          35.4404006
        ]
      },
      "properties": {
        "内容": "バス停: 大沼 (湖国バス)",
        "name": "大沼",
        "operator": "湖国バス",
        "ref": "",
        "url": "",
        "url2": ""
      }
    },
    {
      "type": "Feature",
      "geometry": {
        "type": "Point",
        "coordinates": [
          136.0345693,
          35.4497525
        ]
      },
      "properties": {
        "内容": "バス停: 新保 (湖国バス)",
        "name": "新保",
        "operator": "湖国バス",
        "ref": "",
        "url": "",
        "url2": ""
      }
    },
    {
      "type": "Feature",
      "geometry": {
        "type": "Point",
        "coordinates": [
          136.0344172,
          35.4493888
        ]
      },
      "properties": {
        "内容": "バス停: 新保 (湖国バス)",
        "name": "新保",
        "operator": "湖国バス",
        "ref": "",
        "url": "",
        "url2": ""
      }
    },
    {
      "type": "Feature",
      "geometry": {
        "type": "Point",
        "coordinates": [
          136.0408315,
          35.4645356
        ]
      },
      "properties": {
        "内容": "バス停: マキノ支所前 (湖国バス)",
        "name": "マキノ支所前",
        "operator": "湖国バス",
        "ref": "",
        "url": "",
        "url2": ""
      }
    },
    {
      "type": "Feature",
      "geometry": {
        "type": "Point",
        "coordinates": [
          135.8263448,
          35.0402189
        ]
      },
      "properties": {
        "内容": "バス停: 山中上 (京阪バス・京都バス)",
        "name": "山中上",
        "operator": "京阪バス・京都バス",
        "ref": "",
        "url": "",
        "url2": ""
      }
    },
    {
      "type": "Feature",
      "geometry": {
        "type": "Point",
        "coordinates": [
          135.8367182,
          35.0329965
        ]
      },
      "properties": {
        "内容": "バス停: 田ノ谷峠 (京阪バス)",
        "name": "田ノ谷峠",
        "operator": "京阪バス",
        "ref": "",
        "url": "",
        "url2": ""
      }
    },
    {
      "type": "Feature",
      "geometry": {
        "type": "Point",
        "coordinates": [
          135.8363928,
          35.0334972
        ]
      },
      "properties": {
        "内容": "バス停: 田ノ谷峠 (京阪バス;京都バス)",
        "name": "田ノ谷峠",
        "operator": "京阪バス;京都バス",
        "ref": "0261-5",
        "url": "",
        "url2": ""
      }
    },
    {
      "type": "Feature",
      "geometry": {
        "type": "Point",
        "coordinates": [
          135.8366312,
          35.0329994
        ]
      },
      "properties": {
        "内容": "バス停: 田ノ谷峠 (京阪バス)",
        "name": "田ノ谷峠",
        "operator": "京阪バス",
        "ref": "",
        "url": "",
        "url2": ""
      }
    },
    {
      "type": "Feature",
      "geometry": {
        "type": "Point",
        "coordinates": [
          135.826465,
          35.0401079
        ]
      },
      "properties": {
        "内容": "バス停: 山中上 (京阪バス・京都バス)",
        "name": "山中上",
        "operator": "京阪バス・京都バス",
        "ref": "",
        "url": "",
        "url2": ""
      }
    },
    {
      "type": "Feature",
      "geometry": {
        "type": "Point",
        "coordinates": [
          135.8163385,
          35.0410538
        ]
      },
      "properties": {
        "内容": "バス停: 山中 (京阪バス・京都バス)",
        "name": "山中",
        "operator": "京阪バス・京都バス",
        "ref": "",
        "url": "",
        "url2": ""
      }
    },
    {
      "type": "Feature",
      "geometry": {
        "type": "Point",
        "coordinates": [
          135.8360671,
          35.0336703
        ]
      },
      "properties": {
        "内容": "バス停: 田ノ谷峠 (京阪バス;京都バス)",
        "name": "田ノ谷峠",
        "operator": "京阪バス;京都バス",
        "ref": "0261-4",
        "url": "",
        "url2": ""
      }
    },
    {
      "type": "Feature",
      "geometry": {
        "type": "Point",
        "coordinates": [
          135.8164602,
          35.0410642
        ]
      },
      "properties": {
        "内容": "バス停: 山中 (京阪バス・京都バス)",
        "name": "山中",
        "operator": "京阪バス・京都バス",
        "ref": "",
        "url": "",
        "url2": ""
      }
    },
    {
      "type": "Feature",
      "geometry": {
        "type": "Point",
        "coordinates": [
          135.8349462,
          35.0315641
        ]
      },
      "properties": {
        "内容": "バス停: 比叡平一丁目 (京阪バス)",
        "name": "比叡平一丁目",
        "operator": "京阪バス",
        "ref": "",
        "url": "",
        "url2": ""
      }
    },
    {
      "type": "Feature",
      "geometry": {
        "type": "Point",
        "coordinates": [
          135.8304882,
          35.0280412
        ]
      },
      "properties": {
        "内容": "バス停: 比叡平二丁目 (京阪バス)",
        "name": "比叡平二丁目",
        "operator": "京阪バス",
        "ref": "",
        "url": "",
        "url2": ""
      }
    },
    {
      "type": "Feature",
      "geometry": {
        "type": "Point",
        "coordinates": [
          135.8345697,
          35.0282618
        ]
      },
      "properties": {
        "内容": "バス停: 一丁目南 (京阪バス)",
        "name": "一丁目南",
        "operator": "京阪バス",
        "ref": "",
        "url": "",
        "url2": ""
      }
    },
    {
      "type": "Feature",
      "geometry": {
        "type": "Point",
        "coordinates": [
          135.8306067,
          35.0280309
        ]
      },
      "properties": {
        "内容": "バス停: 比叡平二丁目 (京阪バス)",
        "name": "比叡平二丁目",
        "operator": "京阪バス",
        "ref": "",
        "url": "",
        "url2": ""
      }
    },
    {
      "type": "Feature",
      "geometry": {
        "type": "Point",
        "coordinates": [
          135.8303441,
          35.0324399
        ]
      },
      "properties": {
        "内容": "バス停: 三丁目東 (京阪バス)",
        "name": "三丁目東",
        "operator": "京阪バス",
        "ref": "",
        "url": "",
        "url2": ""
      }
    },
    {
      "type": "Feature",
      "geometry": {
        "type": "Point",
        "coordinates": [
          135.8307222,
          35.032318
        ]
      },
      "properties": {
        "内容": "バス停: 三丁目東 (京阪バス)",
        "name": "三丁目東",
        "operator": "京阪バス",
        "ref": "",
        "url": "",
        "url2": ""
      }
    },
    {
      "type": "Feature",
      "geometry": {
        "type": "Point",
        "coordinates": [
          135.8289438,
          35.0350972
        ]
      },
      "properties": {
        "内容": "バス停: 比叡平三丁目 (京阪バス)",
        "name": "比叡平三丁目",
        "operator": "京阪バス",
        "ref": "",
        "url": "",
        "url2": ""
      }
    },
    {
      "type": "Feature",
      "geometry": {
        "type": "Point",
        "coordinates": [
          135.8299967,
          35.0255313
        ]
      },
      "properties": {
        "内容": "バス停: 比叡平 (京阪バス)",
        "name": "比叡平",
        "operator": "京阪バス",
        "ref": "",
        "url": "",
        "url2": ""
      }
    },
    {
      "type": "Feature",
      "geometry": {
        "type": "Point",
        "coordinates": [
          135.8293812,
          35.0244006
        ]
      },
      "properties": {
        "内容": "バス停: 比叡平",
        "name": "比叡平",
        "operator": "事業者不明",
        "ref": "",
        "url": "",
        "url2": ""
      }
    },
    {
      "type": "Feature",
      "geometry": {
        "type": "Point",
        "coordinates": [
          135.8341843,
          35.0317156
        ]
      },
      "properties": {
        "内容": "バス停: 比叡平一丁目 (京阪バス)",
        "name": "比叡平一丁目",
        "operator": "京阪バス",
        "ref": "",
        "url": "",
        "url2": ""
      }
    },
    {
      "type": "Feature",
      "geometry": {
        "type": "Point",
        "coordinates": [
          135.8292761,
          35.0346069
        ]
      },
      "properties": {
        "内容": "バス停: 比叡平三丁目 (京阪バス)",
        "name": "比叡平三丁目",
        "operator": "京阪バス",
        "ref": "",
        "url": "",
        "url2": ""
      }
    },
    {
      "type": "Feature",
      "geometry": {
        "type": "Point",
        "coordinates": [
          135.9116775,
          35.1129449
        ]
      },
      "properties": {
        "内容": "バス停: 仰木道",
        "name": "仰木道",
        "operator": "事業者不明",
        "ref": "",
        "url": "",
        "url2": ""
      }
    },
    {
      "type": "Feature",
      "geometry": {
        "type": "Point",
        "coordinates": [
          135.9084565,
          35.1086874
        ]
      },
      "properties": {
        "内容": "バス停: 衣川 (江若交通)",
        "name": "衣川",
        "operator": "江若交通",
        "ref": "",
        "url": "",
        "url2": ""
      }
    },
    {
      "type": "Feature",
      "geometry": {
        "type": "Point",
        "coordinates": [
          135.9114198,
          35.1128735
        ]
      },
      "properties": {
        "内容": "バス停: 仰木道",
        "name": "仰木道",
        "operator": "事業者不明",
        "ref": "",
        "url": "",
        "url2": ""
      }
    },
    {
      "type": "Feature",
      "geometry": {
        "type": "Point",
        "coordinates": [
          135.9142981,
          35.1162031
        ]
      },
      "properties": {
        "内容": "バス停: 本堅田 (江若交通)",
        "name": "本堅田",
        "operator": "江若交通",
        "ref": "",
        "url": "",
        "url2": ""
      }
    },
    {
      "type": "Feature",
      "geometry": {
        "type": "Point",
        "coordinates": [
          135.8573539,
          35.0242408
        ]
      },
      "properties": {
        "内容": "バス停: 大津京駅 (江若バス)",
        "name": "大津京駅",
        "operator": "江若バス",
        "ref": "",
        "url": "",
        "url2": ""
      }
    },
    {
      "type": "Feature",
      "geometry": {
        "type": "Point",
        "coordinates": [
          135.856098,
          35.0309742
        ]
      },
      "properties": {
        "内容": "バス停: 近江神宮前 (京阪バス)",
        "name": "近江神宮前",
        "operator": "京阪バス",
        "ref": "",
        "url": "",
        "url2": ""
      }
    },
    {
      "type": "Feature",
      "geometry": {
        "type": "Point",
        "coordinates": [
          135.8449939,
          35.0360168
        ]
      },
      "properties": {
        "内容": "バス停: びわ湖霊園前 (京阪バス)",
        "name": "びわ湖霊園前",
        "operator": "京阪バス",
        "ref": "",
        "url": "",
        "url2": ""
      }
    },
    {
      "type": "Feature",
      "geometry": {
        "type": "Point",
        "coordinates": [
          135.857814,
          35.0242516
        ]
      },
      "properties": {
        "内容": "バス停: 大津京駅 (京阪バス)",
        "name": "大津京駅",
        "operator": "京阪バス",
        "ref": "0400-2",
        "url": "",
        "url2": ""
      }
    },
    {
      "type": "Feature",
      "geometry": {
        "type": "Point",
        "coordinates": [
          135.8410238,
          35.0328518
        ]
      },
      "properties": {
        "内容": "バス停: 展望台前 (京阪バス)",
        "name": "展望台前",
        "operator": "京阪バス",
        "ref": "",
        "url": "",
        "url2": ""
      }
    },
    {
      "type": "Feature",
      "geometry": {
        "type": "Point",
        "coordinates": [
          135.8551999,
          35.0237449
        ]
      },
      "properties": {
        "内容": "バス停: 皇子ヶ丘 (京阪バス)",
        "name": "皇子ヶ丘",
        "operator": "京阪バス",
        "ref": "",
        "url": "",
        "url2": ""
      }
    },
    {
      "type": "Feature",
      "geometry": {
        "type": "Point",
        "coordinates": [
          135.8560281,
          35.0314505
        ]
      },
      "properties": {
        "内容": "バス停: 近江神宮前 (京阪バス)",
        "name": "近江神宮前",
        "operator": "京阪バス",
        "ref": "",
        "url": "",
        "url2": ""
      }
    },
    {
      "type": "Feature",
      "geometry": {
        "type": "Point",
        "coordinates": [
          135.8448949,
          35.0359808
        ]
      },
      "properties": {
        "内容": "バス停: びわ湖霊園前 (京阪バス)",
        "name": "びわ湖霊園前",
        "operator": "京阪バス",
        "ref": "",
        "url": "",
        "url2": ""
      }
    },
    {
      "type": "Feature",
      "geometry": {
        "type": "Point",
        "coordinates": [
          135.8997218,
          35.0933228
        ]
      },
      "properties": {
        "内容": "バス停: 北雄琴",
        "name": "北雄琴",
        "operator": "事業者不明",
        "ref": "",
        "url": "",
        "url2": ""
      }
    },
    {
      "type": "Feature",
      "geometry": {
        "type": "Point",
        "coordinates": [
          135.86748,
          35.0417668
        ]
      },
      "properties": {
        "内容": "バス停: 北際川 (江若交通)",
        "name": "北際川",
        "operator": "江若交通",
        "ref": "",
        "url": "",
        "url2": ""
      }
    },
    {
      "type": "Feature",
      "geometry": {
        "type": "Point",
        "coordinates": [
          135.8775996,
          35.0568961
        ]
      },
      "properties": {
        "内容": "バス停: 石川町",
        "name": "石川町",
        "operator": "事業者不明",
        "ref": "",
        "url": "",
        "url2": ""
      }
    },
    {
      "type": "Feature",
      "geometry": {
        "type": "Point",
        "coordinates": [
          135.8848604,
          35.0692712
        ]
      },
      "properties": {
        "内容": "バス停: 比叡辻 (江若交通)",
        "name": "比叡辻",
        "operator": "江若交通",
        "ref": "",
        "url": "",
        "url2": ""
      }
    },
    {
      "type": "Feature",
      "geometry": {
        "type": "Point",
        "coordinates": [
          135.8933577,
          35.0872355
        ]
      },
      "properties": {
        "内容": "バス停: おごと温泉ホテル前 (江若交通)",
        "name": "おごと温泉ホテル前",
        "operator": "江若交通",
        "ref": "",
        "url": "",
        "url2": ""
      }
    },
    {
      "type": "Feature",
      "geometry": {
        "type": "Point",
        "coordinates": [
          135.8865098,
          35.0759555
        ]
      },
      "properties": {
        "内容": "バス停: 木ノ岡団地前",
        "name": "木ノ岡団地前",
        "operator": "事業者不明",
        "ref": "",
        "url": "",
        "url2": ""
      }
    },
    {
      "type": "Feature",
      "geometry": {
        "type": "Point",
        "coordinates": [
          135.8867733,
          35.0719074
        ]
      },
      "properties": {
        "内容": "バス停: 来迎寺カネカ前",
        "name": "来迎寺カネカ前",
        "operator": "事業者不明",
        "ref": "",
        "url": "",
        "url2": ""
      }
    },
    {
      "type": "Feature",
      "geometry": {
        "type": "Point",
        "coordinates": [
          135.8882151,
          35.07964
        ]
      },
      "properties": {
        "内容": "バス停: 堀場製作所前",
        "name": "堀場製作所前",
        "operator": "事業者不明",
        "ref": "",
        "url": "",
        "url2": ""
      }
    },
    {
      "type": "Feature",
      "geometry": {
        "type": "Point",
        "coordinates": [
          135.8844383,
          35.0689438
        ]
      },
      "properties": {
        "内容": "バス停: 比叡辻 (江若交通)",
        "name": "比叡辻",
        "operator": "江若交通",
        "ref": "",
        "url": "",
        "url2": ""
      }
    },
    {
      "type": "Feature",
      "geometry": {
        "type": "Point",
        "coordinates": [
          135.8899581,
          35.0826116
        ]
      },
      "properties": {
        "内容": "バス停: 苗鹿",
        "name": "苗鹿",
        "operator": "事業者不明",
        "ref": "",
        "url": "",
        "url2": ""
      }
    },
    {
      "type": "Feature",
      "geometry": {
        "type": "Point",
        "coordinates": [
          135.8778098,
          35.057214
        ]
      },
      "properties": {
        "内容": "バス停: 石川町",
        "name": "石川町",
        "operator": "事業者不明",
        "ref": "",
        "url": "",
        "url2": ""
      }
    },
    {
      "type": "Feature",
      "geometry": {
        "type": "Point",
        "coordinates": [
          135.8650981,
          35.0370859
        ]
      },
      "properties": {
        "内容": "バス停: 際川 (江若交通)",
        "name": "際川",
        "operator": "江若交通",
        "ref": "",
        "url": "",
        "url2": ""
      }
    },
    {
      "type": "Feature",
      "geometry": {
        "type": "Point",
        "coordinates": [
          135.8896357,
          35.0819271
        ]
      },
      "properties": {
        "内容": "バス停: 苗鹿",
        "name": "苗鹿",
        "operator": "事業者不明",
        "ref": "",
        "url": "",
        "url2": ""
      }
    },
    {
      "type": "Feature",
      "geometry": {
        "type": "Point",
        "coordinates": [
          135.8788713,
          35.0613399
        ]
      },
      "properties": {
        "内容": "バス停: 下坂本",
        "name": "下坂本",
        "operator": "事業者不明",
        "ref": "",
        "url": "",
        "url2": ""
      }
    },
    {
      "type": "Feature",
      "geometry": {
        "type": "Point",
        "coordinates": [
          135.8659282,
          35.0290402
        ]
      },
      "properties": {
        "内容": "バス停: ブランチ大津京前 (江若交通)",
        "name": "ブランチ大津京前",
        "operator": "江若交通",
        "ref": "",
        "url": "",
        "url2": ""
      }
    },
    {
      "type": "Feature",
      "geometry": {
        "type": "Point",
        "coordinates": [
          135.8880659,
          35.0796835
        ]
      },
      "properties": {
        "内容": "バス停: 堀場製作所前",
        "name": "堀場製作所前",
        "operator": "事業者不明",
        "ref": "",
        "url": "",
        "url2": ""
      }
    },
    {
      "type": "Feature",
      "geometry": {
        "type": "Point",
        "coordinates": [
          135.8734613,
          35.0502553
        ]
      },
      "properties": {
        "内容": "バス停: 北唐崎",
        "name": "北唐崎",
        "operator": "事業者不明",
        "ref": "",
        "url": "",
        "url2": ""
      }
    },
    {
      "type": "Feature",
      "geometry": {
        "type": "Point",
        "coordinates": [
          135.8868818,
          35.0754076
        ]
      },
      "properties": {
        "内容": "バス停: 木ノ岡団地前",
        "name": "木ノ岡団地前",
        "operator": "事業者不明",
        "ref": "",
        "url": "",
        "url2": ""
      }
    },
    {
      "type": "Feature",
      "geometry": {
        "type": "Point",
        "coordinates": [
          135.8727698,
          35.0471171
        ]
      },
      "properties": {
        "内容": "バス停: 唐崎 (江若交通)",
        "name": "唐崎",
        "operator": "江若交通",
        "ref": "",
        "url": "",
        "url2": ""
      }
    },
    {
      "type": "Feature",
      "geometry": {
        "type": "Point",
        "coordinates": [
          135.878543,
          35.0606905
        ]
      },
      "properties": {
        "内容": "バス停: 下坂本",
        "name": "下坂本",
        "operator": "事業者不明",
        "ref": "",
        "url": "",
        "url2": ""
      }
    },
    {
      "type": "Feature",
      "geometry": {
        "type": "Point",
        "coordinates": [
          135.8964056,
          35.0904127
        ]
      },
      "properties": {
        "内容": "バス停: おごと温泉",
        "name": "おごと温泉",
        "operator": "事業者不明",
        "ref": "",
        "url": "",
        "url2": ""
      }
    },
    {
      "type": "Feature",
      "geometry": {
        "type": "Point",
        "coordinates": [
          135.9567436,
          35.1015035
        ]
      },
      "properties": {
        "内容": "バス停: 木の浜口 (江若交通)",
        "name": "木の浜口",
        "operator": "江若交通",
        "ref": "",
        "url": "",
        "url2": ""
      }
    },
    {
      "type": "Feature",
      "geometry": {
        "type": "Point",
        "coordinates": [
          135.9825897,
          35.0842707
        ]
      },
      "properties": {
        "内容": "バス停: 守山北中学校前",
        "name": "守山北中学校前",
        "operator": "事業者不明",
        "ref": "",
        "url": "",
        "url2": ""
      }
    },
    {
      "type": "Feature",
      "geometry": {
        "type": "Point",
        "coordinates": [
          135.9586043,
          35.099569
        ]
      },
      "properties": {
        "内容": "バス停: 速野小学校前 (江若交通)",
        "name": "速野小学校前",
        "operator": "江若交通",
        "ref": "",
        "url": "",
        "url2": ""
      }
    },
    {
      "type": "Feature",
      "geometry": {
        "type": "Point",
        "coordinates": [
          135.953924,
          35.107802
        ]
      },
      "properties": {
        "内容": "バス停: みずほ団地口 (江若交通)",
        "name": "みずほ団地口",
        "operator": "江若交通",
        "ref": "",
        "url": "",
        "url2": ""
      }
    },
    {
      "type": "Feature",
      "geometry": {
        "type": "Point",
        "coordinates": [
          135.9885394,
          35.0631559
        ]
      },
      "properties": {
        "内容": "バス停: 滋賀県立総合病院 (江若交通)",
        "name": "滋賀県立総合病院",
        "operator": "江若交通",
        "ref": "",
        "url": "",
        "url2": ""
      }
    },
    {
      "type": "Feature",
      "geometry": {
        "type": "Point",
        "coordinates": [
          135.9903764,
          35.0776378
        ]
      },
      "properties": {
        "内容": "バス停: 河西口 (江若交通)",
        "name": "河西口",
        "operator": "江若交通",
        "ref": "",
        "url": "",
        "url2": ""
      }
    },
    {
      "type": "Feature",
      "geometry": {
        "type": "Point",
        "coordinates": [
          135.9511905,
          35.1124612
        ]
      },
      "properties": {
        "内容": "バス停: 美崎レークニュータウン前 (江若交通)",
        "name": "美崎レークニュータウン前",
        "operator": "江若交通",
        "ref": "",
        "url": "",
        "url2": ""
      }
    },
    {
      "type": "Feature",
      "geometry": {
        "type": "Point",
        "coordinates": [
          135.9846381,
          35.0831042
        ]
      },
      "properties": {
        "内容": "バス停: 笠原口 (江若交通)",
        "name": "笠原口",
        "operator": "江若交通",
        "ref": "",
        "url": "",
        "url2": ""
      }
    },
    {
      "type": "Feature",
      "geometry": {
        "type": "Point",
        "coordinates": [
          135.9921837,
          35.0677322
        ]
      },
      "properties": {
        "内容": "バス停: 播磨田南 (江若交通)",
        "name": "播磨田南",
        "operator": "江若交通",
        "ref": "",
        "url": "",
        "url2": ""
      }
    },
    {
      "type": "Feature",
      "geometry": {
        "type": "Point",
        "coordinates": [
          135.9494787,
          35.1140371
        ]
      },
      "properties": {
        "内容": "バス停: 美崎 (江若交通)",
        "name": "美崎",
        "operator": "江若交通",
        "ref": "",
        "url": "",
        "url2": ""
      }
    },
    {
      "type": "Feature",
      "geometry": {
        "type": "Point",
        "coordinates": [
          135.9254439,
          35.1213021
        ]
      },
      "properties": {
        "内容": "バス停: 今堅田出島灯台 (江若交通)",
        "name": "今堅田出島灯台",
        "operator": "江若交通",
        "ref": "",
        "url": "",
        "url2": ""
      }
    },
    {
      "type": "Feature",
      "geometry": {
        "type": "Point",
        "coordinates": [
          135.9210693,
          35.1226087
        ]
      },
      "properties": {
        "内容": "バス停: 今堅田二丁目 (江若交通)",
        "name": "今堅田二丁目",
        "operator": "江若交通",
        "ref": "",
        "url": "",
        "url2": ""
      }
    },
    {
      "type": "Feature",
      "geometry": {
        "type": "Point",
        "coordinates": [
          135.9789952,
          35.0862507
        ]
      },
      "properties": {
        "内容": "バス停: 荒見 (江若交通)",
        "name": "荒見",
        "operator": "江若交通",
        "ref": "",
        "url": "",
        "url2": ""
      }
    },
    {
      "type": "Feature",
      "geometry": {
        "type": "Point",
        "coordinates": [
          135.9880535,
          35.0647426
        ]
      },
      "properties": {
        "内容": "バス停: 小児保健医療センター前",
        "name": "小児保健医療センター前",
        "operator": "事業者不明",
        "ref": "",
        "url": "",
        "url2": ""
      }
    },
    {
      "type": "Feature",
      "geometry": {
        "type": "Point",
        "coordinates": [
          135.9454272,
          35.117811
        ]
      },
      "properties": {
        "内容": "バス停: 琵琶湖大橋東詰 (江若交通)",
        "name": "琵琶湖大橋東詰",
        "operator": "江若交通",
        "ref": "",
        "url": "",
        "url2": ""
      }
    },
    {
      "type": "Feature",
      "geometry": {
        "type": "Point",
        "coordinates": [
          135.9508659,
          35.1125849
        ]
      },
      "properties": {
        "内容": "バス停: 美崎レークニュータウン前 (江若交通)",
        "name": "美崎レークニュータウン前",
        "operator": "江若交通",
        "ref": "",
        "url": "",
        "url2": ""
      }
    },
    {
      "type": "Feature",
      "geometry": {
        "type": "Point",
        "coordinates": [
          135.9980864,
          35.0546336
        ]
      },
      "properties": {
        "内容": "バス停: 油池 (江若交通)",
        "name": "油池",
        "operator": "江若交通",
        "ref": "",
        "url": "",
        "url2": ""
      }
    },
    {
      "type": "Feature",
      "geometry": {
        "type": "Point",
        "coordinates": [
          135.9621667,
          35.0951656
        ]
      },
      "properties": {
        "内容": "バス停: 大曲 (江若交通)",
        "name": "大曲",
        "operator": "江若交通",
        "ref": "",
        "url": "",
        "url2": ""
      }
    },
    {
      "type": "Feature",
      "geometry": {
        "type": "Point",
        "coordinates": [
          135.9940019,
          35.0707737
        ]
      },
      "properties": {
        "内容": "バス停: 河西ニュータウン前 (江若交通)",
        "name": "河西ニュータウン前",
        "operator": "江若交通",
        "ref": "",
        "url": "",
        "url2": ""
      }
    },
    {
      "type": "Feature",
      "geometry": {
        "type": "Point",
        "coordinates": [
          135.9456285,
          35.1172411
        ]
      },
      "properties": {
        "内容": "バス停: 琵琶湖大橋東詰 (江若交通)",
        "name": "琵琶湖大橋東詰",
        "operator": "江若交通",
        "ref": "",
        "url": "",
        "url2": ""
      }
    },
    {
      "type": "Feature",
      "geometry": {
        "type": "Point",
        "coordinates": [
          135.9232959,
          35.1219008
        ]
      },
      "properties": {
        "内容": "バス停: 今道内湖 (江若交通)",
        "name": "今道内湖",
        "operator": "江若交通",
        "ref": "",
        "url": "",
        "url2": ""
      }
    },
    {
      "type": "Feature",
      "geometry": {
        "type": "Point",
        "coordinates": [
          135.94835,
          35.1148898
        ]
      },
      "properties": {
        "内容": "バス停: 美崎ニッサンタウン前 (江若交通)",
        "name": "美崎ニッサンタウン前",
        "operator": "江若交通",
        "ref": "",
        "url": "",
        "url2": ""
      }
    },
    {
      "type": "Feature",
      "geometry": {
        "type": "Point",
        "coordinates": [
          135.991706,
          35.061979
        ]
      },
      "properties": {
        "内容": "バス停: 守山市民病院 (江若交通)",
        "name": "守山市民病院",
        "operator": "江若交通",
        "ref": "",
        "url": "",
        "url2": ""
      }
    },
    {
      "type": "Feature",
      "geometry": {
        "type": "Point",
        "coordinates": [
          135.9232996,
          35.1219653
        ]
      },
      "properties": {
        "内容": "バス停: 今道内湖 (江若交通)",
        "name": "今道内湖",
        "operator": "江若交通",
        "ref": "",
        "url": "",
        "url2": ""
      }
    },
    {
      "type": "Feature",
      "geometry": {
        "type": "Point",
        "coordinates": [
          135.9890647,
          35.0658191
        ]
      },
      "properties": {
        "内容": "バス停: 下の郷東 (江若交通)",
        "name": "下の郷東",
        "operator": "江若交通",
        "ref": "",
        "url": "",
        "url2": ""
      }
    },
    {
      "type": "Feature",
      "geometry": {
        "type": "Point",
        "coordinates": [
          135.992571,
          35.0735255
        ]
      },
      "properties": {
        "内容": "バス停: 播磨田 (江若交通)",
        "name": "播磨田",
        "operator": "江若交通",
        "ref": "",
        "url": "",
        "url2": ""
      }
    },
    {
      "type": "Feature",
      "geometry": {
        "type": "Point",
        "coordinates": [
          135.9896236,
          35.063366
        ]
      },
      "properties": {
        "内容": "バス停: 滋賀県立総合病院口 (江若交通)",
        "name": "滋賀県立総合病院口",
        "operator": "江若交通",
        "ref": "",
        "url": "",
        "url2": ""
      }
    },
    {
      "type": "Feature",
      "geometry": {
        "type": "Point",
        "coordinates": [
          135.9254725,
          35.1211908
        ]
      },
      "properties": {
        "内容": "バス停: 今堅田出島灯台 (江若交通)",
        "name": "今堅田出島灯台",
        "operator": "江若交通",
        "ref": "",
        "url": "",
        "url2": ""
      }
    },
    {
      "type": "Feature",
      "geometry": {
        "type": "Point",
        "coordinates": [
          135.968187,
          35.0910713
        ]
      },
      "properties": {
        "内容": "バス停: 南脇 (江若交通)",
        "name": "南脇",
        "operator": "江若交通",
        "ref": "",
        "url": "",
        "url2": ""
      }
    },
    {
      "type": "Feature",
      "geometry": {
        "type": "Point",
        "coordinates": [
          135.9540666,
          35.1078735
        ]
      },
      "properties": {
        "内容": "バス停: みずほ団地口 (江若交通)",
        "name": "みずほ団地口",
        "operator": "江若交通",
        "ref": "",
        "url": "",
        "url2": ""
      }
    },
    {
      "type": "Feature",
      "geometry": {
        "type": "Point",
        "coordinates": [
          135.994656,
          35.0597024
        ]
      },
      "properties": {
        "内容": "バス停: 守山市役所前 (江若交通)",
        "name": "守山市役所前",
        "operator": "江若交通",
        "ref": "",
        "url": "",
        "url2": ""
      }
    },
    {
      "type": "Feature",
      "geometry": {
        "type": "Point",
        "coordinates": [
          135.9880007,
          35.0645429
        ]
      },
      "properties": {
        "内容": "バス停: 小児保健医療センター前",
        "name": "小児保健医療センター前",
        "operator": "事業者不明",
        "ref": "",
        "url": "",
        "url2": ""
      }
    },
    {
      "type": "Feature",
      "geometry": {
        "type": "Point",
        "coordinates": [
          135.948401,
          35.1150572
        ]
      },
      "properties": {
        "内容": "バス停: 美崎ニッサンタウン前 (江若交通)",
        "name": "美崎ニッサンタウン前",
        "operator": "江若交通",
        "ref": "",
        "url": "",
        "url2": ""
      }
    },
    {
      "type": "Feature",
      "geometry": {
        "type": "Point",
        "coordinates": [
          135.9972356,
          35.0575673
        ]
      },
      "properties": {
        "内容": "バス停: 吉身公民館前 (江若交通)",
        "name": "吉身公民館前",
        "operator": "江若交通",
        "ref": "",
        "url": "",
        "url2": ""
      }
    },
    {
      "type": "Feature",
      "geometry": {
        "type": "Point",
        "coordinates": [
          135.9888579,
          35.065756
        ]
      },
      "properties": {
        "内容": "バス停: 下の郷東 (江若交通)",
        "name": "下の郷東",
        "operator": "江若交通",
        "ref": "",
        "url": "",
        "url2": ""
      }
    },
    {
      "type": "Feature",
      "geometry": {
        "type": "Point",
        "coordinates": [
          135.9552562,
          35.1045204
        ]
      },
      "properties": {
        "内容": "バス停: 木の浜農協前 (江若交通)",
        "name": "木の浜農協前",
        "operator": "江若交通",
        "ref": "",
        "url": "",
        "url2": ""
      }
    },
    {
      "type": "Feature",
      "geometry": {
        "type": "Point",
        "coordinates": [
          135.9900492,
          35.4083605
        ]
      },
      "properties": {
        "内容": "バス停: 上藺生",
        "name": "上藺生",
        "operator": "事業者不明",
        "ref": "",
        "url": "",
        "url2": ""
      }
    },
    {
      "type": "Feature",
      "geometry": {
        "type": "Point",
        "coordinates": [
          136.0300586,
          35.4058523
        ]
      },
      "properties": {
        "内容": "バス停: 勤労体育センター前 (西日本JRバス)",
        "name": "勤労体育センター前",
        "operator": "西日本JRバス",
        "ref": "",
        "url": "",
        "url2": ""
      }
    },
    {
      "type": "Feature",
      "geometry": {
        "type": "Point",
        "coordinates": [
          136.0305583,
          35.4009766
        ]
      },
      "properties": {
        "内容": "バス停: 今津西町 (西日本JRバス)",
        "name": "今津西町",
        "operator": "西日本JRバス",
        "ref": "",
        "url": "",
        "url2": ""
      }
    },
    {
      "type": "Feature",
      "geometry": {
        "type": "Point",
        "coordinates": [
          136.0125679,
          35.4071283
        ]
      },
      "properties": {
        "内容": "バス停: 下弘部",
        "name": "下弘部",
        "operator": "事業者不明",
        "ref": "",
        "url": "",
        "url2": ""
      }
    },
    {
      "type": "Feature",
      "geometry": {
        "type": "Point",
        "coordinates": [
          136.0169141,
          35.40727
        ]
      },
      "properties": {
        "内容": "バス停: 下弘部東 (西日本JRバス)",
        "name": "下弘部東",
        "operator": "西日本JRバス",
        "ref": "",
        "url": "",
        "url2": ""
      }
    },
    {
      "type": "Feature",
      "geometry": {
        "type": "Point",
        "coordinates": [
          135.9345678,
          35.4320939
        ]
      },
      "properties": {
        "内容": "バス停: 近江杉山 (西日本JRバス)",
        "name": "近江杉山",
        "operator": "西日本JRバス",
        "ref": "",
        "url": "",
        "url2": ""
      }
    },
    {
      "type": "Feature",
      "geometry": {
        "type": "Point",
        "coordinates": [
          136.0041691,
          35.407247
        ]
      },
      "properties": {
        "内容": "バス停: 上弘部",
        "name": "上弘部",
        "operator": "事業者不明",
        "ref": "",
        "url": "",
        "url2": ""
      }
    },
    {
      "type": "Feature",
      "geometry": {
        "type": "Point",
        "coordinates": [
          135.9482721,
          35.4232318
        ]
      },
      "properties": {
        "内容": "バス停: 近江角川 (西日本JRバス)",
        "name": "近江角川",
        "operator": "西日本JRバス",
        "ref": "",
        "url": "",
        "url2": ""
      }
    },
    {
      "type": "Feature",
      "geometry": {
        "type": "Point",
        "coordinates": [
          135.9970113,
          35.4069729
        ]
      },
      "properties": {
        "内容": "バス停: 梅原口",
        "name": "梅原口",
        "operator": "事業者不明",
        "ref": "",
        "url": "",
        "url2": ""
      }
    },
    {
      "type": "Feature",
      "geometry": {
        "type": "Point",
        "coordinates": [
          135.9145454,
          35.4365345
        ]
      },
      "properties": {
        "内容": "バス停: 天増川口",
        "name": "天増川口",
        "operator": "事業者不明",
        "ref": "",
        "url": "",
        "url2": ""
      }
    },
    {
      "type": "Feature",
      "geometry": {
        "type": "Point",
        "coordinates": [
          135.9480438,
          35.4234894
        ]
      },
      "properties": {
        "内容": "バス停: 近江角川 (西日本JRバス)",
        "name": "近江角川",
        "operator": "西日本JRバス",
        "ref": "",
        "url": "",
        "url2": ""
      }
    },
    {
      "type": "Feature",
      "geometry": {
        "type": "Point",
        "coordinates": [
          135.9343584,
          35.432323
        ]
      },
      "properties": {
        "内容": "バス停: 近江杉山 (西日本JRバス)",
        "name": "近江杉山",
        "operator": "西日本JRバス",
        "ref": "",
        "url": "",
        "url2": ""
      }
    },
    {
      "type": "Feature",
      "geometry": {
        "type": "Point",
        "coordinates": [
          136.0199199,
          35.4074058
        ]
      },
      "properties": {
        "内容": "バス停: ざぜん草前",
        "name": "ざぜん草前",
        "operator": "事業者不明",
        "ref": "",
        "url": "",
        "url2": ""
      }
    },
    {
      "type": "Feature",
      "geometry": {
        "type": "Point",
        "coordinates": [
          135.9471225,
          35.4125451
        ]
      },
      "properties": {
        "内容": "バス停: 保坂 (西日本JRバス)",
        "name": "保坂",
        "operator": "西日本JRバス",
        "ref": "",
        "url": "",
        "url2": ""
      }
    },
    {
      "type": "Feature",
      "geometry": {
        "type": "Point",
        "coordinates": [
          136.0261277,
          35.4083776
        ]
      },
      "properties": {
        "内容": "バス停: 弘川口 (西日本JRバス)",
        "name": "弘川口",
        "operator": "西日本JRバス",
        "ref": "",
        "url": "",
        "url2": ""
      }
    },
    {
      "type": "Feature",
      "geometry": {
        "type": "Point",
        "coordinates": [
          135.9777172,
          35.4027272
        ]
      },
      "properties": {
        "内容": "バス停: 古野 (西日本JRバス)",
        "name": "古野",
        "operator": "西日本JRバス",
        "ref": "",
        "url": "",
        "url2": ""
      }
    },
    {
      "type": "Feature",
      "geometry": {
        "type": "Point",
        "coordinates": [
          135.9468514,
          35.4121903
        ]
      },
      "properties": {
        "内容": "バス停: 保坂 (西日本JRバス)",
        "name": "保坂",
        "operator": "西日本JRバス",
        "ref": "",
        "url": "",
        "url2": ""
      }
    },
    {
      "type": "Feature",
      "geometry": {
        "type": "Point",
        "coordinates": [
          136.0301054,
          35.4076443
        ]
      },
      "properties": {
        "内容": "バス停: 今津東小学校 (西日本JRバス)",
        "name": "今津東小学校",
        "operator": "西日本JRバス",
        "ref": "",
        "url": "",
        "url2": ""
      }
    },
    {
      "type": "Feature",
      "geometry": {
        "type": "Point",
        "coordinates": [
          136.0284841,
          35.4094091
        ]
      },
      "properties": {
        "内容": "バス停: 弘川交番西 (西日本JRバス)",
        "name": "弘川交番西",
        "operator": "西日本JRバス",
        "ref": "",
        "url": "",
        "url2": ""
      }
    },
    {
      "type": "Feature",
      "geometry": {
        "type": "Point",
        "coordinates": [
          135.9488021,
          35.406552
        ]
      },
      "properties": {
        "内容": "バス停: 近江追分 (西日本JRバス)",
        "name": "近江追分",
        "operator": "西日本JRバス",
        "ref": "",
        "url": "",
        "url2": ""
      }
    },
    {
      "type": "Feature",
      "geometry": {
        "type": "Point",
        "coordinates": [
          136.0321073,
          35.3985154
        ]
      },
      "properties": {
        "内容": "バス停: 近江今津駅 (湖国バス)",
        "name": "近江今津駅",
        "operator": "湖国バス",
        "ref": "",
        "url": "",
        "url2": ""
      }
    },
    {
      "type": "Feature",
      "geometry": {
        "type": "Point",
        "coordinates": [
          136.0320725,
          35.3984323
        ]
      },
      "properties": {
        "内容": "バス停: 近江今津駅 (西日本JRバス)",
        "name": "近江今津駅",
        "operator": "西日本JRバス",
        "ref": "",
        "url": "",
        "url2": ""
      }
    },
    {
      "type": "Feature",
      "geometry": {
        "type": "Point",
        "coordinates": [
          135.9393723,
          35.0743812
        ]
      },
      "properties": {
        "内容": "バス停: 水生植物公園みずの森",
        "name": "水生植物公園みずの森",
        "operator": "事業者不明",
        "ref": "",
        "url": "",
        "url2": ""
      }
    },
    {
      "type": "Feature",
      "geometry": {
        "type": "Point",
        "coordinates": [
          135.9359366,
          35.0735233
        ]
      },
      "properties": {
        "内容": "バス停: 名称不明バス停",
        "name": "名称不明バス停",
        "operator": "事業者不明",
        "ref": "",
        "url": "",
        "url2": ""
      }
    },
    {
      "type": "Feature",
      "geometry": {
        "type": "Point",
        "coordinates": [
          135.9649905,
          35.0303427
        ]
      },
      "properties": {
        "内容": "バス停: 名称不明バス停",
        "name": "名称不明バス停",
        "operator": "事業者不明",
        "ref": "",
        "url": "",
        "url2": ""
      }
    },
    {
      "type": "Feature",
      "geometry": {
        "type": "Point",
        "coordinates": [
          135.9620658,
          35.0222498
        ]
      },
      "properties": {
        "内容": "バス停: 名称不明バス停",
        "name": "名称不明バス停",
        "operator": "事業者不明",
        "ref": "",
        "url": "",
        "url2": ""
      }
    },
    {
      "type": "Feature",
      "geometry": {
        "type": "Point",
        "coordinates": [
          135.9619249,
          35.022123
        ]
      },
      "properties": {
        "内容": "バス停: 名称不明バス停",
        "name": "名称不明バス停",
        "operator": "事業者不明",
        "ref": "",
        "url": "",
        "url2": ""
      }
    },
    {
      "type": "Feature",
      "geometry": {
        "type": "Point",
        "coordinates": [
          135.8393145,
          35.0515023
        ]
      },
      "properties": {
        "内容": "バス停: 夢見ヶ丘 (京都バス・京阪バス)",
        "name": "夢見ヶ丘",
        "operator": "京都バス・京阪バス",
        "ref": "",
        "url": "",
        "url2": ""
      }
    },
    {
      "type": "Feature",
      "geometry": {
        "type": "Point",
        "coordinates": [
          135.8390075,
          35.0509046
        ]
      },
      "properties": {
        "内容": "バス停: 夢見ヶ丘 (京都バス・京阪バス)",
        "name": "夢見ヶ丘",
        "operator": "京都バス・京阪バス",
        "ref": "",
        "url": "",
        "url2": ""
      }
    },
    {
      "type": "Feature",
      "geometry": {
        "type": "Point",
        "coordinates": [
          135.8424183,
          35.0663947
        ]
      },
      "properties": {
        "内容": "バス停: 無動寺",
        "name": "無動寺",
        "operator": "事業者不明",
        "ref": "",
        "url": "",
        "url2": ""
      }
    },
    {
      "type": "Feature",
      "geometry": {
        "type": "Point",
        "coordinates": [
          136.2516142,
          35.2850014
        ]
      },
      "properties": {
        "内容": "バス停: 視覚障害者センター東口 (近江バス)",
        "name": "視覚障害者センター東口",
        "operator": "近江バス",
        "ref": "",
        "url": "",
        "url2": ""
      }
    },
    {
      "type": "Feature",
      "geometry": {
        "type": "Point",
        "coordinates": [
          136.2510694,
          35.28498
        ]
      },
      "properties": {
        "内容": "バス停: 視覚障害者センター前 (近江バス)",
        "name": "視覚障害者センター前",
        "operator": "近江バス",
        "ref": "",
        "url": "",
        "url2": ""
      }
    },
    {
      "type": "Feature",
      "geometry": {
        "type": "Point",
        "coordinates": [
          135.9145403,
          34.9134224
        ]
      },
      "properties": {
        "内容": "バス停: 宮前橋 (京阪バス)",
        "name": "宮前橋",
        "operator": "京阪バス",
        "ref": "",
        "url": "",
        "url2": ""
      }
    },
    {
      "type": "Feature",
      "geometry": {
        "type": "Point",
        "coordinates": [
          135.9149019,
          34.9123352
        ]
      },
      "properties": {
        "内容": "バス停: 宮前橋 (京阪バス)",
        "name": "宮前橋",
        "operator": "京阪バス",
        "ref": "",
        "url": "",
        "url2": ""
      }
    },
    {
      "type": "Feature",
      "geometry": {
        "type": "Point",
        "coordinates": [
          135.9036179,
          34.9117804
        ]
      },
      "properties": {
        "内容": "バス停: 白州不動尊前 (京阪バス)",
        "name": "白州不動尊前",
        "operator": "京阪バス",
        "ref": "",
        "url": "",
        "url2": ""
      }
    },
    {
      "type": "Feature",
      "geometry": {
        "type": "Point",
        "coordinates": [
          135.8991402,
          34.914573
        ]
      },
      "properties": {
        "内容": "バス停: 外畑 (京阪バス)",
        "name": "外畑",
        "operator": "京阪バス",
        "ref": "",
        "url": "",
        "url2": ""
      }
    },
    {
      "type": "Feature",
      "geometry": {
        "type": "Point",
        "coordinates": [
          135.899146,
          34.9146591
        ]
      },
      "properties": {
        "内容": "バス停: 外畑 (京阪バス)",
        "name": "外畑",
        "operator": "京阪バス",
        "ref": "",
        "url": "",
        "url2": ""
      }
    },
    {
      "type": "Feature",
      "geometry": {
        "type": "Point",
        "coordinates": [
          135.8780579,
          34.9238654
        ]
      },
      "properties": {
        "内容": "バス停: 内畑 (京阪バス)",
        "name": "内畑",
        "operator": "京阪バス",
        "ref": "",
        "url": "",
        "url2": ""
      }
    },
    {
      "type": "Feature",
      "geometry": {
        "type": "Point",
        "coordinates": [
          135.8813458,
          34.9086536
        ]
      },
      "properties": {
        "内容": "バス停: びわこ池田墓園 (京阪バス)",
        "name": "びわこ池田墓園",
        "operator": "京阪バス",
        "ref": "",
        "url": "",
        "url2": ""
      }
    },
    {
      "type": "Feature",
      "geometry": {
        "type": "Point",
        "coordinates": [
          135.8798062,
          34.9036184
        ]
      },
      "properties": {
        "内容": "バス停: 曽束口 (京阪バス)",
        "name": "曽束口",
        "operator": "京阪バス",
        "ref": "",
        "url": "",
        "url2": ""
      }
    },
    {
      "type": "Feature",
      "geometry": {
        "type": "Point",
        "coordinates": [
          135.8768107,
          34.9046322
        ]
      },
      "properties": {
        "内容": "バス停: 曽束中 (京阪バス)",
        "name": "曽束中",
        "operator": "京阪バス",
        "ref": "",
        "url": "",
        "url2": ""
      }
    },
    {
      "type": "Feature",
      "geometry": {
        "type": "Point",
        "coordinates": [
          135.8737977,
          34.9045534
        ]
      },
      "properties": {
        "内容": "バス停: 曽束 (京阪バス)",
        "name": "曽束",
        "operator": "京阪バス",
        "ref": "",
        "url": "",
        "url2": ""
      }
    },
    {
      "type": "Feature",
      "geometry": {
        "type": "Point",
        "coordinates": [
          135.8902107,
          34.9026333
        ]
      },
      "properties": {
        "内容": "バス停: ゴルフ場前 (京阪バス)",
        "name": "ゴルフ場前",
        "operator": "京阪バス",
        "ref": "",
        "url": "",
        "url2": ""
      }
    },
    {
      "type": "Feature",
      "geometry": {
        "type": "Point",
        "coordinates": [
          135.8900612,
          34.9025442
        ]
      },
      "properties": {
        "内容": "バス停: ゴルフ場前 (京阪バス)",
        "name": "ゴルフ場前",
        "operator": "京阪バス",
        "ref": "",
        "url": "",
        "url2": ""
      }
    },
    {
      "type": "Feature",
      "geometry": {
        "type": "Point",
        "coordinates": [
          135.9046504,
          34.9097575
        ]
      },
      "properties": {
        "内容": "バス停: 西大石淀町 (京阪バス)",
        "name": "西大石淀町",
        "operator": "京阪バス",
        "ref": "",
        "url": "",
        "url2": ""
      }
    },
    {
      "type": "Feature",
      "geometry": {
        "type": "Point",
        "coordinates": [
          135.9077575,
          34.9081344
        ]
      },
      "properties": {
        "内容": "バス停: 東大石淀町 (京阪バス)",
        "name": "東大石淀町",
        "operator": "京阪バス",
        "ref": "",
        "url": "",
        "url2": ""
      }
    },
    {
      "type": "Feature",
      "geometry": {
        "type": "Point",
        "coordinates": [
          135.8984464,
          34.8824539
        ]
      },
      "properties": {
        "内容": "バス停: 小田原 (京阪バス)",
        "name": "小田原",
        "operator": "京阪バス",
        "ref": "",
        "url": "",
        "url2": ""
      }
    },
    {
      "type": "Feature",
      "geometry": {
        "type": "Point",
        "coordinates": [
          135.9024333,
          34.8861052
        ]
      },
      "properties": {
        "内容": "バス停: 小田原口 (京阪バス)",
        "name": "小田原口",
        "operator": "京阪バス",
        "ref": "",
        "url": "",
        "url2": ""
      }
    },
    {
      "type": "Feature",
      "geometry": {
        "type": "Point",
        "coordinates": [
          135.9023416,
          34.8861231
        ]
      },
      "properties": {
        "内容": "バス停: 小田原口 (京阪バス)",
        "name": "小田原口",
        "operator": "京阪バス",
        "ref": "",
        "url": "",
        "url2": ""
      }
    },
    {
      "type": "Feature",
      "geometry": {
        "type": "Point",
        "coordinates": [
          135.9140099,
          34.8964957
        ]
      },
      "properties": {
        "内容": "バス停: 奥出 (京阪バス)",
        "name": "奥出",
        "operator": "京阪バス",
        "ref": "",
        "url": "",
        "url2": ""
      }
    },
    {
      "type": "Feature",
      "geometry": {
        "type": "Point",
        "coordinates": [
          135.9141207,
          34.8964427
        ]
      },
      "properties": {
        "内容": "バス停: 奥出 (京阪バス)",
        "name": "奥出",
        "operator": "京阪バス",
        "ref": "",
        "url": "",
        "url2": ""
      }
    },
    {
      "type": "Feature",
      "geometry": {
        "type": "Point",
        "coordinates": [
          135.9128451,
          34.9010065
        ]
      },
      "properties": {
        "内容": "バス停: 竜門 (京阪バス)",
        "name": "竜門",
        "operator": "京阪バス",
        "ref": "",
        "url": "",
        "url2": ""
      }
    },
    {
      "type": "Feature",
      "geometry": {
        "type": "Point",
        "coordinates": [
          135.911867,
          34.9055553
        ]
      },
      "properties": {
        "内容": "バス停: 大石中 (京阪バス)",
        "name": "大石中",
        "operator": "京阪バス",
        "ref": "",
        "url": "",
        "url2": ""
      }
    },
    {
      "type": "Feature",
      "geometry": {
        "type": "Point",
        "coordinates": [
          135.9187593,
          34.9122099
        ]
      },
      "properties": {
        "内容": "バス停: 桜谷口 (京阪バス)",
        "name": "桜谷口",
        "operator": "京阪バス",
        "ref": "",
        "url": "",
        "url2": ""
      }
    },
    {
      "type": "Feature",
      "geometry": {
        "type": "Point",
        "coordinates": [
          135.9236515,
          34.9129814
        ]
      },
      "properties": {
        "内容": "バス停: 桜谷中央 (京阪バス)",
        "name": "桜谷中央",
        "operator": "京阪バス",
        "ref": "",
        "url": "",
        "url2": ""
      }
    },
    {
      "type": "Feature",
      "geometry": {
        "type": "Point",
        "coordinates": [
          135.9226038,
          34.914921
        ]
      },
      "properties": {
        "内容": "バス停: 極楽橋 (京阪バス)",
        "name": "極楽橋",
        "operator": "京阪バス",
        "ref": "",
        "url": "",
        "url2": ""
      }
    },
    {
      "type": "Feature",
      "geometry": {
        "type": "Point",
        "coordinates": [
          135.9250648,
          34.9161979
        ]
      },
      "properties": {
        "内容": "バス停: 桜公園東 (京阪バス)",
        "name": "桜公園東",
        "operator": "京阪バス",
        "ref": "",
        "url": "",
        "url2": ""
      }
    },
    {
      "type": "Feature",
      "geometry": {
        "type": "Point",
        "coordinates": [
          135.9102356,
          34.9513388
        ]
      },
      "properties": {
        "内容": "バス停: 滋賀大前 (京阪バス)",
        "name": "滋賀大前",
        "operator": "京阪バス",
        "ref": "",
        "url": "",
        "url2": ""
      }
    },
    {
      "type": "Feature",
      "geometry": {
        "type": "Point",
        "coordinates": [
          135.9101209,
          34.9507213
        ]
      },
      "properties": {
        "内容": "バス停: 滋賀大前 (京阪バス)",
        "name": "滋賀大前",
        "operator": "京阪バス",
        "ref": "",
        "url": "",
        "url2": ""
      }
    },
    {
      "type": "Feature",
      "geometry": {
        "type": "Point",
        "coordinates": [
          135.9107489,
          34.9485001
        ]
      },
      "properties": {
        "内容": "バス停: 平津 (京阪バス)",
        "name": "平津",
        "operator": "京阪バス",
        "ref": "",
        "url": "",
        "url2": ""
      }
    },
    {
      "type": "Feature",
      "geometry": {
        "type": "Point",
        "coordinates": [
          135.9106475,
          34.9485644
        ]
      },
      "properties": {
        "内容": "バス停: 平津 (京阪バス)",
        "name": "平津",
        "operator": "京阪バス",
        "ref": "",
        "url": "",
        "url2": ""
      }
    },
    {
      "type": "Feature",
      "geometry": {
        "type": "Point",
        "coordinates": [
          135.9093513,
          34.9456195
        ]
      },
      "properties": {
        "内容": "バス停: 赤川 (京阪バス)",
        "name": "赤川",
        "operator": "京阪バス",
        "ref": "",
        "url": "",
        "url2": ""
      }
    },
    {
      "type": "Feature",
      "geometry": {
        "type": "Point",
        "coordinates": [
          135.9090628,
          34.9451862
        ]
      },
      "properties": {
        "内容": "バス停: 赤川 (京阪バス)",
        "name": "赤川",
        "operator": "京阪バス",
        "ref": "",
        "url": "",
        "url2": ""
      }
    },
    {
      "type": "Feature",
      "geometry": {
        "type": "Point",
        "coordinates": [
          135.9084827,
          34.9424693
        ]
      },
      "properties": {
        "内容": "バス停: 南郷一丁目 (京阪バス)",
        "name": "南郷一丁目",
        "operator": "京阪バス",
        "ref": "",
        "url": "",
        "url2": ""
      }
    },
    {
      "type": "Feature",
      "geometry": {
        "type": "Point",
        "coordinates": [
          135.908806,
          34.9423502
        ]
      },
      "properties": {
        "内容": "バス停: 南郷一丁目 (京阪バス)",
        "name": "南郷一丁目",
        "operator": "京阪バス",
        "ref": "",
        "url": "",
        "url2": ""
      }
    },
    {
      "type": "Feature",
      "geometry": {
        "type": "Point",
        "coordinates": [
          135.9091799,
          34.9407513
        ]
      },
      "properties": {
        "内容": "バス停: 南郷洗堰 (京阪バス)",
        "name": "南郷洗堰",
        "operator": "京阪バス",
        "ref": "",
        "url": "",
        "url2": ""
      }
    },
    {
      "type": "Feature",
      "geometry": {
        "type": "Point",
        "coordinates": [
          135.9092511,
          34.9405112
        ]
      },
      "properties": {
        "内容": "バス停: 南郷洗堰 (京阪バス)",
        "name": "南郷洗堰",
        "operator": "京阪バス",
        "ref": "",
        "url": "",
        "url2": ""
      }
    },
    {
      "type": "Feature",
      "geometry": {
        "type": "Point",
        "coordinates": [
          135.9090598,
          34.9375638
        ]
      },
      "properties": {
        "内容": "バス停: 南郷 (京阪バス)",
        "name": "南郷",
        "operator": "京阪バス",
        "ref": "",
        "url": "",
        "url2": ""
      }
    },
    {
      "type": "Feature",
      "geometry": {
        "type": "Point",
        "coordinates": [
          135.9095899,
          34.9363826
        ]
      },
      "properties": {
        "内容": "バス停: 南郷 (京阪バス)",
        "name": "南郷",
        "operator": "京阪バス",
        "ref": "",
        "url": "",
        "url2": ""
      }
    },
    {
      "type": "Feature",
      "geometry": {
        "type": "Point",
        "coordinates": [
          135.9127709,
          34.9342807
        ]
      },
      "properties": {
        "内容": "バス停: 岡の平 (京阪バス)",
        "name": "岡の平",
        "operator": "京阪バス",
        "ref": "",
        "url": "",
        "url2": ""
      }
    },
    {
      "type": "Feature",
      "geometry": {
        "type": "Point",
        "coordinates": [
          135.913142,
          34.9339218
        ]
      },
      "properties": {
        "内容": "バス停: 岡の平 (京阪バス)",
        "name": "岡の平",
        "operator": "京阪バス",
        "ref": "",
        "url": "",
        "url2": ""
      }
    },
    {
      "type": "Feature",
      "geometry": {
        "type": "Point",
        "coordinates": [
          135.9151106,
          34.9301461
        ]
      },
      "properties": {
        "内容": "バス停: 新浜 (京阪バス)",
        "name": "新浜",
        "operator": "京阪バス",
        "ref": "",
        "url": "",
        "url2": ""
      }
    },
    {
      "type": "Feature",
      "geometry": {
        "type": "Point",
        "coordinates": [
          135.9149935,
          34.9299462
        ]
      },
      "properties": {
        "内容": "バス停: 新浜 (京阪バス)",
        "name": "新浜",
        "operator": "京阪バス",
        "ref": "",
        "url": "",
        "url2": ""
      }
    },
    {
      "type": "Feature",
      "geometry": {
        "type": "Point",
        "coordinates": [
          135.9125801,
          34.9223899
        ]
      },
      "properties": {
        "内容": "バス停: 蛙岩 (京阪バス)",
        "name": "蛙岩",
        "operator": "京阪バス",
        "ref": "",
        "url": "",
        "url2": ""
      }
    },
    {
      "type": "Feature",
      "geometry": {
        "type": "Point",
        "coordinates": [
          135.9124793,
          34.9223857
        ]
      },
      "properties": {
        "内容": "バス停: 蛙岩 (京阪バス)",
        "name": "蛙岩",
        "operator": "京阪バス",
        "ref": "",
        "url": "",
        "url2": ""
      }
    },
    {
      "type": "Feature",
      "geometry": {
        "type": "Point",
        "coordinates": [
          135.913043,
          34.9182709
        ]
      },
      "properties": {
        "内容": "バス停: 立木観音前 (京阪バス)",
        "name": "立木観音前",
        "operator": "京阪バス",
        "ref": "",
        "url": "",
        "url2": ""
      }
    },
    {
      "type": "Feature",
      "geometry": {
        "type": "Point",
        "coordinates": [
          135.9131488,
          34.9176184
        ]
      },
      "properties": {
        "内容": "バス停: 立木観音前 (京阪バス)",
        "name": "立木観音前",
        "operator": "京阪バス",
        "ref": "",
        "url": "",
        "url2": ""
      }
    },
    {
      "type": "Feature",
      "geometry": {
        "type": "Point",
        "coordinates": [
          135.9132997,
          34.9141952
        ]
      },
      "properties": {
        "内容": "バス停: 鹿跳橋 (京阪バス)",
        "name": "鹿跳橋",
        "operator": "京阪バス",
        "ref": "",
        "url": "",
        "url2": ""
      }
    },
    {
      "type": "Feature",
      "geometry": {
        "type": "Point",
        "coordinates": [
          135.9132317,
          34.9144598
        ]
      },
      "properties": {
        "内容": "バス停: 鹿跳橋 (京阪バス)",
        "name": "鹿跳橋",
        "operator": "京阪バス",
        "ref": "",
        "url": "",
        "url2": ""
      }
    },
    {
      "type": "Feature",
      "geometry": {
        "type": "Point",
        "coordinates": [
          135.9072534,
          34.9544435
        ]
      },
      "properties": {
        "内容": "バス停: 石山幼稚園前 (京阪バス)",
        "name": "石山幼稚園前",
        "operator": "京阪バス",
        "ref": "",
        "url": "",
        "url2": ""
      }
    },
    {
      "type": "Feature",
      "geometry": {
        "type": "Point",
        "coordinates": [
          135.9045328,
          34.9541452
        ]
      },
      "properties": {
        "内容": "バス停: 野々宮 (京阪バス)",
        "name": "野々宮",
        "operator": "京阪バス",
        "ref": "",
        "url": "",
        "url2": ""
      }
    },
    {
      "type": "Feature",
      "geometry": {
        "type": "Point",
        "coordinates": [
          135.9026155,
          34.9508819
        ]
      },
      "properties": {
        "内容": "バス停: 滋賀大西門 (京阪バス)",
        "name": "滋賀大西門",
        "operator": "京阪バス",
        "ref": "",
        "url": "",
        "url2": ""
      }
    },
    {
      "type": "Feature",
      "geometry": {
        "type": "Point",
        "coordinates": [
          135.9028002,
          34.951219
        ]
      },
      "properties": {
        "内容": "バス停: 滋賀大西門 (京阪バス)",
        "name": "滋賀大西門",
        "operator": "京阪バス",
        "ref": "",
        "url": "",
        "url2": ""
      }
    },
    {
      "type": "Feature",
      "geometry": {
        "type": "Point",
        "coordinates": [
          135.9011346,
          34.9484319
        ]
      },
      "properties": {
        "内容": "バス停: 北千町 (京阪バス)",
        "name": "北千町",
        "operator": "京阪バス",
        "ref": "",
        "url": "",
        "url2": ""
      }
    },
    {
      "type": "Feature",
      "geometry": {
        "type": "Point",
        "coordinates": [
          135.9006135,
          34.9482456
        ]
      },
      "properties": {
        "内容": "バス停: 北千町 (京阪バス)",
        "name": "北千町",
        "operator": "京阪バス",
        "ref": "",
        "url": "",
        "url2": ""
      }
    },
    {
      "type": "Feature",
      "geometry": {
        "type": "Point",
        "coordinates": [
          135.8976284,
          34.9464436
        ]
      },
      "properties": {
        "内容": "バス停: 中千町 (京阪バス)",
        "name": "中千町",
        "operator": "京阪バス",
        "ref": "",
        "url": "",
        "url2": ""
      }
    },
    {
      "type": "Feature",
      "geometry": {
        "type": "Point",
        "coordinates": [
          135.8977283,
          34.945595
        ]
      },
      "properties": {
        "内容": "バス停: 中千町 (京阪バス)",
        "name": "中千町",
        "operator": "京阪バス",
        "ref": "",
        "url": "",
        "url2": ""
      }
    },
    {
      "type": "Feature",
      "geometry": {
        "type": "Point",
        "coordinates": [
          135.8977536,
          34.9434396
        ]
      },
      "properties": {
        "内容": "バス停: 赤尾町 (京阪バス)",
        "name": "赤尾町",
        "operator": "京阪バス",
        "ref": "",
        "url": "",
        "url2": ""
      }
    },
    {
      "type": "Feature",
      "geometry": {
        "type": "Point",
        "coordinates": [
          135.8976893,
          34.9433473
        ]
      },
      "properties": {
        "内容": "バス停: 赤尾町 (京阪バス)",
        "name": "赤尾町",
        "operator": "京阪バス",
        "ref": "",
        "url": "",
        "url2": ""
      }
    },
    {
      "type": "Feature",
      "geometry": {
        "type": "Point",
        "coordinates": [
          135.8992269,
          34.9417324
        ]
      },
      "properties": {
        "内容": "バス停: 南郷中学校 (京阪バス)",
        "name": "南郷中学校",
        "operator": "京阪バス",
        "ref": "",
        "url": "",
        "url2": ""
      }
    },
    {
      "type": "Feature",
      "geometry": {
        "type": "Point",
        "coordinates": [
          135.8992041,
          34.9416184
        ]
      },
      "properties": {
        "内容": "バス停: 南郷中学校 (京阪バス)",
        "name": "南郷中学校",
        "operator": "京阪バス",
        "ref": "",
        "url": "",
        "url2": ""
      }
    },
    {
      "type": "Feature",
      "geometry": {
        "type": "Point",
        "coordinates": [
          135.9025923,
          34.9416852
        ]
      },
      "properties": {
        "内容": "バス停: 南郷二丁目 (京阪バス)",
        "name": "南郷二丁目",
        "operator": "京阪バス",
        "ref": "",
        "url": "",
        "url2": ""
      }
    },
    {
      "type": "Feature",
      "geometry": {
        "type": "Point",
        "coordinates": [
          135.9027248,
          34.9415721
        ]
      },
      "properties": {
        "内容": "バス停: 南郷二丁目 (京阪バス)",
        "name": "南郷二丁目",
        "operator": "京阪バス",
        "ref": "",
        "url": "",
        "url2": ""
      }
    },
    {
      "type": "Feature",
      "geometry": {
        "type": "Point",
        "coordinates": [
          135.9067585,
          34.9428374
        ]
      },
      "properties": {
        "内容": "バス停: 南郷二丁目東 (京阪バス)",
        "name": "南郷二丁目東",
        "operator": "京阪バス",
        "ref": "",
        "url": "",
        "url2": ""
      }
    },
    {
      "type": "Feature",
      "geometry": {
        "type": "Point",
        "coordinates": [
          135.9069399,
          34.9427937
        ]
      },
      "properties": {
        "内容": "バス停: 南郷二丁目東 (京阪バス)",
        "name": "南郷二丁目東",
        "operator": "京阪バス",
        "ref": "",
        "url": "",
        "url2": ""
      }
    },
    {
      "type": "Feature",
      "geometry": {
        "type": "Point",
        "coordinates": [
          135.8860248,
          34.9491854
        ]
      },
      "properties": {
        "内容": "バス停: 千寿の郷 (京阪バス)",
        "name": "千寿の郷",
        "operator": "京阪バス",
        "ref": "",
        "url": "",
        "url2": ""
      }
    },
    {
      "type": "Feature",
      "geometry": {
        "type": "Point",
        "coordinates": [
          135.901523,
          34.9541372
        ]
      },
      "properties": {
        "内容": "バス停: 樋ノ口 (京阪バス)",
        "name": "樋ノ口",
        "operator": "京阪バス",
        "ref": "",
        "url": "",
        "url2": ""
      }
    },
    {
      "type": "Feature",
      "geometry": {
        "type": "Point",
        "coordinates": [
          135.901389,
          34.9540546
        ]
      },
      "properties": {
        "内容": "バス停: 樋ノ口",
        "name": "樋ノ口",
        "operator": "事業者不明",
        "ref": "",
        "url": "",
        "url2": ""
      }
    },
    {
      "type": "Feature",
      "geometry": {
        "type": "Point",
        "coordinates": [
          135.8970375,
          34.9552225
        ]
      },
      "properties": {
        "内容": "バス停: 石山団地口 (京阪バス)",
        "name": "石山団地口",
        "operator": "京阪バス",
        "ref": "",
        "url": "",
        "url2": ""
      }
    },
    {
      "type": "Feature",
      "geometry": {
        "type": "Point",
        "coordinates": [
          135.8970891,
          34.9553263
        ]
      },
      "properties": {
        "内容": "バス停: 石山団地口 (京阪バス)",
        "name": "石山団地口",
        "operator": "京阪バス",
        "ref": "",
        "url": "",
        "url2": ""
      }
    },
    {
      "type": "Feature",
      "geometry": {
        "type": "Point",
        "coordinates": [
          135.897903,
          34.9537274
        ]
      },
      "properties": {
        "内容": "バス停: 石山団地中央 (京阪バス)",
        "name": "石山団地中央",
        "operator": "京阪バス",
        "ref": "",
        "url": "",
        "url2": ""
      }
    },
    {
      "type": "Feature",
      "geometry": {
        "type": "Point",
        "coordinates": [
          135.8965447,
          34.9527783
        ]
      },
      "properties": {
        "内容": "バス停: 石山団地中央 (京阪バス)",
        "name": "石山団地中央",
        "operator": "京阪バス",
        "ref": "",
        "url": "",
        "url2": ""
      }
    },
    {
      "type": "Feature",
      "geometry": {
        "type": "Point",
        "coordinates": [
          135.8934349,
          34.9524778
        ]
      },
      "properties": {
        "内容": "バス停: 石山団地 (京阪バス)",
        "name": "石山団地",
        "operator": "京阪バス",
        "ref": "",
        "url": "",
        "url2": ""
      }
    },
    {
      "type": "Feature",
      "geometry": {
        "type": "Point",
        "coordinates": [
          135.8935399,
          34.95241
        ]
      },
      "properties": {
        "内容": "バス停: 石山団地 (京阪バス)",
        "name": "石山団地",
        "operator": "京阪バス",
        "ref": "",
        "url": "",
        "url2": ""
      }
    },
    {
      "type": "Feature",
      "geometry": {
        "type": "Point",
        "coordinates": [
          135.900768,
          34.9794433
        ]
      },
      "properties": {
        "内容": "バス停: 石山駅",
        "name": "石山駅",
        "operator": "事業者不明",
        "ref": "",
        "url": "",
        "url2": ""
      }
    },
    {
      "type": "Feature",
      "geometry": {
        "type": "Point",
        "coordinates": [
          135.9006441,
          34.9794878
        ]
      },
      "properties": {
        "内容": "バス停: 石山駅",
        "name": "石山駅",
        "operator": "事業者不明",
        "ref": "",
        "url": "",
        "url2": ""
      }
    },
    {
      "type": "Feature",
      "geometry": {
        "type": "Point",
        "coordinates": [
          135.8985231,
          34.9777402
        ]
      },
      "properties": {
        "内容": "バス停: 東レ正門前 (京阪バス)",
        "name": "東レ正門前",
        "operator": "京阪バス",
        "ref": "",
        "url": "",
        "url2": ""
      }
    },
    {
      "type": "Feature",
      "geometry": {
        "type": "Point",
        "coordinates": [
          135.8978583,
          34.9751395
        ]
      },
      "properties": {
        "内容": "バス停: 宮ノ内 (京阪バス)",
        "name": "宮ノ内",
        "operator": "京阪バス",
        "ref": "",
        "url": "",
        "url2": ""
      }
    },
    {
      "type": "Feature",
      "geometry": {
        "type": "Point",
        "coordinates": [
          135.8977858,
          34.974682
        ]
      },
      "properties": {
        "内容": "バス停: 宮ノ内 (京阪バス)",
        "name": "宮ノ内",
        "operator": "京阪バス",
        "ref": "",
        "url": "",
        "url2": ""
      }
    },
    {
      "type": "Feature",
      "geometry": {
        "type": "Point",
        "coordinates": [
          135.8980234,
          34.9743757
        ]
      },
      "properties": {
        "内容": "バス停: 宮ノ内 (京阪バス)",
        "name": "宮ノ内",
        "operator": "京阪バス",
        "ref": "",
        "url": "",
        "url2": ""
      }
    },
    {
      "type": "Feature",
      "geometry": {
        "type": "Point",
        "coordinates": [
          135.8966514,
          34.9727278
        ]
      },
      "properties": {
        "内容": "バス停: 晴嵐小学校前 (京阪バス)",
        "name": "晴嵐小学校前",
        "operator": "京阪バス",
        "ref": "",
        "url": "",
        "url2": ""
      }
    },
    {
      "type": "Feature",
      "geometry": {
        "type": "Point",
        "coordinates": [
          135.8967417,
          34.9726236
        ]
      },
      "properties": {
        "内容": "バス停: 晴嵐小学校前 (京阪バス)",
        "name": "晴嵐小学校前",
        "operator": "京阪バス",
        "ref": "",
        "url": "",
        "url2": ""
      }
    },
    {
      "type": "Feature",
      "geometry": {
        "type": "Point",
        "coordinates": [
          135.8955851,
          34.968819
        ]
      },
      "properties": {
        "内容": "バス停: 石山高校前 (京阪バス)",
        "name": "石山高校前",
        "operator": "京阪バス",
        "ref": "",
        "url": "",
        "url2": ""
      }
    },
    {
      "type": "Feature",
      "geometry": {
        "type": "Point",
        "coordinates": [
          135.8955403,
          34.9689469
        ]
      },
      "properties": {
        "内容": "バス停: 石山高校前 (京阪バス)",
        "name": "石山高校前",
        "operator": "京阪バス",
        "ref": "",
        "url": "",
        "url2": ""
      }
    },
    {
      "type": "Feature",
      "geometry": {
        "type": "Point",
        "coordinates": [
          135.8948565,
          34.9674367
        ]
      },
      "properties": {
        "内容": "バス停: 国分一丁目 (京阪バス)",
        "name": "国分一丁目",
        "operator": "京阪バス",
        "ref": "",
        "url": "",
        "url2": ""
      }
    },
    {
      "type": "Feature",
      "geometry": {
        "type": "Point",
        "coordinates": [
          135.8947862,
          34.9671509
        ]
      },
      "properties": {
        "内容": "バス停: 国分一丁目 (京阪バス)",
        "name": "国分一丁目",
        "operator": "京阪バス",
        "ref": "",
        "url": "",
        "url2": ""
      }
    },
    {
      "type": "Feature",
      "geometry": {
        "type": "Point",
        "coordinates": [
          135.8938518,
          34.9646471
        ]
      },
      "properties": {
        "内容": "バス停: 仏神寺 (京阪バス)",
        "name": "仏神寺",
        "operator": "京阪バス",
        "ref": "",
        "url": "",
        "url2": ""
      }
    },
    {
      "type": "Feature",
      "geometry": {
        "type": "Point",
        "coordinates": [
          135.8939278,
          34.9646676
        ]
      },
      "properties": {
        "内容": "バス停: 仏神寺 (京阪バス)",
        "name": "仏神寺",
        "operator": "京阪バス",
        "ref": "",
        "url": "",
        "url2": ""
      }
    },
    {
      "type": "Feature",
      "geometry": {
        "type": "Point",
        "coordinates": [
          135.8939808,
          34.9608221
        ]
      },
      "properties": {
        "内容": "バス停: 大津車庫 (京阪バス)",
        "name": "大津車庫",
        "operator": "京阪バス",
        "ref": "",
        "url": "",
        "url2": ""
      }
    },
    {
      "type": "Feature",
      "geometry": {
        "type": "Point",
        "coordinates": [
          135.8940178,
          34.959808
        ]
      },
      "properties": {
        "内容": "バス停: 大津車庫 (京阪バス)",
        "name": "大津車庫",
        "operator": "京阪バス",
        "ref": "",
        "url": "",
        "url2": ""
      }
    },
    {
      "type": "Feature",
      "geometry": {
        "type": "Point",
        "coordinates": [
          135.8954519,
          34.9568789
        ]
      },
      "properties": {
        "内容": "バス停: 南谷口 (京阪バス)",
        "name": "南谷口",
        "operator": "京阪バス",
        "ref": "",
        "url": "",
        "url2": ""
      }
    },
    {
      "type": "Feature",
      "geometry": {
        "type": "Point",
        "coordinates": [
          135.8954452,
          34.9570115
        ]
      },
      "properties": {
        "内容": "バス停: 南谷口 (京阪バス)",
        "name": "南谷口",
        "operator": "京阪バス",
        "ref": "",
        "url": "",
        "url2": ""
      }
    },
    {
      "type": "Feature",
      "geometry": {
        "type": "Point",
        "coordinates": [
          136.2265953,
          35.2630402
        ]
      },
      "properties": {
        "内容": "バス停: くすのきセンター前 (近江バス)",
        "name": "くすのきセンター前",
        "operator": "近江バス",
        "ref": "",
        "url": "",
        "url2": ""
      }
    },
    {
      "type": "Feature",
      "geometry": {
        "type": "Point",
        "coordinates": [
          135.9014154,
          34.9742595
        ]
      },
      "properties": {
        "内容": "バス停: 唐橋前 (京阪バス)",
        "name": "唐橋前",
        "operator": "京阪バス",
        "ref": "",
        "url": "",
        "url2": ""
      }
    },
    {
      "type": "Feature",
      "geometry": {
        "type": "Point",
        "coordinates": [
          135.9014964,
          34.9741911
        ]
      },
      "properties": {
        "内容": "バス停: 唐橋前 (京阪バス)",
        "name": "唐橋前",
        "operator": "京阪バス",
        "ref": "",
        "url": "",
        "url2": ""
      }
    },
    {
      "type": "Feature",
      "geometry": {
        "type": "Point",
        "coordinates": [
          135.8979676,
          34.974305
        ]
      },
      "properties": {
        "内容": "バス停: 宮ノ内 (京阪バス)",
        "name": "宮ノ内",
        "operator": "京阪バス",
        "ref": "",
        "url": "",
        "url2": ""
      }
    },
    {
      "type": "Feature",
      "geometry": {
        "type": "Point",
        "coordinates": [
          135.8951101,
          34.9701128
        ]
      },
      "properties": {
        "内容": "バス停: 石山高校前 (京阪バス)",
        "name": "石山高校前",
        "operator": "京阪バス",
        "ref": "",
        "url": "",
        "url2": ""
      }
    },
    {
      "type": "Feature",
      "geometry": {
        "type": "Point",
        "coordinates": [
          135.8950409,
          34.969984
        ]
      },
      "properties": {
        "内容": "バス停: 石山高校前 (京阪バス)",
        "name": "石山高校前",
        "operator": "京阪バス",
        "ref": "",
        "url": "",
        "url2": ""
      }
    },
    {
      "type": "Feature",
      "geometry": {
        "type": "Point",
        "coordinates": [
          135.8941477,
          34.9684532
        ]
      },
      "properties": {
        "内容": "バス停: 泉福寺 (京阪バス)",
        "name": "泉福寺",
        "operator": "京阪バス",
        "ref": "",
        "url": "",
        "url2": ""
      }
    },
    {
      "type": "Feature",
      "geometry": {
        "type": "Point",
        "coordinates": [
          135.8940389,
          34.9683843
        ]
      },
      "properties": {
        "内容": "バス停: 泉福寺 (京阪バス)",
        "name": "泉福寺",
        "operator": "京阪バス",
        "ref": "",
        "url": "",
        "url2": ""
      }
    },
    {
      "type": "Feature",
      "geometry": {
        "type": "Point",
        "coordinates": [
          135.8925453,
          34.9658025
        ]
      },
      "properties": {
        "内容": "バス停: 国分町 (京阪バス)",
        "name": "国分町",
        "operator": "京阪バス",
        "ref": "",
        "url": "",
        "url2": ""
      }
    },
    {
      "type": "Feature",
      "geometry": {
        "type": "Point",
        "coordinates": [
          135.8926315,
          34.9657268
        ]
      },
      "properties": {
        "内容": "バス停: 国分町 (京阪バス)",
        "name": "国分町",
        "operator": "京阪バス",
        "ref": "",
        "url": "",
        "url2": ""
      }
    },
    {
      "type": "Feature",
      "geometry": {
        "type": "Point",
        "coordinates": [
          135.8904127,
          34.9654442
        ]
      },
      "properties": {
        "内容": "バス停: 幻住庵 (京阪バス)",
        "name": "幻住庵",
        "operator": "京阪バス",
        "ref": "",
        "url": "",
        "url2": ""
      }
    },
    {
      "type": "Feature",
      "geometry": {
        "type": "Point",
        "coordinates": [
          135.8906662,
          34.9658337
        ]
      },
      "properties": {
        "内容": "バス停: 幻住庵 (京阪バス)",
        "name": "幻住庵",
        "operator": "京阪バス",
        "ref": "",
        "url": "",
        "url2": ""
      }
    },
    {
      "type": "Feature",
      "geometry": {
        "type": "Point",
        "coordinates": [
          135.8878837,
          34.9625708
        ]
      },
      "properties": {
        "内容": "バス停: 国分団地 (京阪バス)",
        "name": "国分団地",
        "operator": "京阪バス",
        "ref": "",
        "url": "",
        "url2": ""
      }
    },
    {
      "type": "Feature",
      "geometry": {
        "type": "Point",
        "coordinates": [
          135.8639406,
          35.0117432
        ]
      },
      "properties": {
        "内容": "バス停: びわこ浜大津 (京阪バス)",
        "name": "びわこ浜大津",
        "operator": "京阪バス",
        "ref": "",
        "url": "",
        "url2": ""
      }
    },
    {
      "type": "Feature",
      "geometry": {
        "type": "Point",
        "coordinates": [
          135.8640806,
          35.0117402
        ]
      },
      "properties": {
        "内容": "バス停: びわこ浜大津",
        "name": "びわこ浜大津",
        "operator": "事業者不明",
        "ref": "",
        "url": "",
        "url2": ""
      }
    },
    {
      "type": "Feature",
      "geometry": {
        "type": "Point",
        "coordinates": [
          135.8640878,
          35.0115059
        ]
      },
      "properties": {
        "内容": "バス停: びわこ浜大津",
        "name": "びわこ浜大津",
        "operator": "事業者不明",
        "ref": "",
        "url": "",
        "url2": ""
      }
    },
    {
      "type": "Feature",
      "geometry": {
        "type": "Point",
        "coordinates": [
          135.8683338,
          35.0051763
        ]
      },
      "properties": {
        "内容": "バス停: 県庁前",
        "name": "県庁前",
        "operator": "事業者不明",
        "ref": "",
        "url": "",
        "url2": ""
      }
    },
    {
      "type": "Feature",
      "geometry": {
        "type": "Point",
        "coordinates": [
          135.8692672,
          35.0048096
        ]
      },
      "properties": {
        "内容": "バス停: 県庁前",
        "name": "県庁前",
        "operator": "事業者不明",
        "ref": "",
        "url": "",
        "url2": ""
      }
    },
    {
      "type": "Feature",
      "geometry": {
        "type": "Point",
        "coordinates": [
          135.8703429,
          35.0045815
        ]
      },
      "properties": {
        "内容": "バス停: 松ヶ枝町",
        "name": "松ヶ枝町",
        "operator": "事業者不明",
        "ref": "",
        "url": "",
        "url2": ""
      }
    },
    {
      "type": "Feature",
      "geometry": {
        "type": "Point",
        "coordinates": [
          135.87091,
          35.0043624
        ]
      },
      "properties": {
        "内容": "バス停: 松ヶ枝町",
        "name": "松ヶ枝町",
        "operator": "事業者不明",
        "ref": "",
        "url": "",
        "url2": ""
      }
    },
    {
      "type": "Feature",
      "geometry": {
        "type": "Point",
        "coordinates": [
          135.874139,
          35.0063057
        ]
      },
      "properties": {
        "内容": "バス停: 商工会議所前 (京阪バス・近江鉄道)",
        "name": "商工会議所前",
        "operator": "京阪バス・近江鉄道",
        "ref": "",
        "url": "",
        "url2": ""
      }
    },
    {
      "type": "Feature",
      "geometry": {
        "type": "Point",
        "coordinates": [
          135.8746382,
          35.0057179
        ]
      },
      "properties": {
        "内容": "バス停: 商工会議所前 (京阪バス・近江鉄道)",
        "name": "商工会議所前",
        "operator": "京阪バス・近江鉄道",
        "ref": "",
        "url": "",
        "url2": ""
      }
    },
    {
      "type": "Feature",
      "geometry": {
        "type": "Point",
        "coordinates": [
          135.8787011,
          35.0042717
        ]
      },
      "properties": {
        "内容": "バス停: 大津署前 (京阪バス・近江鉄道)",
        "name": "大津署前",
        "operator": "京阪バス・近江鉄道",
        "ref": "",
        "url": "",
        "url2": ""
      }
    },
    {
      "type": "Feature",
      "geometry": {
        "type": "Point",
        "coordinates": [
          135.8792705,
          35.0039672
        ]
      },
      "properties": {
        "内容": "バス停: 大津署前 (京阪バス・近江鉄道)",
        "name": "大津署前",
        "operator": "京阪バス・近江鉄道",
        "ref": "",
        "url": "",
        "url2": ""
      }
    },
    {
      "type": "Feature",
      "geometry": {
        "type": "Point",
        "coordinates": [
          135.8818728,
          35.0037682
        ]
      },
      "properties": {
        "内容": "バス停: 義仲寺 (京阪バス・近江鉄道)",
        "name": "義仲寺",
        "operator": "京阪バス・近江鉄道",
        "ref": "",
        "url": "",
        "url2": ""
      }
    },
    {
      "type": "Feature",
      "geometry": {
        "type": "Point",
        "coordinates": [
          135.8819084,
          35.0035549
        ]
      },
      "properties": {
        "内容": "バス停: 義仲寺 (京阪バス・近江鉄道)",
        "name": "義仲寺",
        "operator": "京阪バス・近江鉄道",
        "ref": "",
        "url": "",
        "url2": ""
      }
    },
    {
      "type": "Feature",
      "geometry": {
        "type": "Point",
        "coordinates": [
          135.8838813,
          35.0029462
        ]
      },
      "properties": {
        "内容": "バス停: 馬場一丁目 (京阪バス・近江鉄道)",
        "name": "馬場一丁目",
        "operator": "京阪バス・近江鉄道",
        "ref": "",
        "url": "",
        "url2": ""
      }
    },
    {
      "type": "Feature",
      "geometry": {
        "type": "Point",
        "coordinates": [
          135.8843765,
          35.002538
        ]
      },
      "properties": {
        "内容": "バス停: 馬場一丁目 (京阪バス・近江鉄道)",
        "name": "馬場一丁目",
        "operator": "京阪バス・近江鉄道",
        "ref": "",
        "url": "",
        "url2": ""
      }
    },
    {
      "type": "Feature",
      "geometry": {
        "type": "Point",
        "coordinates": [
          135.8876158,
          35.0023317
        ]
      },
      "properties": {
        "内容": "バス停: 西ノ庄 (京阪バス・近江鉄道)",
        "name": "西ノ庄",
        "operator": "京阪バス・近江鉄道",
        "ref": "",
        "url": "",
        "url2": ""
      }
    },
    {
      "type": "Feature",
      "geometry": {
        "type": "Point",
        "coordinates": [
          135.8876824,
          35.002149
        ]
      },
      "properties": {
        "内容": "バス停: 西ノ庄 (京阪バス・近江鉄道)",
        "name": "西ノ庄",
        "operator": "京阪バス・近江鉄道",
        "ref": "",
        "url": "",
        "url2": ""
      }
    },
    {
      "type": "Feature",
      "geometry": {
        "type": "Point",
        "coordinates": [
          135.8908564,
          35.0015342
        ]
      },
      "properties": {
        "内容": "バス停: 木ノ下町 (京阪バス・近江鉄道)",
        "name": "木ノ下町",
        "operator": "京阪バス・近江鉄道",
        "ref": "",
        "url": "",
        "url2": ""
      }
    },
    {
      "type": "Feature",
      "geometry": {
        "type": "Point",
        "coordinates": [
          135.8910536,
          35.000878
        ]
      },
      "properties": {
        "内容": "バス停: 木ノ下町 (京阪バス・近江鉄道)",
        "name": "木ノ下町",
        "operator": "京阪バス・近江鉄道",
        "ref": "",
        "url": "",
        "url2": ""
      }
    },
    {
      "type": "Feature",
      "geometry": {
        "type": "Point",
        "coordinates": [
          135.8924842,
          34.9998149
        ]
      },
      "properties": {
        "内容": "バス停: 丸ノ内町 (京阪バス・近江鉄道)",
        "name": "丸ノ内町",
        "operator": "京阪バス・近江鉄道",
        "ref": "",
        "url": "",
        "url2": ""
      }
    },
    {
      "type": "Feature",
      "geometry": {
        "type": "Point",
        "coordinates": [
          135.8931809,
          34.9986466
        ]
      },
      "properties": {
        "内容": "バス停: 丸ノ内町 (京阪バス・近江鉄道)",
        "name": "丸ノ内町",
        "operator": "京阪バス・近江鉄道",
        "ref": "",
        "url": "",
        "url2": ""
      }
    },
    {
      "type": "Feature",
      "geometry": {
        "type": "Point",
        "coordinates": [
          135.8946135,
          34.9962033
        ]
      },
      "properties": {
        "内容": "バス停: 膳所公園 (京阪バス・近江鉄道)",
        "name": "膳所公園",
        "operator": "京阪バス・近江鉄道",
        "ref": "",
        "url": "",
        "url2": ""
      }
    },
    {
      "type": "Feature",
      "geometry": {
        "type": "Point",
        "coordinates": [
          135.8943092,
          34.9957983
        ]
      },
      "properties": {
        "内容": "バス停: 膳所公園 (京阪バス・近江鉄道)",
        "name": "膳所公園",
        "operator": "京阪バス・近江鉄道",
        "ref": "",
        "url": "",
        "url2": ""
      }
    },
    {
      "type": "Feature",
      "geometry": {
        "type": "Point",
        "coordinates": [
          135.8944983,
          34.9929374
        ]
      },
      "properties": {
        "内容": "バス停: 本丸町 (京阪バス・近江鉄道)",
        "name": "本丸町",
        "operator": "京阪バス・近江鉄道",
        "ref": "",
        "url": "",
        "url2": ""
      }
    },
    {
      "type": "Feature",
      "geometry": {
        "type": "Point",
        "coordinates": [
          135.8950596,
          34.9922332
        ]
      },
      "properties": {
        "内容": "バス停: 本丸町 (京阪バス・近江鉄道)",
        "name": "本丸町",
        "operator": "京阪バス・近江鉄道",
        "ref": "",
        "url": "",
        "url2": ""
      }
    },
    {
      "type": "Feature",
      "geometry": {
        "type": "Point",
        "coordinates": [
          135.896031,
          34.9903728
        ]
      },
      "properties": {
        "内容": "バス停: 中ノ庄 (京阪バス・近江鉄道)",
        "name": "中ノ庄",
        "operator": "京阪バス・近江鉄道",
        "ref": "",
        "url": "",
        "url2": ""
      }
    },
    {
      "type": "Feature",
      "geometry": {
        "type": "Point",
        "coordinates": [
          135.8963694,
          34.9900591
        ]
      },
      "properties": {
        "内容": "バス停: 中ノ庄 (京阪バス・近江鉄道)",
        "name": "中ノ庄",
        "operator": "京阪バス・近江鉄道",
        "ref": "",
        "url": "",
        "url2": ""
      }
    },
    {
      "type": "Feature",
      "geometry": {
        "type": "Point",
        "coordinates": [
          135.8942829,
          34.9811455
        ]
      },
      "properties": {
        "内容": "バス停: 東レ北門前",
        "name": "東レ北門前",
        "operator": "事業者不明",
        "ref": "",
        "url": "",
        "url2": ""
      }
    },
    {
      "type": "Feature",
      "geometry": {
        "type": "Point",
        "coordinates": [
          135.8943652,
          34.9812541
        ]
      },
      "properties": {
        "内容": "バス停: 東レ北門前",
        "name": "東レ北門前",
        "operator": "事業者不明",
        "ref": "",
        "url": "",
        "url2": ""
      }
    },
    {
      "type": "Feature",
      "geometry": {
        "type": "Point",
        "coordinates": [
          135.8885889,
          34.9850672
        ]
      },
      "properties": {
        "内容": "バス停: 上別保",
        "name": "上別保",
        "operator": "事業者不明",
        "ref": "",
        "url": "",
        "url2": ""
      }
    },
    {
      "type": "Feature",
      "geometry": {
        "type": "Point",
        "coordinates": [
          135.8888413,
          34.9848281
        ]
      },
      "properties": {
        "内容": "バス停: 上別保",
        "name": "上別保",
        "operator": "事業者不明",
        "ref": "",
        "url": "",
        "url2": ""
      }
    },
    {
      "type": "Feature",
      "geometry": {
        "type": "Point",
        "coordinates": [
          135.8883964,
          34.9861357
        ]
      },
      "properties": {
        "内容": "バス停: 滋賀病院前",
        "name": "滋賀病院前",
        "operator": "事業者不明",
        "ref": "",
        "url": "",
        "url2": ""
      }
    },
    {
      "type": "Feature",
      "geometry": {
        "type": "Point",
        "coordinates": [
          135.8879579,
          34.9869508
        ]
      },
      "properties": {
        "内容": "バス停: 滋賀病院前",
        "name": "滋賀病院前",
        "operator": "事業者不明",
        "ref": "",
        "url": "",
        "url2": ""
      }
    },
    {
      "type": "Feature",
      "geometry": {
        "type": "Point",
        "coordinates": [
          135.8870823,
          34.9895108
        ]
      },
      "properties": {
        "内容": "バス停: 雲雀ヶ丘",
        "name": "雲雀ヶ丘",
        "operator": "事業者不明",
        "ref": "",
        "url": "",
        "url2": ""
      }
    },
    {
      "type": "Feature",
      "geometry": {
        "type": "Point",
        "coordinates": [
          135.8874548,
          34.9888986
        ]
      },
      "properties": {
        "内容": "バス停: 雲雀ヶ丘",
        "name": "雲雀ヶ丘",
        "operator": "事業者不明",
        "ref": "",
        "url": "",
        "url2": ""
      }
    },
    {
      "type": "Feature",
      "geometry": {
        "type": "Point",
        "coordinates": [
          135.8846392,
          34.9939433
        ]
      },
      "properties": {
        "内容": "バス停: 湖城が丘",
        "name": "湖城が丘",
        "operator": "事業者不明",
        "ref": "",
        "url": "",
        "url2": ""
      }
    },
    {
      "type": "Feature",
      "geometry": {
        "type": "Point",
        "coordinates": [
          135.8843108,
          34.9941448
        ]
      },
      "properties": {
        "内容": "バス停: 湖城が丘",
        "name": "湖城が丘",
        "operator": "事業者不明",
        "ref": "",
        "url": "",
        "url2": ""
      }
    },
    {
      "type": "Feature",
      "geometry": {
        "type": "Point",
        "coordinates": [
          135.8787972,
          34.9993928
        ]
      },
      "properties": {
        "内容": "バス停: マツダ前",
        "name": "マツダ前",
        "operator": "事業者不明",
        "ref": "",
        "url": "",
        "url2": ""
      }
    },
    {
      "type": "Feature",
      "geometry": {
        "type": "Point",
        "coordinates": [
          135.8795869,
          34.9990493
        ]
      },
      "properties": {
        "内容": "バス停: マツダ前",
        "name": "マツダ前",
        "operator": "事業者不明",
        "ref": "",
        "url": "",
        "url2": ""
      }
    },
    {
      "type": "Feature",
      "geometry": {
        "type": "Point",
        "coordinates": [
          135.8762895,
          35.0006268
        ]
      },
      "properties": {
        "内容": "バス停: 大津市民病院",
        "name": "大津市民病院",
        "operator": "事業者不明",
        "ref": "",
        "url": "",
        "url2": ""
      }
    },
    {
      "type": "Feature",
      "geometry": {
        "type": "Point",
        "coordinates": [
          135.877166,
          35.0004644
        ]
      },
      "properties": {
        "内容": "バス停: 大津市民病院",
        "name": "大津市民病院",
        "operator": "事業者不明",
        "ref": "",
        "url": "",
        "url2": ""
      }
    },
    {
      "type": "Feature",
      "geometry": {
        "type": "Point",
        "coordinates": [
          135.8739096,
          35.0015363
        ]
      },
      "properties": {
        "内容": "バス停: 本宮町",
        "name": "本宮町",
        "operator": "事業者不明",
        "ref": "",
        "url": "",
        "url2": ""
      }
    },
    {
      "type": "Feature",
      "geometry": {
        "type": "Point",
        "coordinates": [
          135.874156,
          35.001338
        ]
      },
      "properties": {
        "内容": "バス停: 本宮町",
        "name": "本宮町",
        "operator": "事業者不明",
        "ref": "",
        "url": "",
        "url2": ""
      }
    },
    {
      "type": "Feature",
      "geometry": {
        "type": "Point",
        "coordinates": [
          135.8579894,
          35.013536
        ]
      },
      "properties": {
        "内容": "バス停: 大門 (京阪バス)",
        "name": "大門",
        "operator": "京阪バス",
        "ref": "",
        "url": "",
        "url2": ""
      }
    },
    {
      "type": "Feature",
      "geometry": {
        "type": "Point",
        "coordinates": [
          135.8577287,
          35.0135904
        ]
      },
      "properties": {
        "内容": "バス停: 大門 (京阪バス)",
        "name": "大門",
        "operator": "京阪バス",
        "ref": "",
        "url": "",
        "url2": ""
      }
    },
    {
      "type": "Feature",
      "geometry": {
        "type": "Point",
        "coordinates": [
          135.856056,
          35.0135363
        ]
      },
      "properties": {
        "内容": "バス停: 三井寺 (京阪バス)",
        "name": "三井寺",
        "operator": "京阪バス",
        "ref": "",
        "url": "",
        "url2": ""
      }
    },
    {
      "type": "Feature",
      "geometry": {
        "type": "Point",
        "coordinates": [
          135.8562352,
          35.0134643
        ]
      },
      "properties": {
        "内容": "バス停: 三井寺 (京阪バス)",
        "name": "三井寺",
        "operator": "京阪バス",
        "ref": "",
        "url": "",
        "url2": ""
      }
    },
    {
      "type": "Feature",
      "geometry": {
        "type": "Point",
        "coordinates": [
          135.855064,
          35.0215245
        ]
      },
      "properties": {
        "内容": "バス停: 山上町 (京阪バス)",
        "name": "山上町",
        "operator": "京阪バス",
        "ref": "",
        "url": "",
        "url2": ""
      }
    },
    {
      "type": "Feature",
      "geometry": {
        "type": "Point",
        "coordinates": [
          135.8552311,
          35.0216006
        ]
      },
      "properties": {
        "内容": "バス停: 山上町 (京阪バス)",
        "name": "山上町",
        "operator": "京阪バス",
        "ref": "",
        "url": "",
        "url2": ""
      }
    },
    {
      "type": "Feature",
      "geometry": {
        "type": "Point",
        "coordinates": [
          135.8549957,
          35.0261941
        ]
      },
      "properties": {
        "内容": "バス停: 皇子ヶ丘 (京阪バス)",
        "name": "皇子ヶ丘",
        "operator": "京阪バス",
        "ref": "",
        "url": "",
        "url2": ""
      }
    },
    {
      "type": "Feature",
      "geometry": {
        "type": "Point",
        "coordinates": [
          135.8550962,
          35.0261377
        ]
      },
      "properties": {
        "内容": "バス停: 皇子ヶ丘 (京阪バス)",
        "name": "皇子ヶ丘",
        "operator": "京阪バス",
        "ref": "",
        "url": "",
        "url2": ""
      }
    },
    {
      "type": "Feature",
      "geometry": {
        "type": "Point",
        "coordinates": [
          135.8548217,
          35.0273017
        ]
      },
      "properties": {
        "内容": "バス停: 錦織町 (京阪バス)",
        "name": "錦織町",
        "operator": "京阪バス",
        "ref": "",
        "url": "",
        "url2": ""
      }
    },
    {
      "type": "Feature",
      "geometry": {
        "type": "Point",
        "coordinates": [
          135.8547976,
          35.0283959
        ]
      },
      "properties": {
        "内容": "バス停: 錦織町 (京阪バス)",
        "name": "錦織町",
        "operator": "京阪バス",
        "ref": "",
        "url": "",
        "url2": ""
      }
    },
    {
      "type": "Feature",
      "geometry": {
        "type": "Point",
        "coordinates": [
          135.8306804,
          35.0320558
        ]
      },
      "properties": {
        "内容": "バス停: 三丁目東 (京阪バス)",
        "name": "三丁目東",
        "operator": "京阪バス",
        "ref": "",
        "url": "",
        "url2": ""
      }
    },
    {
      "type": "Feature",
      "geometry": {
        "type": "Point",
        "coordinates": [
          135.8207876,
          35.0401963
        ]
      },
      "properties": {
        "内容": "バス停: 山中町 (京阪バス)",
        "name": "山中町",
        "operator": "京阪バス",
        "ref": "",
        "url": "",
        "url2": ""
      }
    },
    {
      "type": "Feature",
      "geometry": {
        "type": "Point",
        "coordinates": [
          135.8345457,
          35.0284772
        ]
      },
      "properties": {
        "内容": "バス停: 一丁目南 (京阪バス)",
        "name": "一丁目南",
        "operator": "京阪バス",
        "ref": "",
        "url": "",
        "url2": ""
      }
    },
    {
      "type": "Feature",
      "geometry": {
        "type": "Point",
        "coordinates": [
          136.0104103,
          35.2927865
        ]
      },
      "properties": {
        "内容": "バス停: 近江高島駅 (江若交通)",
        "name": "近江高島駅",
        "operator": "江若交通",
        "ref": "",
        "url": "",
        "url2": ""
      }
    },
    {
      "type": "Feature",
      "geometry": {
        "type": "Point",
        "coordinates": [
          135.9273067,
          34.9157238
        ]
      },
      "properties": {
        "内容": "バス停: 名称不明バス停",
        "name": "名称不明バス停",
        "operator": "事業者不明",
        "ref": "",
        "url": "",
        "url2": ""
      }
    },
    {
      "type": "Feature",
      "geometry": {
        "type": "Point",
        "coordinates": [
          136.0353018,
          35.3553446
        ]
      },
      "properties": {
        "内容": "バス停: 新旭駅 (江若交通)",
        "name": "新旭駅",
        "operator": "江若交通",
        "ref": "",
        "url": "",
        "url2": ""
      }
    },
    {
      "type": "Feature",
      "geometry": {
        "type": "Point",
        "coordinates": [
          135.8344384,
          34.9981085
        ]
      },
      "properties": {
        "内容": "バス停: 藤尾・小金塚 (京阪バス)",
        "name": "藤尾・小金塚",
        "operator": "京阪バス",
        "ref": "",
        "url": "",
        "url2": ""
      }
    },
    {
      "type": "Feature",
      "geometry": {
        "type": "Point",
        "coordinates": [
          135.833946,
          34.9951746
        ]
      },
      "properties": {
        "内容": "バス停: 藤尾小学校 (京阪バス)",
        "name": "藤尾小学校",
        "operator": "京阪バス",
        "ref": "",
        "url": "",
        "url2": ""
      }
    },
    {
      "type": "Feature",
      "geometry": {
        "type": "Point",
        "coordinates": [
          135.8337508,
          34.9947406
        ]
      },
      "properties": {
        "内容": "バス停: 藤尾小学校 (京阪バス)",
        "name": "藤尾小学校",
        "operator": "京阪バス",
        "ref": "",
        "url": "",
        "url2": ""
      }
    },
    {
      "type": "Feature",
      "geometry": {
        "type": "Point",
        "coordinates": [
          135.8313374,
          34.9913704
        ]
      },
      "properties": {
        "内容": "バス停: 緑ヶ丘 (京阪バス)",
        "name": "緑ヶ丘",
        "operator": "京阪バス",
        "ref": "",
        "url": "",
        "url2": ""
      }
    },
    {
      "type": "Feature",
      "geometry": {
        "type": "Point",
        "coordinates": [
          135.9483302,
          34.9788438
        ]
      },
      "properties": {
        "内容": "バス停: びわ湖レストタウン",
        "name": "びわ湖レストタウン",
        "operator": "事業者不明",
        "ref": "",
        "url": "",
        "url2": ""
      }
    },
    {
      "type": "Feature",
      "geometry": {
        "type": "Point",
        "coordinates": [
          135.952354,
          34.9776008
        ]
      },
      "properties": {
        "内容": "バス停: 長寿社会福祉センター",
        "name": "長寿社会福祉センター",
        "operator": "事業者不明",
        "ref": "",
        "url": "",
        "url2": ""
      }
    },
    {
      "type": "Feature",
      "geometry": {
        "type": "Point",
        "coordinates": [
          135.9422067,
          34.9804614
        ]
      },
      "properties": {
        "内容": "バス停: カネボウベルパーク",
        "name": "カネボウベルパーク",
        "operator": "事業者不明",
        "ref": "",
        "url": "",
        "url2": ""
      }
    },
    {
      "type": "Feature",
      "geometry": {
        "type": "Point",
        "coordinates": [
          135.9426208,
          34.9802346
        ]
      },
      "properties": {
        "内容": "バス停: カネボウベルパーク",
        "name": "カネボウベルパーク",
        "operator": "事業者不明",
        "ref": "",
        "url": "",
        "url2": ""
      }
    },
    {
      "type": "Feature",
      "geometry": {
        "type": "Point",
        "coordinates": [
          135.9390446,
          34.9812591
        ]
      },
      "properties": {
        "内容": "バス停: 小松原",
        "name": "小松原",
        "operator": "事業者不明",
        "ref": "",
        "url": "",
        "url2": ""
      }
    },
    {
      "type": "Feature",
      "geometry": {
        "type": "Point",
        "coordinates": [
          135.9373462,
          34.9823878
        ]
      },
      "properties": {
        "内容": "バス停: バイパス一里山",
        "name": "バイパス一里山",
        "operator": "事業者不明",
        "ref": "",
        "url": "",
        "url2": ""
      }
    },
    {
      "type": "Feature",
      "geometry": {
        "type": "Point",
        "coordinates": [
          135.9354028,
          34.9834628
        ]
      },
      "properties": {
        "内容": "バス停: 一里山三丁目",
        "name": "一里山三丁目",
        "operator": "事業者不明",
        "ref": "",
        "url": "",
        "url2": ""
      }
    },
    {
      "type": "Feature",
      "geometry": {
        "type": "Point",
        "coordinates": [
          135.9338887,
          34.9846101
        ]
      },
      "properties": {
        "内容": "バス停: 山之神の池",
        "name": "山之神の池",
        "operator": "事業者不明",
        "ref": "",
        "url": "",
        "url2": ""
      }
    },
    {
      "type": "Feature",
      "geometry": {
        "type": "Point",
        "coordinates": [
          135.9311688,
          34.9857598
        ]
      },
      "properties": {
        "内容": "バス停: 葛原遊園地",
        "name": "葛原遊園地",
        "operator": "事業者不明",
        "ref": "",
        "url": "",
        "url2": ""
      }
    },
    {
      "type": "Feature",
      "geometry": {
        "type": "Point",
        "coordinates": [
          135.9337116,
          34.9875304
        ]
      },
      "properties": {
        "内容": "バス停: 月の輪二丁目",
        "name": "月の輪二丁目",
        "operator": "事業者不明",
        "ref": "",
        "url": "",
        "url2": ""
      }
    },
    {
      "type": "Feature",
      "geometry": {
        "type": "Point",
        "coordinates": [
          135.9318772,
          34.9877596
        ]
      },
      "properties": {
        "内容": "バス停: 月の輪",
        "name": "月の輪",
        "operator": "事業者不明",
        "ref": "",
        "url": "",
        "url2": ""
      }
    },
    {
      "type": "Feature",
      "geometry": {
        "type": "Point",
        "coordinates": [
          135.9319894,
          34.9886422
        ]
      },
      "properties": {
        "内容": "バス停: 月の輪",
        "name": "月の輪",
        "operator": "事業者不明",
        "ref": "",
        "url": "",
        "url2": ""
      }
    },
    {
      "type": "Feature",
      "geometry": {
        "type": "Point",
        "coordinates": [
          136.2962063,
          34.9285399
        ]
      },
      "properties": {
        "内容": "バス停: 田村神社 (甲賀市)",
        "name": "田村神社",
        "operator": "甲賀市",
        "ref": "",
        "url": "",
        "url2": ""
      }
    },
    {
      "type": "Feature",
      "geometry": {
        "type": "Point",
        "coordinates": [
          136.2961105,
          34.9282992
        ]
      },
      "properties": {
        "内容": "バス停: 田村神社 (甲賀市)",
        "name": "田村神社",
        "operator": "甲賀市",
        "ref": "",
        "url": "",
        "url2": ""
      }
    },
    {
      "type": "Feature",
      "geometry": {
        "type": "Point",
        "coordinates": [
          136.2070142,
          34.9577975
        ]
      },
      "properties": {
        "内容": "バス停: 県道今郷 (甲賀市)",
        "name": "県道今郷",
        "operator": "甲賀市",
        "ref": "",
        "url": "",
        "url2": ""
      }
    },
    {
      "type": "Feature",
      "geometry": {
        "type": "Point",
        "coordinates": [
          136.2067232,
          34.9576821
        ]
      },
      "properties": {
        "内容": "バス停: 県道今郷 (甲賀市)",
        "name": "県道今郷",
        "operator": "甲賀市",
        "ref": "",
        "url": "",
        "url2": ""
      }
    },
    {
      "type": "Feature",
      "geometry": {
        "type": "Point",
        "coordinates": [
          136.2212755,
          34.9539328
        ]
      },
      "properties": {
        "内容": "バス停: 大野今宿 (甲賀市)",
        "name": "大野今宿",
        "operator": "甲賀市",
        "ref": "",
        "url": "",
        "url2": ""
      }
    },
    {
      "type": "Feature",
      "geometry": {
        "type": "Point",
        "coordinates": [
          136.2206901,
          34.9539328
        ]
      },
      "properties": {
        "内容": "バス停: 大野今宿 (甲賀市)",
        "name": "大野今宿",
        "operator": "甲賀市",
        "ref": "",
        "url": "",
        "url2": ""
      }
    },
    {
      "type": "Feature",
      "geometry": {
        "type": "Point",
        "coordinates": [
          136.2305539,
          34.949802
        ]
      },
      "properties": {
        "内容": "バス停: 若王寺口 (甲賀市)",
        "name": "若王寺口",
        "operator": "甲賀市",
        "ref": "",
        "url": "",
        "url2": ""
      }
    },
    {
      "type": "Feature",
      "geometry": {
        "type": "Point",
        "coordinates": [
          136.2311447,
          34.949116
        ]
      },
      "properties": {
        "内容": "バス停: 若王寺口 (甲賀市)",
        "name": "若王寺口",
        "operator": "甲賀市",
        "ref": "",
        "url": "",
        "url2": ""
      }
    },
    {
      "type": "Feature",
      "geometry": {
        "type": "Point",
        "coordinates": [
          136.234366,
          34.9473627
        ]
      },
      "properties": {
        "内容": "バス停: 大野 (甲賀市)",
        "name": "大野",
        "operator": "甲賀市",
        "ref": "",
        "url": "",
        "url2": ""
      }
    },
    {
      "type": "Feature",
      "geometry": {
        "type": "Point",
        "coordinates": [
          136.2345752,
          34.9471626
        ]
      },
      "properties": {
        "内容": "バス停: 大野 (甲賀市)",
        "name": "大野",
        "operator": "甲賀市",
        "ref": "",
        "url": "",
        "url2": ""
      }
    },
    {
      "type": "Feature",
      "geometry": {
        "type": "Point",
        "coordinates": [
          136.2398605,
          34.9459578
        ]
      },
      "properties": {
        "内容": "バス停: 大野東口 (甲賀市)",
        "name": "大野東口",
        "operator": "甲賀市",
        "ref": "",
        "url": "",
        "url2": ""
      }
    },
    {
      "type": "Feature",
      "geometry": {
        "type": "Point",
        "coordinates": [
          136.2403943,
          34.9457446
        ]
      },
      "properties": {
        "内容": "バス停: 大野東口 (甲賀市)",
        "name": "大野東口",
        "operator": "甲賀市",
        "ref": "",
        "url": "",
        "url2": ""
      }
    },
    {
      "type": "Feature",
      "geometry": {
        "type": "Point",
        "coordinates": [
          136.2549989,
          34.9397752
        ]
      },
      "properties": {
        "内容": "バス停: 新前野 (甲賀市)",
        "name": "新前野",
        "operator": "甲賀市",
        "ref": "",
        "url": "",
        "url2": ""
      }
    },
    {
      "type": "Feature",
      "geometry": {
        "type": "Point",
        "coordinates": [
          136.2550244,
          34.9398928
        ]
      },
      "properties": {
        "内容": "バス停: 新前野 (甲賀市)",
        "name": "新前野",
        "operator": "甲賀市",
        "ref": "",
        "url": "",
        "url2": ""
      }
    },
    {
      "type": "Feature",
      "geometry": {
        "type": "Point",
        "coordinates": [
          136.2662139,
          34.9380409
        ]
      },
      "properties": {
        "内容": "バス停: 白川橋 (甲賀市)",
        "name": "白川橋",
        "operator": "甲賀市",
        "ref": "",
        "url": "",
        "url2": ""
      }
    },
    {
      "type": "Feature",
      "geometry": {
        "type": "Point",
        "coordinates": [
          136.276309,
          34.9385615
        ]
      },
      "properties": {
        "内容": "バス停: 土山西口 (甲賀市)",
        "name": "土山西口",
        "operator": "甲賀市",
        "ref": "",
        "url": "",
        "url2": ""
      }
    },
    {
      "type": "Feature",
      "geometry": {
        "type": "Point",
        "coordinates": [
          136.2756861,
          34.9385867
        ]
      },
      "properties": {
        "内容": "バス停: 土山西口 (甲賀市)",
        "name": "土山西口",
        "operator": "甲賀市",
        "ref": "",
        "url": "",
        "url2": ""
      }
    },
    {
      "type": "Feature",
      "geometry": {
        "type": "Point",
        "coordinates": [
          136.28415,
          34.9364827
        ]
      },
      "properties": {
        "内容": "バス停: 近江土山 (甲賀市)",
        "name": "近江土山",
        "operator": "甲賀市",
        "ref": "",
        "url": "",
        "url2": ""
      }
    },
    {
      "type": "Feature",
      "geometry": {
        "type": "Point",
        "coordinates": [
          136.1781402,
          34.9698387
        ]
      },
      "properties": {
        "内容": "バス停: 新水口 (甲賀市)",
        "name": "新水口",
        "operator": "甲賀市",
        "ref": "",
        "url": "",
        "url2": ""
      }
    },
    {
      "type": "Feature",
      "geometry": {
        "type": "Point",
        "coordinates": [
          136.1778492,
          34.9702827
        ]
      },
      "properties": {
        "内容": "バス停: 新水口 (甲賀市)",
        "name": "新水口",
        "operator": "甲賀市",
        "ref": "",
        "url": "",
        "url2": ""
      }
    },
    {
      "type": "Feature",
      "geometry": {
        "type": "Point",
        "coordinates": [
          136.1884654,
          34.9638348
        ]
      },
      "properties": {
        "内容": "バス停: 立場山 (甲賀市)",
        "name": "立場山",
        "operator": "甲賀市",
        "ref": "",
        "url": "",
        "url2": ""
      }
    },
    {
      "type": "Feature",
      "geometry": {
        "type": "Point",
        "coordinates": [
          136.1894524,
          34.9634281
        ]
      },
      "properties": {
        "内容": "バス停: 立場山 (甲賀市)",
        "name": "立場山",
        "operator": "甲賀市",
        "ref": "",
        "url": "",
        "url2": ""
      }
    },
    {
      "type": "Feature",
      "geometry": {
        "type": "Point",
        "coordinates": [
          136.194963,
          34.9597979
        ]
      },
      "properties": {
        "内容": "バス停: 県道新城 (甲賀市)",
        "name": "県道新城",
        "operator": "甲賀市",
        "ref": "",
        "url": "",
        "url2": ""
      }
    },
    {
      "type": "Feature",
      "geometry": {
        "type": "Point",
        "coordinates": [
          136.1950542,
          34.9598858
        ]
      },
      "properties": {
        "内容": "バス停: 県道新城 (甲賀市)",
        "name": "県道新城",
        "operator": "甲賀市",
        "ref": "",
        "url": "",
        "url2": ""
      }
    },
    {
      "type": "Feature",
      "geometry": {
        "type": "Point",
        "coordinates": [
          136.198991,
          34.9578549
        ]
      },
      "properties": {
        "内容": "バス停: 県道岩上 (甲賀市)",
        "name": "県道岩上",
        "operator": "甲賀市",
        "ref": "",
        "url": "",
        "url2": ""
      }
    },
    {
      "type": "Feature",
      "geometry": {
        "type": "Point",
        "coordinates": [
          136.1988884,
          34.9580294
        ]
      },
      "properties": {
        "内容": "バス停: 県道岩上 (甲賀市)",
        "name": "県道岩上",
        "operator": "甲賀市",
        "ref": "",
        "url": "",
        "url2": ""
      }
    },
    {
      "type": "Feature",
      "geometry": {
        "type": "Point",
        "coordinates": [
          136.0827877,
          35.0007723
        ]
      },
      "properties": {
        "内容": "バス停: 名称不明バス停",
        "name": "名称不明バス停",
        "operator": "事業者不明",
        "ref": "",
        "url": "",
        "url2": ""
      }
    },
    {
      "type": "Feature",
      "geometry": {
        "type": "Point",
        "coordinates": [
          136.1682764,
          34.9650426
        ]
      },
      "properties": {
        "内容": "バス停: JAこうか (シガ・エージェントシステム)",
        "name": "JAこうか",
        "operator": "シガ・エージェントシステム",
        "ref": "",
        "url": "",
        "url2": ""
      }
    },
    {
      "type": "Feature",
      "geometry": {
        "type": "Point",
        "coordinates": [
          136.2662119,
          34.937915
        ]
      },
      "properties": {
        "内容": "バス停: 白川橋 (甲賀市)",
        "name": "白川橋",
        "operator": "甲賀市",
        "ref": "",
        "url": "",
        "url2": ""
      }
    },
    {
      "type": "Feature",
      "geometry": {
        "type": "Point",
        "coordinates": [
          136.2601541,
          34.9390243
        ]
      },
      "properties": {
        "内容": "バス停: 東前野 (甲賀市)",
        "name": "東前野",
        "operator": "甲賀市",
        "ref": "",
        "url": "",
        "url2": ""
      }
    },
    {
      "type": "Feature",
      "geometry": {
        "type": "Point",
        "coordinates": [
          136.2606275,
          34.9388209
        ]
      },
      "properties": {
        "内容": "バス停: 東前野 (甲賀市)",
        "name": "東前野",
        "operator": "甲賀市",
        "ref": "",
        "url": "",
        "url2": ""
      }
    },
    {
      "type": "Feature",
      "geometry": {
        "type": "Point",
        "coordinates": [
          136.2512995,
          34.9408267
        ]
      },
      "properties": {
        "内容": "バス停: 市場口 (甲賀市)",
        "name": "市場口",
        "operator": "甲賀市",
        "ref": "",
        "url": "",
        "url2": ""
      }
    },
    {
      "type": "Feature",
      "geometry": {
        "type": "Point",
        "coordinates": [
          136.2480392,
          34.9427918
        ]
      },
      "properties": {
        "内容": "バス停: 市場 (甲賀市)",
        "name": "市場",
        "operator": "甲賀市",
        "ref": "",
        "url": "",
        "url2": ""
      }
    },
    {
      "type": "Feature",
      "geometry": {
        "type": "Point",
        "coordinates": [
          136.2478521,
          34.9427445
        ]
      },
      "properties": {
        "内容": "バス停: 市場 (甲賀市)",
        "name": "市場",
        "operator": "甲賀市",
        "ref": "",
        "url": "",
        "url2": ""
      }
    },
    {
      "type": "Feature",
      "geometry": {
        "type": "Point",
        "coordinates": [
          135.9887713,
          35.0282337
        ]
      },
      "properties": {
        "内容": "バス停: 下鈎口 (帝産湖南交通)",
        "name": "下鈎口",
        "operator": "帝産湖南交通",
        "ref": "",
        "url": "",
        "url2": ""
      }
    },
    {
      "type": "Feature",
      "geometry": {
        "type": "Point",
        "coordinates": [
          135.9887642,
          35.0282284
        ]
      },
      "properties": {
        "内容": "バス停: 下鈎口 (栗東市交通政策課)",
        "name": "下鈎口",
        "operator": "栗東市交通政策課",
        "ref": "15",
        "url": "",
        "url2": ""
      }
    },
    {
      "type": "Feature",
      "geometry": {
        "type": "Point",
        "coordinates": [
          135.9900044,
          35.0288492
        ]
      },
      "properties": {
        "内容": "バス停: 下鈎口 (栗東市交通政策課)",
        "name": "下鈎口",
        "operator": "栗東市交通政策課",
        "ref": "15",
        "url": "",
        "url2": ""
      }
    },
    {
      "type": "Feature",
      "geometry": {
        "type": "Point",
        "coordinates": [
          135.9897893,
          35.028126
        ]
      },
      "properties": {
        "内容": "バス停: 下鈎口 (帝産湖南交通)",
        "name": "下鈎口",
        "operator": "帝産湖南交通",
        "ref": "",
        "url": "",
        "url2": ""
      }
    },
    {
      "type": "Feature",
      "geometry": {
        "type": "Point",
        "coordinates": [
          136.0246307,
          35.0666669
        ]
      },
      "properties": {
        "内容": "バス停: 野洲市役所前",
        "name": "野洲市役所前",
        "operator": "事業者不明",
        "ref": "",
        "url": "",
        "url2": ""
      }
    },
    {
      "type": "Feature",
      "geometry": {
        "type": "Point",
        "coordinates": [
          135.9111276,
          34.9728248
        ]
      },
      "properties": {
        "内容": "バス停: 建部大社 (帝産湖南交通)",
        "name": "建部大社",
        "operator": "帝産湖南交通",
        "ref": "",
        "url": "",
        "url2": ""
      }
    },
    {
      "type": "Feature",
      "geometry": {
        "type": "Point",
        "coordinates": [
          135.9107836,
          34.9729559
        ]
      },
      "properties": {
        "内容": "バス停: 建部大社 (帝産湖南交通)",
        "name": "建部大社",
        "operator": "帝産湖南交通",
        "ref": "",
        "url": "",
        "url2": ""
      }
    },
    {
      "type": "Feature",
      "geometry": {
        "type": "Point",
        "coordinates": [
          135.8765801,
          34.9999364
        ]
      },
      "properties": {
        "内容": "バス停: 大津市民病院玄関前 (近江鉄道)",
        "name": "大津市民病院玄関前",
        "operator": "近江鉄道",
        "ref": "",
        "url": "",
        "url2": ""
      }
    },
    {
      "type": "Feature",
      "geometry": {
        "type": "Point",
        "coordinates": [
          135.8800366,
          34.998077
        ]
      },
      "properties": {
        "内容": "バス停: 竜が丘 (近江鉄道)",
        "name": "竜が丘",
        "operator": "近江鉄道",
        "ref": "",
        "url": "",
        "url2": ""
      }
    },
    {
      "type": "Feature",
      "geometry": {
        "type": "Point",
        "coordinates": [
          135.8761804,
          34.9947435
        ]
      },
      "properties": {
        "内容": "バス停: 山の手団地 (近江鉄道)",
        "name": "山の手団地",
        "operator": "近江鉄道",
        "ref": "",
        "url": "",
        "url2": ""
      }
    },
    {
      "type": "Feature",
      "geometry": {
        "type": "Point",
        "coordinates": [
          135.8763429,
          34.9948364
        ]
      },
      "properties": {
        "内容": "バス停: 山の手団地 (近江鉄道)",
        "name": "山の手団地",
        "operator": "近江鉄道",
        "ref": "",
        "url": "",
        "url2": ""
      }
    },
    {
      "type": "Feature",
      "geometry": {
        "type": "Point",
        "coordinates": [
          135.8745897,
          34.9930049
        ]
      },
      "properties": {
        "内容": "バス停: 鶴の里橋 (近江鉄道)",
        "name": "鶴の里橋",
        "operator": "近江鉄道",
        "ref": "",
        "url": "",
        "url2": ""
      }
    },
    {
      "type": "Feature",
      "geometry": {
        "type": "Point",
        "coordinates": [
          135.8744951,
          34.9927713
        ]
      },
      "properties": {
        "内容": "バス停: 鶴の里橋 (近江鉄道)",
        "name": "鶴の里橋",
        "operator": "近江鉄道",
        "ref": "",
        "url": "",
        "url2": ""
      }
    },
    {
      "type": "Feature",
      "geometry": {
        "type": "Point",
        "coordinates": [
          135.8720628,
          34.9922911
        ]
      },
      "properties": {
        "内容": "バス停: 鶴の里団地 (近江鉄道)",
        "name": "鶴の里団地",
        "operator": "近江鉄道",
        "ref": "",
        "url": "",
        "url2": ""
      }
    },
    {
      "type": "Feature",
      "geometry": {
        "type": "Point",
        "coordinates": [
          135.871916,
          34.9898647
        ]
      },
      "properties": {
        "内容": "バス停: 花屋敷池の里北 (近江鉄道)",
        "name": "花屋敷池の里北",
        "operator": "近江鉄道",
        "ref": "",
        "url": "",
        "url2": ""
      }
    },
    {
      "type": "Feature",
      "geometry": {
        "type": "Point",
        "coordinates": [
          135.871765,
          34.9898134
        ]
      },
      "properties": {
        "内容": "バス停: 花屋敷池の里北 (近江鉄道)",
        "name": "花屋敷池の里北",
        "operator": "近江鉄道",
        "ref": "",
        "url": "",
        "url2": ""
      }
    },
    {
      "type": "Feature",
      "geometry": {
        "type": "Point",
        "coordinates": [
          135.8741884,
          34.9894424
        ]
      },
      "properties": {
        "内容": "バス停: 花屋敷池の里南 (近江鉄道)",
        "name": "花屋敷池の里南",
        "operator": "近江鉄道",
        "ref": "",
        "url": "",
        "url2": ""
      }
    },
    {
      "type": "Feature",
      "geometry": {
        "type": "Point",
        "coordinates": [
          135.8742471,
          34.9892856
        ]
      },
      "properties": {
        "内容": "バス停: 花屋敷池の里南 (近江鉄道)",
        "name": "花屋敷池の里南",
        "operator": "近江鉄道",
        "ref": "",
        "url": "",
        "url2": ""
      }
    },
    {
      "type": "Feature",
      "geometry": {
        "type": "Point",
        "coordinates": [
          135.8758518,
          34.9919048
        ]
      },
      "properties": {
        "内容": "バス停: 鶴の里東 (近江鉄道)",
        "name": "鶴の里東",
        "operator": "近江鉄道",
        "ref": "",
        "url": "",
        "url2": ""
      }
    },
    {
      "type": "Feature",
      "geometry": {
        "type": "Point",
        "coordinates": [
          135.8758433,
          34.9922386
        ]
      },
      "properties": {
        "内容": "バス停: 鶴の里東 (近江鉄道)",
        "name": "鶴の里東",
        "operator": "近江鉄道",
        "ref": "",
        "url": "",
        "url2": ""
      }
    },
    {
      "type": "Feature",
      "geometry": {
        "type": "Point",
        "coordinates": [
          135.8849231,
          34.9859953
        ]
      },
      "properties": {
        "内容": "バス停: 滋賀病院玄関前 (近江鉄道)",
        "name": "滋賀病院玄関前",
        "operator": "近江鉄道",
        "ref": "",
        "url": "",
        "url2": ""
      }
    },
    {
      "type": "Feature",
      "geometry": {
        "type": "Point",
        "coordinates": [
          136.1745509,
          34.9666372
        ]
      },
      "properties": {
        "内容": "バス停: 南町一丁目 (甲賀市)",
        "name": "南町一丁目",
        "operator": "甲賀市",
        "ref": "",
        "url": "",
        "url2": ""
      }
    },
    {
      "type": "Feature",
      "geometry": {
        "type": "Point",
        "coordinates": [
          136.1699191,
          34.96438
        ]
      },
      "properties": {
        "内容": "バス停: アヤハプラザ (甲賀市)",
        "name": "アヤハプラザ",
        "operator": "甲賀市",
        "ref": "",
        "url": "",
        "url2": ""
      }
    },
    {
      "type": "Feature",
      "geometry": {
        "type": "Point",
        "coordinates": [
          136.1700023,
          34.9643833
        ]
      },
      "properties": {
        "内容": "バス停: アヤハプラザ (甲賀市)",
        "name": "アヤハプラザ",
        "operator": "甲賀市",
        "ref": "",
        "url": "",
        "url2": ""
      }
    },
    {
      "type": "Feature",
      "geometry": {
        "type": "Point",
        "coordinates": [
          136.1671981,
          34.9771214
        ]
      },
      "properties": {
        "内容": "バス停: 名坂日電前 (甲賀市コミュニティバス)",
        "name": "名坂日電前",
        "operator": "甲賀市コミュニティバス",
        "ref": "",
        "url": "",
        "url2": ""
      }
    },
    {
      "type": "Feature",
      "geometry": {
        "type": "Point",
        "coordinates": [
          136.1675542,
          34.9771331
        ]
      },
      "properties": {
        "内容": "バス停: 名坂日電前 (甲賀市コミュニティバス)",
        "name": "名坂日電前",
        "operator": "甲賀市コミュニティバス",
        "ref": "",
        "url": "",
        "url2": ""
      }
    },
    {
      "type": "Feature",
      "geometry": {
        "type": "Point",
        "coordinates": [
          136.1670609,
          34.9823024
        ]
      },
      "properties": {
        "内容": "バス停: 西名坂 (甲賀市コミュニティバス)",
        "name": "西名坂",
        "operator": "甲賀市コミュニティバス",
        "ref": "",
        "url": "",
        "url2": ""
      }
    },
    {
      "type": "Feature",
      "geometry": {
        "type": "Point",
        "coordinates": [
          136.1673151,
          34.9821889
        ]
      },
      "properties": {
        "内容": "バス停: 西名坂 (甲賀市コミュニティバス)",
        "name": "西名坂",
        "operator": "甲賀市コミュニティバス",
        "ref": "",
        "url": "",
        "url2": ""
      }
    },
    {
      "type": "Feature",
      "geometry": {
        "type": "Point",
        "coordinates": [
          136.1712335,
          34.9814725
        ]
      },
      "properties": {
        "内容": "バス停: 大池寺 (甲賀市コミュニティバス)",
        "name": "大池寺",
        "operator": "甲賀市コミュニティバス",
        "ref": "",
        "url": "",
        "url2": ""
      }
    },
    {
      "type": "Feature",
      "geometry": {
        "type": "Point",
        "coordinates": [
          136.1714719,
          34.9814796
        ]
      },
      "properties": {
        "内容": "バス停: 大池寺 (甲賀市コミュニティバス)",
        "name": "大池寺",
        "operator": "甲賀市コミュニティバス",
        "ref": "",
        "url": "",
        "url2": ""
      }
    },
    {
      "type": "Feature",
      "geometry": {
        "type": "Point",
        "coordinates": [
          136.1699956,
          34.9799186
        ]
      },
      "properties": {
        "内容": "バス停: 東名坂 (甲賀市コミュニティバス)",
        "name": "東名坂",
        "operator": "甲賀市コミュニティバス",
        "ref": "",
        "url": "",
        "url2": ""
      }
    },
    {
      "type": "Feature",
      "geometry": {
        "type": "Point",
        "coordinates": [
          136.1700168,
          34.9798447
        ]
      },
      "properties": {
        "内容": "バス停: 東名坂 (甲賀市コミュニティバス)",
        "name": "東名坂",
        "operator": "甲賀市コミュニティバス",
        "ref": "",
        "url": "",
        "url2": ""
      }
    },
    {
      "type": "Feature",
      "geometry": {
        "type": "Point",
        "coordinates": [
          136.1674753,
          34.9839191
        ]
      },
      "properties": {
        "内容": "バス停: 堂山 (甲賀市コミュニティバス)",
        "name": "堂山",
        "operator": "甲賀市コミュニティバス",
        "ref": "",
        "url": "",
        "url2": ""
      }
    },
    {
      "type": "Feature",
      "geometry": {
        "type": "Point",
        "coordinates": [
          136.1672005,
          34.9831897
        ]
      },
      "properties": {
        "内容": "バス停: 堂山 (甲賀市コミュニティバス)",
        "name": "堂山",
        "operator": "甲賀市コミュニティバス",
        "ref": "",
        "url": "",
        "url2": ""
      }
    },
    {
      "type": "Feature",
      "geometry": {
        "type": "Point",
        "coordinates": [
          136.1316324,
          34.9851722
        ]
      },
      "properties": {
        "内容": "バス停: 積水化学前 (甲賀市)",
        "name": "積水化学前",
        "operator": "甲賀市",
        "ref": "",
        "url": "",
        "url2": ""
      }
    },
    {
      "type": "Feature",
      "geometry": {
        "type": "Point",
        "coordinates": [
          136.1314377,
          34.9849247
        ]
      },
      "properties": {
        "内容": "バス停: 積水化学前 (甲賀市)",
        "name": "積水化学前",
        "operator": "甲賀市",
        "ref": "",
        "url": "",
        "url2": ""
      }
    },
    {
      "type": "Feature",
      "geometry": {
        "type": "Point",
        "coordinates": [
          136.1210484,
          34.9858645
        ]
      },
      "properties": {
        "内容": "バス停: TOTO前 (甲賀市)",
        "name": "TOTO前",
        "operator": "甲賀市",
        "ref": "",
        "url": "",
        "url2": ""
      }
    },
    {
      "type": "Feature",
      "geometry": {
        "type": "Point",
        "coordinates": [
          136.1335618,
          34.9821611
        ]
      },
      "properties": {
        "内容": "バス停: 泉口 (甲賀市)",
        "name": "泉口",
        "operator": "甲賀市",
        "ref": "",
        "url": "",
        "url2": ""
      }
    },
    {
      "type": "Feature",
      "geometry": {
        "type": "Point",
        "coordinates": [
          136.1336191,
          34.9822146
        ]
      },
      "properties": {
        "内容": "バス停: 泉口 (甲賀市)",
        "name": "泉口",
        "operator": "甲賀市",
        "ref": "",
        "url": "",
        "url2": ""
      }
    },
    {
      "type": "Feature",
      "geometry": {
        "type": "Point",
        "coordinates": [
          136.135427,
          34.9817905
        ]
      },
      "properties": {
        "内容": "バス停: 泉 (甲賀市)",
        "name": "泉",
        "operator": "甲賀市",
        "ref": "",
        "url": "",
        "url2": ""
      }
    },
    {
      "type": "Feature",
      "geometry": {
        "type": "Point",
        "coordinates": [
          136.1352519,
          34.9817618
        ]
      },
      "properties": {
        "内容": "バス停: 泉 (甲賀市)",
        "name": "泉",
        "operator": "甲賀市",
        "ref": "",
        "url": "",
        "url2": ""
      }
    },
    {
      "type": "Feature",
      "geometry": {
        "type": "Point",
        "coordinates": [
          136.1383727,
          34.9809864
        ]
      },
      "properties": {
        "内容": "バス停: 酒人口 (甲賀市)",
        "name": "酒人口",
        "operator": "甲賀市",
        "ref": "",
        "url": "",
        "url2": ""
      }
    },
    {
      "type": "Feature",
      "geometry": {
        "type": "Point",
        "coordinates": [
          136.1387122,
          34.9809331
        ]
      },
      "properties": {
        "内容": "バス停: 酒人口 (甲賀市)",
        "name": "酒人口",
        "operator": "甲賀市",
        "ref": "",
        "url": "",
        "url2": ""
      }
    },
    {
      "type": "Feature",
      "geometry": {
        "type": "Point",
        "coordinates": [
          136.1417774,
          34.979944
        ]
      },
      "properties": {
        "内容": "バス停: 大法寺 (甲賀市)",
        "name": "大法寺",
        "operator": "甲賀市",
        "ref": "",
        "url": "",
        "url2": ""
      }
    },
    {
      "type": "Feature",
      "geometry": {
        "type": "Point",
        "coordinates": [
          136.1419293,
          34.9798011
        ]
      },
      "properties": {
        "内容": "バス停: 大法寺 (甲賀市)",
        "name": "大法寺",
        "operator": "甲賀市",
        "ref": "",
        "url": "",
        "url2": ""
      }
    },
    {
      "type": "Feature",
      "geometry": {
        "type": "Point",
        "coordinates": [
          136.1468492,
          34.9782466
        ]
      },
      "properties": {
        "内容": "バス停: 柏木公民館 (甲賀市)",
        "name": "柏木公民館",
        "operator": "甲賀市",
        "ref": "",
        "url": "",
        "url2": ""
      }
    },
    {
      "type": "Feature",
      "geometry": {
        "type": "Point",
        "coordinates": [
          136.1471144,
          34.978239
        ]
      },
      "properties": {
        "内容": "バス停: 柏木公民館 (甲賀市)",
        "name": "柏木公民館",
        "operator": "甲賀市",
        "ref": "",
        "url": "",
        "url2": ""
      }
    },
    {
      "type": "Feature",
      "geometry": {
        "type": "Point",
        "coordinates": [
          136.1510406,
          34.9769244
        ]
      },
      "properties": {
        "内容": "バス停: 北脇 (甲賀市)",
        "name": "北脇",
        "operator": "甲賀市",
        "ref": "",
        "url": "",
        "url2": ""
      }
    },
    {
      "type": "Feature",
      "geometry": {
        "type": "Point",
        "coordinates": [
          136.154984,
          34.9756373
        ]
      },
      "properties": {
        "内容": "バス停: 旧道東出口 (甲賀市)",
        "name": "旧道東出口",
        "operator": "甲賀市",
        "ref": "",
        "url": "",
        "url2": ""
      }
    },
    {
      "type": "Feature",
      "geometry": {
        "type": "Point",
        "coordinates": [
          136.1624678,
          34.9731581
        ]
      },
      "properties": {
        "内容": "バス停: 田中道 (甲賀市)",
        "name": "田中道",
        "operator": "甲賀市",
        "ref": "",
        "url": "",
        "url2": ""
      }
    },
    {
      "type": "Feature",
      "geometry": {
        "type": "Point",
        "coordinates": [
          136.1624966,
          34.9730808
        ]
      },
      "properties": {
        "内容": "バス停: 田中道 (甲賀市)",
        "name": "田中道",
        "operator": "甲賀市",
        "ref": "",
        "url": "",
        "url2": ""
      }
    },
    {
      "type": "Feature",
      "geometry": {
        "type": "Point",
        "coordinates": [
          135.9416468,
          34.965166
        ]
      },
      "properties": {
        "内容": "バス停: 龍谷大学",
        "name": "龍谷大学",
        "operator": "事業者不明",
        "ref": "",
        "url": "",
        "url2": ""
      }
    },
    {
      "type": "Feature",
      "geometry": {
        "type": "Point",
        "coordinates": [
          135.9359624,
          34.9724572
        ]
      },
      "properties": {
        "内容": "バス停: 瀬田公園",
        "name": "瀬田公園",
        "operator": "事業者不明",
        "ref": "",
        "url": "",
        "url2": ""
      }
    },
    {
      "type": "Feature",
      "geometry": {
        "type": "Point",
        "coordinates": [
          135.9357646,
          34.9732147
        ]
      },
      "properties": {
        "内容": "バス停: 瀬田公園",
        "name": "瀬田公園",
        "operator": "事業者不明",
        "ref": "",
        "url": "",
        "url2": ""
      }
    },
    {
      "type": "Feature",
      "geometry": {
        "type": "Point",
        "coordinates": [
          136.1402553,
          35.5539002
        ]
      },
      "properties": {
        "内容": "バス停: 下沓掛",
        "name": "下沓掛",
        "operator": "事業者不明",
        "ref": "",
        "url": "",
        "url2": ""
      }
    },
    {
      "type": "Feature",
      "geometry": {
        "type": "Point",
        "coordinates": [
          135.8932714,
          34.9602702
        ]
      },
      "properties": {
        "内容": "バス停: 大津車庫 (京阪バス)",
        "name": "大津車庫",
        "operator": "京阪バス",
        "ref": "",
        "url": "",
        "url2": ""
      }
    },
    {
      "type": "Feature",
      "geometry": {
        "type": "Point",
        "coordinates": [
          136.0305219,
          35.3084523
        ]
      },
      "properties": {
        "内容": "バス停: 三ツ矢 (大津第一交通)",
        "name": "三ツ矢",
        "operator": "大津第一交通",
        "ref": "",
        "url": "",
        "url2": ""
      }
    },
    {
      "type": "Feature",
      "geometry": {
        "type": "Point",
        "coordinates": [
          136.0151074,
          35.3038938
        ]
      },
      "properties": {
        "内容": "バス停: 青冷寺",
        "name": "青冷寺",
        "operator": "事業者不明",
        "ref": "",
        "url": "",
        "url2": ""
      }
    },
    {
      "type": "Feature",
      "geometry": {
        "type": "Point",
        "coordinates": [
          136.0435887,
          35.0749417
        ]
      },
      "properties": {
        "内容": "バス停: 辻町",
        "name": "辻町",
        "operator": "事業者不明",
        "ref": "",
        "url": "",
        "url2": ""
      }
    },
    {
      "type": "Feature",
      "geometry": {
        "type": "Point",
        "coordinates": [
          136.0829635,
          35.481738
        ]
      },
      "properties": {
        "内容": "バス停: 道の駅マキノ追坂峠",
        "name": "道の駅マキノ追坂峠",
        "operator": "事業者不明",
        "ref": "",
        "url": "",
        "url2": ""
      }
    },
    {
      "type": "Feature",
      "geometry": {
        "type": "Point",
        "coordinates": [
          136.096179,
          35.094286
        ]
      },
      "properties": {
        "内容": "バス停: 竜王口",
        "name": "竜王口",
        "operator": "事業者不明",
        "ref": "",
        "url": "",
        "url2": ""
      }
    },
    {
      "type": "Feature",
      "geometry": {
        "type": "Point",
        "coordinates": [
          136.0953428,
          35.093936
        ]
      },
      "properties": {
        "内容": "バス停: 竜王口",
        "name": "竜王口",
        "operator": "事業者不明",
        "ref": "",
        "url": "",
        "url2": ""
      }
    },
    {
      "type": "Feature",
      "geometry": {
        "type": "Point",
        "coordinates": [
          136.0953953,
          35.093268
        ]
      },
      "properties": {
        "内容": "バス停: 竜王口",
        "name": "竜王口",
        "operator": "事業者不明",
        "ref": "",
        "url": "",
        "url2": ""
      }
    },
    {
      "type": "Feature",
      "geometry": {
        "type": "Point",
        "coordinates": [
          136.2217945,
          35.5045562
        ]
      },
      "properties": {
        "内容": "バス停: 木ノ本バスターミナル",
        "name": "木ノ本バスターミナル",
        "operator": "事業者不明",
        "ref": "",
        "url": "",
        "url2": ""
      }
    },
    {
      "type": "Feature",
      "geometry": {
        "type": "Point",
        "coordinates": [
          135.9703528,
          35.3405288
        ]
      },
      "properties": {
        "内容": "バス停: 中野太山寺",
        "name": "中野太山寺",
        "operator": "事業者不明",
        "ref": "",
        "url": "",
        "url2": ""
      }
    },
    {
      "type": "Feature",
      "geometry": {
        "type": "Point",
        "coordinates": [
          135.853305,
          35.3828804
        ]
      },
      "properties": {
        "内容": "バス停: 足谷口",
        "name": "足谷口",
        "operator": "事業者不明",
        "ref": "",
        "url": "",
        "url2": ""
      }
    },
    {
      "type": "Feature",
      "geometry": {
        "type": "Point",
        "coordinates": [
          135.8544292,
          35.3790637
        ]
      },
      "properties": {
        "内容": "バス停: 熊ノ畑",
        "name": "熊ノ畑",
        "operator": "事業者不明",
        "ref": "",
        "url": "",
        "url2": ""
      }
    },
    {
      "type": "Feature",
      "geometry": {
        "type": "Point",
        "coordinates": [
          136.0195926,
          35.3287001
        ]
      },
      "properties": {
        "内容": "バス停: 安曇川駅",
        "name": "安曇川駅",
        "operator": "事業者不明",
        "ref": "",
        "url": "",
        "url2": ""
      }
    },
    {
      "type": "Feature",
      "geometry": {
        "type": "Point",
        "coordinates": [
          135.9322724,
          35.294339
        ]
      },
      "properties": {
        "内容": "バス停: 畑 (江若交通)",
        "name": "畑",
        "operator": "江若交通",
        "ref": "",
        "url": "",
        "url2": ""
      }
    },
    {
      "type": "Feature",
      "geometry": {
        "type": "Point",
        "coordinates": [
          135.9388144,
          35.2912112
        ]
      },
      "properties": {
        "内容": "バス停: 黒谷 (江若交通)",
        "name": "黒谷",
        "operator": "江若交通",
        "ref": "",
        "url": "",
        "url2": ""
      }
    },
    {
      "type": "Feature",
      "geometry": {
        "type": "Point",
        "coordinates": [
          135.9441022,
          35.2936285
        ]
      },
      "properties": {
        "内容": "バス停: 鹿ヶ瀬道 (江若交通)",
        "name": "鹿ヶ瀬道",
        "operator": "江若交通",
        "ref": "",
        "url": "",
        "url2": ""
      }
    },
    {
      "type": "Feature",
      "geometry": {
        "type": "Point",
        "coordinates": [
          135.9435851,
          35.2890366
        ]
      },
      "properties": {
        "内容": "バス停: 鹿ケ瀬 (江若交通)",
        "name": "鹿ケ瀬",
        "operator": "江若交通",
        "ref": "",
        "url": "",
        "url2": ""
      }
    },
    {
      "type": "Feature",
      "geometry": {
        "type": "Point",
        "coordinates": [
          135.9290544,
          35.2757973
        ]
      },
      "properties": {
        "内容": "バス停: ガリバー旅行村 (江若交通)",
        "name": "ガリバー旅行村",
        "operator": "江若交通",
        "ref": "",
        "url": "",
        "url2": ""
      }
    },
    {
      "type": "Feature",
      "geometry": {
        "type": "Point",
        "coordinates": [
          135.9144463,
          35.3509397
        ]
      },
      "properties": {
        "内容": "バス停: 名称不明バス停",
        "name": "名称不明バス停",
        "operator": "事業者不明",
        "ref": "",
        "url": "",
        "url2": ""
      }
    },
    {
      "type": "Feature",
      "geometry": {
        "type": "Point",
        "coordinates": [
          135.9144843,
          35.3509275
        ]
      },
      "properties": {
        "内容": "バス停: 名称不明バス停",
        "name": "名称不明バス停",
        "operator": "事業者不明",
        "ref": "",
        "url": "",
        "url2": ""
      }
    },
    {
      "type": "Feature",
      "geometry": {
        "type": "Point",
        "coordinates": [
          135.9147719,
          34.973567
        ]
      },
      "properties": {
        "内容": "バス停: 神領団地 (近江鉄道)",
        "name": "神領団地",
        "operator": "近江鉄道",
        "ref": "",
        "url": "",
        "url2": ""
      }
    },
    {
      "type": "Feature",
      "geometry": {
        "type": "Point",
        "coordinates": [
          135.9426375,
          34.9726408
        ]
      },
      "properties": {
        "内容": "バス停: 名称不明バス停",
        "name": "名称不明バス停",
        "operator": "事業者不明",
        "ref": "",
        "url": "",
        "url2": ""
      }
    },
    {
      "type": "Feature",
      "geometry": {
        "type": "Point",
        "coordinates": [
          135.9469167,
          34.9720016
        ]
      },
      "properties": {
        "内容": "バス停: 東大津高校",
        "name": "東大津高校",
        "operator": "事業者不明",
        "ref": "",
        "url": "",
        "url2": ""
      }
    },
    {
      "type": "Feature",
      "geometry": {
        "type": "Point",
        "coordinates": [
          135.9420407,
          34.9727773
        ]
      },
      "properties": {
        "内容": "バス停: 名称不明バス停",
        "name": "名称不明バス停",
        "operator": "事業者不明",
        "ref": "",
        "url": "",
        "url2": ""
      }
    },
    {
      "type": "Feature",
      "geometry": {
        "type": "Point",
        "coordinates": [
          135.9417545,
          34.9728754
        ]
      },
      "properties": {
        "内容": "バス停: 名称不明バス停",
        "name": "名称不明バス停",
        "operator": "事業者不明",
        "ref": "",
        "url": "",
        "url2": ""
      }
    },
    {
      "type": "Feature",
      "geometry": {
        "type": "Point",
        "coordinates": [
          136.2657036,
          35.3791346
        ]
      },
      "properties": {
        "内容": "バス停: 長浜駅3番乗り場",
        "name": "長浜駅3番乗り場",
        "operator": "事業者不明",
        "ref": "",
        "url": "",
        "url2": ""
      }
    },
    {
      "type": "Feature",
      "geometry": {
        "type": "Point",
        "coordinates": [
          136.2655738,
          35.3790996
        ]
      },
      "properties": {
        "内容": "バス停: 長浜駅4番乗り場",
        "name": "長浜駅4番乗り場",
        "operator": "事業者不明",
        "ref": "",
        "url": "",
        "url2": ""
      }
    },
    {
      "type": "Feature",
      "geometry": {
        "type": "Point",
        "coordinates": [
          136.2657767,
          35.3789266
        ]
      },
      "properties": {
        "内容": "バス停: 長浜駅2番乗り場",
        "name": "長浜駅2番乗り場",
        "operator": "事業者不明",
        "ref": "",
        "url": "",
        "url2": ""
      }
    },
    {
      "type": "Feature",
      "geometry": {
        "type": "Point",
        "coordinates": [
          136.2656489,
          35.378894
        ]
      },
      "properties": {
        "内容": "バス停: 長浜駅1番乗り場",
        "name": "長浜駅1番乗り場",
        "operator": "事業者不明",
        "ref": "",
        "url": "",
        "url2": ""
      }
    },
    {
      "type": "Feature",
      "geometry": {
        "type": "Point",
        "coordinates": [
          136.0244423,
          35.0671419
        ]
      },
      "properties": {
        "内容": "バス停: 野洲市役所",
        "name": "野洲市役所",
        "operator": "事業者不明",
        "ref": "",
        "url": "",
        "url2": ""
      }
    },
    {
      "type": "Feature",
      "geometry": {
        "type": "Point",
        "coordinates": [
          136.024982,
          35.0673273
        ]
      },
      "properties": {
        "内容": "バス停: 野洲市役所",
        "name": "野洲市役所",
        "operator": "事業者不明",
        "ref": "",
        "url": "",
        "url2": ""
      }
    },
    {
      "type": "Feature",
      "geometry": {
        "type": "Point",
        "coordinates": [
          136.0253266,
          35.0668451
        ]
      },
      "properties": {
        "内容": "バス停: 野洲市役所",
        "name": "野洲市役所",
        "operator": "事業者不明",
        "ref": "",
        "url": "",
        "url2": ""
      }
    },
    {
      "type": "Feature",
      "geometry": {
        "type": "Point",
        "coordinates": [
          136.0229415,
          35.0677259
        ]
      },
      "properties": {
        "内容": "バス停: 野洲駅",
        "name": "野洲駅",
        "operator": "事業者不明",
        "ref": "",
        "url": "",
        "url2": ""
      }
    },
    {
      "type": "Feature",
      "geometry": {
        "type": "Point",
        "coordinates": [
          136.0227734,
          35.0678179
        ]
      },
      "properties": {
        "内容": "バス停: 野洲駅",
        "name": "野洲駅",
        "operator": "事業者不明",
        "ref": "",
        "url": "",
        "url2": ""
      }
    },
    {
      "type": "Feature",
      "geometry": {
        "type": "Point",
        "coordinates": [
          136.0593314,
          35.1181541
        ]
      },
      "properties": {
        "内容": "バス停: 田中江 (近江八幡市)",
        "name": "田中江",
        "operator": "近江八幡市",
        "ref": "",
        "url": "",
        "url2": ""
      }
    },
    {
      "type": "Feature",
      "geometry": {
        "type": "Point",
        "coordinates": [
          136.0593411,
          35.1180928
        ]
      },
      "properties": {
        "内容": "バス停: 田中江 (近江八幡市)",
        "name": "田中江",
        "operator": "近江八幡市",
        "ref": "",
        "url": "",
        "url2": ""
      }
    },
    {
      "type": "Feature",
      "geometry": {
        "type": "Point",
        "coordinates": [
          136.0563615,
          35.1149502
        ]
      },
      "properties": {
        "内容": "バス停: 江頭西 (近江八幡市)",
        "name": "江頭西",
        "operator": "近江八幡市",
        "ref": "",
        "url": "",
        "url2": ""
      }
    },
    {
      "type": "Feature",
      "geometry": {
        "type": "Point",
        "coordinates": [
          136.0546377,
          35.113014
        ]
      },
      "properties": {
        "内容": "バス停: 十王 (近江八幡市)",
        "name": "十王",
        "operator": "近江八幡市",
        "ref": "",
        "url": "",
        "url2": ""
      }
    },
    {
      "type": "Feature",
      "geometry": {
        "type": "Point",
        "coordinates": [
          136.079162,
          35.1267072
        ]
      },
      "properties": {
        "内容": "バス停: 小船木エコ村 (近江鉄道)",
        "name": "小船木エコ村",
        "operator": "近江鉄道",
        "ref": "",
        "url": "",
        "url2": ""
      }
    },
    {
      "type": "Feature",
      "geometry": {
        "type": "Point",
        "coordinates": [
          136.0788351,
          35.126705
        ]
      },
      "properties": {
        "内容": "バス停: 小船木エコ村 (近江鉄道)",
        "name": "小船木エコ村",
        "operator": "近江鉄道",
        "ref": "",
        "url": "",
        "url2": ""
      }
    },
    {
      "type": "Feature",
      "geometry": {
        "type": "Point",
        "coordinates": [
          136.0768539,
          35.1258138
        ]
      },
      "properties": {
        "内容": "バス停: 農協八幡西支店 (近江八幡市)",
        "name": "農協八幡西支店",
        "operator": "近江八幡市",
        "ref": "",
        "url": "",
        "url2": ""
      }
    },
    {
      "type": "Feature",
      "geometry": {
        "type": "Point",
        "coordinates": [
          136.0641141,
          35.1208988
        ]
      },
      "properties": {
        "内容": "バス停: 加茂西 (近江八幡市)",
        "name": "加茂西",
        "operator": "近江八幡市",
        "ref": "",
        "url": "",
        "url2": ""
      }
    },
    {
      "type": "Feature",
      "geometry": {
        "type": "Point",
        "coordinates": [
          136.0640769,
          35.1209413
        ]
      },
      "properties": {
        "内容": "バス停: 加茂西 (近江八幡市)",
        "name": "加茂西",
        "operator": "近江八幡市",
        "ref": "",
        "url": "",
        "url2": ""
      }
    },
    {
      "type": "Feature",
      "geometry": {
        "type": "Point",
        "coordinates": [
          136.0615804,
          35.1194744
        ]
      },
      "properties": {
        "内容": "バス停: 田中江東 (近江八幡市)",
        "name": "田中江東",
        "operator": "近江八幡市",
        "ref": "",
        "url": "",
        "url2": ""
      }
    },
    {
      "type": "Feature",
      "geometry": {
        "type": "Point",
        "coordinates": [
          136.0614329,
          35.1194723
        ]
      },
      "properties": {
        "内容": "バス停: 田中江東 (近江八幡市)",
        "name": "田中江東",
        "operator": "近江八幡市",
        "ref": "",
        "url": "",
        "url2": ""
      }
    },
    {
      "type": "Feature",
      "geometry": {
        "type": "Point",
        "coordinates": [
          136.2538119,
          35.2671168
        ]
      },
      "properties": {
        "内容": "バス停: 銀座街",
        "name": "銀座街",
        "operator": "事業者不明",
        "ref": "",
        "url": "",
        "url2": ""
      }
    },
    {
      "type": "Feature",
      "geometry": {
        "type": "Point",
        "coordinates": [
          136.2546326,
          35.2659251
        ]
      },
      "properties": {
        "内容": "バス停: 銀座 (近江バス)",
        "name": "銀座",
        "operator": "近江バス",
        "ref": "",
        "url": "",
        "url2": ""
      }
    },
    {
      "type": "Feature",
      "geometry": {
        "type": "Point",
        "coordinates": [
          136.2626129,
          35.2718746
        ]
      },
      "properties": {
        "内容": "バス停: 彦根駅の１ (近江バス)",
        "name": "彦根駅の１",
        "operator": "近江バス",
        "ref": "",
        "url": "",
        "url2": ""
      }
    },
    {
      "type": "Feature",
      "geometry": {
        "type": "Point",
        "coordinates": [
          136.2627488,
          35.2718543
        ]
      },
      "properties": {
        "内容": "バス停: 彦根駅の2 (近江バス)",
        "name": "彦根駅の2",
        "operator": "近江バス",
        "ref": "",
        "url": "",
        "url2": ""
      }
    },
    {
      "type": "Feature",
      "geometry": {
        "type": "Point",
        "coordinates": [
          136.2385177,
          35.255106
        ]
      },
      "properties": {
        "内容": "バス停: 福祉センター",
        "name": "福祉センター",
        "operator": "事業者不明",
        "ref": "",
        "url": "",
        "url2": ""
      }
    },
    {
      "type": "Feature",
      "geometry": {
        "type": "Point",
        "coordinates": [
          136.253401,
          35.267545
        ]
      },
      "properties": {
        "内容": "バス停: 銀座街 (近江バス;彦根ご城下巡回ばす)",
        "name": "銀座街",
        "operator": "近江バス;彦根ご城下巡回ばす",
        "ref": "",
        "url": "",
        "url2": ""
      }
    },
    {
      "type": "Feature",
      "geometry": {
        "type": "Point",
        "coordinates": [
          136.2588327,
          35.2741523
        ]
      },
      "properties": {
        "内容": "バス停: 市役所前 (近江バス)",
        "name": "市役所前",
        "operator": "近江バス",
        "ref": "",
        "url": "",
        "url2": ""
      }
    },
    {
      "type": "Feature",
      "geometry": {
        "type": "Point",
        "coordinates": [
          136.2628521,
          35.2715298
        ]
      },
      "properties": {
        "内容": "バス停: 彦根駅の3 (近江バス)",
        "name": "彦根駅の3",
        "operator": "近江バス",
        "ref": "",
        "url": "",
        "url2": ""
      }
    },
    {
      "type": "Feature",
      "geometry": {
        "type": "Point",
        "coordinates": [
          136.2628189,
          35.2713953
        ]
      },
      "properties": {
        "内容": "バス停: 彦根駅の4 (近江バス)",
        "name": "彦根駅の4",
        "operator": "近江バス",
        "ref": "",
        "url": "",
        "url2": ""
      }
    },
    {
      "type": "Feature",
      "geometry": {
        "type": "Point",
        "coordinates": [
          136.2627966,
          35.2712797
        ]
      },
      "properties": {
        "内容": "バス停: 彦根駅の5 (近江バス)",
        "name": "彦根駅の5",
        "operator": "近江バス",
        "ref": "",
        "url": "",
        "url2": ""
      }
    },
    {
      "type": "Feature",
      "geometry": {
        "type": "Point",
        "coordinates": [
          136.258901,
          35.2760846
        ]
      },
      "properties": {
        "内容": "バス停: ひこねしやくしようまえ (近江バス)",
        "name": "ひこねしやくしようまえ",
        "operator": "近江バス",
        "ref": "",
        "url": "",
        "url2": ""
      }
    },
    {
      "type": "Feature",
      "geometry": {
        "type": "Point",
        "coordinates": [
          136.2519977,
          35.2625869
        ]
      },
      "properties": {
        "内容": "バス停: 上後三条",
        "name": "上後三条",
        "operator": "事業者不明",
        "ref": "",
        "url": "",
        "url2": ""
      }
    },
    {
      "type": "Feature",
      "geometry": {
        "type": "Point",
        "coordinates": [
          136.2516969,
          35.262327
        ]
      },
      "properties": {
        "内容": "バス停: 上後三条",
        "name": "上後三条",
        "operator": "事業者不明",
        "ref": "",
        "url": "",
        "url2": ""
      }
    },
    {
      "type": "Feature",
      "geometry": {
        "type": "Point",
        "coordinates": [
          136.2501931,
          35.2604236
        ]
      },
      "properties": {
        "内容": "バス停: 保健所前",
        "name": "保健所前",
        "operator": "事業者不明",
        "ref": "",
        "url": "",
        "url2": ""
      }
    },
    {
      "type": "Feature",
      "geometry": {
        "type": "Point",
        "coordinates": [
          136.2487959,
          35.2585122
        ]
      },
      "properties": {
        "内容": "バス停: 和田町",
        "name": "和田町",
        "operator": "事業者不明",
        "ref": "",
        "url": "",
        "url2": ""
      }
    },
    {
      "type": "Feature",
      "geometry": {
        "type": "Point",
        "coordinates": [
          136.2489136,
          35.258541
        ]
      },
      "properties": {
        "内容": "バス停: 和田町",
        "name": "和田町",
        "operator": "事業者不明",
        "ref": "",
        "url": "",
        "url2": ""
      }
    },
    {
      "type": "Feature",
      "geometry": {
        "type": "Point",
        "coordinates": [
          136.2498413,
          35.2601304
        ]
      },
      "properties": {
        "内容": "バス停: 保健所前",
        "name": "保健所前",
        "operator": "事業者不明",
        "ref": "",
        "url": "",
        "url2": ""
      }
    },
    {
      "type": "Feature",
      "geometry": {
        "type": "Point",
        "coordinates": [
          136.248449,
          35.257354
        ]
      },
      "properties": {
        "内容": "バス停: 平田",
        "name": "平田",
        "operator": "事業者不明",
        "ref": "",
        "url": "",
        "url2": ""
      }
    },
    {
      "type": "Feature",
      "geometry": {
        "type": "Point",
        "coordinates": [
          136.2483559,
          35.2573215
        ]
      },
      "properties": {
        "内容": "バス停: 平田",
        "name": "平田",
        "operator": "事業者不明",
        "ref": "",
        "url": "",
        "url2": ""
      }
    },
    {
      "type": "Feature",
      "geometry": {
        "type": "Point",
        "coordinates": [
          135.9129294,
          34.9461925
        ]
      },
      "properties": {
        "内容": "バス停: 稲津 (帝産バス)",
        "name": "稲津",
        "operator": "帝産バス",
        "ref": "",
        "url": "",
        "url2": ""
      }
    },
    {
      "type": "Feature",
      "geometry": {
        "type": "Point",
        "coordinates": [
          136.2546837,
          35.2661149
        ]
      },
      "properties": {
        "内容": "バス停: 銀座 (近江バス)",
        "name": "銀座",
        "operator": "近江バス",
        "ref": "",
        "url": "",
        "url2": ""
      }
    },
    {
      "type": "Feature",
      "geometry": {
        "type": "Point",
        "coordinates": [
          136.2588025,
          35.2739934
        ]
      },
      "properties": {
        "内容": "バス停: 市役所前 (近江バス)",
        "name": "市役所前",
        "operator": "近江バス",
        "ref": "",
        "url": "",
        "url2": ""
      }
    },
    {
      "type": "Feature",
      "geometry": {
        "type": "Point",
        "coordinates": [
          136.2565926,
          35.2743202
        ]
      },
      "properties": {
        "内容": "バス停: いろは松",
        "name": "いろは松",
        "operator": "事業者不明",
        "ref": "",
        "url": "",
        "url2": ""
      }
    },
    {
      "type": "Feature",
      "geometry": {
        "type": "Point",
        "coordinates": [
          136.2559071,
          35.2705936
        ]
      },
      "properties": {
        "内容": "バス停: 彦根郵便局",
        "name": "彦根郵便局",
        "operator": "事業者不明",
        "ref": "",
        "url": "",
        "url2": ""
      }
    },
    {
      "type": "Feature",
      "geometry": {
        "type": "Point",
        "coordinates": [
          136.2604757,
          35.2724211
        ]
      },
      "properties": {
        "内容": "バス停: 佐和町",
        "name": "佐和町",
        "operator": "事業者不明",
        "ref": "",
        "url": "",
        "url2": ""
      }
    },
    {
      "type": "Feature",
      "geometry": {
        "type": "Point",
        "coordinates": [
          136.2597662,
          35.2691744
        ]
      },
      "properties": {
        "内容": "バス停: 京町",
        "name": "京町",
        "operator": "事業者不明",
        "ref": "",
        "url": "",
        "url2": ""
      }
    },
    {
      "type": "Feature",
      "geometry": {
        "type": "Point",
        "coordinates": [
          136.2529524,
          35.2637868
        ]
      },
      "properties": {
        "内容": "バス停: 所橋",
        "name": "所橋",
        "operator": "事業者不明",
        "ref": "",
        "url": "",
        "url2": ""
      }
    },
    {
      "type": "Feature",
      "geometry": {
        "type": "Point",
        "coordinates": [
          136.252825,
          35.2637394
        ]
      },
      "properties": {
        "内容": "バス停: 芹橋",
        "name": "芹橋",
        "operator": "事業者不明",
        "ref": "",
        "url": "",
        "url2": ""
      }
    },
    {
      "type": "Feature",
      "geometry": {
        "type": "Point",
        "coordinates": [
          136.2528952,
          35.281014
        ]
      },
      "properties": {
        "内容": "バス停: 彦根総合スポーツ公園 (近江バス)",
        "name": "彦根総合スポーツ公園",
        "operator": "近江バス",
        "ref": "",
        "url": "",
        "url2": ""
      }
    },
    {
      "type": "Feature",
      "geometry": {
        "type": "Point",
        "coordinates": [
          136.2469206,
          35.2805674
        ]
      },
      "properties": {
        "内容": "バス停: 馬場 (近江バス)",
        "name": "馬場",
        "operator": "近江バス",
        "ref": "",
        "url": "",
        "url2": ""
      }
    },
    {
      "type": "Feature",
      "geometry": {
        "type": "Point",
        "coordinates": [
          136.2538042,
          35.2833815
        ]
      },
      "properties": {
        "内容": "バス停: 松原中 (近江バス)",
        "name": "松原中",
        "operator": "近江バス",
        "ref": "",
        "url": "",
        "url2": ""
      }
    },
    {
      "type": "Feature",
      "geometry": {
        "type": "Point",
        "coordinates": [
          136.247505,
          35.2755535
        ]
      },
      "properties": {
        "内容": "バス停: 滋賀大口 (近江バス)",
        "name": "滋賀大口",
        "operator": "近江バス",
        "ref": "",
        "url": "",
        "url2": ""
      }
    },
    {
      "type": "Feature",
      "geometry": {
        "type": "Point",
        "coordinates": [
          136.2457928,
          35.2795667
        ]
      },
      "properties": {
        "内容": "バス停: 馬場郵便局前 (近江バス)",
        "name": "馬場郵便局前",
        "operator": "近江バス",
        "ref": "",
        "url": "",
        "url2": ""
      }
    },
    {
      "type": "Feature",
      "geometry": {
        "type": "Point",
        "coordinates": [
          136.251221,
          35.268941
        ]
      },
      "properties": {
        "内容": "バス停: 四番町スクエア (近江バス;彦根ご城下巡回ばす)",
        "name": "四番町スクエア",
        "operator": "近江バス;彦根ご城下巡回ばす",
        "ref": "",
        "url": "",
        "url2": ""
      }
    },
    {
      "type": "Feature",
      "geometry": {
        "type": "Point",
        "coordinates": [
          136.244206,
          35.277496
        ]
      },
      "properties": {
        "内容": "バス停: 長曽根口天神前 (近江バス)",
        "name": "長曽根口天神前",
        "operator": "近江バス",
        "ref": "",
        "url": "",
        "url2": ""
      }
    },
    {
      "type": "Feature",
      "geometry": {
        "type": "Point",
        "coordinates": [
          136.244462,
          35.2797885
        ]
      },
      "properties": {
        "内容": "バス停: カインズ　モール　彦根 (近江バス)",
        "name": "カインズ　モール　彦根",
        "operator": "近江バス",
        "ref": "",
        "url": "",
        "url2": ""
      }
    },
    {
      "type": "Feature",
      "geometry": {
        "type": "Point",
        "coordinates": [
          136.2516706,
          35.2711066
        ]
      },
      "properties": {
        "内容": "バス停: 本町キャッスルロド (近江バス)",
        "name": "本町キャッスルロド",
        "operator": "近江バス",
        "ref": "",
        "url": "",
        "url2": ""
      }
    },
    {
      "type": "Feature",
      "geometry": {
        "type": "Point",
        "coordinates": [
          136.254483,
          35.2748015
        ]
      },
      "properties": {
        "内容": "バス停: 彦根所",
        "name": "彦根所",
        "operator": "事業者不明",
        "ref": "",
        "url": "",
        "url2": ""
      }
    },
    {
      "type": "Feature",
      "geometry": {
        "type": "Point",
        "coordinates": [
          136.2516762,
          35.271104
        ]
      },
      "properties": {
        "内容": "バス停: 夢京橋キャッスルロド (彦根ご城下巡回ばす)",
        "name": "夢京橋キャッスルロド",
        "operator": "彦根ご城下巡回ばす",
        "ref": "",
        "url": "",
        "url2": ""
      }
    },
    {
      "type": "Feature",
      "geometry": {
        "type": "Point",
        "coordinates": [
          136.2568742,
          35.2742727
        ]
      },
      "properties": {
        "内容": "バス停: Irohamatsu (近江バス)",
        "name": "Irohamatsu",
        "operator": "近江バス",
        "ref": "",
        "url": "",
        "url2": ""
      }
    },
    {
      "type": "Feature",
      "geometry": {
        "type": "Point",
        "coordinates": [
          136.2544471,
          35.2752599
        ]
      },
      "properties": {
        "内容": "バス停: Hikonejo (近江バス)",
        "name": "Hikonejo",
        "operator": "近江バス",
        "ref": "",
        "url": "",
        "url2": ""
      }
    },
    {
      "type": "Feature",
      "geometry": {
        "type": "Point",
        "coordinates": [
          136.2517803,
          35.2725648
        ]
      },
      "properties": {
        "内容": "バス停: 名称不明バス停",
        "name": "名称不明バス停",
        "operator": "事業者不明",
        "ref": "",
        "url": "",
        "url2": ""
      }
    },
    {
      "type": "Feature",
      "geometry": {
        "type": "Point",
        "coordinates": [
          136.2595187,
          35.2711155
        ]
      },
      "properties": {
        "内容": "バス停: 京町通商店街",
        "name": "京町通商店街",
        "operator": "事業者不明",
        "ref": "",
        "url": "",
        "url2": ""
      }
    },
    {
      "type": "Feature",
      "geometry": {
        "type": "Point",
        "coordinates": [
          136.2577022,
          35.2689806
        ]
      },
      "properties": {
        "内容": "バス停: 京町",
        "name": "京町",
        "operator": "事業者不明",
        "ref": "",
        "url": "",
        "url2": ""
      }
    },
    {
      "type": "Feature",
      "geometry": {
        "type": "Point",
        "coordinates": [
          136.2567914,
          35.2680325
        ]
      },
      "properties": {
        "内容": "バス停: 京町二丁目",
        "name": "京町二丁目",
        "operator": "事業者不明",
        "ref": "",
        "url": "",
        "url2": ""
      }
    },
    {
      "type": "Feature",
      "geometry": {
        "type": "Point",
        "coordinates": [
          136.2586506,
          35.2701847
        ]
      },
      "properties": {
        "内容": "バス停: 京町",
        "name": "京町",
        "operator": "事業者不明",
        "ref": "",
        "url": "",
        "url2": ""
      }
    },
    {
      "type": "Feature",
      "geometry": {
        "type": "Point",
        "coordinates": [
          136.2565042,
          35.267598
        ]
      },
      "properties": {
        "内容": "バス停: 京町二丁目",
        "name": "京町二丁目",
        "operator": "事業者不明",
        "ref": "",
        "url": "",
        "url2": ""
      }
    },
    {
      "type": "Feature",
      "geometry": {
        "type": "Point",
        "coordinates": [
          136.2428274,
          35.2639258
        ]
      },
      "properties": {
        "内容": "バス停: パリア前",
        "name": "パリア前",
        "operator": "事業者不明",
        "ref": "",
        "url": "",
        "url2": ""
      }
    },
    {
      "type": "Feature",
      "geometry": {
        "type": "Point",
        "coordinates": [
          136.2439393,
          35.2655104
        ]
      },
      "properties": {
        "内容": "バス停: 下後三条",
        "name": "下後三条",
        "operator": "事業者不明",
        "ref": "",
        "url": "",
        "url2": ""
      }
    },
    {
      "type": "Feature",
      "geometry": {
        "type": "Point",
        "coordinates": [
          136.2421185,
          35.2633219
        ]
      },
      "properties": {
        "内容": "バス停: パリア前",
        "name": "パリア前",
        "operator": "事業者不明",
        "ref": "",
        "url": "",
        "url2": ""
      }
    },
    {
      "type": "Feature",
      "geometry": {
        "type": "Point",
        "coordinates": [
          136.2462304,
          35.2680513
        ]
      },
      "properties": {
        "内容": "バス停: 池州橋",
        "name": "池州橋",
        "operator": "事業者不明",
        "ref": "",
        "url": "",
        "url2": ""
      }
    },
    {
      "type": "Feature",
      "geometry": {
        "type": "Point",
        "coordinates": [
          136.2461865,
          35.2682502
        ]
      },
      "properties": {
        "内容": "バス停: 池州橋",
        "name": "池州橋",
        "operator": "事業者不明",
        "ref": "",
        "url": "",
        "url2": ""
      }
    },
    {
      "type": "Feature",
      "geometry": {
        "type": "Point",
        "coordinates": [
          136.2441121,
          35.2654931
        ]
      },
      "properties": {
        "内容": "バス停: 下後三条",
        "name": "下後三条",
        "operator": "事業者不明",
        "ref": "",
        "url": "",
        "url2": ""
      }
    },
    {
      "type": "Feature",
      "geometry": {
        "type": "Point",
        "coordinates": [
          136.2386516,
          35.2589661
        ]
      },
      "properties": {
        "内容": "バス停: 平田大沢",
        "name": "平田大沢",
        "operator": "事業者不明",
        "ref": "",
        "url": "",
        "url2": ""
      }
    },
    {
      "type": "Feature",
      "geometry": {
        "type": "Point",
        "coordinates": [
          136.2402103,
          35.2608705
        ]
      },
      "properties": {
        "内容": "バス停: ベルロード平田",
        "name": "ベルロード平田",
        "operator": "事業者不明",
        "ref": "",
        "url": "",
        "url2": ""
      }
    },
    {
      "type": "Feature",
      "geometry": {
        "type": "Point",
        "coordinates": [
          136.2401254,
          35.2609393
        ]
      },
      "properties": {
        "内容": "バス停: ベルロード平田",
        "name": "ベルロード平田",
        "operator": "事業者不明",
        "ref": "",
        "url": "",
        "url2": ""
      }
    },
    {
      "type": "Feature",
      "geometry": {
        "type": "Point",
        "coordinates": [
          136.2382847,
          35.2586792
        ]
      },
      "properties": {
        "内容": "バス停: 平田大沢",
        "name": "平田大沢",
        "operator": "事業者不明",
        "ref": "",
        "url": "",
        "url2": ""
      }
    },
    {
      "type": "Feature",
      "geometry": {
        "type": "Point",
        "coordinates": [
          136.2368987,
          35.2568532
        ]
      },
      "properties": {
        "内容": "バス停: 松田団地北",
        "name": "松田団地北",
        "operator": "事業者不明",
        "ref": "",
        "url": "",
        "url2": ""
      }
    },
    {
      "type": "Feature",
      "geometry": {
        "type": "Point",
        "coordinates": [
          136.2368957,
          35.2570292
        ]
      },
      "properties": {
        "内容": "バス停: 松田団地北",
        "name": "松田団地北",
        "operator": "事業者不明",
        "ref": "",
        "url": "",
        "url2": ""
      }
    },
    {
      "type": "Feature",
      "geometry": {
        "type": "Point",
        "coordinates": [
          136.2403807,
          35.2538215
        ]
      },
      "properties": {
        "内容": "バス停: 戸賀団地",
        "name": "戸賀団地",
        "operator": "事業者不明",
        "ref": "",
        "url": "",
        "url2": ""
      }
    },
    {
      "type": "Feature",
      "geometry": {
        "type": "Point",
        "coordinates": [
          136.2384227,
          35.2549482
        ]
      },
      "properties": {
        "内容": "バス停: 福祉センター",
        "name": "福祉センター",
        "operator": "事業者不明",
        "ref": "",
        "url": "",
        "url2": ""
      }
    },
    {
      "type": "Feature",
      "geometry": {
        "type": "Point",
        "coordinates": [
          136.2419121,
          35.2524895
        ]
      },
      "properties": {
        "内容": "バス停: 県立盲学校",
        "name": "県立盲学校",
        "operator": "事業者不明",
        "ref": "",
        "url": "",
        "url2": ""
      }
    },
    {
      "type": "Feature",
      "geometry": {
        "type": "Point",
        "coordinates": [
          136.2419259,
          35.252689
        ]
      },
      "properties": {
        "内容": "バス停: 県立盲学校",
        "name": "県立盲学校",
        "operator": "事業者不明",
        "ref": "",
        "url": "",
        "url2": ""
      }
    },
    {
      "type": "Feature",
      "geometry": {
        "type": "Point",
        "coordinates": [
          136.2446706,
          35.2504612
        ]
      },
      "properties": {
        "内容": "バス停: プロシードアリア 彦根市",
        "name": "プロシードアリア 彦根市",
        "operator": "事業者不明",
        "ref": "",
        "url": "",
        "url2": ""
      }
    },
    {
      "type": "Feature",
      "geometry": {
        "type": "Point",
        "coordinates": [
          136.240512,
          35.2535104
        ]
      },
      "properties": {
        "内容": "バス停: 戸賀団地",
        "name": "戸賀団地",
        "operator": "事業者不明",
        "ref": "",
        "url": "",
        "url2": ""
      }
    },
    {
      "type": "Feature",
      "geometry": {
        "type": "Point",
        "coordinates": [
          136.2484485,
          35.2462432
        ]
      },
      "properties": {
        "内容": "バス停: 名称不明バス停",
        "name": "名称不明バス停",
        "operator": "事業者不明",
        "ref": "",
        "url": "",
        "url2": ""
      }
    },
    {
      "type": "Feature",
      "geometry": {
        "type": "Point",
        "coordinates": [
          136.1864024,
          34.9675397
        ]
      },
      "properties": {
        "内容": "バス停: 秋葉北 (甲賀市コミュニティバス)",
        "name": "秋葉北",
        "operator": "甲賀市コミュニティバス",
        "ref": "",
        "url": "",
        "url2": ""
      }
    },
    {
      "type": "Feature",
      "geometry": {
        "type": "Point",
        "coordinates": [
          136.1864984,
          34.9675743
        ]
      },
      "properties": {
        "内容": "バス停: 秋葉北 (甲賀市コミュニティバス)",
        "name": "秋葉北",
        "operator": "甲賀市コミュニティバス",
        "ref": "",
        "url": "",
        "url2": ""
      }
    },
    {
      "type": "Feature",
      "geometry": {
        "type": "Point",
        "coordinates": [
          136.1899035,
          34.9661202
        ]
      },
      "properties": {
        "内容": "バス停: 西ヶ瀬 (甲賀市コミュニティバス)",
        "name": "西ヶ瀬",
        "operator": "甲賀市コミュニティバス",
        "ref": "",
        "url": "",
        "url2": ""
      }
    },
    {
      "type": "Feature",
      "geometry": {
        "type": "Point",
        "coordinates": [
          136.1932052,
          34.9626599
        ]
      },
      "properties": {
        "内容": "バス停: 新城 (甲賀市コミュニティバス)",
        "name": "新城",
        "operator": "甲賀市コミュニティバス",
        "ref": "",
        "url": "",
        "url2": ""
      }
    },
    {
      "type": "Feature",
      "geometry": {
        "type": "Point",
        "coordinates": [
          136.1932069,
          34.962546
        ]
      },
      "properties": {
        "内容": "バス停: 新城 (甲賀市コミュニティバス)",
        "name": "新城",
        "operator": "甲賀市コミュニティバス",
        "ref": "",
        "url": "",
        "url2": ""
      }
    },
    {
      "type": "Feature",
      "geometry": {
        "type": "Point",
        "coordinates": [
          136.19511,
          34.9609646
        ]
      },
      "properties": {
        "内容": "バス停: 永福寺 (甲賀市コミュニティバス)",
        "name": "永福寺",
        "operator": "甲賀市コミュニティバス",
        "ref": "",
        "url": "",
        "url2": ""
      }
    },
    {
      "type": "Feature",
      "geometry": {
        "type": "Point",
        "coordinates": [
          136.2500875,
          35.2445665
        ]
      },
      "properties": {
        "内容": "バス停: VivaShitei",
        "name": "VivaShitei",
        "operator": "事業者不明",
        "ref": "",
        "url": "",
        "url2": ""
      }
    },
    {
      "type": "Feature",
      "geometry": {
        "type": "Point",
        "coordinates": [
          136.2481605,
          35.246613
        ]
      },
      "properties": {
        "内容": "バス停: 名称不明バス停",
        "name": "名称不明バス停",
        "operator": "事業者不明",
        "ref": "",
        "url": "",
        "url2": ""
      }
    },
    {
      "type": "Feature",
      "geometry": {
        "type": "Point",
        "coordinates": [
          136.197475,
          34.9592094
        ]
      },
      "properties": {
        "内容": "バス停: 岩上 (甲賀市コミュニティバス)",
        "name": "岩上",
        "operator": "甲賀市コミュニティバス",
        "ref": "",
        "url": "",
        "url2": ""
      }
    },
    {
      "type": "Feature",
      "geometry": {
        "type": "Point",
        "coordinates": [
          136.1974949,
          34.9590898
        ]
      },
      "properties": {
        "内容": "バス停: 岩上 (甲賀市コミュニティバス)",
        "name": "岩上",
        "operator": "甲賀市コミュニティバス",
        "ref": "",
        "url": "",
        "url2": ""
      }
    },
    {
      "type": "Feature",
      "geometry": {
        "type": "Point",
        "coordinates": [
          136.1785706,
          34.9598812
        ]
      },
      "properties": {
        "内容": "バス停: 上真海 (甲賀市コミュニティバス)",
        "name": "上真海",
        "operator": "甲賀市コミュニティバス",
        "ref": "",
        "url": "",
        "url2": ""
      }
    },
    {
      "type": "Feature",
      "geometry": {
        "type": "Point",
        "coordinates": [
          136.1849325,
          34.9610171
        ]
      },
      "properties": {
        "内容": "バス停: 幸ヶ平 (甲賀市コミュニティバス)",
        "name": "幸ヶ平",
        "operator": "甲賀市コミュニティバス",
        "ref": "",
        "url": "",
        "url2": ""
      }
    },
    {
      "type": "Feature",
      "geometry": {
        "type": "Point",
        "coordinates": [
          136.1993239,
          34.9559932
        ]
      },
      "properties": {
        "内容": "バス停: 嶬峨中村 (甲賀市コミュニティバス)",
        "name": "嶬峨中村",
        "operator": "甲賀市コミュニティバス",
        "ref": "",
        "url": "",
        "url2": ""
      }
    },
    {
      "type": "Feature",
      "geometry": {
        "type": "Point",
        "coordinates": [
          136.2051119,
          34.9581517
        ]
      },
      "properties": {
        "内容": "バス停: 今郷 (甲賀市コミュニティバス)",
        "name": "今郷",
        "operator": "甲賀市コミュニティバス",
        "ref": "",
        "url": "",
        "url2": ""
      }
    },
    {
      "type": "Feature",
      "geometry": {
        "type": "Point",
        "coordinates": [
          136.2065577,
          34.9788067
        ]
      },
      "properties": {
        "内容": "バス停: 中畑 (甲賀市コミュニティバス)",
        "name": "中畑",
        "operator": "甲賀市コミュニティバス",
        "ref": "",
        "url": "",
        "url2": ""
      }
    },
    {
      "type": "Feature",
      "geometry": {
        "type": "Point",
        "coordinates": [
          136.2022623,
          34.954532
        ]
      },
      "properties": {
        "内容": "バス停: 嶬峨草の根集会所 (甲賀市コミュニティバス)",
        "name": "嶬峨草の根集会所",
        "operator": "甲賀市コミュニティバス",
        "ref": "",
        "url": "",
        "url2": ""
      }
    },
    {
      "type": "Feature",
      "geometry": {
        "type": "Point",
        "coordinates": [
          136.2029385,
          34.9538859
        ]
      },
      "properties": {
        "内容": "バス停: 岩上総合運動公園 (甲賀市コミュニティバス)",
        "name": "岩上総合運動公園",
        "operator": "甲賀市コミュニティバス",
        "ref": "",
        "url": "",
        "url2": ""
      }
    },
    {
      "type": "Feature",
      "geometry": {
        "type": "Point",
        "coordinates": [
          136.2029954,
          34.9539661
        ]
      },
      "properties": {
        "内容": "バス停: 岩上総合運動公園 (甲賀市コミュニティバス)",
        "name": "岩上総合運動公園",
        "operator": "甲賀市コミュニティバス",
        "ref": "",
        "url": "",
        "url2": ""
      }
    },
    {
      "type": "Feature",
      "geometry": {
        "type": "Point",
        "coordinates": [
          136.2039795,
          34.952795
        ]
      },
      "properties": {
        "内容": "バス停: 嶬峨 (甲賀市コミュニティバス)",
        "name": "嶬峨",
        "operator": "甲賀市コミュニティバス",
        "ref": "",
        "url": "",
        "url2": ""
      }
    },
    {
      "type": "Feature",
      "geometry": {
        "type": "Point",
        "coordinates": [
          136.2039243,
          34.953056
        ]
      },
      "properties": {
        "内容": "バス停: 嶬峨 (甲賀市コミュニティバス)",
        "name": "嶬峨",
        "operator": "甲賀市コミュニティバス",
        "ref": "",
        "url": "",
        "url2": ""
      }
    },
    {
      "type": "Feature",
      "geometry": {
        "type": "Point",
        "coordinates": [
          136.2064387,
          34.9510594
        ]
      },
      "properties": {
        "内容": "バス停: 嶬峨東 (甲賀市コミュニティバス)",
        "name": "嶬峨東",
        "operator": "甲賀市コミュニティバス",
        "ref": "",
        "url": "",
        "url2": ""
      }
    },
    {
      "type": "Feature",
      "geometry": {
        "type": "Point",
        "coordinates": [
          136.20878,
          34.9498529
        ]
      },
      "properties": {
        "内容": "バス停: 平野 (甲賀市コミュニティバス)",
        "name": "平野",
        "operator": "甲賀市コミュニティバス",
        "ref": "",
        "url": "",
        "url2": ""
      }
    },
    {
      "type": "Feature",
      "geometry": {
        "type": "Point",
        "coordinates": [
          136.2136223,
          34.9482845
        ]
      },
      "properties": {
        "内容": "バス停: 和野西 (甲賀市コミュニティバス)",
        "name": "和野西",
        "operator": "甲賀市コミュニティバス",
        "ref": "",
        "url": "",
        "url2": ""
      }
    },
    {
      "type": "Feature",
      "geometry": {
        "type": "Point",
        "coordinates": [
          136.2162734,
          34.9469649
        ]
      },
      "properties": {
        "内容": "バス停: 和野 (甲賀市コミュニティバス)",
        "name": "和野",
        "operator": "甲賀市コミュニティバス",
        "ref": "",
        "url": "",
        "url2": ""
      }
    },
    {
      "type": "Feature",
      "geometry": {
        "type": "Point",
        "coordinates": [
          136.2102865,
          34.9358111
        ]
      },
      "properties": {
        "内容": "バス停: 佐山小学校 (甲賀市コミュニティバス)",
        "name": "佐山小学校",
        "operator": "甲賀市コミュニティバス",
        "ref": "",
        "url": "",
        "url2": ""
      }
    },
    {
      "type": "Feature",
      "geometry": {
        "type": "Point",
        "coordinates": [
          136.212534,
          34.9353108
        ]
      },
      "properties": {
        "内容": "バス停: 祐宝寺 (甲賀市コミュニティバス)",
        "name": "祐宝寺",
        "operator": "甲賀市コミュニティバス",
        "ref": "",
        "url": "",
        "url2": ""
      }
    },
    {
      "type": "Feature",
      "geometry": {
        "type": "Point",
        "coordinates": [
          136.2169665,
          34.9348921
        ]
      },
      "properties": {
        "内容": "バス停: 小佐治公民館 (甲賀市コミュニティバス)",
        "name": "小佐治公民館",
        "operator": "甲賀市コミュニティバス",
        "ref": "",
        "url": "",
        "url2": ""
      }
    },
    {
      "type": "Feature",
      "geometry": {
        "type": "Point",
        "coordinates": [
          136.2200635,
          34.9342885
        ]
      },
      "properties": {
        "内容": "バス停: 小佐治中村 (甲賀市コミュニティバス)",
        "name": "小佐治中村",
        "operator": "甲賀市コミュニティバス",
        "ref": "",
        "url": "",
        "url2": ""
      }
    },
    {
      "type": "Feature",
      "geometry": {
        "type": "Point",
        "coordinates": [
          136.1954993,
          34.9655045
        ]
      },
      "properties": {
        "内容": "バス停: 城が丘 (甲賀市コミュニティバス)",
        "name": "城が丘",
        "operator": "甲賀市コミュニティバス",
        "ref": "",
        "url": "",
        "url2": ""
      }
    },
    {
      "type": "Feature",
      "geometry": {
        "type": "Point",
        "coordinates": [
          136.1955394,
          34.9653783
        ]
      },
      "properties": {
        "内容": "バス停: 城が丘 (甲賀市コミュニティバス)",
        "name": "城が丘",
        "operator": "甲賀市コミュニティバス",
        "ref": "",
        "url": "",
        "url2": ""
      }
    },
    {
      "type": "Feature",
      "geometry": {
        "type": "Point",
        "coordinates": [
          136.1862063,
          34.9699984
        ]
      },
      "properties": {
        "内容": "バス停: 郷土の森東口 (甲賀市コミュニティバス)",
        "name": "郷土の森東口",
        "operator": "甲賀市コミュニティバス",
        "ref": "",
        "url": "",
        "url2": ""
      }
    },
    {
      "type": "Feature",
      "geometry": {
        "type": "Point",
        "coordinates": [
          136.1845228,
          34.9708882
        ]
      },
      "properties": {
        "内容": "バス停: 城山中学校 (甲賀市コミュニティバス)",
        "name": "城山中学校",
        "operator": "甲賀市コミュニティバス",
        "ref": "",
        "url": "",
        "url2": ""
      }
    },
    {
      "type": "Feature",
      "geometry": {
        "type": "Point",
        "coordinates": [
          136.1823551,
          34.967341
        ]
      },
      "properties": {
        "内容": "バス停: 松原町 (甲賀市コミュニティバス)",
        "name": "松原町",
        "operator": "甲賀市コミュニティバス",
        "ref": "",
        "url": "",
        "url2": ""
      }
    },
    {
      "type": "Feature",
      "geometry": {
        "type": "Point",
        "coordinates": [
          136.1824705,
          34.9670958
        ]
      },
      "properties": {
        "内容": "バス停: 松原町 (甲賀市コミュニティバス)",
        "name": "松原町",
        "operator": "甲賀市コミュニティバス",
        "ref": "",
        "url": "",
        "url2": ""
      }
    },
    {
      "type": "Feature",
      "geometry": {
        "type": "Point",
        "coordinates": [
          136.1302939,
          35.0243368
        ]
      },
      "properties": {
        "内容": "バス停: 下田",
        "name": "下田",
        "operator": "事業者不明",
        "ref": "",
        "url": "",
        "url2": ""
      }
    },
    {
      "type": "Feature",
      "geometry": {
        "type": "Point",
        "coordinates": [
          136.1271791,
          35.0270126
        ]
      },
      "properties": {
        "内容": "バス停: 下田口 (湖南市コミュニティバス)",
        "name": "下田口",
        "operator": "湖南市コミュニティバス",
        "ref": "",
        "url": "",
        "url2": ""
      }
    },
    {
      "type": "Feature",
      "geometry": {
        "type": "Point",
        "coordinates": [
          136.1265537,
          35.0305017
        ]
      },
      "properties": {
        "内容": "バス停: 中山口 (湖南市コミュニティバス)",
        "name": "中山口",
        "operator": "湖南市コミュニティバス",
        "ref": "",
        "url": "",
        "url2": ""
      }
    },
    {
      "type": "Feature",
      "geometry": {
        "type": "Point",
        "coordinates": [
          136.1779046,
          34.9574251
        ]
      },
      "properties": {
        "内容": "バス停: 幸ヶ平口 (甲賀市コミュニティバス)",
        "name": "幸ヶ平口",
        "operator": "甲賀市コミュニティバス",
        "ref": "",
        "url": "",
        "url2": ""
      }
    },
    {
      "type": "Feature",
      "geometry": {
        "type": "Point",
        "coordinates": [
          136.1664024,
          34.9605645
        ]
      },
      "properties": {
        "内容": "バス停: サントピア (甲賀市コミュニティバス)",
        "name": "サントピア",
        "operator": "甲賀市コミュニティバス",
        "ref": "",
        "url": "",
        "url2": ""
      }
    },
    {
      "type": "Feature",
      "geometry": {
        "type": "Point",
        "coordinates": [
          136.1630115,
          34.9615478
        ]
      },
      "properties": {
        "内容": "バス停: スポーツの森 (甲賀市コミュニティバス)",
        "name": "スポーツの森",
        "operator": "甲賀市コミュニティバス",
        "ref": "",
        "url": "",
        "url2": ""
      }
    },
    {
      "type": "Feature",
      "geometry": {
        "type": "Point",
        "coordinates": [
          136.1632527,
          34.9615738
        ]
      },
      "properties": {
        "内容": "バス停: スポーツの森 (甲賀市コミュニティバス)",
        "name": "スポーツの森",
        "operator": "甲賀市コミュニティバス",
        "ref": "",
        "url": "",
        "url2": ""
      }
    },
    {
      "type": "Feature",
      "geometry": {
        "type": "Point",
        "coordinates": [
          136.1633922,
          34.956295
        ]
      },
      "properties": {
        "内容": "バス停: 看護学校 (甲賀市コミュニティバス)",
        "name": "看護学校",
        "operator": "甲賀市コミュニティバス",
        "ref": "",
        "url": "",
        "url2": ""
      }
    },
    {
      "type": "Feature",
      "geometry": {
        "type": "Point",
        "coordinates": [
          135.9382736,
          34.9922314
        ]
      },
      "properties": {
        "内容": "バス停: 栗林町 (近江鉄道大津営業所)",
        "name": "栗林町",
        "operator": "近江鉄道大津営業所",
        "ref": "",
        "url": "",
        "url2": ""
      }
    },
    {
      "type": "Feature",
      "geometry": {
        "type": "Point",
        "coordinates": [
          135.9667943,
          35.0190672
        ]
      },
      "properties": {
        "内容": "バス停: 国道草津",
        "name": "国道草津",
        "operator": "事業者不明",
        "ref": "",
        "url": "",
        "url2": ""
      }
    },
    {
      "type": "Feature",
      "geometry": {
        "type": "Point",
        "coordinates": [
          135.9635328,
          35.0207742
        ]
      },
      "properties": {
        "内容": "バス停: 大路",
        "name": "大路",
        "operator": "事業者不明",
        "ref": "",
        "url": "",
        "url2": ""
      }
    },
    {
      "type": "Feature",
      "geometry": {
        "type": "Point",
        "coordinates": [
          135.9551858,
          35.0111181
        ]
      },
      "properties": {
        "内容": "バス停: UCDARROW (近江鉄道バス)",
        "name": "UCDARROW",
        "operator": "近江鉄道バス",
        "ref": "",
        "url": "",
        "url2": ""
      }
    },
    {
      "type": "Feature",
      "geometry": {
        "type": "Point",
        "coordinates": [
          135.9551885,
          35.0111141
        ]
      },
      "properties": {
        "内容": "バス停: 南平公園前 (まめバス)",
        "name": "南平公園前",
        "operator": "まめバス",
        "ref": "",
        "url": "",
        "url2": ""
      }
    },
    {
      "type": "Feature",
      "geometry": {
        "type": "Point",
        "coordinates": [
          135.9434935,
          34.9965557
        ]
      },
      "properties": {
        "内容": "バス停: 狼川湖南電気前",
        "name": "狼川湖南電気前",
        "operator": "事業者不明",
        "ref": "",
        "url": "",
        "url2": ""
      }
    },
    {
      "type": "Feature",
      "geometry": {
        "type": "Point",
        "coordinates": [
          136.1579881,
          34.9501016
        ]
      },
      "properties": {
        "内容": "バス停: 虫生野 (甲賀市コミュニティバス)",
        "name": "虫生野",
        "operator": "甲賀市コミュニティバス",
        "ref": "",
        "url": "",
        "url2": ""
      }
    },
    {
      "type": "Feature",
      "geometry": {
        "type": "Point",
        "coordinates": [
          136.1594396,
          34.9464611
        ]
      },
      "properties": {
        "内容": "バス停: 虫生野東 (甲賀市コミュニティバス)",
        "name": "虫生野東",
        "operator": "甲賀市コミュニティバス",
        "ref": "",
        "url": "",
        "url2": ""
      }
    },
    {
      "type": "Feature",
      "geometry": {
        "type": "Point",
        "coordinates": [
          136.1674094,
          34.9875671
        ]
      },
      "properties": {
        "内容": "バス停: 菅谷南 (甲賀市コミュニティバス)",
        "name": "菅谷南",
        "operator": "甲賀市コミュニティバス",
        "ref": "",
        "url": "",
        "url2": ""
      }
    },
    {
      "type": "Feature",
      "geometry": {
        "type": "Point",
        "coordinates": [
          136.1675455,
          34.9879861
        ]
      },
      "properties": {
        "内容": "バス停: 菅谷南 (甲賀市コミュニティバス)",
        "name": "菅谷南",
        "operator": "甲賀市コミュニティバス",
        "ref": "",
        "url": "",
        "url2": ""
      }
    },
    {
      "type": "Feature",
      "geometry": {
        "type": "Point",
        "coordinates": [
          136.1670298,
          34.9919717
        ]
      },
      "properties": {
        "内容": "バス停: 菅谷北 (甲賀市コミュニティバス)",
        "name": "菅谷北",
        "operator": "甲賀市コミュニティバス",
        "ref": "",
        "url": "",
        "url2": ""
      }
    },
    {
      "type": "Feature",
      "geometry": {
        "type": "Point",
        "coordinates": [
          136.1668871,
          34.992043
        ]
      },
      "properties": {
        "内容": "バス停: 菅谷北 (甲賀市コミュニティバス)",
        "name": "菅谷北",
        "operator": "甲賀市コミュニティバス",
        "ref": "",
        "url": "",
        "url2": ""
      }
    },
    {
      "type": "Feature",
      "geometry": {
        "type": "Point",
        "coordinates": [
          136.1675218,
          34.9969142
        ]
      },
      "properties": {
        "内容": "バス停: 山村天神 (甲賀市コミュニティバス)",
        "name": "山村天神",
        "operator": "甲賀市コミュニティバス",
        "ref": "",
        "url": "",
        "url2": ""
      }
    },
    {
      "type": "Feature",
      "geometry": {
        "type": "Point",
        "coordinates": [
          136.1670894,
          34.9973727
        ]
      },
      "properties": {
        "内容": "バス停: 山村天神 (甲賀市コミュニティバス)",
        "name": "山村天神",
        "operator": "甲賀市コミュニティバス",
        "ref": "",
        "url": "",
        "url2": ""
      }
    },
    {
      "type": "Feature",
      "geometry": {
        "type": "Point",
        "coordinates": [
          136.1646663,
          34.99749
        ]
      },
      "properties": {
        "内容": "バス停: 西村 (甲賀市コミュニティバス)",
        "name": "西村",
        "operator": "甲賀市コミュニティバス",
        "ref": "",
        "url": "",
        "url2": ""
      }
    },
    {
      "type": "Feature",
      "geometry": {
        "type": "Point",
        "coordinates": [
          136.1645283,
          34.9975368
        ]
      },
      "properties": {
        "内容": "バス停: 西村 (甲賀市コミュニティバス)",
        "name": "西村",
        "operator": "甲賀市コミュニティバス",
        "ref": "",
        "url": "",
        "url2": ""
      }
    },
    {
      "type": "Feature",
      "geometry": {
        "type": "Point",
        "coordinates": [
          136.1578477,
          34.9970891
        ]
      },
      "properties": {
        "内容": "バス停: 伴谷総合運動公園 (甲賀市コミュニティバス)",
        "name": "伴谷総合運動公園",
        "operator": "甲賀市コミュニティバス",
        "ref": "",
        "url": "",
        "url2": ""
      }
    },
    {
      "type": "Feature",
      "geometry": {
        "type": "Point",
        "coordinates": [
          136.1565267,
          34.9975889
        ]
      },
      "properties": {
        "内容": "バス停: 伴谷コミセン (甲賀市コミュニティバス)",
        "name": "伴谷コミセン",
        "operator": "甲賀市コミュニティバス",
        "ref": "",
        "url": "",
        "url2": ""
      }
    },
    {
      "type": "Feature",
      "geometry": {
        "type": "Point",
        "coordinates": [
          136.1563025,
          34.9975335
        ]
      },
      "properties": {
        "内容": "バス停: 伴谷コミセン (甲賀市コミュニティバス)",
        "name": "伴谷コミセン",
        "operator": "甲賀市コミュニティバス",
        "ref": "",
        "url": "",
        "url2": ""
      }
    },
    {
      "type": "Feature",
      "geometry": {
        "type": "Point",
        "coordinates": [
          136.1534041,
          34.9968534
        ]
      },
      "properties": {
        "内容": "バス停: JA伴谷 (甲賀市コミュニティバス)",
        "name": "JA伴谷",
        "operator": "甲賀市コミュニティバス",
        "ref": "",
        "url": "",
        "url2": ""
      }
    },
    {
      "type": "Feature",
      "geometry": {
        "type": "Point",
        "coordinates": [
          136.1530668,
          34.9968011
        ]
      },
      "properties": {
        "内容": "バス停: JA伴谷 (甲賀市コミュニティバス)",
        "name": "JA伴谷",
        "operator": "甲賀市コミュニティバス",
        "ref": "",
        "url": "",
        "url2": ""
      }
    },
    {
      "type": "Feature",
      "geometry": {
        "type": "Point",
        "coordinates": [
          136.1481685,
          34.9942888
        ]
      },
      "properties": {
        "内容": "バス停: 道垣内 (甲賀市コミュニティバス)",
        "name": "道垣内",
        "operator": "甲賀市コミュニティバス",
        "ref": "",
        "url": "",
        "url2": ""
      }
    },
    {
      "type": "Feature",
      "geometry": {
        "type": "Point",
        "coordinates": [
          136.1482401,
          34.9941334
        ]
      },
      "properties": {
        "内容": "バス停: 道垣内 (甲賀市コミュニティバス)",
        "name": "道垣内",
        "operator": "甲賀市コミュニティバス",
        "ref": "",
        "url": "",
        "url2": ""
      }
    },
    {
      "type": "Feature",
      "geometry": {
        "type": "Point",
        "coordinates": [
          136.1455079,
          34.9937955
        ]
      },
      "properties": {
        "内容": "バス停: 下山東口 (甲賀市コミュニティバス)",
        "name": "下山東口",
        "operator": "甲賀市コミュニティバス",
        "ref": "",
        "url": "",
        "url2": ""
      }
    },
    {
      "type": "Feature",
      "geometry": {
        "type": "Point",
        "coordinates": [
          136.1409003,
          34.9932881
        ]
      },
      "properties": {
        "内容": "バス停: 下山 (甲賀市コミュニティバス)",
        "name": "下山",
        "operator": "甲賀市コミュニティバス",
        "ref": "",
        "url": "",
        "url2": ""
      }
    },
    {
      "type": "Feature",
      "geometry": {
        "type": "Point",
        "coordinates": [
          136.1353324,
          34.9926992
        ]
      },
      "properties": {
        "内容": "バス停: 西垣内 (甲賀市コミュニティバス)",
        "name": "西垣内",
        "operator": "甲賀市コミュニティバス",
        "ref": "",
        "url": "",
        "url2": ""
      }
    },
    {
      "type": "Feature",
      "geometry": {
        "type": "Point",
        "coordinates": [
          136.1355049,
          34.9926286
        ]
      },
      "properties": {
        "内容": "バス停: 西垣内 (甲賀市コミュニティバス)",
        "name": "西垣内",
        "operator": "甲賀市コミュニティバス",
        "ref": "",
        "url": "",
        "url2": ""
      }
    },
    {
      "type": "Feature",
      "geometry": {
        "type": "Point",
        "coordinates": [
          136.1319689,
          34.9951082
        ]
      },
      "properties": {
        "内容": "バス停: 広野台南 (甲賀市コミュニティバス)",
        "name": "広野台南",
        "operator": "甲賀市コミュニティバス",
        "ref": "",
        "url": "",
        "url2": ""
      }
    },
    {
      "type": "Feature",
      "geometry": {
        "type": "Point",
        "coordinates": [
          136.1318325,
          34.9978357
        ]
      },
      "properties": {
        "内容": "バス停: 広野台東 (甲賀市コミュニティバス)",
        "name": "広野台東",
        "operator": "甲賀市コミュニティバス",
        "ref": "",
        "url": "",
        "url2": ""
      }
    },
    {
      "type": "Feature",
      "geometry": {
        "type": "Point",
        "coordinates": [
          136.1290852,
          34.9987355
        ]
      },
      "properties": {
        "内容": "バス停: 広野台北 (甲賀市コミュニティバス)",
        "name": "広野台北",
        "operator": "甲賀市コミュニティバス",
        "ref": "",
        "url": "",
        "url2": ""
      }
    },
    {
      "type": "Feature",
      "geometry": {
        "type": "Point",
        "coordinates": [
          136.1265396,
          34.9969858
        ]
      },
      "properties": {
        "内容": "バス停: 広野台西 (甲賀市コミュニティバス)",
        "name": "広野台西",
        "operator": "甲賀市コミュニティバス",
        "ref": "",
        "url": "",
        "url2": ""
      }
    },
    {
      "type": "Feature",
      "geometry": {
        "type": "Point",
        "coordinates": [
          136.1287063,
          34.9963158
        ]
      },
      "properties": {
        "内容": "バス停: 広野台中央 (甲賀市コミュニティバス)",
        "name": "広野台中央",
        "operator": "甲賀市コミュニティバス",
        "ref": "",
        "url": "",
        "url2": ""
      }
    },
    {
      "type": "Feature",
      "geometry": {
        "type": "Point",
        "coordinates": [
          136.1257042,
          34.9860244
        ]
      },
      "properties": {
        "内容": "バス停: 西泉 (甲賀市コミュニティバス)",
        "name": "西泉",
        "operator": "甲賀市コミュニティバス",
        "ref": "",
        "url": "",
        "url2": ""
      }
    },
    {
      "type": "Feature",
      "geometry": {
        "type": "Point",
        "coordinates": [
          136.1254885,
          34.9859277
        ]
      },
      "properties": {
        "内容": "バス停: 西泉 (甲賀市コミュニティバス)",
        "name": "西泉",
        "operator": "甲賀市コミュニティバス",
        "ref": "",
        "url": "",
        "url2": ""
      }
    },
    {
      "type": "Feature",
      "geometry": {
        "type": "Point",
        "coordinates": [
          136.1174569,
          34.9827719
        ]
      },
      "properties": {
        "内容": "バス停: 三雲駅 (甲賀市)",
        "name": "三雲駅",
        "operator": "甲賀市",
        "ref": "",
        "url": "",
        "url2": ""
      }
    },
    {
      "type": "Feature",
      "geometry": {
        "type": "Point",
        "coordinates": [
          136.1396195,
          34.9897862
        ]
      },
      "properties": {
        "内容": "バス停: 九品寺 (甲賀市コミュニティバス)",
        "name": "九品寺",
        "operator": "甲賀市コミュニティバス",
        "ref": "",
        "url": "",
        "url2": ""
      }
    },
    {
      "type": "Feature",
      "geometry": {
        "type": "Point",
        "coordinates": [
          136.1347181,
          34.9845623
        ]
      },
      "properties": {
        "内容": "バス停: 伴谷口 (甲賀市コミュニティバス)",
        "name": "伴谷口",
        "operator": "甲賀市コミュニティバス",
        "ref": "",
        "url": "",
        "url2": ""
      }
    },
    {
      "type": "Feature",
      "geometry": {
        "type": "Point",
        "coordinates": [
          136.1361741,
          34.9845277
        ]
      },
      "properties": {
        "内容": "バス停: 伴谷口 (甲賀市コミュニティバス)",
        "name": "伴谷口",
        "operator": "甲賀市コミュニティバス",
        "ref": "",
        "url": "",
        "url2": ""
      }
    },
    {
      "type": "Feature",
      "geometry": {
        "type": "Point",
        "coordinates": [
          136.135954,
          34.9851618
        ]
      },
      "properties": {
        "内容": "バス停: 伴谷口 (甲賀市コミュニティバス)",
        "name": "伴谷口",
        "operator": "甲賀市コミュニティバス",
        "ref": "",
        "url": "",
        "url2": ""
      }
    },
    {
      "type": "Feature",
      "geometry": {
        "type": "Point",
        "coordinates": [
          136.1375389,
          34.9854066
        ]
      },
      "properties": {
        "内容": "バス停: 北泉二丁目 (甲賀市コミュニティバス)",
        "name": "北泉二丁目",
        "operator": "甲賀市コミュニティバス",
        "ref": "",
        "url": "",
        "url2": ""
      }
    },
    {
      "type": "Feature",
      "geometry": {
        "type": "Point",
        "coordinates": [
          136.1446787,
          34.9834898
        ]
      },
      "properties": {
        "内容": "バス停: ドン・キホーテ前 (甲賀市コミュニティバス)",
        "name": "ドン・キホーテ前",
        "operator": "甲賀市コミュニティバス",
        "ref": "",
        "url": "",
        "url2": ""
      }
    },
    {
      "type": "Feature",
      "geometry": {
        "type": "Point",
        "coordinates": [
          136.1445245,
          34.9834337
        ]
      },
      "properties": {
        "内容": "バス停: ドン・キホーテ前 (甲賀市コミュニティバス)",
        "name": "ドン・キホーテ前",
        "operator": "甲賀市コミュニティバス",
        "ref": "",
        "url": "",
        "url2": ""
      }
    },
    {
      "type": "Feature",
      "geometry": {
        "type": "Point",
        "coordinates": [
          136.1569742,
          34.9831165
        ]
      },
      "properties": {
        "内容": "バス停: 山手集会所 (甲賀市コミュニティバス)",
        "name": "山手集会所",
        "operator": "甲賀市コミュニティバス",
        "ref": "",
        "url": "",
        "url2": ""
      }
    },
    {
      "type": "Feature",
      "geometry": {
        "type": "Point",
        "coordinates": [
          136.1556383,
          34.9831629
        ]
      },
      "properties": {
        "内容": "バス停: 山手 (甲賀市コミュニティバス)",
        "name": "山手",
        "operator": "甲賀市コミュニティバス",
        "ref": "",
        "url": "",
        "url2": ""
      }
    },
    {
      "type": "Feature",
      "geometry": {
        "type": "Point",
        "coordinates": [
          136.1535412,
          34.9809104
        ]
      },
      "properties": {
        "内容": "バス停: 里北脇 (甲賀市コミュニティバス)",
        "name": "里北脇",
        "operator": "甲賀市コミュニティバス",
        "ref": "",
        "url": "",
        "url2": ""
      }
    },
    {
      "type": "Feature",
      "geometry": {
        "type": "Point",
        "coordinates": [
          136.1560182,
          34.9805036
        ]
      },
      "properties": {
        "内容": "バス停: 里北脇 (甲賀市コミュニティバス)",
        "name": "里北脇",
        "operator": "甲賀市コミュニティバス",
        "ref": "",
        "url": "",
        "url2": ""
      }
    },
    {
      "type": "Feature",
      "geometry": {
        "type": "Point",
        "coordinates": [
          136.1419499,
          34.9834327
        ]
      },
      "properties": {
        "内容": "バス停: 東泉 (甲賀市コミュニティバス)",
        "name": "東泉",
        "operator": "甲賀市コミュニティバス",
        "ref": "",
        "url": "",
        "url2": ""
      }
    },
    {
      "type": "Feature",
      "geometry": {
        "type": "Point",
        "coordinates": [
          136.1407387,
          34.9834196
        ]
      },
      "properties": {
        "内容": "バス停: 東泉 (甲賀市コミュニティバス)",
        "name": "東泉",
        "operator": "甲賀市コミュニティバス",
        "ref": "",
        "url": "",
        "url2": ""
      }
    },
    {
      "type": "Feature",
      "geometry": {
        "type": "Point",
        "coordinates": [
          136.1396518,
          34.9878608
        ]
      },
      "properties": {
        "内容": "バス停: 駒の口 (甲賀市コミュニティバス)",
        "name": "駒の口",
        "operator": "甲賀市コミュニティバス",
        "ref": "",
        "url": "",
        "url2": ""
      }
    },
    {
      "type": "Feature",
      "geometry": {
        "type": "Point",
        "coordinates": [
          136.1395946,
          34.9879786
        ]
      },
      "properties": {
        "内容": "バス停: 駒の口 (甲賀市コミュニティバス)",
        "name": "駒の口",
        "operator": "甲賀市コミュニティバス",
        "ref": "",
        "url": "",
        "url2": ""
      }
    },
    {
      "type": "Feature",
      "geometry": {
        "type": "Point",
        "coordinates": [
          136.1431339,
          34.9878506
        ]
      },
      "properties": {
        "内容": "バス停: さつきが丘 (甲賀市コミュニティバス)",
        "name": "さつきが丘",
        "operator": "甲賀市コミュニティバス",
        "ref": "",
        "url": "",
        "url2": ""
      }
    },
    {
      "type": "Feature",
      "geometry": {
        "type": "Point",
        "coordinates": [
          136.1430951,
          34.9877347
        ]
      },
      "properties": {
        "内容": "バス停: さつきが丘 (甲賀市コミュニティバス)",
        "name": "さつきが丘",
        "operator": "甲賀市コミュニティバス",
        "ref": "",
        "url": "",
        "url2": ""
      }
    },
    {
      "type": "Feature",
      "geometry": {
        "type": "Point",
        "coordinates": [
          136.1526144,
          34.986449
        ]
      },
      "properties": {
        "内容": "バス停: 工業団地口 (甲賀市コミュニティバス)",
        "name": "工業団地口",
        "operator": "甲賀市コミュニティバス",
        "ref": "",
        "url": "",
        "url2": ""
      }
    },
    {
      "type": "Feature",
      "geometry": {
        "type": "Point",
        "coordinates": [
          136.1525774,
          34.9863424
        ]
      },
      "properties": {
        "内容": "バス停: 工業団地口 (甲賀市コミュニティバス)",
        "name": "工業団地口",
        "operator": "甲賀市コミュニティバス",
        "ref": "",
        "url": "",
        "url2": ""
      }
    },
    {
      "type": "Feature",
      "geometry": {
        "type": "Point",
        "coordinates": [
          136.1604517,
          34.9872074
        ]
      },
      "properties": {
        "内容": "バス停: 笹が丘 (甲賀市コミュニティバス)",
        "name": "笹が丘",
        "operator": "甲賀市コミュニティバス",
        "ref": "",
        "url": "",
        "url2": ""
      }
    },
    {
      "type": "Feature",
      "geometry": {
        "type": "Point",
        "coordinates": [
          136.1604238,
          34.9870939
        ]
      },
      "properties": {
        "内容": "バス停: 笹が丘 (甲賀市コミュニティバス)",
        "name": "笹が丘",
        "operator": "甲賀市コミュニティバス",
        "ref": "",
        "url": "",
        "url2": ""
      }
    },
    {
      "type": "Feature",
      "geometry": {
        "type": "Point",
        "coordinates": [
          136.1617775,
          34.9869233
        ]
      },
      "properties": {
        "内容": "バス停: 笹が丘東 (甲賀市コミュニティバス)",
        "name": "笹が丘東",
        "operator": "甲賀市コミュニティバス",
        "ref": "",
        "url": "",
        "url2": ""
      }
    },
    {
      "type": "Feature",
      "geometry": {
        "type": "Point",
        "coordinates": [
          136.1643293,
          34.9885736
        ]
      },
      "properties": {
        "内容": "バス停: ひのきが丘東 (甲賀市コミュニティバス)",
        "name": "ひのきが丘東",
        "operator": "甲賀市コミュニティバス",
        "ref": "",
        "url": "",
        "url2": ""
      }
    },
    {
      "type": "Feature",
      "geometry": {
        "type": "Point",
        "coordinates": [
          136.1604393,
          34.9911281
        ]
      },
      "properties": {
        "内容": "バス停: ひのきが丘 (甲賀市コミュニティバス)",
        "name": "ひのきが丘",
        "operator": "甲賀市コミュニティバス",
        "ref": "",
        "url": "",
        "url2": ""
      }
    },
    {
      "type": "Feature",
      "geometry": {
        "type": "Point",
        "coordinates": [
          136.1568348,
          34.9916223
        ]
      },
      "properties": {
        "内容": "バス停: ひのきが丘西 (甲賀市コミュニティバス)",
        "name": "ひのきが丘西",
        "operator": "甲賀市コミュニティバス",
        "ref": "",
        "url": "",
        "url2": ""
      }
    },
    {
      "type": "Feature",
      "geometry": {
        "type": "Point",
        "coordinates": [
          136.1613801,
          34.9682981
        ]
      },
      "properties": {
        "内容": "バス停: 水口中学校 (甲賀市コミュニティバス)",
        "name": "水口中学校",
        "operator": "甲賀市コミュニティバス",
        "ref": "",
        "url": "",
        "url2": ""
      }
    },
    {
      "type": "Feature",
      "geometry": {
        "type": "Point",
        "coordinates": [
          136.1615456,
          34.968312
        ]
      },
      "properties": {
        "内容": "バス停: 水口中学校 (甲賀市コミュニティバス)",
        "name": "水口中学校",
        "operator": "甲賀市コミュニティバス",
        "ref": "",
        "url": "",
        "url2": ""
      }
    },
    {
      "type": "Feature",
      "geometry": {
        "type": "Point",
        "coordinates": [
          136.1589783,
          34.9696569
        ]
      },
      "properties": {
        "内容": "バス停: 中邸 (甲賀市コミュニティバス)",
        "name": "中邸",
        "operator": "甲賀市コミュニティバス",
        "ref": "",
        "url": "",
        "url2": ""
      }
    },
    {
      "type": "Feature",
      "geometry": {
        "type": "Point",
        "coordinates": [
          136.1588981,
          34.9695888
        ]
      },
      "properties": {
        "内容": "バス停: 中邸 (甲賀市コミュニティバス)",
        "name": "中邸",
        "operator": "甲賀市コミュニティバス",
        "ref": "",
        "url": "",
        "url2": ""
      }
    },
    {
      "type": "Feature",
      "geometry": {
        "type": "Point",
        "coordinates": [
          136.1586882,
          34.9702474
        ]
      },
      "properties": {
        "内容": "バス停: 中邸 (甲賀市コミュニティバス)",
        "name": "中邸",
        "operator": "甲賀市コミュニティバス",
        "ref": "",
        "url": "",
        "url2": ""
      }
    },
    {
      "type": "Feature",
      "geometry": {
        "type": "Point",
        "coordinates": [
          136.1488879,
          34.9706533
        ]
      },
      "properties": {
        "内容": "バス停: 宇田東 (甲賀市コミュニティバス)",
        "name": "宇田東",
        "operator": "甲賀市コミュニティバス",
        "ref": "",
        "url": "",
        "url2": ""
      }
    },
    {
      "type": "Feature",
      "geometry": {
        "type": "Point",
        "coordinates": [
          136.149032,
          34.9705965
        ]
      },
      "properties": {
        "内容": "バス停: 宇田東 (甲賀市コミュニティバス)",
        "name": "宇田東",
        "operator": "甲賀市コミュニティバス",
        "ref": "",
        "url": "",
        "url2": ""
      }
    },
    {
      "type": "Feature",
      "geometry": {
        "type": "Point",
        "coordinates": [
          136.1457614,
          34.9684267
        ]
      },
      "properties": {
        "内容": "バス停: 柏貴団地 (甲賀市コミュニティバス)",
        "name": "柏貴団地",
        "operator": "甲賀市コミュニティバス",
        "ref": "",
        "url": "",
        "url2": ""
      }
    },
    {
      "type": "Feature",
      "geometry": {
        "type": "Point",
        "coordinates": [
          136.1448019,
          34.9655513
        ]
      },
      "properties": {
        "内容": "バス停: 柏貴橋 (甲賀市コミュニティバス)",
        "name": "柏貴橋",
        "operator": "甲賀市コミュニティバス",
        "ref": "",
        "url": "",
        "url2": ""
      }
    },
    {
      "type": "Feature",
      "geometry": {
        "type": "Point",
        "coordinates": [
          136.1467642,
          34.9641581
        ]
      },
      "properties": {
        "内容": "バス停: 宇川北 (甲賀市コミュニティバス)",
        "name": "宇川北",
        "operator": "甲賀市コミュニティバス",
        "ref": "",
        "url": "",
        "url2": ""
      }
    },
    {
      "type": "Feature",
      "geometry": {
        "type": "Point",
        "coordinates": [
          136.1468349,
          34.9640273
        ]
      },
      "properties": {
        "内容": "バス停: 宇川北 (甲賀市コミュニティバス)",
        "name": "宇川北",
        "operator": "甲賀市コミュニティバス",
        "ref": "",
        "url": "",
        "url2": ""
      }
    },
    {
      "type": "Feature",
      "geometry": {
        "type": "Point",
        "coordinates": [
          136.1496571,
          34.9578432
        ]
      },
      "properties": {
        "内容": "バス停: 貴生川一丁目 (甲賀市コミュニティバス)",
        "name": "貴生川一丁目",
        "operator": "甲賀市コミュニティバス",
        "ref": "",
        "url": "",
        "url2": ""
      }
    },
    {
      "type": "Feature",
      "geometry": {
        "type": "Point",
        "coordinates": [
          136.1375755,
          34.9506958
        ]
      },
      "properties": {
        "内容": "バス停: かふかの丘 (甲賀市コミュニティバス)",
        "name": "かふかの丘",
        "operator": "甲賀市コミュニティバス",
        "ref": "",
        "url": "",
        "url2": ""
      }
    },
    {
      "type": "Feature",
      "geometry": {
        "type": "Point",
        "coordinates": [
          136.1360189,
          34.9507956
        ]
      },
      "properties": {
        "内容": "バス停: かふかの丘西 (甲賀市コミュニティバス)",
        "name": "かふかの丘西",
        "operator": "甲賀市コミュニティバス",
        "ref": "",
        "url": "",
        "url2": ""
      }
    },
    {
      "type": "Feature",
      "geometry": {
        "type": "Point",
        "coordinates": [
          136.2432101,
          35.2774312
        ]
      },
      "properties": {
        "内容": "バス停: 長曽根口",
        "name": "長曽根口",
        "operator": "事業者不明",
        "ref": "",
        "url": "",
        "url2": ""
      }
    },
    {
      "type": "Feature",
      "geometry": {
        "type": "Point",
        "coordinates": [
          136.2431743,
          35.2754319
        ]
      },
      "properties": {
        "内容": "バス停: 栄町二丁目",
        "name": "栄町二丁目",
        "operator": "事業者不明",
        "ref": "",
        "url": "",
        "url2": ""
      }
    },
    {
      "type": "Feature",
      "geometry": {
        "type": "Point",
        "coordinates": [
          136.2450586,
          35.2741881
        ]
      },
      "properties": {
        "内容": "バス停: 栄町一丁目",
        "name": "栄町一丁目",
        "operator": "事業者不明",
        "ref": "",
        "url": "",
        "url2": ""
      }
    },
    {
      "type": "Feature",
      "geometry": {
        "type": "Point",
        "coordinates": [
          136.2487003,
          35.2702772
        ]
      },
      "properties": {
        "内容": "バス停: 池州町南",
        "name": "池州町南",
        "operator": "事業者不明",
        "ref": "",
        "url": "",
        "url2": ""
      }
    },
    {
      "type": "Feature",
      "geometry": {
        "type": "Point",
        "coordinates": [
          136.2449026,
          35.2741713
        ]
      },
      "properties": {
        "内容": "バス停: 栄町一丁目",
        "name": "栄町一丁目",
        "operator": "事業者不明",
        "ref": "",
        "url": "",
        "url2": ""
      }
    },
    {
      "type": "Feature",
      "geometry": {
        "type": "Point",
        "coordinates": [
          136.2486636,
          35.2701516
        ]
      },
      "properties": {
        "内容": "バス停: 池州町南",
        "name": "池州町南",
        "operator": "事業者不明",
        "ref": "",
        "url": "",
        "url2": ""
      }
    },
    {
      "type": "Feature",
      "geometry": {
        "type": "Point",
        "coordinates": [
          136.249116,
          35.2709552
        ]
      },
      "properties": {
        "内容": "バス停: 池州町北",
        "name": "池州町北",
        "operator": "事業者不明",
        "ref": "",
        "url": "",
        "url2": ""
      }
    },
    {
      "type": "Feature",
      "geometry": {
        "type": "Point",
        "coordinates": [
          136.247501,
          35.2723881
        ]
      },
      "properties": {
        "内容": "バス停: 城西小学校前",
        "name": "城西小学校前",
        "operator": "事業者不明",
        "ref": "",
        "url": "",
        "url2": ""
      }
    },
    {
      "type": "Feature",
      "geometry": {
        "type": "Point",
        "coordinates": [
          136.2473566,
          35.2723998
        ]
      },
      "properties": {
        "内容": "バス停: 城西小学校前",
        "name": "城西小学校前",
        "operator": "事業者不明",
        "ref": "",
        "url": "",
        "url2": ""
      }
    },
    {
      "type": "Feature",
      "geometry": {
        "type": "Point",
        "coordinates": [
          136.2430331,
          35.2753987
        ]
      },
      "properties": {
        "内容": "バス停: 栄町二丁目",
        "name": "栄町二丁目",
        "operator": "事業者不明",
        "ref": "",
        "url": "",
        "url2": ""
      }
    },
    {
      "type": "Feature",
      "geometry": {
        "type": "Point",
        "coordinates": [
          136.2516311,
          34.9408917
        ]
      },
      "properties": {
        "内容": "バス停: 市場口 (甲賀市コミュニティバス)",
        "name": "市場口",
        "operator": "甲賀市コミュニティバス",
        "ref": "",
        "url": "",
        "url2": ""
      }
    },
    {
      "type": "Feature",
      "geometry": {
        "type": "Point",
        "coordinates": [
          136.2715365,
          34.9382212
        ]
      },
      "properties": {
        "内容": "バス停: 近江白川 (甲賀市コミュニティバス)",
        "name": "近江白川",
        "operator": "甲賀市コミュニティバス",
        "ref": "",
        "url": "",
        "url2": ""
      }
    },
    {
      "type": "Feature",
      "geometry": {
        "type": "Point",
        "coordinates": [
          136.2710896,
          34.9379451
        ]
      },
      "properties": {
        "内容": "バス停: 近江白川 (甲賀市コミュニティバス)",
        "name": "近江白川",
        "operator": "甲賀市コミュニティバス",
        "ref": "",
        "url": "",
        "url2": ""
      }
    },
    {
      "type": "Feature",
      "geometry": {
        "type": "Point",
        "coordinates": [
          136.2820595,
          34.9372177
        ]
      },
      "properties": {
        "内容": "バス停: 土山地域市民センター (甲賀市コミュニティバス)",
        "name": "土山地域市民センター",
        "operator": "甲賀市コミュニティバス",
        "ref": "",
        "url": "",
        "url2": ""
      }
    },
    {
      "type": "Feature",
      "geometry": {
        "type": "Point",
        "coordinates": [
          136.2818393,
          34.9370818
        ]
      },
      "properties": {
        "内容": "バス停: 土山地域市民センター (甲賀市コミュニティバス)",
        "name": "土山地域市民センター",
        "operator": "甲賀市コミュニティバス",
        "ref": "",
        "url": "",
        "url2": ""
      }
    },
    {
      "type": "Feature",
      "geometry": {
        "type": "Point",
        "coordinates": [
          136.2899328,
          34.9328114
        ]
      },
      "properties": {
        "内容": "バス停: 東土山 (甲賀市コミュニティバス)",
        "name": "東土山",
        "operator": "甲賀市コミュニティバス",
        "ref": "",
        "url": "",
        "url2": ""
      }
    },
    {
      "type": "Feature",
      "geometry": {
        "type": "Point",
        "coordinates": [
          136.290401,
          34.9326847
        ]
      },
      "properties": {
        "内容": "バス停: 東土山 (甲賀市コミュニティバス)",
        "name": "東土山",
        "operator": "甲賀市コミュニティバス",
        "ref": "",
        "url": "",
        "url2": ""
      }
    },
    {
      "type": "Feature",
      "geometry": {
        "type": "Point",
        "coordinates": [
          136.2934157,
          34.9304214
        ]
      },
      "properties": {
        "内容": "バス停: 土山中学校 (甲賀市コミュニティバス)",
        "name": "土山中学校",
        "operator": "甲賀市コミュニティバス",
        "ref": "",
        "url": "",
        "url2": ""
      }
    },
    {
      "type": "Feature",
      "geometry": {
        "type": "Point",
        "coordinates": [
          136.3039608,
          34.9242603
        ]
      },
      "properties": {
        "内容": "バス停: かにが坂 (甲賀市コミュニティバス)",
        "name": "かにが坂",
        "operator": "甲賀市コミュニティバス",
        "ref": "",
        "url": "",
        "url2": ""
      }
    },
    {
      "type": "Feature",
      "geometry": {
        "type": "Point",
        "coordinates": [
          136.3039037,
          34.9239777
        ]
      },
      "properties": {
        "内容": "バス停: かにが坂 (甲賀市コミュニティバス)",
        "name": "かにが坂",
        "operator": "甲賀市コミュニティバス",
        "ref": "",
        "url": "",
        "url2": ""
      }
    },
    {
      "type": "Feature",
      "geometry": {
        "type": "Point",
        "coordinates": [
          136.3110174,
          34.9199969
        ]
      },
      "properties": {
        "内容": "バス停: 近江山内 (甲賀市コミュニティバス)",
        "name": "近江山内",
        "operator": "甲賀市コミュニティバス",
        "ref": "",
        "url": "",
        "url2": ""
      }
    },
    {
      "type": "Feature",
      "geometry": {
        "type": "Point",
        "coordinates": [
          136.3109573,
          34.9197694
        ]
      },
      "properties": {
        "内容": "バス停: 近江山内 (甲賀市コミュニティバス)",
        "name": "近江山内",
        "operator": "甲賀市コミュニティバス",
        "ref": "",
        "url": "",
        "url2": ""
      }
    },
    {
      "type": "Feature",
      "geometry": {
        "type": "Point",
        "coordinates": [
          136.3209382,
          34.9132798
        ]
      },
      "properties": {
        "内容": "バス停: 山中 (甲賀市コミュニティバス)",
        "name": "山中",
        "operator": "甲賀市コミュニティバス",
        "ref": "",
        "url": "",
        "url2": ""
      }
    },
    {
      "type": "Feature",
      "geometry": {
        "type": "Point",
        "coordinates": [
          136.3205745,
          34.9141746
        ]
      },
      "properties": {
        "内容": "バス停: 山中 (甲賀市コミュニティバス)",
        "name": "山中",
        "operator": "甲賀市コミュニティバス",
        "ref": "",
        "url": "",
        "url2": ""
      }
    },
    {
      "type": "Feature",
      "geometry": {
        "type": "Point",
        "coordinates": [
          136.3254464,
          34.9091714
        ]
      },
      "properties": {
        "内容": "バス停: 十楽寺 (甲賀市コミュニティバス)",
        "name": "十楽寺",
        "operator": "甲賀市コミュニティバス",
        "ref": "",
        "url": "",
        "url2": ""
      }
    },
    {
      "type": "Feature",
      "geometry": {
        "type": "Point",
        "coordinates": [
          136.3240881,
          34.9095668
        ]
      },
      "properties": {
        "内容": "バス停: 十楽寺 (甲賀市コミュニティバス)",
        "name": "十楽寺",
        "operator": "甲賀市コミュニティバス",
        "ref": "",
        "url": "",
        "url2": ""
      }
    },
    {
      "type": "Feature",
      "geometry": {
        "type": "Point",
        "coordinates": [
          136.3314727,
          34.9052748
        ]
      },
      "properties": {
        "内容": "バス停: 熊野神社 (甲賀市コミュニティバス)",
        "name": "熊野神社",
        "operator": "甲賀市コミュニティバス",
        "ref": "",
        "url": "",
        "url2": ""
      }
    },
    {
      "type": "Feature",
      "geometry": {
        "type": "Point",
        "coordinates": [
          136.3350721,
          34.9143883
        ]
      },
      "properties": {
        "内容": "バス停: 笹路 (甲賀市コミュニティバス)",
        "name": "笹路",
        "operator": "甲賀市コミュニティバス",
        "ref": "",
        "url": "",
        "url2": ""
      }
    },
    {
      "type": "Feature",
      "geometry": {
        "type": "Point",
        "coordinates": [
          136.3284219,
          34.9217731
        ]
      },
      "properties": {
        "内容": "バス停: 山内小学校 (甲賀市コミュニティバス)",
        "name": "山内小学校",
        "operator": "甲賀市コミュニティバス",
        "ref": "",
        "url": "",
        "url2": ""
      }
    },
    {
      "type": "Feature",
      "geometry": {
        "type": "Point",
        "coordinates": [
          136.327419,
          34.9231018
        ]
      },
      "properties": {
        "内容": "バス停: 黒川 (甲賀市コミュニティバス)",
        "name": "黒川",
        "operator": "甲賀市コミュニティバス",
        "ref": "",
        "url": "",
        "url2": ""
      }
    },
    {
      "type": "Feature",
      "geometry": {
        "type": "Point",
        "coordinates": [
          136.3273572,
          34.9232804
        ]
      },
      "properties": {
        "内容": "バス停: 黒川 (甲賀市コミュニティバス)",
        "name": "黒川",
        "operator": "甲賀市コミュニティバス",
        "ref": "",
        "url": "",
        "url2": ""
      }
    },
    {
      "type": "Feature",
      "geometry": {
        "type": "Point",
        "coordinates": [
          136.3238492,
          34.92306
        ]
      },
      "properties": {
        "内容": "バス停: 黒川口 (甲賀市コミュニティバス)",
        "name": "黒川口",
        "operator": "甲賀市コミュニティバス",
        "ref": "",
        "url": "",
        "url2": ""
      }
    },
    {
      "type": "Feature",
      "geometry": {
        "type": "Point",
        "coordinates": [
          136.3163518,
          34.921448
        ]
      },
      "properties": {
        "内容": "バス停: やまびこドーム (甲賀市コミュニティバス)",
        "name": "やまびこドーム",
        "operator": "甲賀市コミュニティバス",
        "ref": "",
        "url": "",
        "url2": ""
      }
    },
    {
      "type": "Feature",
      "geometry": {
        "type": "Point",
        "coordinates": [
          136.3287671,
          34.9251776
        ]
      },
      "properties": {
        "内容": "バス停: 中村口 (甲賀市コミュニティバス)",
        "name": "中村口",
        "operator": "甲賀市コミュニティバス",
        "ref": "",
        "url": "",
        "url2": ""
      }
    },
    {
      "type": "Feature",
      "geometry": {
        "type": "Point",
        "coordinates": [
          136.334714,
          34.9298655
        ]
      },
      "properties": {
        "内容": "バス停: 上の平 (甲賀市コミュニティバス)",
        "name": "上の平",
        "operator": "甲賀市コミュニティバス",
        "ref": "",
        "url": "",
        "url2": ""
      }
    },
    {
      "type": "Feature",
      "geometry": {
        "type": "Point",
        "coordinates": [
          136.3346486,
          34.9299812
        ]
      },
      "properties": {
        "内容": "バス停: 上の平 (甲賀市コミュニティバス)",
        "name": "上の平",
        "operator": "甲賀市コミュニティバス",
        "ref": "",
        "url": "",
        "url2": ""
      }
    },
    {
      "type": "Feature",
      "geometry": {
        "type": "Point",
        "coordinates": [
          136.3378721,
          34.9283707
        ]
      },
      "properties": {
        "内容": "バス停: ダイヤモンド滋賀 (甲賀市コミュニティバス)",
        "name": "ダイヤモンド滋賀",
        "operator": "甲賀市コミュニティバス",
        "ref": "",
        "url": "",
        "url2": ""
      }
    },
    {
      "type": "Feature",
      "geometry": {
        "type": "Point",
        "coordinates": [
          136.338723,
          34.9331901
        ]
      },
      "properties": {
        "内容": "バス停: 黒滝口 (甲賀市コミュニティバス)",
        "name": "黒滝口",
        "operator": "甲賀市コミュニティバス",
        "ref": "",
        "url": "",
        "url2": ""
      }
    },
    {
      "type": "Feature",
      "geometry": {
        "type": "Point",
        "coordinates": [
          136.3476702,
          34.9359631
        ]
      },
      "properties": {
        "内容": "バス停: 黒滝 (甲賀市コミュニティバス)",
        "name": "黒滝",
        "operator": "甲賀市コミュニティバス",
        "ref": "",
        "url": "",
        "url2": ""
      }
    },
    {
      "type": "Feature",
      "geometry": {
        "type": "Point",
        "coordinates": [
          136.3393921,
          34.9567931
        ]
      },
      "properties": {
        "内容": "バス停: 鮎河口 (甲賀市コミュニティバス)",
        "name": "鮎河口",
        "operator": "甲賀市コミュニティバス",
        "ref": "",
        "url": "",
        "url2": ""
      }
    },
    {
      "type": "Feature",
      "geometry": {
        "type": "Point",
        "coordinates": [
          136.3394495,
          34.9565558
        ]
      },
      "properties": {
        "内容": "バス停: 鮎河口 (甲賀市コミュニティバス)",
        "name": "鮎河口",
        "operator": "甲賀市コミュニティバス",
        "ref": "",
        "url": "",
        "url2": ""
      }
    },
    {
      "type": "Feature",
      "geometry": {
        "type": "Point",
        "coordinates": [
          136.3400445,
          34.9592667
        ]
      },
      "properties": {
        "内容": "バス停: 近江鮎河 (甲賀市コミュニティバス)",
        "name": "近江鮎河",
        "operator": "甲賀市コミュニティバス",
        "ref": "",
        "url": "",
        "url2": ""
      }
    },
    {
      "type": "Feature",
      "geometry": {
        "type": "Point",
        "coordinates": [
          136.3401601,
          34.9593256
        ]
      },
      "properties": {
        "内容": "バス停: 近江鮎河 (甲賀市コミュニティバス)",
        "name": "近江鮎河",
        "operator": "甲賀市コミュニティバス",
        "ref": "",
        "url": "",
        "url2": ""
      }
    },
    {
      "type": "Feature",
      "geometry": {
        "type": "Point",
        "coordinates": [
          136.3410362,
          34.9598394
        ]
      },
      "properties": {
        "内容": "バス停: 市道近江鮎河 (甲賀市コミュニティバス)",
        "name": "市道近江鮎河",
        "operator": "甲賀市コミュニティバス",
        "ref": "",
        "url": "",
        "url2": ""
      }
    },
    {
      "type": "Feature",
      "geometry": {
        "type": "Point",
        "coordinates": [
          136.3449321,
          34.9764879
        ]
      },
      "properties": {
        "内容": "バス停: 若宮神社 (甲賀市コミュニティバス)",
        "name": "若宮神社",
        "operator": "甲賀市コミュニティバス",
        "ref": "",
        "url": "",
        "url2": ""
      }
    },
    {
      "type": "Feature",
      "geometry": {
        "type": "Point",
        "coordinates": [
          136.3477895,
          34.9773655
        ]
      },
      "properties": {
        "内容": "バス停: 大河原 (甲賀市コミュニティバス)",
        "name": "大河原",
        "operator": "甲賀市コミュニティバス",
        "ref": "",
        "url": "",
        "url2": ""
      }
    },
    {
      "type": "Feature",
      "geometry": {
        "type": "Point",
        "coordinates": [
          136.2736275,
          34.927707
        ]
      },
      "properties": {
        "内容": "バス停: 大澤東 (甲賀市コミュニティバス)",
        "name": "大澤東",
        "operator": "甲賀市コミュニティバス",
        "ref": "",
        "url": "",
        "url2": ""
      }
    },
    {
      "type": "Feature",
      "geometry": {
        "type": "Point",
        "coordinates": [
          136.2708084,
          34.9286165
        ]
      },
      "properties": {
        "内容": "バス停: 大澤 (甲賀市コミュニティバス)",
        "name": "大澤",
        "operator": "甲賀市コミュニティバス",
        "ref": "",
        "url": "",
        "url2": ""
      }
    },
    {
      "type": "Feature",
      "geometry": {
        "type": "Point",
        "coordinates": [
          136.2822573,
          34.9398833
        ]
      },
      "properties": {
        "内容": "バス停: あいの丘 (甲賀市コミュニティバス)",
        "name": "あいの丘",
        "operator": "甲賀市コミュニティバス",
        "ref": "",
        "url": "",
        "url2": ""
      }
    },
    {
      "type": "Feature",
      "geometry": {
        "type": "Point",
        "coordinates": [
          136.2818402,
          34.9428969
        ]
      },
      "properties": {
        "内容": "バス停: 水月 (甲賀市コミュニティバス)",
        "name": "水月",
        "operator": "甲賀市コミュニティバス",
        "ref": "",
        "url": "",
        "url2": ""
      }
    },
    {
      "type": "Feature",
      "geometry": {
        "type": "Point",
        "coordinates": [
          136.2822854,
          34.9450902
        ]
      },
      "properties": {
        "内容": "バス停: 和草野 (甲賀市コミュニティバス)",
        "name": "和草野",
        "operator": "甲賀市コミュニティバス",
        "ref": "",
        "url": "",
        "url2": ""
      }
    },
    {
      "type": "Feature",
      "geometry": {
        "type": "Point",
        "coordinates": [
          136.2823618,
          34.9450171
        ]
      },
      "properties": {
        "内容": "バス停: 和草野 (甲賀市コミュニティバス)",
        "name": "和草野",
        "operator": "甲賀市コミュニティバス",
        "ref": "",
        "url": "",
        "url2": ""
      }
    },
    {
      "type": "Feature",
      "geometry": {
        "type": "Point",
        "coordinates": [
          136.2844321,
          34.9510223
        ]
      },
      "properties": {
        "内容": "バス停: 近江平子 (甲賀市コミュニティバス)",
        "name": "近江平子",
        "operator": "甲賀市コミュニティバス",
        "ref": "",
        "url": "",
        "url2": ""
      }
    },
    {
      "type": "Feature",
      "geometry": {
        "type": "Point",
        "coordinates": [
          136.2843568,
          34.9511157
        ]
      },
      "properties": {
        "内容": "バス停: 近江平子 (甲賀市コミュニティバス)",
        "name": "近江平子",
        "operator": "甲賀市コミュニティバス",
        "ref": "",
        "url": "",
        "url2": ""
      }
    },
    {
      "type": "Feature",
      "geometry": {
        "type": "Point",
        "coordinates": [
          136.2841073,
          34.9585005
        ]
      },
      "properties": {
        "内容": "バス停: 瀬音 (甲賀市コミュニティバス)",
        "name": "瀬音",
        "operator": "甲賀市コミュニティバス",
        "ref": "",
        "url": "",
        "url2": ""
      }
    },
    {
      "type": "Feature",
      "geometry": {
        "type": "Point",
        "coordinates": [
          136.2859656,
          34.9604172
        ]
      },
      "properties": {
        "内容": "バス停: 東瀬音 (甲賀市コミュニティバス)",
        "name": "東瀬音",
        "operator": "甲賀市コミュニティバス",
        "ref": "",
        "url": "",
        "url2": ""
      }
    },
    {
      "type": "Feature",
      "geometry": {
        "type": "Point",
        "coordinates": [
          136.2893283,
          34.9628541
        ]
      },
      "properties": {
        "内容": "バス停: 青土口 (甲賀市コミュニティバス)",
        "name": "青土口",
        "operator": "甲賀市コミュニティバス",
        "ref": "",
        "url": "",
        "url2": ""
      }
    },
    {
      "type": "Feature",
      "geometry": {
        "type": "Point",
        "coordinates": [
          136.2974004,
          34.9633839
        ]
      },
      "properties": {
        "内容": "バス停: 青土 (甲賀市コミュニティバス)",
        "name": "青土",
        "operator": "甲賀市コミュニティバス",
        "ref": "",
        "url": "",
        "url2": ""
      }
    },
    {
      "type": "Feature",
      "geometry": {
        "type": "Point",
        "coordinates": [
          136.2955283,
          34.9643346
        ]
      },
      "properties": {
        "内容": "バス停: 中道 (甲賀市コミュニティバス)",
        "name": "中道",
        "operator": "甲賀市コミュニティバス",
        "ref": "",
        "url": "",
        "url2": ""
      }
    },
    {
      "type": "Feature",
      "geometry": {
        "type": "Point",
        "coordinates": [
          136.2954746,
          34.9642423
        ]
      },
      "properties": {
        "内容": "バス停: 中道 (甲賀市コミュニティバス)",
        "name": "中道",
        "operator": "甲賀市コミュニティバス",
        "ref": "",
        "url": "",
        "url2": ""
      }
    },
    {
      "type": "Feature",
      "geometry": {
        "type": "Point",
        "coordinates": [
          136.2796923,
          34.9584921
        ]
      },
      "properties": {
        "内容": "バス停: 西瀬音 (甲賀市コミュニティバス)",
        "name": "西瀬音",
        "operator": "甲賀市コミュニティバス",
        "ref": "",
        "url": "",
        "url2": ""
      }
    },
    {
      "type": "Feature",
      "geometry": {
        "type": "Point",
        "coordinates": [
          136.2765355,
          34.9546148
        ]
      },
      "properties": {
        "内容": "バス停: 緑ヶ丘口 (甲賀市コミュニティバス)",
        "name": "緑ヶ丘口",
        "operator": "甲賀市コミュニティバス",
        "ref": "",
        "url": "",
        "url2": ""
      }
    },
    {
      "type": "Feature",
      "geometry": {
        "type": "Point",
        "coordinates": [
          136.2741595,
          34.9490806
        ]
      },
      "properties": {
        "内容": "バス停: 野上野 (甲賀市コミュニティバス)",
        "name": "野上野",
        "operator": "甲賀市コミュニティバス",
        "ref": "",
        "url": "",
        "url2": ""
      }
    },
    {
      "type": "Feature",
      "geometry": {
        "type": "Point",
        "coordinates": [
          136.2691451,
          34.9440063
        ]
      },
      "properties": {
        "内容": "バス停: るりこう園 (甲賀市コミュニティバス)",
        "name": "るりこう園",
        "operator": "甲賀市コミュニティバス",
        "ref": "",
        "url": "",
        "url2": ""
      }
    },
    {
      "type": "Feature",
      "geometry": {
        "type": "Point",
        "coordinates": [
          136.2682963,
          34.9409017
        ]
      },
      "properties": {
        "内容": "バス停: 松尾 (甲賀市コミュニティバス)",
        "name": "松尾",
        "operator": "甲賀市コミュニティバス",
        "ref": "",
        "url": "",
        "url2": ""
      }
    },
    {
      "type": "Feature",
      "geometry": {
        "type": "Point",
        "coordinates": [
          136.2536643,
          34.9384891
        ]
      },
      "properties": {
        "内容": "バス停: 前野 (甲賀市コミュニティバス)",
        "name": "前野",
        "operator": "甲賀市コミュニティバス",
        "ref": "",
        "url": "",
        "url2": ""
      }
    },
    {
      "type": "Feature",
      "geometry": {
        "type": "Point",
        "coordinates": [
          136.2534595,
          34.9382288
        ]
      },
      "properties": {
        "内容": "バス停: 前野 (甲賀市コミュニティバス)",
        "name": "前野",
        "operator": "甲賀市コミュニティバス",
        "ref": "",
        "url": "",
        "url2": ""
      }
    },
    {
      "type": "Feature",
      "geometry": {
        "type": "Point",
        "coordinates": [
          136.2512646,
          34.9341913
        ]
      },
      "properties": {
        "内容": "バス停: 岩室橋 (甲賀市コミュニティバス)",
        "name": "岩室橋",
        "operator": "甲賀市コミュニティバス",
        "ref": "",
        "url": "",
        "url2": ""
      }
    },
    {
      "type": "Feature",
      "geometry": {
        "type": "Point",
        "coordinates": [
          136.2510535,
          34.9323687
        ]
      },
      "properties": {
        "内容": "バス停: 岩室公民館 (甲賀市コミュニティバス)",
        "name": "岩室公民館",
        "operator": "甲賀市コミュニティバス",
        "ref": "",
        "url": "",
        "url2": ""
      }
    },
    {
      "type": "Feature",
      "geometry": {
        "type": "Point",
        "coordinates": [
          136.2530547,
          34.9331029
        ]
      },
      "properties": {
        "内容": "バス停: 岩室里 (甲賀市コミュニティバス)",
        "name": "岩室里",
        "operator": "甲賀市コミュニティバス",
        "ref": "",
        "url": "",
        "url2": ""
      }
    },
    {
      "type": "Feature",
      "geometry": {
        "type": "Point",
        "coordinates": [
          136.2467419,
          34.9344587
        ]
      },
      "properties": {
        "内容": "バス停: 岩室間瀬戸 (甲賀市コミュニティバス)",
        "name": "岩室間瀬戸",
        "operator": "甲賀市コミュニティバス",
        "ref": "",
        "url": "",
        "url2": ""
      }
    },
    {
      "type": "Feature",
      "geometry": {
        "type": "Point",
        "coordinates": [
          136.2452013,
          34.9346385
        ]
      },
      "properties": {
        "内容": "バス停: 善福寺 (甲賀市コミュニティバス)",
        "name": "善福寺",
        "operator": "甲賀市コミュニティバス",
        "ref": "",
        "url": "",
        "url2": ""
      }
    },
    {
      "type": "Feature",
      "geometry": {
        "type": "Point",
        "coordinates": [
          136.2432036,
          34.934702
        ]
      },
      "properties": {
        "内容": "バス停: 岩室口 (甲賀市コミュニティバス)",
        "name": "岩室口",
        "operator": "甲賀市コミュニティバス",
        "ref": "",
        "url": "",
        "url2": ""
      }
    },
    {
      "type": "Feature",
      "geometry": {
        "type": "Point",
        "coordinates": [
          136.2374484,
          34.9300017
        ]
      },
      "properties": {
        "内容": "バス停: 新田 (甲賀市コミュニティバス)",
        "name": "新田",
        "operator": "甲賀市コミュニティバス",
        "ref": "",
        "url": "",
        "url2": ""
      }
    },
    {
      "type": "Feature",
      "geometry": {
        "type": "Point",
        "coordinates": [
          136.2081899,
          34.935447
        ]
      },
      "properties": {
        "内容": "バス停: 佐山コミセン (甲賀市コミュニティバス)",
        "name": "佐山コミセン",
        "operator": "甲賀市コミュニティバス",
        "ref": "",
        "url": "",
        "url2": ""
      }
    },
    {
      "type": "Feature",
      "geometry": {
        "type": "Point",
        "coordinates": [
          136.2058706,
          34.9344675
        ]
      },
      "properties": {
        "内容": "バス停: 神原 (甲賀市コミュニティバス)",
        "name": "神原",
        "operator": "甲賀市コミュニティバス",
        "ref": "",
        "url": "",
        "url2": ""
      }
    },
    {
      "type": "Feature",
      "geometry": {
        "type": "Point",
        "coordinates": [
          136.2016261,
          34.9340176
        ]
      },
      "properties": {
        "内容": "バス停: 打越口 (甲賀市コミュニティバス)",
        "name": "打越口",
        "operator": "甲賀市コミュニティバス",
        "ref": "",
        "url": "",
        "url2": ""
      }
    },
    {
      "type": "Feature",
      "geometry": {
        "type": "Point",
        "coordinates": [
          136.1977102,
          34.9319598
        ]
      },
      "properties": {
        "内容": "バス停: 椿神社 (甲賀市コミュニティバス)",
        "name": "椿神社",
        "operator": "甲賀市コミュニティバス",
        "ref": "",
        "url": "",
        "url2": ""
      }
    },
    {
      "type": "Feature",
      "geometry": {
        "type": "Point",
        "coordinates": [
          136.1937746,
          34.9274386
        ]
      },
      "properties": {
        "内容": "バス停: 甲賀西工業団地 (甲賀市コミュニティバス)",
        "name": "甲賀西工業団地",
        "operator": "甲賀市コミュニティバス",
        "ref": "",
        "url": "",
        "url2": ""
      }
    },
    {
      "type": "Feature",
      "geometry": {
        "type": "Point",
        "coordinates": [
          136.1927106,
          34.9263307
        ]
      },
      "properties": {
        "内容": "バス停: 甲賀西工業団地 (甲賀市コミュニティバス)",
        "name": "甲賀西工業団地",
        "operator": "甲賀市コミュニティバス",
        "ref": "",
        "url": "",
        "url2": ""
      }
    },
    {
      "type": "Feature",
      "geometry": {
        "type": "Point",
        "coordinates": [
          136.1754514,
          34.9287266
        ]
      },
      "properties": {
        "内容": "バス停: 甲南病院 (甲賀市コミュニティバス)",
        "name": "甲南病院",
        "operator": "甲賀市コミュニティバス",
        "ref": "",
        "url": "",
        "url2": ""
      }
    },
    {
      "type": "Feature",
      "geometry": {
        "type": "Point",
        "coordinates": [
          136.1861317,
          34.9190881
        ]
      },
      "properties": {
        "内容": "バス停: 寺庄駅北口 (甲賀市コミュニティバス)",
        "name": "寺庄駅北口",
        "operator": "甲賀市コミュニティバス",
        "ref": "",
        "url": "",
        "url2": ""
      }
    },
    {
      "type": "Feature",
      "geometry": {
        "type": "Point",
        "coordinates": [
          136.2067533,
          34.9334801
        ]
      },
      "properties": {
        "内容": "バス停: 日吉神社 (甲賀市コミュニティバス)",
        "name": "日吉神社",
        "operator": "甲賀市コミュニティバス",
        "ref": "",
        "url": "",
        "url2": ""
      }
    },
    {
      "type": "Feature",
      "geometry": {
        "type": "Point",
        "coordinates": [
          136.2086306,
          34.9303137
        ]
      },
      "properties": {
        "内容": "バス停: 新向山橋 (甲賀市コミュニティバス)",
        "name": "新向山橋",
        "operator": "甲賀市コミュニティバス",
        "ref": "",
        "url": "",
        "url2": ""
      }
    },
    {
      "type": "Feature",
      "geometry": {
        "type": "Point",
        "coordinates": [
          136.1984979,
          34.9283768
        ]
      },
      "properties": {
        "内容": "バス停: 宝蔵院 (甲賀市コミュニティバス)",
        "name": "宝蔵院",
        "operator": "甲賀市コミュニティバス",
        "ref": "",
        "url": "",
        "url2": ""
      }
    },
    {
      "type": "Feature",
      "geometry": {
        "type": "Point",
        "coordinates": [
          136.2032266,
          34.9290431
        ]
      },
      "properties": {
        "内容": "バス停: 打越 (甲賀市コミュニティバス)",
        "name": "打越",
        "operator": "甲賀市コミュニティバス",
        "ref": "",
        "url": "",
        "url2": ""
      }
    },
    {
      "type": "Feature",
      "geometry": {
        "type": "Point",
        "coordinates": [
          135.947283,
          35.0548046
        ]
      },
      "properties": {
        "内容": "バス停: 片岡",
        "name": "片岡",
        "operator": "事業者不明",
        "ref": "",
        "url": "",
        "url2": ""
      }
    },
    {
      "type": "Feature",
      "geometry": {
        "type": "Point",
        "coordinates": [
          135.9473362,
          35.0546638
        ]
      },
      "properties": {
        "内容": "バス停: 片岡",
        "name": "片岡",
        "operator": "事業者不明",
        "ref": "",
        "url": "",
        "url2": ""
      }
    },
    {
      "type": "Feature",
      "geometry": {
        "type": "Point",
        "coordinates": [
          136.1625595,
          34.9428901
        ]
      },
      "properties": {
        "内容": "バス停: 耕心 (甲賀市コミュニティバス)",
        "name": "耕心",
        "operator": "甲賀市コミュニティバス",
        "ref": "",
        "url": "",
        "url2": ""
      }
    },
    {
      "type": "Feature",
      "geometry": {
        "type": "Point",
        "coordinates": [
          136.1744549,
          34.9445124
        ]
      },
      "properties": {
        "内容": "バス停: 希望ケ丘四丁目 (甲賀市コミュニティバス)",
        "name": "希望ケ丘四丁目",
        "operator": "甲賀市コミュニティバス",
        "ref": "",
        "url": "",
        "url2": ""
      }
    },
    {
      "type": "Feature",
      "geometry": {
        "type": "Point",
        "coordinates": [
          136.1730115,
          34.9477553
        ]
      },
      "properties": {
        "内容": "バス停: 希望ケ丘小学校 (甲賀市コミュニティバス)",
        "name": "希望ケ丘小学校",
        "operator": "甲賀市コミュニティバス",
        "ref": "",
        "url": "",
        "url2": ""
      }
    },
    {
      "type": "Feature",
      "geometry": {
        "type": "Point",
        "coordinates": [
          136.1750658,
          34.9501647
        ]
      },
      "properties": {
        "内容": "バス停: 希望ケ丘三丁目 (甲賀市コミュニティバス)",
        "name": "希望ケ丘三丁目",
        "operator": "甲賀市コミュニティバス",
        "ref": "",
        "url": "",
        "url2": ""
      }
    },
    {
      "type": "Feature",
      "geometry": {
        "type": "Point",
        "coordinates": [
          136.1767058,
          34.9502351
        ]
      },
      "properties": {
        "内容": "バス停: 希望ケ丘一丁目 (甲賀市コミュニティバス)",
        "name": "希望ケ丘一丁目",
        "operator": "甲賀市コミュニティバス",
        "ref": "",
        "url": "",
        "url2": ""
      }
    },
    {
      "type": "Feature",
      "geometry": {
        "type": "Point",
        "coordinates": [
          136.1770754,
          34.9493651
        ]
      },
      "properties": {
        "内容": "バス停: 希望ケ丘コミセン (甲賀市コミュニティバス)",
        "name": "希望ケ丘コミセン",
        "operator": "甲賀市コミュニティバス",
        "ref": "",
        "url": "",
        "url2": ""
      }
    },
    {
      "type": "Feature",
      "geometry": {
        "type": "Point",
        "coordinates": [
          136.1780639,
          34.9481889
        ]
      },
      "properties": {
        "内容": "バス停: 希望ケ丘本町一丁目 (甲賀市コミュニティバス)",
        "name": "希望ケ丘本町一丁目",
        "operator": "甲賀市コミュニティバス",
        "ref": "",
        "url": "",
        "url2": ""
      }
    },
    {
      "type": "Feature",
      "geometry": {
        "type": "Point",
        "coordinates": [
          136.1772388,
          34.9471668
        ]
      },
      "properties": {
        "内容": "バス停: 希望ケ丘本町二丁目 (甲賀市コミュニティバス)",
        "name": "希望ケ丘本町二丁目",
        "operator": "甲賀市コミュニティバス",
        "ref": "",
        "url": "",
        "url2": ""
      }
    },
    {
      "type": "Feature",
      "geometry": {
        "type": "Point",
        "coordinates": [
          136.1772323,
          34.9434348
        ]
      },
      "properties": {
        "内容": "バス停: 希望ケ丘本町五丁目 (甲賀市コミュニティバス)",
        "name": "希望ケ丘本町五丁目",
        "operator": "甲賀市コミュニティバス",
        "ref": "",
        "url": "",
        "url2": ""
      }
    },
    {
      "type": "Feature",
      "geometry": {
        "type": "Point",
        "coordinates": [
          136.1753669,
          34.9421747
        ]
      },
      "properties": {
        "内容": "バス停: 南センター (甲賀市コミュニティバス)",
        "name": "南センター",
        "operator": "甲賀市コミュニティバス",
        "ref": "",
        "url": "",
        "url2": ""
      }
    },
    {
      "type": "Feature",
      "geometry": {
        "type": "Point",
        "coordinates": [
          136.1732613,
          34.9402551
        ]
      },
      "properties": {
        "内容": "バス停: 保育所前 (甲賀市コミュニティバス)",
        "name": "保育所前",
        "operator": "甲賀市コミュニティバス",
        "ref": "",
        "url": "",
        "url2": ""
      }
    },
    {
      "type": "Feature",
      "geometry": {
        "type": "Point",
        "coordinates": [
          136.1714758,
          34.9386116
        ]
      },
      "properties": {
        "内容": "バス停: 希望ケ丘五丁目 (甲賀市コミュニティバス)",
        "name": "希望ケ丘五丁目",
        "operator": "甲賀市コミュニティバス",
        "ref": "",
        "url": "",
        "url2": ""
      }
    },
    {
      "type": "Feature",
      "geometry": {
        "type": "Point",
        "coordinates": [
          136.1767197,
          34.9389646
        ]
      },
      "properties": {
        "内容": "バス停: 潤団地口 (甲賀市コミュニティバス)",
        "name": "潤団地口",
        "operator": "甲賀市コミュニティバス",
        "ref": "",
        "url": "",
        "url2": ""
      }
    },
    {
      "type": "Feature",
      "geometry": {
        "type": "Point",
        "coordinates": [
          136.1765531,
          34.9388795
        ]
      },
      "properties": {
        "内容": "バス停: 潤団地口 (甲賀市コミュニティバス)",
        "name": "潤団地口",
        "operator": "甲賀市コミュニティバス",
        "ref": "",
        "url": "",
        "url2": ""
      }
    },
    {
      "type": "Feature",
      "geometry": {
        "type": "Point",
        "coordinates": [
          136.1801989,
          34.9405162
        ]
      },
      "properties": {
        "内容": "バス停: 潤団地 (甲賀市コミュニティバス)",
        "name": "潤団地",
        "operator": "甲賀市コミュニティバス",
        "ref": "",
        "url": "",
        "url2": ""
      }
    },
    {
      "type": "Feature",
      "geometry": {
        "type": "Point",
        "coordinates": [
          136.1863441,
          34.9447898
        ]
      },
      "properties": {
        "内容": "バス停: 上地蔵堂 (甲賀市コミュニティバス)",
        "name": "上地蔵堂",
        "operator": "甲賀市コミュニティバス",
        "ref": "",
        "url": "",
        "url2": ""
      }
    },
    {
      "type": "Feature",
      "geometry": {
        "type": "Point",
        "coordinates": [
          136.1876147,
          34.9471753
        ]
      },
      "properties": {
        "内容": "バス停: 稗谷公民館 (甲賀市コミュニティバス)",
        "name": "稗谷公民館",
        "operator": "甲賀市コミュニティバス",
        "ref": "",
        "url": "",
        "url2": ""
      }
    },
    {
      "type": "Feature",
      "geometry": {
        "type": "Point",
        "coordinates": [
          136.1868636,
          34.9491096
        ]
      },
      "properties": {
        "内容": "バス停: 天理教横 (甲賀市コミュニティバス)",
        "name": "天理教横",
        "operator": "甲賀市コミュニティバス",
        "ref": "",
        "url": "",
        "url2": ""
      }
    },
    {
      "type": "Feature",
      "geometry": {
        "type": "Point",
        "coordinates": [
          136.185134,
          34.9475326
        ]
      },
      "properties": {
        "内容": "バス停: 恵心寺入口 (甲賀市コミュニティバス)",
        "name": "恵心寺入口",
        "operator": "甲賀市コミュニティバス",
        "ref": "",
        "url": "",
        "url2": ""
      }
    },
    {
      "type": "Feature",
      "geometry": {
        "type": "Point",
        "coordinates": [
          136.1811226,
          34.935609
        ]
      },
      "properties": {
        "内容": "バス停: ニューポリスB-4 (甲賀市コミュニティバス)",
        "name": "ニューポリスB-4",
        "operator": "甲賀市コミュニティバス",
        "ref": "",
        "url": "",
        "url2": ""
      }
    },
    {
      "type": "Feature",
      "geometry": {
        "type": "Point",
        "coordinates": [
          136.1784152,
          34.9356794
        ]
      },
      "properties": {
        "内容": "バス停: ニューポリスB (甲賀市コミュニティバス)",
        "name": "ニューポリスB",
        "operator": "甲賀市コミュニティバス",
        "ref": "",
        "url": "",
        "url2": ""
      }
    },
    {
      "type": "Feature",
      "geometry": {
        "type": "Point",
        "coordinates": [
          136.177,
          34.9368153
        ]
      },
      "properties": {
        "内容": "バス停: ニューポリスB-2 (甲賀市コミュニティバス)",
        "name": "ニューポリスB-2",
        "operator": "甲賀市コミュニティバス",
        "ref": "",
        "url": "",
        "url2": ""
      }
    },
    {
      "type": "Feature",
      "geometry": {
        "type": "Point",
        "coordinates": [
          136.1756256,
          34.9337375
        ]
      },
      "properties": {
        "内容": "バス停: ニューポリス (甲賀市コミュニティバス)",
        "name": "ニューポリス",
        "operator": "甲賀市コミュニティバス",
        "ref": "",
        "url": "",
        "url2": ""
      }
    },
    {
      "type": "Feature",
      "geometry": {
        "type": "Point",
        "coordinates": [
          136.1726669,
          34.9316689
        ]
      },
      "properties": {
        "内容": "バス停: ニューポリスみちくさ館 (甲賀市コミュニティバス)",
        "name": "ニューポリスみちくさ館",
        "operator": "甲賀市コミュニティバス",
        "ref": "",
        "url": "",
        "url2": ""
      }
    },
    {
      "type": "Feature",
      "geometry": {
        "type": "Point",
        "coordinates": [
          136.1731236,
          34.9336951
        ]
      },
      "properties": {
        "内容": "バス停: ニューポリスA-2 (甲賀市コミュニティバス)",
        "name": "ニューポリスA-2",
        "operator": "甲賀市コミュニティバス",
        "ref": "",
        "url": "",
        "url2": ""
      }
    },
    {
      "type": "Feature",
      "geometry": {
        "type": "Point",
        "coordinates": [
          136.174136,
          34.9314141
        ]
      },
      "properties": {
        "内容": "バス停: ニューポリスA-4 (甲賀市コミュニティバス)",
        "name": "ニューポリスA-4",
        "operator": "甲賀市コミュニティバス",
        "ref": "",
        "url": "",
        "url2": ""
      }
    },
    {
      "type": "Feature",
      "geometry": {
        "type": "Point",
        "coordinates": [
          136.1755939,
          34.9307552
        ]
      },
      "properties": {
        "内容": "バス停: せせらぎ苑 (甲賀市コミュニティバス)",
        "name": "せせらぎ苑",
        "operator": "甲賀市コミュニティバス",
        "ref": "",
        "url": "",
        "url2": ""
      }
    },
    {
      "type": "Feature",
      "geometry": {
        "type": "Point",
        "coordinates": [
          136.1738512,
          34.9302211
        ]
      },
      "properties": {
        "内容": "バス停: 甲南体育館 (甲賀市コミュニティバス)",
        "name": "甲南体育館",
        "operator": "甲賀市コミュニティバス",
        "ref": "",
        "url": "",
        "url2": ""
      }
    },
    {
      "type": "Feature",
      "geometry": {
        "type": "Point",
        "coordinates": [
          136.1692982,
          34.9311287
        ]
      },
      "properties": {
        "内容": "バス停: 甲南駅 (甲賀市コミュニティバス)",
        "name": "甲南駅",
        "operator": "甲賀市コミュニティバス",
        "ref": "",
        "url": "",
        "url2": ""
      }
    },
    {
      "type": "Feature",
      "geometry": {
        "type": "Point",
        "coordinates": [
          136.1576711,
          34.9416178
        ]
      },
      "properties": {
        "内容": "バス停: 宝木公民館前 (甲賀市コミュニティバス)",
        "name": "宝木公民館前",
        "operator": "甲賀市コミュニティバス",
        "ref": "",
        "url": "",
        "url2": ""
      }
    },
    {
      "type": "Feature",
      "geometry": {
        "type": "Point",
        "coordinates": [
          136.1572286,
          34.9425659
        ]
      },
      "properties": {
        "内容": "バス停: 宝木区駐車場 (甲賀市コミュニティバス)",
        "name": "宝木区駐車場",
        "operator": "甲賀市コミュニティバス",
        "ref": "",
        "url": "",
        "url2": ""
      }
    },
    {
      "type": "Feature",
      "geometry": {
        "type": "Point",
        "coordinates": [
          135.9667661,
          34.988766
        ]
      },
      "properties": {
        "内容": "バス停: 若草北口",
        "name": "若草北口",
        "operator": "事業者不明",
        "ref": "",
        "url": "",
        "url2": ""
      }
    },
    {
      "type": "Feature",
      "geometry": {
        "type": "Point",
        "coordinates": [
          135.9680436,
          34.9895717
        ]
      },
      "properties": {
        "内容": "バス停: 若草北口",
        "name": "若草北口",
        "operator": "事業者不明",
        "ref": "",
        "url": "",
        "url2": ""
      }
    },
    {
      "type": "Feature",
      "geometry": {
        "type": "Point",
        "coordinates": [
          135.9676455,
          34.9884948
        ]
      },
      "properties": {
        "内容": "バス停: 若草一丁目",
        "name": "若草一丁目",
        "operator": "事業者不明",
        "ref": "",
        "url": "",
        "url2": ""
      }
    },
    {
      "type": "Feature",
      "geometry": {
        "type": "Point",
        "coordinates": [
          135.96751,
          34.9884128
        ]
      },
      "properties": {
        "内容": "バス停: 若草一丁目",
        "name": "若草一丁目",
        "operator": "事業者不明",
        "ref": "",
        "url": "",
        "url2": ""
      }
    },
    {
      "type": "Feature",
      "geometry": {
        "type": "Point",
        "coordinates": [
          135.980485,
          34.9875914
        ]
      },
      "properties": {
        "内容": "バス停: サンスター前",
        "name": "サンスター前",
        "operator": "事業者不明",
        "ref": "",
        "url": "",
        "url2": ""
      }
    },
    {
      "type": "Feature",
      "geometry": {
        "type": "Point",
        "coordinates": [
          135.9688689,
          34.9867186
        ]
      },
      "properties": {
        "内容": "バス停: 若草中央通り",
        "name": "若草中央通り",
        "operator": "事業者不明",
        "ref": "",
        "url": "",
        "url2": ""
      }
    },
    {
      "type": "Feature",
      "geometry": {
        "type": "Point",
        "coordinates": [
          135.9689965,
          34.9861556
        ]
      },
      "properties": {
        "内容": "バス停: 若草中央通り",
        "name": "若草中央通り",
        "operator": "事業者不明",
        "ref": "",
        "url": "",
        "url2": ""
      }
    },
    {
      "type": "Feature",
      "geometry": {
        "type": "Point",
        "coordinates": [
          135.9707231,
          34.982209
        ]
      },
      "properties": {
        "内容": "バス停: 青山一丁目",
        "name": "青山一丁目",
        "operator": "事業者不明",
        "ref": "",
        "url": "",
        "url2": ""
      }
    },
    {
      "type": "Feature",
      "geometry": {
        "type": "Point",
        "coordinates": [
          135.9704747,
          34.9821807
        ]
      },
      "properties": {
        "内容": "バス停: 青山一丁目",
        "name": "青山一丁目",
        "operator": "事業者不明",
        "ref": "",
        "url": "",
        "url2": ""
      }
    },
    {
      "type": "Feature",
      "geometry": {
        "type": "Point",
        "coordinates": [
          135.970438,
          34.9782762
        ]
      },
      "properties": {
        "内容": "バス停: 青山五丁目",
        "name": "青山五丁目",
        "operator": "事業者不明",
        "ref": "",
        "url": "",
        "url2": ""
      }
    },
    {
      "type": "Feature",
      "geometry": {
        "type": "Point",
        "coordinates": [
          135.9710247,
          34.974663
        ]
      },
      "properties": {
        "内容": "バス停: 青山七丁目",
        "name": "青山七丁目",
        "operator": "事業者不明",
        "ref": "",
        "url": "",
        "url2": ""
      }
    },
    {
      "type": "Feature",
      "geometry": {
        "type": "Point",
        "coordinates": [
          135.9708111,
          34.9745443
        ]
      },
      "properties": {
        "内容": "バス停: 青山七丁目",
        "name": "青山七丁目",
        "operator": "事業者不明",
        "ref": "",
        "url": "",
        "url2": ""
      }
    },
    {
      "type": "Feature",
      "geometry": {
        "type": "Point",
        "coordinates": [
          135.9677386,
          34.9731534
        ]
      },
      "properties": {
        "内容": "バス停: 松ヶ丘三丁目 (近江鉄道;帝産湖南交通)",
        "name": "松ヶ丘三丁目",
        "operator": "近江鉄道;帝産湖南交通",
        "ref": "",
        "url": "",
        "url2": ""
      }
    },
    {
      "type": "Feature",
      "geometry": {
        "type": "Point",
        "coordinates": [
          135.9639845,
          34.9713576
        ]
      },
      "properties": {
        "内容": "バス停: 松ヶ丘五丁目 (近江鉄道;帝産湖南交通)",
        "name": "松ヶ丘五丁目",
        "operator": "近江鉄道;帝産湖南交通",
        "ref": "",
        "url": "",
        "url2": ""
      }
    },
    {
      "type": "Feature",
      "geometry": {
        "type": "Point",
        "coordinates": [
          135.9583166,
          34.969787
        ]
      },
      "properties": {
        "内容": "バス停: 京都大学生態学研究センター (近江鉄道)",
        "name": "京都大学生態学研究センター",
        "operator": "近江鉄道",
        "ref": "",
        "url": "",
        "url2": ""
      }
    },
    {
      "type": "Feature",
      "geometry": {
        "type": "Point",
        "coordinates": [
          135.9583603,
          34.9698856
        ]
      },
      "properties": {
        "内容": "バス停: 京都大学生態学研究センター (近江鉄道)",
        "name": "京都大学生態学研究センター",
        "operator": "近江鉄道",
        "ref": "",
        "url": "",
        "url2": ""
      }
    },
    {
      "type": "Feature",
      "geometry": {
        "type": "Point",
        "coordinates": [
          135.9507948,
          34.9716497
        ]
      },
      "properties": {
        "内容": "バス停: 滋賀アリーナ (近江鉄道;帝産湖南交通)",
        "name": "滋賀アリーナ",
        "operator": "近江鉄道;帝産湖南交通",
        "ref": "",
        "url": "",
        "url2": ""
      }
    },
    {
      "type": "Feature",
      "geometry": {
        "type": "Point",
        "coordinates": [
          135.9519654,
          34.9728982
        ]
      },
      "properties": {
        "内容": "バス停: 大学病院前",
        "name": "大学病院前",
        "operator": "事業者不明",
        "ref": "",
        "url": "",
        "url2": ""
      }
    },
    {
      "type": "Feature",
      "geometry": {
        "type": "Point",
        "coordinates": [
          135.9470868,
          34.9722502
        ]
      },
      "properties": {
        "内容": "バス停: 東大津高校",
        "name": "東大津高校",
        "operator": "事業者不明",
        "ref": "",
        "url": "",
        "url2": ""
      }
    },
    {
      "type": "Feature",
      "geometry": {
        "type": "Point",
        "coordinates": [
          135.9473332,
          34.9735769
        ]
      },
      "properties": {
        "内容": "バス停: 滋賀医大西門前 (近江鉄道)",
        "name": "滋賀医大西門前",
        "operator": "近江鉄道",
        "ref": "",
        "url": "",
        "url2": ""
      }
    },
    {
      "type": "Feature",
      "geometry": {
        "type": "Point",
        "coordinates": [
          135.9473282,
          34.9735394
        ]
      },
      "properties": {
        "内容": "バス停: 医大西門 (帝産湖南交通)",
        "name": "医大西門",
        "operator": "帝産湖南交通",
        "ref": "",
        "url": "",
        "url2": ""
      }
    },
    {
      "type": "Feature",
      "geometry": {
        "type": "Point",
        "coordinates": [
          135.9509466,
          34.9718829
        ]
      },
      "properties": {
        "内容": "バス停: 滋賀アリーナ",
        "name": "滋賀アリーナ",
        "operator": "事業者不明",
        "ref": "",
        "url": "",
        "url2": ""
      }
    },
    {
      "type": "Feature",
      "geometry": {
        "type": "Point",
        "coordinates": [
          135.9471654,
          34.9742675
        ]
      },
      "properties": {
        "内容": "バス停: 滋賀医大西門前 (近江鉄道)",
        "name": "滋賀医大西門前",
        "operator": "近江鉄道",
        "ref": "",
        "url": "",
        "url2": ""
      }
    },
    {
      "type": "Feature",
      "geometry": {
        "type": "Point",
        "coordinates": [
          135.9471745,
          34.9742467
        ]
      },
      "properties": {
        "内容": "バス停: 医大西門 (帝産湖南交通)",
        "name": "医大西門",
        "operator": "帝産湖南交通",
        "ref": "",
        "url": "",
        "url2": ""
      }
    },
    {
      "type": "Feature",
      "geometry": {
        "type": "Point",
        "coordinates": [
          136.2229634,
          35.0141037
        ]
      },
      "properties": {
        "内容": "バス停: 鈴休神社前",
        "name": "鈴休神社前",
        "operator": "事業者不明",
        "ref": "",
        "url": "",
        "url2": ""
      }
    },
    {
      "type": "Feature",
      "geometry": {
        "type": "Point",
        "coordinates": [
          136.2235198,
          35.014351
        ]
      },
      "properties": {
        "内容": "バス停: 鈴休神社前",
        "name": "鈴休神社前",
        "operator": "事業者不明",
        "ref": "",
        "url": "",
        "url2": ""
      }
    },
    {
      "type": "Feature",
      "geometry": {
        "type": "Point",
        "coordinates": [
          136.2536749,
          35.2501403
        ]
      },
      "properties": {
        "内容": "バス停: 名称不明バス停",
        "name": "名称不明バス停",
        "operator": "事業者不明",
        "ref": "",
        "url": "",
        "url2": ""
      }
    },
    {
      "type": "Feature",
      "geometry": {
        "type": "Point",
        "coordinates": [
          136.2412373,
          35.27501
        ]
      },
      "properties": {
        "内容": "バス停: 名称不明バス停",
        "name": "名称不明バス停",
        "operator": "事業者不明",
        "ref": "",
        "url": "",
        "url2": ""
      }
    },
    {
      "type": "Feature",
      "geometry": {
        "type": "Point",
        "coordinates": [
          136.2452525,
          35.2502392
        ]
      },
      "properties": {
        "内容": "バス停: プロシードアリア 彦根市",
        "name": "プロシードアリア 彦根市",
        "operator": "事業者不明",
        "ref": "",
        "url": "",
        "url2": ""
      }
    },
    {
      "type": "Feature",
      "geometry": {
        "type": "Point",
        "coordinates": [
          136.2681812,
          35.2657242
        ]
      },
      "properties": {
        "内容": "バス停: 名称不明バス停",
        "name": "名称不明バス停",
        "operator": "事業者不明",
        "ref": "",
        "url": "",
        "url2": ""
      }
    },
    {
      "type": "Feature",
      "geometry": {
        "type": "Point",
        "coordinates": [
          136.2682899,
          35.2658189
        ]
      },
      "properties": {
        "内容": "バス停: 名称不明バス停",
        "name": "名称不明バス停",
        "operator": "事業者不明",
        "ref": "",
        "url": "",
        "url2": ""
      }
    },
    {
      "type": "Feature",
      "geometry": {
        "type": "Point",
        "coordinates": [
          136.0537047,
          35.3552575
        ]
      },
      "properties": {
        "内容": "バス停: 深溝",
        "name": "深溝",
        "operator": "事業者不明",
        "ref": "",
        "url": "",
        "url2": ""
      }
    },
    {
      "type": "Feature",
      "geometry": {
        "type": "Point",
        "coordinates": [
          135.9793492,
          35.0372183
        ]
      },
      "properties": {
        "内容": "バス停: 栗東駅西口",
        "name": "栗東駅西口",
        "operator": "事業者不明",
        "ref": "",
        "url": "",
        "url2": ""
      }
    },
    {
      "type": "Feature",
      "geometry": {
        "type": "Point",
        "coordinates": [
          135.9802144,
          35.0370625
        ]
      },
      "properties": {
        "内容": "バス停: 栗東駅東口",
        "name": "栗東駅東口",
        "operator": "事業者不明",
        "ref": "",
        "url": "",
        "url2": ""
      }
    },
    {
      "type": "Feature",
      "geometry": {
        "type": "Point",
        "coordinates": [
          135.9805126,
          35.0369226
        ]
      },
      "properties": {
        "内容": "バス停: 栗東駅東口 (くりちゃんバス)",
        "name": "栗東駅東口",
        "operator": "くりちゃんバス",
        "ref": "",
        "url": "",
        "url2": ""
      }
    },
    {
      "type": "Feature",
      "geometry": {
        "type": "Point",
        "coordinates": [
          136.0187074,
          35.0003393
        ]
      },
      "properties": {
        "内容": "バス停: トレセン事務所前",
        "name": "トレセン事務所前",
        "operator": "事業者不明",
        "ref": "",
        "url": "",
        "url2": ""
      }
    },
    {
      "type": "Feature",
      "geometry": {
        "type": "Point",
        "coordinates": [
          135.9701596,
          35.0223253
        ]
      },
      "properties": {
        "内容": "バス停: 日の出町 (くりちゃんバス)",
        "name": "日の出町",
        "operator": "くりちゃんバス",
        "ref": "",
        "url": "",
        "url2": ""
      }
    },
    {
      "type": "Feature",
      "geometry": {
        "type": "Point",
        "coordinates": [
          135.9702804,
          35.0223069
        ]
      },
      "properties": {
        "内容": "バス停: 日の出町 (くりちゃんバス)",
        "name": "日の出町",
        "operator": "くりちゃんバス",
        "ref": "",
        "url": "",
        "url2": ""
      }
    },
    {
      "type": "Feature",
      "geometry": {
        "type": "Point",
        "coordinates": [
          135.9715921,
          35.0240477
        ]
      },
      "properties": {
        "内容": "バス停: 小柿口 (くりちゃんバス)",
        "name": "小柿口",
        "operator": "くりちゃんバス",
        "ref": "",
        "url": "",
        "url2": ""
      }
    },
    {
      "type": "Feature",
      "geometry": {
        "type": "Point",
        "coordinates": [
          135.9717504,
          35.024105
        ]
      },
      "properties": {
        "内容": "バス停: 小柿口 (くりちゃんバス)",
        "name": "小柿口",
        "operator": "くりちゃんバス",
        "ref": "",
        "url": "",
        "url2": ""
      }
    },
    {
      "type": "Feature",
      "geometry": {
        "type": "Point",
        "coordinates": [
          135.9739888,
          35.0269226
        ]
      },
      "properties": {
        "内容": "バス停: 中沢 (くりちゃんバス)",
        "name": "中沢",
        "operator": "くりちゃんバス",
        "ref": "",
        "url": "",
        "url2": ""
      }
    },
    {
      "type": "Feature",
      "geometry": {
        "type": "Point",
        "coordinates": [
          135.9740944,
          35.0268931
        ]
      },
      "properties": {
        "内容": "バス停: 中沢 (くりちゃんバス)",
        "name": "中沢",
        "operator": "くりちゃんバス",
        "ref": "",
        "url": "",
        "url2": ""
      }
    },
    {
      "type": "Feature",
      "geometry": {
        "type": "Point",
        "coordinates": [
          135.9762749,
          35.0296377
        ]
      },
      "properties": {
        "内容": "バス停: 湖南平団地 (くりちゃんバス)",
        "name": "湖南平団地",
        "operator": "くりちゃんバス",
        "ref": "",
        "url": "",
        "url2": ""
      }
    },
    {
      "type": "Feature",
      "geometry": {
        "type": "Point",
        "coordinates": [
          135.9759386,
          35.0294222
        ]
      },
      "properties": {
        "内容": "バス停: 湖南平団地 (くりちゃんバス)",
        "name": "湖南平団地",
        "operator": "くりちゃんバス",
        "ref": "",
        "url": "",
        "url2": ""
      }
    },
    {
      "type": "Feature",
      "geometry": {
        "type": "Point",
        "coordinates": [
          135.9787497,
          35.0327145
        ]
      },
      "properties": {
        "内容": "バス停: 苅原 (くりちゃんバス)",
        "name": "苅原",
        "operator": "くりちゃんバス",
        "ref": "",
        "url": "",
        "url2": ""
      }
    },
    {
      "type": "Feature",
      "geometry": {
        "type": "Point",
        "coordinates": [
          135.9784819,
          35.0325979
        ]
      },
      "properties": {
        "内容": "バス停: 苅原 (くりちゃんバス)",
        "name": "苅原",
        "operator": "くりちゃんバス",
        "ref": "",
        "url": "",
        "url2": ""
      }
    },
    {
      "type": "Feature",
      "geometry": {
        "type": "Point",
        "coordinates": [
          135.9806629,
          35.0334955
        ]
      },
      "properties": {
        "内容": "バス停: 苅原東 (くりちゃんバス)",
        "name": "苅原東",
        "operator": "くりちゃんバス",
        "ref": "",
        "url": "",
        "url2": ""
      }
    },
    {
      "type": "Feature",
      "geometry": {
        "type": "Point",
        "coordinates": [
          135.9809372,
          35.0336782
        ]
      },
      "properties": {
        "内容": "バス停: 苅原東 (くりちゃんバス)",
        "name": "苅原東",
        "operator": "くりちゃんバス",
        "ref": "",
        "url": "",
        "url2": ""
      }
    },
    {
      "type": "Feature",
      "geometry": {
        "type": "Point",
        "coordinates": [
          135.9817022,
          35.0348328
        ]
      },
      "properties": {
        "内容": "バス停: 綣三丁目 (くりちゃんバス)",
        "name": "綣三丁目",
        "operator": "くりちゃんバス",
        "ref": "",
        "url": "",
        "url2": ""
      }
    },
    {
      "type": "Feature",
      "geometry": {
        "type": "Point",
        "coordinates": [
          135.9816564,
          35.0346061
        ]
      },
      "properties": {
        "内容": "バス停: 綣三丁目 (くりちゃんバス)",
        "name": "綣三丁目",
        "operator": "くりちゃんバス",
        "ref": "",
        "url": "",
        "url2": ""
      }
    },
    {
      "type": "Feature",
      "geometry": {
        "type": "Point",
        "coordinates": [
          135.9827722,
          35.0318179
        ]
      },
      "properties": {
        "内容": "バス停: 栗東工業団地前 (くりちゃんバス)",
        "name": "栗東工業団地前",
        "operator": "くりちゃんバス",
        "ref": "",
        "url": "",
        "url2": ""
      }
    },
    {
      "type": "Feature",
      "geometry": {
        "type": "Point",
        "coordinates": [
          135.9827857,
          35.0316754
        ]
      },
      "properties": {
        "内容": "バス停: 栗東工業団地前 (くりちゃんバス)",
        "name": "栗東工業団地前",
        "operator": "くりちゃんバス",
        "ref": "",
        "url": "",
        "url2": ""
      }
    },
    {
      "type": "Feature",
      "geometry": {
        "type": "Point",
        "coordinates": [
          135.9860567,
          35.030123
        ]
      },
      "properties": {
        "内容": "バス停: 下鈎 (くりちゃんバス)",
        "name": "下鈎",
        "operator": "くりちゃんバス",
        "ref": "",
        "url": "",
        "url2": ""
      }
    },
    {
      "type": "Feature",
      "geometry": {
        "type": "Point",
        "coordinates": [
          135.9860829,
          35.0299424
        ]
      },
      "properties": {
        "内容": "バス停: 下鈎 (くりちゃんバス)",
        "name": "下鈎",
        "operator": "くりちゃんバス",
        "ref": "",
        "url": "",
        "url2": ""
      }
    },
    {
      "type": "Feature",
      "geometry": {
        "type": "Point",
        "coordinates": [
          135.9947163,
          35.0301189
        ]
      },
      "properties": {
        "内容": "バス停: LEJ前 (くりちゃんバス)",
        "name": "LEJ前",
        "operator": "くりちゃんバス",
        "ref": "",
        "url": "",
        "url2": ""
      }
    },
    {
      "type": "Feature",
      "geometry": {
        "type": "Point",
        "coordinates": [
          135.9954868,
          35.0298344
        ]
      },
      "properties": {
        "内容": "バス停: LEJ前 (くりちゃんバス)",
        "name": "LEJ前",
        "operator": "くりちゃんバス",
        "ref": "",
        "url": "",
        "url2": ""
      }
    },
    {
      "type": "Feature",
      "geometry": {
        "type": "Point",
        "coordinates": [
          135.9976062,
          35.0248534
        ]
      },
      "properties": {
        "内容": "バス停: 手原四丁目 (くりちゃんバス)",
        "name": "手原四丁目",
        "operator": "くりちゃんバス",
        "ref": "",
        "url": "",
        "url2": ""
      }
    },
    {
      "type": "Feature",
      "geometry": {
        "type": "Point",
        "coordinates": [
          135.9969809,
          35.0247398
        ]
      },
      "properties": {
        "内容": "バス停: 手原四丁目 (くりちゃんバス)",
        "name": "手原四丁目",
        "operator": "くりちゃんバス",
        "ref": "",
        "url": "",
        "url2": ""
      }
    },
    {
      "type": "Feature",
      "geometry": {
        "type": "Point",
        "coordinates": [
          135.9992321,
          35.0272036
        ]
      },
      "properties": {
        "内容": "バス停: 手原駅 (くりちゃんバス)",
        "name": "手原駅",
        "operator": "くりちゃんバス",
        "ref": "",
        "url": "",
        "url2": ""
      }
    },
    {
      "type": "Feature",
      "geometry": {
        "type": "Point",
        "coordinates": [
          135.9987096,
          35.0238911
        ]
      },
      "properties": {
        "内容": "バス停: フレンドマート栗東店 (くりちゃんバス)",
        "name": "フレンドマート栗東店",
        "operator": "くりちゃんバス",
        "ref": "",
        "url": "",
        "url2": ""
      }
    },
    {
      "type": "Feature",
      "geometry": {
        "type": "Point",
        "coordinates": [
          135.9986303,
          35.0235546
        ]
      },
      "properties": {
        "内容": "バス停: フレンドマート栗東店 (くりちゃんバス)",
        "name": "フレンドマート栗東店",
        "operator": "くりちゃんバス",
        "ref": "",
        "url": "",
        "url2": ""
      }
    },
    {
      "type": "Feature",
      "geometry": {
        "type": "Point",
        "coordinates": [
          135.9969439,
          35.0218426
        ]
      },
      "properties": {
        "内容": "バス停: 市役所前 (くりちゃんバス)",
        "name": "市役所前",
        "operator": "くりちゃんバス",
        "ref": "",
        "url": "",
        "url2": ""
      }
    },
    {
      "type": "Feature",
      "geometry": {
        "type": "Point",
        "coordinates": [
          135.9985951,
          35.0227233
        ]
      },
      "properties": {
        "内容": "バス停: 栗東農協 (くりちゃんバス)",
        "name": "栗東農協",
        "operator": "くりちゃんバス",
        "ref": "",
        "url": "",
        "url2": ""
      }
    },
    {
      "type": "Feature",
      "geometry": {
        "type": "Point",
        "coordinates": [
          135.9984766,
          35.0226766
        ]
      },
      "properties": {
        "内容": "バス停: 栗東農協 (くりちゃんバス)",
        "name": "栗東農協",
        "operator": "くりちゃんバス",
        "ref": "",
        "url": "",
        "url2": ""
      }
    },
    {
      "type": "Feature",
      "geometry": {
        "type": "Point",
        "coordinates": [
          136.0015413,
          35.0212922
        ]
      },
      "properties": {
        "内容": "バス停: 栗東郵便局前 (くりちゃんバス)",
        "name": "栗東郵便局前",
        "operator": "くりちゃんバス",
        "ref": "",
        "url": "",
        "url2": ""
      }
    },
    {
      "type": "Feature",
      "geometry": {
        "type": "Point",
        "coordinates": [
          136.001958,
          35.0209784
        ]
      },
      "properties": {
        "内容": "バス停: 栗東郵便局前 (くりちゃんバス)",
        "name": "栗東郵便局前",
        "operator": "くりちゃんバス",
        "ref": "",
        "url": "",
        "url2": ""
      }
    },
    {
      "type": "Feature",
      "geometry": {
        "type": "Point",
        "coordinates": [
          136.0041766,
          35.0199011
        ]
      },
      "properties": {
        "内容": "バス停: 東部住宅 (くりちゃんバス)",
        "name": "東部住宅",
        "operator": "くりちゃんバス",
        "ref": "",
        "url": "",
        "url2": ""
      }
    },
    {
      "type": "Feature",
      "geometry": {
        "type": "Point",
        "coordinates": [
          136.0046368,
          35.0197774
        ]
      },
      "properties": {
        "内容": "バス停: 東部住宅 (くりちゃんバス)",
        "name": "東部住宅",
        "operator": "くりちゃんバス",
        "ref": "",
        "url": "",
        "url2": ""
      }
    },
    {
      "type": "Feature",
      "geometry": {
        "type": "Point",
        "coordinates": [
          136.0031478,
          35.0176902
        ]
      },
      "properties": {
        "内容": "バス停: コミュニティセンター治田東 (くりちゃんバス)",
        "name": "コミュニティセンター治田東",
        "operator": "くりちゃんバス",
        "ref": "",
        "url": "",
        "url2": ""
      }
    },
    {
      "type": "Feature",
      "geometry": {
        "type": "Point",
        "coordinates": [
          136.0041582,
          35.0178864
        ]
      },
      "properties": {
        "内容": "バス停: なごやかセンター (くりちゃんバス)",
        "name": "なごやかセンター",
        "operator": "くりちゃんバス",
        "ref": "",
        "url": "",
        "url2": ""
      }
    },
    {
      "type": "Feature",
      "geometry": {
        "type": "Point",
        "coordinates": [
          135.9997598,
          35.0167095
        ]
      },
      "properties": {
        "内容": "バス停: レークヒル栗東 (くりちゃんバス)",
        "name": "レークヒル栗東",
        "operator": "くりちゃんバス",
        "ref": "",
        "url": "",
        "url2": ""
      }
    },
    {
      "type": "Feature",
      "geometry": {
        "type": "Point",
        "coordinates": [
          135.9947636,
          35.0199629
        ]
      },
      "properties": {
        "内容": "バス停: 栗東中学校 (くりちゃんバス)",
        "name": "栗東中学校",
        "operator": "くりちゃんバス",
        "ref": "",
        "url": "",
        "url2": ""
      }
    },
    {
      "type": "Feature",
      "geometry": {
        "type": "Point",
        "coordinates": [
          135.9947897,
          35.0198637
        ]
      },
      "properties": {
        "内容": "バス停: 栗東中学校 (くりちゃんバス)",
        "name": "栗東中学校",
        "operator": "くりちゃんバス",
        "ref": "",
        "url": "",
        "url2": ""
      }
    },
    {
      "type": "Feature",
      "geometry": {
        "type": "Point",
        "coordinates": [
          135.9920918,
          35.018517
        ]
      },
      "properties": {
        "内容": "バス停: 灰塚住宅口 (くりちゃんバス)",
        "name": "灰塚住宅口",
        "operator": "くりちゃんバス",
        "ref": "",
        "url": "",
        "url2": ""
      }
    },
    {
      "type": "Feature",
      "geometry": {
        "type": "Point",
        "coordinates": [
          135.9919537,
          35.0185581
        ]
      },
      "properties": {
        "内容": "バス停: 灰塚住宅口 (くりちゃんバス)",
        "name": "灰塚住宅口",
        "operator": "くりちゃんバス",
        "ref": "",
        "url": "",
        "url2": ""
      }
    },
    {
      "type": "Feature",
      "geometry": {
        "type": "Point",
        "coordinates": [
          135.9897317,
          35.0167555
        ]
      },
      "properties": {
        "内容": "バス停: 栗東運動公園 (くりちゃんバス)",
        "name": "栗東運動公園",
        "operator": "くりちゃんバス",
        "ref": "",
        "url": "",
        "url2": ""
      }
    },
    {
      "type": "Feature",
      "geometry": {
        "type": "Point",
        "coordinates": [
          135.9895999,
          35.016778
        ]
      },
      "properties": {
        "内容": "バス停: 栗東運動公園 (くりちゃんバス)",
        "name": "栗東運動公園",
        "operator": "くりちゃんバス",
        "ref": "",
        "url": "",
        "url2": ""
      }
    },
    {
      "type": "Feature",
      "geometry": {
        "type": "Point",
        "coordinates": [
          135.9923097,
          35.0118454
        ]
      },
      "properties": {
        "内容": "バス停: 下戸山グリーンハイツくりちゃんバス (くりちゃんバス)",
        "name": "下戸山グリーンハイツくりちゃんバス",
        "operator": "くりちゃんバス",
        "ref": "",
        "url": "",
        "url2": ""
      }
    },
    {
      "type": "Feature",
      "geometry": {
        "type": "Point",
        "coordinates": [
          135.9877681,
          35.0096046
        ]
      },
      "properties": {
        "内容": "バス停: 下戸山 (くりちゃんバス)",
        "name": "下戸山",
        "operator": "くりちゃんバス",
        "ref": "",
        "url": "",
        "url2": ""
      }
    },
    {
      "type": "Feature",
      "geometry": {
        "type": "Point",
        "coordinates": [
          135.9916921,
          35.0101338
        ]
      },
      "properties": {
        "内容": "バス停: 下戸山南口 (くりちゃんバス)",
        "name": "下戸山南口",
        "operator": "くりちゃんバス",
        "ref": "",
        "url": "",
        "url2": ""
      }
    },
    {
      "type": "Feature",
      "geometry": {
        "type": "Point",
        "coordinates": [
          135.9946553,
          35.0070411
        ]
      },
      "properties": {
        "内容": "バス停: 下戸山宮ヶ谷 (くりちゃんバス)",
        "name": "下戸山宮ヶ谷",
        "operator": "くりちゃんバス",
        "ref": "",
        "url": "",
        "url2": ""
      }
    },
    {
      "type": "Feature",
      "geometry": {
        "type": "Point",
        "coordinates": [
          135.9944058,
          35.0050069
        ]
      },
      "properties": {
        "内容": "バス停: バードタウン栗東 (くりちゃんバス)",
        "name": "バードタウン栗東",
        "operator": "くりちゃんバス",
        "ref": "",
        "url": "",
        "url2": ""
      }
    },
    {
      "type": "Feature",
      "geometry": {
        "type": "Point",
        "coordinates": [
          135.9955078,
          35.0030727
        ]
      },
      "properties": {
        "内容": "バス停: リバティーヒル栗東くりちゃんバス (くりちゃんバス)",
        "name": "リバティーヒル栗東くりちゃんバス",
        "operator": "くりちゃんバス",
        "ref": "",
        "url": "",
        "url2": ""
      }
    },
    {
      "type": "Feature",
      "geometry": {
        "type": "Point",
        "coordinates": [
          135.996425,
          35.0085981
        ]
      },
      "properties": {
        "内容": "バス停: 下戸山 (くりちゃんバス)",
        "name": "下戸山",
        "operator": "くりちゃんバス",
        "ref": "",
        "url": "",
        "url2": ""
      }
    },
    {
      "type": "Feature",
      "geometry": {
        "type": "Point",
        "coordinates": [
          136.0014643,
          35.0088247
        ]
      },
      "properties": {
        "内容": "バス停: 下戸山口 (くりちゃんバス)",
        "name": "下戸山口",
        "operator": "くりちゃんバス",
        "ref": "",
        "url": "",
        "url2": ""
      }
    },
    {
      "type": "Feature",
      "geometry": {
        "type": "Point",
        "coordinates": [
          136.0097897,
          35.0068217
        ]
      },
      "properties": {
        "内容": "バス停: スターライト (くりちゃんバス)",
        "name": "スターライト",
        "operator": "くりちゃんバス",
        "ref": "",
        "url": "",
        "url2": ""
      }
    },
    {
      "type": "Feature",
      "geometry": {
        "type": "Point",
        "coordinates": [
          136.0100492,
          35.0067649
        ]
      },
      "properties": {
        "内容": "バス停: スターライト (くりちゃんバス)",
        "name": "スターライト",
        "operator": "くりちゃんバス",
        "ref": "",
        "url": "",
        "url2": ""
      }
    },
    {
      "type": "Feature",
      "geometry": {
        "type": "Point",
        "coordinates": [
          136.0117868,
          35.0040871
        ]
      },
      "properties": {
        "内容": "バス停: 上戸山川南 (くりちゃんバス)",
        "name": "上戸山川南",
        "operator": "くりちゃんバス",
        "ref": "",
        "url": "",
        "url2": ""
      }
    },
    {
      "type": "Feature",
      "geometry": {
        "type": "Point",
        "coordinates": [
          136.0119879,
          35.0041999
        ]
      },
      "properties": {
        "内容": "バス停: 上戸山川南 (くりちゃんバス)",
        "name": "上戸山川南",
        "operator": "くりちゃんバス",
        "ref": "",
        "url": "",
        "url2": ""
      }
    },
    {
      "type": "Feature",
      "geometry": {
        "type": "Point",
        "coordinates": [
          136.002808,
          34.9928238
        ]
      },
      "properties": {
        "内容": "バス停: 園芸試験場前 (くりちゃんバス)",
        "name": "園芸試験場前",
        "operator": "くりちゃんバス",
        "ref": "",
        "url": "",
        "url2": ""
      }
    },
    {
      "type": "Feature",
      "geometry": {
        "type": "Point",
        "coordinates": [
          136.0029234,
          34.9927766
        ]
      },
      "properties": {
        "内容": "バス停: 園芸試験場前 (くりちゃんバス)",
        "name": "園芸試験場前",
        "operator": "くりちゃんバス",
        "ref": "",
        "url": "",
        "url2": ""
      }
    },
    {
      "type": "Feature",
      "geometry": {
        "type": "Point",
        "coordinates": [
          136.0106723,
          34.9893551
        ]
      },
      "properties": {
        "内容": "バス停: 美之郷 (くりちゃんバス)",
        "name": "美之郷",
        "operator": "くりちゃんバス",
        "ref": "",
        "url": "",
        "url2": ""
      }
    },
    {
      "type": "Feature",
      "geometry": {
        "type": "Point",
        "coordinates": [
          136.0141921,
          34.9866738
        ]
      },
      "properties": {
        "内容": "バス停: ルモンタウン (くりちゃんバス)",
        "name": "ルモンタウン",
        "operator": "くりちゃんバス",
        "ref": "",
        "url": "",
        "url2": ""
      }
    },
    {
      "type": "Feature",
      "geometry": {
        "type": "Point",
        "coordinates": [
          136.0184588,
          34.9890612
        ]
      },
      "properties": {
        "内容": "バス停: 雨丸 (くりちゃんバス)",
        "name": "雨丸",
        "operator": "くりちゃんバス",
        "ref": "",
        "url": "",
        "url2": ""
      }
    },
    {
      "type": "Feature",
      "geometry": {
        "type": "Point",
        "coordinates": [
          136.0187689,
          34.9890196
        ]
      },
      "properties": {
        "内容": "バス停: 雨丸 (くりちゃんバス)",
        "name": "雨丸",
        "operator": "くりちゃんバス",
        "ref": "",
        "url": "",
        "url2": ""
      }
    },
    {
      "type": "Feature",
      "geometry": {
        "type": "Point",
        "coordinates": [
          136.0228163,
          34.9967563
        ]
      },
      "properties": {
        "内容": "バス停: コミュニティセンター金勝 (くりちゃんバス)",
        "name": "コミュニティセンター金勝",
        "operator": "くりちゃんバス",
        "ref": "",
        "url": "",
        "url2": ""
      }
    },
    {
      "type": "Feature",
      "geometry": {
        "type": "Point",
        "coordinates": [
          135.972112,
          35.0318687
        ]
      },
      "properties": {
        "内容": "バス停: 県道笠川",
        "name": "県道笠川",
        "operator": "事業者不明",
        "ref": "",
        "url": "",
        "url2": ""
      }
    },
    {
      "type": "Feature",
      "geometry": {
        "type": "Point",
        "coordinates": [
          135.9723769,
          35.0321269
        ]
      },
      "properties": {
        "内容": "バス停: 県道笠川",
        "name": "県道笠川",
        "operator": "事業者不明",
        "ref": "",
        "url": "",
        "url2": ""
      }
    },
    {
      "type": "Feature",
      "geometry": {
        "type": "Point",
        "coordinates": [
          135.9736598,
          35.0334504
        ]
      },
      "properties": {
        "内容": "バス停: 市河原",
        "name": "市河原",
        "operator": "事業者不明",
        "ref": "",
        "url": "",
        "url2": ""
      }
    },
    {
      "type": "Feature",
      "geometry": {
        "type": "Point",
        "coordinates": [
          135.9737452,
          35.0338999
        ]
      },
      "properties": {
        "内容": "バス停: 市河原",
        "name": "市河原",
        "operator": "事業者不明",
        "ref": "",
        "url": "",
        "url2": ""
      }
    },
    {
      "type": "Feature",
      "geometry": {
        "type": "Point",
        "coordinates": [
          135.9749951,
          35.0354031
        ]
      },
      "properties": {
        "内容": "バス停: 花園",
        "name": "花園",
        "operator": "事業者不明",
        "ref": "",
        "url": "",
        "url2": ""
      }
    },
    {
      "type": "Feature",
      "geometry": {
        "type": "Point",
        "coordinates": [
          135.9752113,
          35.0355297
        ]
      },
      "properties": {
        "内容": "バス停: 花園",
        "name": "花園",
        "operator": "事業者不明",
        "ref": "",
        "url": "",
        "url2": ""
      }
    },
    {
      "type": "Feature",
      "geometry": {
        "type": "Point",
        "coordinates": [
          135.9886084,
          35.0381639
        ]
      },
      "properties": {
        "内容": "バス停: 大宝東小学校前",
        "name": "大宝東小学校前",
        "operator": "事業者不明",
        "ref": "",
        "url": "",
        "url2": ""
      }
    },
    {
      "type": "Feature",
      "geometry": {
        "type": "Point",
        "coordinates": [
          135.9886955,
          35.0381079
        ]
      },
      "properties": {
        "内容": "バス停: 大宝東小学校前",
        "name": "大宝東小学校前",
        "operator": "事業者不明",
        "ref": "",
        "url": "",
        "url2": ""
      }
    },
    {
      "type": "Feature",
      "geometry": {
        "type": "Point",
        "coordinates": [
          135.9906152,
          35.0399592
        ]
      },
      "properties": {
        "内容": "バス停: 阿村",
        "name": "阿村",
        "operator": "事業者不明",
        "ref": "",
        "url": "",
        "url2": ""
      }
    },
    {
      "type": "Feature",
      "geometry": {
        "type": "Point",
        "coordinates": [
          135.9908868,
          35.0401726
        ]
      },
      "properties": {
        "内容": "バス停: 阿村",
        "name": "阿村",
        "operator": "事業者不明",
        "ref": "",
        "url": "",
        "url2": ""
      }
    },
    {
      "type": "Feature",
      "geometry": {
        "type": "Point",
        "coordinates": [
          135.9933739,
          35.0422883
        ]
      },
      "properties": {
        "内容": "バス停: 勝部",
        "name": "勝部",
        "operator": "事業者不明",
        "ref": "",
        "url": "",
        "url2": ""
      }
    },
    {
      "type": "Feature",
      "geometry": {
        "type": "Point",
        "coordinates": [
          135.9934297,
          35.0425291
        ]
      },
      "properties": {
        "内容": "バス停: 勝部",
        "name": "勝部",
        "operator": "事業者不明",
        "ref": "",
        "url": "",
        "url2": ""
      }
    },
    {
      "type": "Feature",
      "geometry": {
        "type": "Point",
        "coordinates": [
          135.9974538,
          35.0405943
        ]
      },
      "properties": {
        "内容": "バス停: 千代",
        "name": "千代",
        "operator": "事業者不明",
        "ref": "",
        "url": "",
        "url2": ""
      }
    },
    {
      "type": "Feature",
      "geometry": {
        "type": "Point",
        "coordinates": [
          135.9975467,
          35.0406827
        ]
      },
      "properties": {
        "内容": "バス停: 千代",
        "name": "千代",
        "operator": "事業者不明",
        "ref": "",
        "url": "",
        "url2": ""
      }
    },
    {
      "type": "Feature",
      "geometry": {
        "type": "Point",
        "coordinates": [
          136.0012452,
          35.0384436
        ]
      },
      "properties": {
        "内容": "バス停: アグリの郷",
        "name": "アグリの郷",
        "operator": "事業者不明",
        "ref": "",
        "url": "",
        "url2": ""
      }
    },
    {
      "type": "Feature",
      "geometry": {
        "type": "Point",
        "coordinates": [
          136.0015293,
          35.0381159
        ]
      },
      "properties": {
        "内容": "バス停: アグリの郷",
        "name": "アグリの郷",
        "operator": "事業者不明",
        "ref": "",
        "url": "",
        "url2": ""
      }
    },
    {
      "type": "Feature",
      "geometry": {
        "type": "Point",
        "coordinates": [
          136.003787,
          35.0369707
        ]
      },
      "properties": {
        "内容": "バス停: やすらぎの家",
        "name": "やすらぎの家",
        "operator": "事業者不明",
        "ref": "",
        "url": "",
        "url2": ""
      }
    },
    {
      "type": "Feature",
      "geometry": {
        "type": "Point",
        "coordinates": [
          136.0039539,
          35.0372029
        ]
      },
      "properties": {
        "内容": "バス停: やすらぎの家routeリレーション",
        "name": "やすらぎの家routeリレーション",
        "operator": "事業者不明",
        "ref": "",
        "url": "",
        "url2": ""
      }
    },
    {
      "type": "Feature",
      "geometry": {
        "type": "Point",
        "coordinates": [
          136.004209,
          35.0369412
        ]
      },
      "properties": {
        "内容": "バス停: やすらぎの家",
        "name": "やすらぎの家",
        "operator": "事業者不明",
        "ref": "",
        "url": "",
        "url2": ""
      }
    },
    {
      "type": "Feature",
      "geometry": {
        "type": "Point",
        "coordinates": [
          136.0061668,
          35.035299
        ]
      },
      "properties": {
        "内容": "バス停: 宅屋口",
        "name": "宅屋口",
        "operator": "事業者不明",
        "ref": "",
        "url": "",
        "url2": ""
      }
    },
    {
      "type": "Feature",
      "geometry": {
        "type": "Point",
        "coordinates": [
          136.0060987,
          35.0351352
        ]
      },
      "properties": {
        "内容": "バス停: 宅屋口",
        "name": "宅屋口",
        "operator": "事業者不明",
        "ref": "",
        "url": "",
        "url2": ""
      }
    },
    {
      "type": "Feature",
      "geometry": {
        "type": "Point",
        "coordinates": [
          136.0033942,
          35.0333092
        ]
      },
      "properties": {
        "内容": "バス停: 大橋三丁目",
        "name": "大橋三丁目",
        "operator": "事業者不明",
        "ref": "",
        "url": "",
        "url2": ""
      }
    },
    {
      "type": "Feature",
      "geometry": {
        "type": "Point",
        "coordinates": [
          136.0031822,
          35.0328694
        ]
      },
      "properties": {
        "内容": "バス停: 大橋三丁目",
        "name": "大橋三丁目",
        "operator": "事業者不明",
        "ref": "",
        "url": "",
        "url2": ""
      }
    },
    {
      "type": "Feature",
      "geometry": {
        "type": "Point",
        "coordinates": [
          136.0018734,
          35.0335899
        ]
      },
      "properties": {
        "内容": "バス停: 済生会病院",
        "name": "済生会病院",
        "operator": "事業者不明",
        "ref": "",
        "url": "",
        "url2": ""
      }
    },
    {
      "type": "Feature",
      "geometry": {
        "type": "Point",
        "coordinates": [
          136.0079158,
          35.0347944
        ]
      },
      "properties": {
        "内容": "バス停: 県道宅屋口",
        "name": "県道宅屋口",
        "operator": "事業者不明",
        "ref": "",
        "url": "",
        "url2": ""
      }
    },
    {
      "type": "Feature",
      "geometry": {
        "type": "Point",
        "coordinates": [
          136.0078524,
          35.0347275
        ]
      },
      "properties": {
        "内容": "バス停: 県道宅屋口",
        "name": "県道宅屋口",
        "operator": "事業者不明",
        "ref": "",
        "url": "",
        "url2": ""
      }
    },
    {
      "type": "Feature",
      "geometry": {
        "type": "Point",
        "coordinates": [
          136.0097672,
          35.0337574
        ]
      },
      "properties": {
        "内容": "バス停: 高野郵便局前",
        "name": "高野郵便局前",
        "operator": "事業者不明",
        "ref": "",
        "url": "",
        "url2": ""
      }
    },
    {
      "type": "Feature",
      "geometry": {
        "type": "Point",
        "coordinates": [
          136.0099243,
          35.0335759
        ]
      },
      "properties": {
        "内容": "バス停: 高野郵便局前",
        "name": "高野郵便局前",
        "operator": "事業者不明",
        "ref": "",
        "url": "",
        "url2": ""
      }
    },
    {
      "type": "Feature",
      "geometry": {
        "type": "Point",
        "coordinates": [
          136.0127066,
          35.0354413
        ]
      },
      "properties": {
        "内容": "バス停: コミュニティセンター葉山",
        "name": "コミュニティセンター葉山",
        "operator": "事業者不明",
        "ref": "",
        "url": "",
        "url2": ""
      }
    },
    {
      "type": "Feature",
      "geometry": {
        "type": "Point",
        "coordinates": [
          136.0127635,
          35.0356855
        ]
      },
      "properties": {
        "内容": "バス停: コミュニティセンター葉山",
        "name": "コミュニティセンター葉山",
        "operator": "事業者不明",
        "ref": "",
        "url": "",
        "url2": ""
      }
    },
    {
      "type": "Feature",
      "geometry": {
        "type": "Point",
        "coordinates": [
          136.0147447,
          35.0389072
        ]
      },
      "properties": {
        "内容": "バス停: 辻",
        "name": "辻",
        "operator": "事業者不明",
        "ref": "",
        "url": "",
        "url2": ""
      }
    },
    {
      "type": "Feature",
      "geometry": {
        "type": "Point",
        "coordinates": [
          136.0146342,
          35.0388885
        ]
      },
      "properties": {
        "内容": "バス停: 辻",
        "name": "辻",
        "operator": "事業者不明",
        "ref": "",
        "url": "",
        "url2": ""
      }
    },
    {
      "type": "Feature",
      "geometry": {
        "type": "Point",
        "coordinates": [
          136.013274,
          35.041488
        ]
      },
      "properties": {
        "内容": "バス停: 国道辻",
        "name": "国道辻",
        "operator": "事業者不明",
        "ref": "",
        "url": "",
        "url2": ""
      }
    },
    {
      "type": "Feature",
      "geometry": {
        "type": "Point",
        "coordinates": [
          136.0136217,
          35.0413983
        ]
      },
      "properties": {
        "内容": "バス停: 国道辻",
        "name": "国道辻",
        "operator": "事業者不明",
        "ref": "",
        "url": "",
        "url2": ""
      }
    },
    {
      "type": "Feature",
      "geometry": {
        "type": "Point",
        "coordinates": [
          136.0113308,
          35.0430085
        ]
      },
      "properties": {
        "内容": "バス停: 出庭",
        "name": "出庭",
        "operator": "事業者不明",
        "ref": "",
        "url": "",
        "url2": ""
      }
    },
    {
      "type": "Feature",
      "geometry": {
        "type": "Point",
        "coordinates": [
          136.011243,
          35.0429429
        ]
      },
      "properties": {
        "内容": "バス停: 出庭",
        "name": "出庭",
        "operator": "事業者不明",
        "ref": "",
        "url": "",
        "url2": ""
      }
    },
    {
      "type": "Feature",
      "geometry": {
        "type": "Point",
        "coordinates": [
          136.0148698,
          35.0355797
        ]
      },
      "properties": {
        "内容": "バス停: 小坂",
        "name": "小坂",
        "operator": "事業者不明",
        "ref": "",
        "url": "",
        "url2": ""
      }
    },
    {
      "type": "Feature",
      "geometry": {
        "type": "Point",
        "coordinates": [
          136.0149142,
          35.0356671
        ]
      },
      "properties": {
        "内容": "バス停: 小坂",
        "name": "小坂",
        "operator": "事業者不明",
        "ref": "",
        "url": "",
        "url2": ""
      }
    },
    {
      "type": "Feature",
      "geometry": {
        "type": "Point",
        "coordinates": [
          136.0171504,
          35.0345212
        ]
      },
      "properties": {
        "内容": "バス停: 高野神社前",
        "name": "高野神社前",
        "operator": "事業者不明",
        "ref": "",
        "url": "",
        "url2": ""
      }
    },
    {
      "type": "Feature",
      "geometry": {
        "type": "Point",
        "coordinates": [
          136.0173308,
          35.0343244
        ]
      },
      "properties": {
        "内容": "バス停: 高野神社前",
        "name": "高野神社前",
        "operator": "事業者不明",
        "ref": "",
        "url": "",
        "url2": ""
      }
    },
    {
      "type": "Feature",
      "geometry": {
        "type": "Point",
        "coordinates": [
          136.0196779,
          35.0326199
        ]
      },
      "properties": {
        "内容": "バス停: 林北",
        "name": "林北",
        "operator": "事業者不明",
        "ref": "",
        "url": "",
        "url2": ""
      }
    },
    {
      "type": "Feature",
      "geometry": {
        "type": "Point",
        "coordinates": [
          136.0194537,
          35.0322927
        ]
      },
      "properties": {
        "内容": "バス停: 林北",
        "name": "林北",
        "operator": "事業者不明",
        "ref": "",
        "url": "",
        "url2": ""
      }
    },
    {
      "type": "Feature",
      "geometry": {
        "type": "Point",
        "coordinates": [
          136.0155413,
          35.0306334
        ]
      },
      "properties": {
        "内容": "バス停: 葉山農協前",
        "name": "葉山農協前",
        "operator": "事業者不明",
        "ref": "",
        "url": "",
        "url2": ""
      }
    },
    {
      "type": "Feature",
      "geometry": {
        "type": "Point",
        "coordinates": [
          136.0155361,
          35.0305271
        ]
      },
      "properties": {
        "内容": "バス停: 葉山農協前",
        "name": "葉山農協前",
        "operator": "事業者不明",
        "ref": "",
        "url": "",
        "url2": ""
      }
    },
    {
      "type": "Feature",
      "geometry": {
        "type": "Point",
        "coordinates": [
          136.0178632,
          35.0291242
        ]
      },
      "properties": {
        "内容": "バス停: 今土公民館前",
        "name": "今土公民館前",
        "operator": "事業者不明",
        "ref": "",
        "url": "",
        "url2": ""
      }
    },
    {
      "type": "Feature",
      "geometry": {
        "type": "Point",
        "coordinates": [
          136.0213065,
          35.0270474
        ]
      },
      "properties": {
        "内容": "バス停: 新善光寺口",
        "name": "新善光寺口",
        "operator": "事業者不明",
        "ref": "",
        "url": "",
        "url2": ""
      }
    },
    {
      "type": "Feature",
      "geometry": {
        "type": "Point",
        "coordinates": [
          136.0210823,
          35.0251407
        ]
      },
      "properties": {
        "内容": "バス停: 日向山",
        "name": "日向山",
        "operator": "事業者不明",
        "ref": "",
        "url": "",
        "url2": ""
      }
    },
    {
      "type": "Feature",
      "geometry": {
        "type": "Point",
        "coordinates": [
          136.0225044,
          35.0162283
        ]
      },
      "properties": {
        "内容": "バス停: 日本電産前",
        "name": "日本電産前",
        "operator": "事業者不明",
        "ref": "",
        "url": "",
        "url2": ""
      }
    },
    {
      "type": "Feature",
      "geometry": {
        "type": "Point",
        "coordinates": [
          136.0215056,
          35.0162814
        ]
      },
      "properties": {
        "内容": "バス停: 北尾団地",
        "name": "北尾団地",
        "operator": "事業者不明",
        "ref": "",
        "url": "",
        "url2": ""
      }
    },
    {
      "type": "Feature",
      "geometry": {
        "type": "Point",
        "coordinates": [
          136.0209222,
          35.0222839
        ]
      },
      "properties": {
        "内容": "バス停: 六地蔵団地",
        "name": "六地蔵団地",
        "operator": "事業者不明",
        "ref": "",
        "url": "",
        "url2": ""
      }
    },
    {
      "type": "Feature",
      "geometry": {
        "type": "Point",
        "coordinates": [
          136.0208034,
          35.0224739
        ]
      },
      "properties": {
        "内容": "バス停: 六地蔵団地",
        "name": "六地蔵団地",
        "operator": "事業者不明",
        "ref": "",
        "url": "",
        "url2": ""
      }
    },
    {
      "type": "Feature",
      "geometry": {
        "type": "Point",
        "coordinates": [
          136.0189498,
          35.0241242
        ]
      },
      "properties": {
        "内容": "バス停: 旧和中散本舗",
        "name": "旧和中散本舗",
        "operator": "事業者不明",
        "ref": "",
        "url": "",
        "url2": ""
      }
    },
    {
      "type": "Feature",
      "geometry": {
        "type": "Point",
        "coordinates": [
          136.0189774,
          35.0239595
        ]
      },
      "properties": {
        "内容": "バス停: 旧和中散本舗",
        "name": "旧和中散本舗",
        "operator": "事業者不明",
        "ref": "",
        "url": "",
        "url2": ""
      }
    },
    {
      "type": "Feature",
      "geometry": {
        "type": "Point",
        "coordinates": [
          136.014461,
          35.023535
        ]
      },
      "properties": {
        "内容": "バス停: コミュニティセンター葉山東",
        "name": "コミュニティセンター葉山東",
        "operator": "事業者不明",
        "ref": "",
        "url": "",
        "url2": ""
      }
    },
    {
      "type": "Feature",
      "geometry": {
        "type": "Point",
        "coordinates": [
          136.0145478,
          35.023614
        ]
      },
      "properties": {
        "内容": "バス停: コミュニティセンター葉山東",
        "name": "コミュニティセンター葉山東",
        "operator": "事業者不明",
        "ref": "",
        "url": "",
        "url2": ""
      }
    },
    {
      "type": "Feature",
      "geometry": {
        "type": "Point",
        "coordinates": [
          136.012257,
          35.0241103
        ]
      },
      "properties": {
        "内容": "バス停: 葉山東小学校前",
        "name": "葉山東小学校前",
        "operator": "事業者不明",
        "ref": "",
        "url": "",
        "url2": ""
      }
    },
    {
      "type": "Feature",
      "geometry": {
        "type": "Point",
        "coordinates": [
          136.0121378,
          35.0240942
        ]
      },
      "properties": {
        "内容": "バス停: 葉山東小学校前",
        "name": "葉山東小学校前",
        "operator": "事業者不明",
        "ref": "",
        "url": "",
        "url2": ""
      }
    },
    {
      "type": "Feature",
      "geometry": {
        "type": "Point",
        "coordinates": [
          136.00958,
          35.0253031
        ]
      },
      "properties": {
        "内容": "バス停: 小野東町",
        "name": "小野東町",
        "operator": "事業者不明",
        "ref": "",
        "url": "",
        "url2": ""
      }
    },
    {
      "type": "Feature",
      "geometry": {
        "type": "Point",
        "coordinates": [
          136.0091597,
          35.0253022
        ]
      },
      "properties": {
        "内容": "バス停: 小野東町",
        "name": "小野東町",
        "operator": "事業者不明",
        "ref": "",
        "url": "",
        "url2": ""
      }
    },
    {
      "type": "Feature",
      "geometry": {
        "type": "Point",
        "coordinates": [
          136.0064609,
          35.0253226
        ]
      },
      "properties": {
        "内容": "バス停: 小野",
        "name": "小野",
        "operator": "事業者不明",
        "ref": "",
        "url": "",
        "url2": ""
      }
    },
    {
      "type": "Feature",
      "geometry": {
        "type": "Point",
        "coordinates": [
          136.0064618,
          35.0253918
        ]
      },
      "properties": {
        "内容": "バス停: 小野",
        "name": "小野",
        "operator": "事業者不明",
        "ref": "",
        "url": "",
        "url2": ""
      }
    },
    {
      "type": "Feature",
      "geometry": {
        "type": "Point",
        "coordinates": [
          136.0004199,
          35.0247632
        ]
      },
      "properties": {
        "内容": "バス停: 手原二丁目",
        "name": "手原二丁目",
        "operator": "事業者不明",
        "ref": "",
        "url": "",
        "url2": ""
      }
    },
    {
      "type": "Feature",
      "geometry": {
        "type": "Point",
        "coordinates": [
          136.0004445,
          35.0246705
        ]
      },
      "properties": {
        "内容": "バス停: 手原二丁目",
        "name": "手原二丁目",
        "operator": "事業者不明",
        "ref": "",
        "url": "",
        "url2": ""
      }
    },
    {
      "type": "Feature",
      "geometry": {
        "type": "Point",
        "coordinates": [
          135.9689583,
          35.0171741
        ]
      },
      "properties": {
        "内容": "バス停: 東草津",
        "name": "東草津",
        "operator": "事業者不明",
        "ref": "",
        "url": "",
        "url2": ""
      }
    },
    {
      "type": "Feature",
      "geometry": {
        "type": "Point",
        "coordinates": [
          135.9722795,
          35.0149054
        ]
      },
      "properties": {
        "内容": "バス停: 新屋敷",
        "name": "新屋敷",
        "operator": "事業者不明",
        "ref": "",
        "url": "",
        "url2": ""
      }
    },
    {
      "type": "Feature",
      "geometry": {
        "type": "Point",
        "coordinates": [
          135.9781753,
          35.0129852
        ]
      },
      "properties": {
        "内容": "バス停: 岡",
        "name": "岡",
        "operator": "事業者不明",
        "ref": "",
        "url": "",
        "url2": ""
      }
    },
    {
      "type": "Feature",
      "geometry": {
        "type": "Point",
        "coordinates": [
          135.9807521,
          35.015119
        ]
      },
      "properties": {
        "内容": "バス停: 目川",
        "name": "目川",
        "operator": "事業者不明",
        "ref": "",
        "url": "",
        "url2": ""
      }
    },
    {
      "type": "Feature",
      "geometry": {
        "type": "Point",
        "coordinates": [
          135.9836506,
          35.0176755
        ]
      },
      "properties": {
        "内容": "バス停: 治田小前",
        "name": "治田小前",
        "operator": "事業者不明",
        "ref": "",
        "url": "",
        "url2": ""
      }
    },
    {
      "type": "Feature",
      "geometry": {
        "type": "Point",
        "coordinates": [
          135.9860197,
          35.0171649
        ]
      },
      "properties": {
        "内容": "バス停: 坊袋",
        "name": "坊袋",
        "operator": "事業者不明",
        "ref": "",
        "url": "",
        "url2": ""
      }
    },
    {
      "type": "Feature",
      "geometry": {
        "type": "Point",
        "coordinates": [
          135.988009,
          35.0196514
        ]
      },
      "properties": {
        "内容": "バス停: 川辺",
        "name": "川辺",
        "operator": "事業者不明",
        "ref": "",
        "url": "",
        "url2": ""
      }
    },
    {
      "type": "Feature",
      "geometry": {
        "type": "Point",
        "coordinates": [
          135.9909442,
          35.0221754
        ]
      },
      "properties": {
        "内容": "バス停: 上鈎口",
        "name": "上鈎口",
        "operator": "事業者不明",
        "ref": "",
        "url": "",
        "url2": ""
      }
    },
    {
      "type": "Feature",
      "geometry": {
        "type": "Point",
        "coordinates": [
          135.9931404,
          35.0214489
        ]
      },
      "properties": {
        "内容": "バス停: ろうわ学校",
        "name": "ろうわ学校",
        "operator": "事業者不明",
        "ref": "",
        "url": "",
        "url2": ""
      }
    },
    {
      "type": "Feature",
      "geometry": {
        "type": "Point",
        "coordinates": [
          135.9869598,
          35.0325141
        ]
      },
      "properties": {
        "内容": "バス停: 積水ハウス前",
        "name": "積水ハウス前",
        "operator": "事業者不明",
        "ref": "",
        "url": "",
        "url2": ""
      }
    },
    {
      "type": "Feature",
      "geometry": {
        "type": "Point",
        "coordinates": [
          135.9901899,
          35.034886
        ]
      },
      "properties": {
        "内容": "バス停: 積水化学前",
        "name": "積水化学前",
        "operator": "事業者不明",
        "ref": "",
        "url": "",
        "url2": ""
      }
    },
    {
      "type": "Feature",
      "geometry": {
        "type": "Point",
        "coordinates": [
          135.988876,
          35.0347196
        ]
      },
      "properties": {
        "内容": "バス停: 野尻",
        "name": "野尻",
        "operator": "事業者不明",
        "ref": "",
        "url": "",
        "url2": ""
      }
    },
    {
      "type": "Feature",
      "geometry": {
        "type": "Point",
        "coordinates": [
          136.0073867,
          35.0232935
        ]
      },
      "properties": {
        "内容": "バス停: 栗東高校",
        "name": "栗東高校",
        "operator": "事業者不明",
        "ref": "",
        "url": "",
        "url2": ""
      }
    },
    {
      "type": "Feature",
      "geometry": {
        "type": "Point",
        "coordinates": [
          136.0073291,
          35.0231773
        ]
      },
      "properties": {
        "内容": "バス停: 栗東高校",
        "name": "栗東高校",
        "operator": "事業者不明",
        "ref": "",
        "url": "",
        "url2": ""
      }
    },
    {
      "type": "Feature",
      "geometry": {
        "type": "Point",
        "coordinates": [
          136.013039,
          35.0177875
        ]
      },
      "properties": {
        "内容": "バス停: 東宝ランド",
        "name": "東宝ランド",
        "operator": "事業者不明",
        "ref": "",
        "url": "",
        "url2": ""
      }
    },
    {
      "type": "Feature",
      "geometry": {
        "type": "Point",
        "coordinates": [
          136.0133525,
          35.0170522
        ]
      },
      "properties": {
        "内容": "バス停: 東宝ランド",
        "name": "東宝ランド",
        "operator": "事業者不明",
        "ref": "",
        "url": "",
        "url2": ""
      }
    },
    {
      "type": "Feature",
      "geometry": {
        "type": "Point",
        "coordinates": [
          136.0169365,
          35.0123802
        ]
      },
      "properties": {
        "内容": "バス停: 中浮気団地",
        "name": "中浮気団地",
        "operator": "事業者不明",
        "ref": "",
        "url": "",
        "url2": ""
      }
    },
    {
      "type": "Feature",
      "geometry": {
        "type": "Point",
        "coordinates": [
          136.0202825,
          35.0118079
        ]
      },
      "properties": {
        "内容": "バス停: 北の山",
        "name": "北の山",
        "operator": "事業者不明",
        "ref": "",
        "url": "",
        "url2": ""
      }
    },
    {
      "type": "Feature",
      "geometry": {
        "type": "Point",
        "coordinates": [
          136.0251974,
          35.0060555
        ]
      },
      "properties": {
        "内容": "バス停: びわこカントリー",
        "name": "びわこカントリー",
        "operator": "事業者不明",
        "ref": "",
        "url": "",
        "url2": ""
      }
    },
    {
      "type": "Feature",
      "geometry": {
        "type": "Point",
        "coordinates": [
          136.0251364,
          35.0055298
        ]
      },
      "properties": {
        "内容": "バス停: びわこカントリー",
        "name": "びわこカントリー",
        "operator": "事業者不明",
        "ref": "",
        "url": "",
        "url2": ""
      }
    },
    {
      "type": "Feature",
      "geometry": {
        "type": "Point",
        "coordinates": [
          136.0230805,
          35.0011679
        ]
      },
      "properties": {
        "内容": "バス停: 中村",
        "name": "中村",
        "operator": "事業者不明",
        "ref": "",
        "url": "",
        "url2": ""
      }
    },
    {
      "type": "Feature",
      "geometry": {
        "type": "Point",
        "coordinates": [
          136.0230679,
          35.0008299
        ]
      },
      "properties": {
        "内容": "バス停: 中村",
        "name": "中村",
        "operator": "事業者不明",
        "ref": "",
        "url": "",
        "url2": ""
      }
    },
    {
      "type": "Feature",
      "geometry": {
        "type": "Point",
        "coordinates": [
          136.0214996,
          34.9975393
        ]
      },
      "properties": {
        "内容": "バス停: 金勝小学校",
        "name": "金勝小学校",
        "operator": "事業者不明",
        "ref": "",
        "url": "",
        "url2": ""
      }
    },
    {
      "type": "Feature",
      "geometry": {
        "type": "Point",
        "coordinates": [
          136.0216875,
          34.9970303
        ]
      },
      "properties": {
        "内容": "バス停: 金勝小学校",
        "name": "金勝小学校",
        "operator": "事業者不明",
        "ref": "",
        "url": "",
        "url2": ""
      }
    },
    {
      "type": "Feature",
      "geometry": {
        "type": "Point",
        "coordinates": [
          136.0186859,
          35.0000484
        ]
      },
      "properties": {
        "内容": "バス停: トレセン事務所前",
        "name": "トレセン事務所前",
        "operator": "事業者不明",
        "ref": "",
        "url": "",
        "url2": ""
      }
    },
    {
      "type": "Feature",
      "geometry": {
        "type": "Point",
        "coordinates": [
          136.0133034,
          35.0006363
        ]
      },
      "properties": {
        "内容": "バス停: 西ヶ谷",
        "name": "西ヶ谷",
        "operator": "事業者不明",
        "ref": "",
        "url": "",
        "url2": ""
      }
    },
    {
      "type": "Feature",
      "geometry": {
        "type": "Point",
        "coordinates": [
          136.0133205,
          35.000793
        ]
      },
      "properties": {
        "内容": "バス停: 西ヶ谷",
        "name": "西ヶ谷",
        "operator": "事業者不明",
        "ref": "",
        "url": "",
        "url2": ""
      }
    },
    {
      "type": "Feature",
      "geometry": {
        "type": "Point",
        "coordinates": [
          136.0134447,
          35.0024644
        ]
      },
      "properties": {
        "内容": "バス停: トレセン西住宅",
        "name": "トレセン西住宅",
        "operator": "事業者不明",
        "ref": "",
        "url": "",
        "url2": ""
      }
    },
    {
      "type": "Feature",
      "geometry": {
        "type": "Point",
        "coordinates": [
          136.0164019,
          35.0056047
        ]
      },
      "properties": {
        "内容": "バス停: 上砥山",
        "name": "上砥山",
        "operator": "事業者不明",
        "ref": "",
        "url": "",
        "url2": ""
      }
    },
    {
      "type": "Feature",
      "geometry": {
        "type": "Point",
        "coordinates": [
          136.0166693,
          35.005443
        ]
      },
      "properties": {
        "内容": "バス停: 上砥山",
        "name": "上砥山",
        "operator": "事業者不明",
        "ref": "",
        "url": "",
        "url2": ""
      }
    },
    {
      "type": "Feature",
      "geometry": {
        "type": "Point",
        "coordinates": [
          136.0062376,
          35.0094279
        ]
      },
      "properties": {
        "内容": "バス停: 上砥山西",
        "name": "上砥山西",
        "operator": "事業者不明",
        "ref": "",
        "url": "",
        "url2": ""
      }
    },
    {
      "type": "Feature",
      "geometry": {
        "type": "Point",
        "coordinates": [
          136.0063486,
          35.0094162
        ]
      },
      "properties": {
        "内容": "バス停: 上砥山西",
        "name": "上砥山西",
        "operator": "事業者不明",
        "ref": "",
        "url": "",
        "url2": ""
      }
    },
    {
      "type": "Feature",
      "geometry": {
        "type": "Point",
        "coordinates": [
          136.006435,
          35.0114172
        ]
      },
      "properties": {
        "内容": "バス停: 日吉ヶ丘",
        "name": "日吉ヶ丘",
        "operator": "事業者不明",
        "ref": "",
        "url": "",
        "url2": ""
      }
    },
    {
      "type": "Feature",
      "geometry": {
        "type": "Point",
        "coordinates": [
          136.0065858,
          35.0116904
        ]
      },
      "properties": {
        "内容": "バス停: 日吉ヶ丘",
        "name": "日吉ヶ丘",
        "operator": "事業者不明",
        "ref": "",
        "url": "",
        "url2": ""
      }
    },
    {
      "type": "Feature",
      "geometry": {
        "type": "Point",
        "coordinates": [
          136.0069724,
          35.0140532
        ]
      },
      "properties": {
        "内容": "バス停: 赤坂公園",
        "name": "赤坂公園",
        "operator": "事業者不明",
        "ref": "",
        "url": "",
        "url2": ""
      }
    },
    {
      "type": "Feature",
      "geometry": {
        "type": "Point",
        "coordinates": [
          136.0070857,
          35.014041
        ]
      },
      "properties": {
        "内容": "バス停: 赤坂公園",
        "name": "赤坂公園",
        "operator": "事業者不明",
        "ref": "",
        "url": "",
        "url2": ""
      }
    },
    {
      "type": "Feature",
      "geometry": {
        "type": "Point",
        "coordinates": [
          136.0080211,
          35.0162958
        ]
      },
      "properties": {
        "内容": "バス停: 赤坂団地",
        "name": "赤坂団地",
        "operator": "事業者不明",
        "ref": "",
        "url": "",
        "url2": ""
      }
    },
    {
      "type": "Feature",
      "geometry": {
        "type": "Point",
        "coordinates": [
          136.008107,
          35.0162239
        ]
      },
      "properties": {
        "内容": "バス停: 赤坂団地",
        "name": "赤坂団地",
        "operator": "事業者不明",
        "ref": "",
        "url": "",
        "url2": ""
      }
    },
    {
      "type": "Feature",
      "geometry": {
        "type": "Point",
        "coordinates": [
          136.0105872,
          35.0171164
        ]
      },
      "properties": {
        "内容": "バス停: 栗東ニューハイツ",
        "name": "栗東ニューハイツ",
        "operator": "事業者不明",
        "ref": "",
        "url": "",
        "url2": ""
      }
    },
    {
      "type": "Feature",
      "geometry": {
        "type": "Point",
        "coordinates": [
          136.0114178,
          35.0184713
        ]
      },
      "properties": {
        "内容": "バス停: 東宝ランド",
        "name": "東宝ランド",
        "operator": "事業者不明",
        "ref": "",
        "url": "",
        "url2": ""
      }
    },
    {
      "type": "Feature",
      "geometry": {
        "type": "Point",
        "coordinates": [
          136.0114803,
          35.0185505
        ]
      },
      "properties": {
        "内容": "バス停: 東宝ランド",
        "name": "東宝ランド",
        "operator": "事業者不明",
        "ref": "",
        "url": "",
        "url2": ""
      }
    },
    {
      "type": "Feature",
      "geometry": {
        "type": "Point",
        "coordinates": [
          136.008313,
          35.0183048
        ]
      },
      "properties": {
        "内容": "バス停: 図書館前",
        "name": "図書館前",
        "operator": "事業者不明",
        "ref": "",
        "url": "",
        "url2": ""
      }
    },
    {
      "type": "Feature",
      "geometry": {
        "type": "Point",
        "coordinates": [
          136.0075932,
          35.0180703
        ]
      },
      "properties": {
        "内容": "バス停: 図書館前",
        "name": "図書館前",
        "operator": "事業者不明",
        "ref": "",
        "url": "",
        "url2": ""
      }
    },
    {
      "type": "Feature",
      "geometry": {
        "type": "Point",
        "coordinates": [
          136.0063002,
          35.0179439
        ]
      },
      "properties": {
        "内容": "バス停: なごやかセンター口",
        "name": "なごやかセンター口",
        "operator": "事業者不明",
        "ref": "",
        "url": "",
        "url2": ""
      }
    },
    {
      "type": "Feature",
      "geometry": {
        "type": "Point",
        "coordinates": [
          136.0058909,
          35.0183133
        ]
      },
      "properties": {
        "内容": "バス停: なごやかセンター口",
        "name": "なごやかセンター口",
        "operator": "事業者不明",
        "ref": "",
        "url": "",
        "url2": ""
      }
    },
    {
      "type": "Feature",
      "geometry": {
        "type": "Point",
        "coordinates": [
          135.9714578,
          35.0187155
        ]
      },
      "properties": {
        "内容": "バス停: 大路三丁目",
        "name": "大路三丁目",
        "operator": "事業者不明",
        "ref": "",
        "url": "",
        "url2": ""
      }
    },
    {
      "type": "Feature",
      "geometry": {
        "type": "Point",
        "coordinates": [
          135.9736127,
          35.0168343
        ]
      },
      "properties": {
        "内容": "バス停: クレハ前",
        "name": "クレハ前",
        "operator": "事業者不明",
        "ref": "",
        "url": "",
        "url2": ""
      }
    },
    {
      "type": "Feature",
      "geometry": {
        "type": "Point",
        "coordinates": [
          135.9761523,
          35.0194112
        ]
      },
      "properties": {
        "内容": "バス停: 小柿九丁目",
        "name": "小柿九丁目",
        "operator": "事業者不明",
        "ref": "",
        "url": "",
        "url2": ""
      }
    },
    {
      "type": "Feature",
      "geometry": {
        "type": "Point",
        "coordinates": [
          135.9780629,
          35.0194927
        ]
      },
      "properties": {
        "内容": "バス停: 神慈秀明会草津出張所",
        "name": "神慈秀明会草津出張所",
        "operator": "事業者不明",
        "ref": "",
        "url": "",
        "url2": ""
      }
    },
    {
      "type": "Feature",
      "geometry": {
        "type": "Point",
        "coordinates": [
          135.9757568,
          35.016668
        ]
      },
      "properties": {
        "内容": "バス停: 目川住宅",
        "name": "目川住宅",
        "operator": "事業者不明",
        "ref": "",
        "url": "",
        "url2": ""
      }
    },
    {
      "type": "Feature",
      "geometry": {
        "type": "Point",
        "coordinates": [
          135.9748604,
          35.0213768
        ]
      },
      "properties": {
        "内容": "バス停: 小柿",
        "name": "小柿",
        "operator": "事業者不明",
        "ref": "",
        "url": "",
        "url2": ""
      }
    },
    {
      "type": "Feature",
      "geometry": {
        "type": "Point",
        "coordinates": [
          135.9748367,
          35.0211988
        ]
      },
      "properties": {
        "内容": "バス停: 小柿",
        "name": "小柿",
        "operator": "事業者不明",
        "ref": "",
        "url": "",
        "url2": ""
      }
    },
    {
      "type": "Feature",
      "geometry": {
        "type": "Point",
        "coordinates": [
          135.9825445,
          35.0226313
        ]
      },
      "properties": {
        "内容": "バス停: 治田",
        "name": "治田",
        "operator": "事業者不明",
        "ref": "",
        "url": "",
        "url2": ""
      }
    },
    {
      "type": "Feature",
      "geometry": {
        "type": "Point",
        "coordinates": [
          135.9820896,
          35.0223974
        ]
      },
      "properties": {
        "内容": "バス停: 治田",
        "name": "治田",
        "operator": "事業者不明",
        "ref": "",
        "url": "",
        "url2": ""
      }
    },
    {
      "type": "Feature",
      "geometry": {
        "type": "Point",
        "coordinates": [
          135.9900654,
          35.0245606
        ]
      },
      "properties": {
        "内容": "バス停: 上鈎",
        "name": "上鈎",
        "operator": "事業者不明",
        "ref": "",
        "url": "",
        "url2": ""
      }
    },
    {
      "type": "Feature",
      "geometry": {
        "type": "Point",
        "coordinates": [
          135.9897458,
          35.0242095
        ]
      },
      "properties": {
        "内容": "バス停: 上鈎",
        "name": "上鈎",
        "operator": "事業者不明",
        "ref": "",
        "url": "",
        "url2": ""
      }
    },
    {
      "type": "Feature",
      "geometry": {
        "type": "Point",
        "coordinates": [
          136.0032769,
          35.0296476
        ]
      },
      "properties": {
        "内容": "バス停: 手原駅口",
        "name": "手原駅口",
        "operator": "事業者不明",
        "ref": "",
        "url": "",
        "url2": ""
      }
    },
    {
      "type": "Feature",
      "geometry": {
        "type": "Point",
        "coordinates": [
          136.004013,
          35.0295423
        ]
      },
      "properties": {
        "内容": "バス停: 手原駅口",
        "name": "手原駅口",
        "operator": "事業者不明",
        "ref": "",
        "url": "",
        "url2": ""
      }
    },
    {
      "type": "Feature",
      "geometry": {
        "type": "Point",
        "coordinates": [
          136.0075635,
          35.0301685
        ]
      },
      "properties": {
        "内容": "バス停: 大橋六丁目",
        "name": "大橋六丁目",
        "operator": "事業者不明",
        "ref": "",
        "url": "",
        "url2": ""
      }
    },
    {
      "type": "Feature",
      "geometry": {
        "type": "Point",
        "coordinates": [
          136.0122582,
          35.0307527
        ]
      },
      "properties": {
        "内容": "バス停: 葉山",
        "name": "葉山",
        "operator": "事業者不明",
        "ref": "",
        "url": "",
        "url2": ""
      }
    },
    {
      "type": "Feature",
      "geometry": {
        "type": "Point",
        "coordinates": [
          136.0125981,
          35.030681
        ]
      },
      "properties": {
        "内容": "バス停: 葉山",
        "name": "葉山",
        "operator": "事業者不明",
        "ref": "",
        "url": "",
        "url2": ""
      }
    },
    {
      "type": "Feature",
      "geometry": {
        "type": "Point",
        "coordinates": [
          136.0227106,
          35.0311319
        ]
      },
      "properties": {
        "内容": "バス停: 高野",
        "name": "高野",
        "operator": "事業者不明",
        "ref": "",
        "url": "",
        "url2": ""
      }
    },
    {
      "type": "Feature",
      "geometry": {
        "type": "Point",
        "coordinates": [
          136.0279963,
          35.0292569
        ]
      },
      "properties": {
        "内容": "バス停: 八洲工業前",
        "name": "八洲工業前",
        "operator": "事業者不明",
        "ref": "",
        "url": "",
        "url2": ""
      }
    },
    {
      "type": "Feature",
      "geometry": {
        "type": "Point",
        "coordinates": [
          136.0290873,
          35.0287267
        ]
      },
      "properties": {
        "内容": "バス停: 八洲工業前",
        "name": "八洲工業前",
        "operator": "事業者不明",
        "ref": "",
        "url": "",
        "url2": ""
      }
    },
    {
      "type": "Feature",
      "geometry": {
        "type": "Point",
        "coordinates": [
          136.0320857,
          35.0276178
        ]
      },
      "properties": {
        "内容": "バス停: 国道伊勢落",
        "name": "国道伊勢落",
        "operator": "事業者不明",
        "ref": "",
        "url": "",
        "url2": ""
      }
    },
    {
      "type": "Feature",
      "geometry": {
        "type": "Point",
        "coordinates": [
          136.0309725,
          35.0254341
        ]
      },
      "properties": {
        "内容": "バス停: 伊勢落",
        "name": "伊勢落",
        "operator": "事業者不明",
        "ref": "",
        "url": "",
        "url2": ""
      }
    },
    {
      "type": "Feature",
      "geometry": {
        "type": "Point",
        "coordinates": [
          135.9673182,
          35.0353264
        ]
      },
      "properties": {
        "内容": "バス停: 小平井団地",
        "name": "小平井団地",
        "operator": "事業者不明",
        "ref": "",
        "url": "",
        "url2": ""
      }
    },
    {
      "type": "Feature",
      "geometry": {
        "type": "Point",
        "coordinates": [
          135.9673691,
          35.0351963
        ]
      },
      "properties": {
        "内容": "バス停: 小平井団地",
        "name": "小平井団地",
        "operator": "事業者不明",
        "ref": "",
        "url": "",
        "url2": ""
      }
    },
    {
      "type": "Feature",
      "geometry": {
        "type": "Point",
        "coordinates": [
          135.9657837,
          35.0365504
        ]
      },
      "properties": {
        "内容": "バス停: 小平井",
        "name": "小平井",
        "operator": "事業者不明",
        "ref": "",
        "url": "",
        "url2": ""
      }
    },
    {
      "type": "Feature",
      "geometry": {
        "type": "Point",
        "coordinates": [
          135.9658209,
          35.0363403
        ]
      },
      "properties": {
        "内容": "バス停: 小平井",
        "name": "小平井",
        "operator": "事業者不明",
        "ref": "",
        "url": "",
        "url2": ""
      }
    },
    {
      "type": "Feature",
      "geometry": {
        "type": "Point",
        "coordinates": [
          135.9674467,
          35.0386076
        ]
      },
      "properties": {
        "内容": "バス停: 小平井一区",
        "name": "小平井一区",
        "operator": "事業者不明",
        "ref": "",
        "url": "",
        "url2": ""
      }
    },
    {
      "type": "Feature",
      "geometry": {
        "type": "Point",
        "coordinates": [
          135.9676478,
          35.0386012
        ]
      },
      "properties": {
        "内容": "バス停: 小平井一区",
        "name": "小平井一区",
        "operator": "事業者不明",
        "ref": "",
        "url": "",
        "url2": ""
      }
    },
    {
      "type": "Feature",
      "geometry": {
        "type": "Point",
        "coordinates": [
          135.9676417,
          35.0399974
        ]
      },
      "properties": {
        "内容": "バス停: 小平井口",
        "name": "小平井口",
        "operator": "事業者不明",
        "ref": "",
        "url": "",
        "url2": ""
      }
    },
    {
      "type": "Feature",
      "geometry": {
        "type": "Point",
        "coordinates": [
          135.9668912,
          35.0402269
        ]
      },
      "properties": {
        "内容": "バス停: 小平井口",
        "name": "小平井口",
        "operator": "事業者不明",
        "ref": "",
        "url": "",
        "url2": ""
      }
    },
    {
      "type": "Feature",
      "geometry": {
        "type": "Point",
        "coordinates": [
          135.9622336,
          35.0425814
        ]
      },
      "properties": {
        "内容": "バス停: マックスバリュー駒井沢",
        "name": "マックスバリュー駒井沢",
        "operator": "事業者不明",
        "ref": "",
        "url": "",
        "url2": ""
      }
    },
    {
      "type": "Feature",
      "geometry": {
        "type": "Point",
        "coordinates": [
          135.9624532,
          35.0427415
        ]
      },
      "properties": {
        "内容": "バス停: マックスバリュー駒井沢",
        "name": "マックスバリュー駒井沢",
        "operator": "事業者不明",
        "ref": "",
        "url": "",
        "url2": ""
      }
    },
    {
      "type": "Feature",
      "geometry": {
        "type": "Point",
        "coordinates": [
          135.9598093,
          35.0441242
        ]
      },
      "properties": {
        "内容": "バス停: 富田クリニック",
        "name": "富田クリニック",
        "operator": "事業者不明",
        "ref": "",
        "url": "",
        "url2": ""
      }
    },
    {
      "type": "Feature",
      "geometry": {
        "type": "Point",
        "coordinates": [
          135.9595454,
          35.0441163
        ]
      },
      "properties": {
        "内容": "バス停: 富田クリニック",
        "name": "富田クリニック",
        "operator": "事業者不明",
        "ref": "",
        "url": "",
        "url2": ""
      }
    },
    {
      "type": "Feature",
      "geometry": {
        "type": "Point",
        "coordinates": [
          135.9580351,
          35.045124
        ]
      },
      "properties": {
        "内容": "バス停: 草津ハートセンター",
        "name": "草津ハートセンター",
        "operator": "事業者不明",
        "ref": "",
        "url": "",
        "url2": ""
      }
    },
    {
      "type": "Feature",
      "geometry": {
        "type": "Point",
        "coordinates": [
          135.9577946,
          35.0450847
        ]
      },
      "properties": {
        "内容": "バス停: 草津ハートセンター",
        "name": "草津ハートセンター",
        "operator": "事業者不明",
        "ref": "",
        "url": "",
        "url2": ""
      }
    },
    {
      "type": "Feature",
      "geometry": {
        "type": "Point",
        "coordinates": [
          135.9615869,
          35.0466016
        ]
      },
      "properties": {
        "内容": "バス停: ひだまりの家",
        "name": "ひだまりの家",
        "operator": "事業者不明",
        "ref": "",
        "url": "",
        "url2": ""
      }
    },
    {
      "type": "Feature",
      "geometry": {
        "type": "Point",
        "coordinates": [
          135.9638793,
          35.0444212
        ]
      },
      "properties": {
        "内容": "バス停: 十里口",
        "name": "十里口",
        "operator": "事業者不明",
        "ref": "",
        "url": "",
        "url2": ""
      }
    },
    {
      "type": "Feature",
      "geometry": {
        "type": "Point",
        "coordinates": [
          135.9661418,
          35.043162
        ]
      },
      "properties": {
        "内容": "バス停: 霊山寺",
        "name": "霊山寺",
        "operator": "事業者不明",
        "ref": "",
        "url": "",
        "url2": ""
      }
    },
    {
      "type": "Feature",
      "geometry": {
        "type": "Point",
        "coordinates": [
          135.9678774,
          35.0421123
        ]
      },
      "properties": {
        "内容": "バス停: コミュニティセンター大宝西",
        "name": "コミュニティセンター大宝西",
        "operator": "事業者不明",
        "ref": "",
        "url": "",
        "url2": ""
      }
    },
    {
      "type": "Feature",
      "geometry": {
        "type": "Point",
        "coordinates": [
          135.9698511,
          35.0415607
        ]
      },
      "properties": {
        "内容": "バス停: 霊山寺五丁目",
        "name": "霊山寺五丁目",
        "operator": "事業者不明",
        "ref": "",
        "url": "",
        "url2": ""
      }
    },
    {
      "type": "Feature",
      "geometry": {
        "type": "Point",
        "coordinates": [
          135.9697333,
          35.0415746
        ]
      },
      "properties": {
        "内容": "バス停: 霊山寺五丁目",
        "name": "霊山寺五丁目",
        "operator": "事業者不明",
        "ref": "",
        "url": "",
        "url2": ""
      }
    },
    {
      "type": "Feature",
      "geometry": {
        "type": "Point",
        "coordinates": [
          135.9700939,
          35.0386629
        ]
      },
      "properties": {
        "内容": "バス停: 霊山寺",
        "name": "霊山寺",
        "operator": "事業者不明",
        "ref": "",
        "url": "",
        "url2": ""
      }
    },
    {
      "type": "Feature",
      "geometry": {
        "type": "Point",
        "coordinates": [
          135.9698477,
          35.0385759
        ]
      },
      "properties": {
        "内容": "バス停: 霊山寺",
        "name": "霊山寺",
        "operator": "事業者不明",
        "ref": "",
        "url": "",
        "url2": ""
      }
    },
    {
      "type": "Feature",
      "geometry": {
        "type": "Point",
        "coordinates": [
          135.9732488,
          35.0378754
        ]
      },
      "properties": {
        "内容": "バス停: 新霊山寺橋",
        "name": "新霊山寺橋",
        "operator": "事業者不明",
        "ref": "",
        "url": "",
        "url2": ""
      }
    },
    {
      "type": "Feature",
      "geometry": {
        "type": "Point",
        "coordinates": [
          135.9733572,
          35.0378402
        ]
      },
      "properties": {
        "内容": "バス停: 新霊山寺橋",
        "name": "新霊山寺橋",
        "operator": "事業者不明",
        "ref": "",
        "url": "",
        "url2": ""
      }
    },
    {
      "type": "Feature",
      "geometry": {
        "type": "Point",
        "coordinates": [
          135.9742608,
          35.0391158
        ]
      },
      "properties": {
        "内容": "バス停: 大宝郵便局西",
        "name": "大宝郵便局西",
        "operator": "事業者不明",
        "ref": "",
        "url": "",
        "url2": ""
      }
    },
    {
      "type": "Feature",
      "geometry": {
        "type": "Point",
        "coordinates": [
          135.9743688,
          35.0390823
        ]
      },
      "properties": {
        "内容": "バス停: 大宝郵便局西",
        "name": "大宝郵便局西",
        "operator": "事業者不明",
        "ref": "",
        "url": "",
        "url2": ""
      }
    },
    {
      "type": "Feature",
      "geometry": {
        "type": "Point",
        "coordinates": [
          135.9754819,
          35.0391873
        ]
      },
      "properties": {
        "内容": "バス停: 大宝郵便局前",
        "name": "大宝郵便局前",
        "operator": "事業者不明",
        "ref": "",
        "url": "",
        "url2": ""
      }
    },
    {
      "type": "Feature",
      "geometry": {
        "type": "Point",
        "coordinates": [
          135.9755843,
          35.0392357
        ]
      },
      "properties": {
        "内容": "バス停: 大宝郵便局前",
        "name": "大宝郵便局前",
        "operator": "事業者不明",
        "ref": "",
        "url": "",
        "url2": ""
      }
    },
    {
      "type": "Feature",
      "geometry": {
        "type": "Point",
        "coordinates": [
          135.9773243,
          35.0427116
        ]
      },
      "properties": {
        "内容": "バス停: 北中小路",
        "name": "北中小路",
        "operator": "事業者不明",
        "ref": "",
        "url": "",
        "url2": ""
      }
    },
    {
      "type": "Feature",
      "geometry": {
        "type": "Point",
        "coordinates": [
          135.9770753,
          35.0425583
        ]
      },
      "properties": {
        "内容": "バス停: 北中小路",
        "name": "北中小路",
        "operator": "事業者不明",
        "ref": "",
        "url": "",
        "url2": ""
      }
    },
    {
      "type": "Feature",
      "geometry": {
        "type": "Point",
        "coordinates": [
          135.9794062,
          35.0330439
        ]
      },
      "properties": {
        "内容": "バス停: 苅原",
        "name": "苅原",
        "operator": "事業者不明",
        "ref": "",
        "url": "",
        "url2": ""
      }
    },
    {
      "type": "Feature",
      "geometry": {
        "type": "Point",
        "coordinates": [
          135.9796349,
          35.0328063
        ]
      },
      "properties": {
        "内容": "バス停: 苅原",
        "name": "苅原",
        "operator": "事業者不明",
        "ref": "",
        "url": "",
        "url2": ""
      }
    },
    {
      "type": "Feature",
      "geometry": {
        "type": "Point",
        "coordinates": [
          135.9834059,
          35.0351708
        ]
      },
      "properties": {
        "内容": "バス停: さきら前",
        "name": "さきら前",
        "operator": "事業者不明",
        "ref": "",
        "url": "",
        "url2": ""
      }
    },
    {
      "type": "Feature",
      "geometry": {
        "type": "Point",
        "coordinates": [
          135.982904,
          35.0352012
        ]
      },
      "properties": {
        "内容": "バス停: さきら前",
        "name": "さきら前",
        "operator": "事業者不明",
        "ref": "",
        "url": "",
        "url2": ""
      }
    },
    {
      "type": "Feature",
      "geometry": {
        "type": "Point",
        "coordinates": [
          136.2675525,
          35.3796627
        ]
      },
      "properties": {
        "内容": "バス停: 西本町",
        "name": "西本町",
        "operator": "事業者不明",
        "ref": "",
        "url": "",
        "url2": ""
      }
    },
    {
      "type": "Feature",
      "geometry": {
        "type": "Point",
        "coordinates": [
          136.2682634,
          35.3796792
        ]
      },
      "properties": {
        "内容": "バス停: 信用金庫前",
        "name": "信用金庫前",
        "operator": "事業者不明",
        "ref": "",
        "url": "",
        "url2": ""
      }
    },
    {
      "type": "Feature",
      "geometry": {
        "type": "Point",
        "coordinates": [
          136.2700605,
          35.3800581
        ]
      },
      "properties": {
        "内容": "バス停: 長浜御坊前",
        "name": "長浜御坊前",
        "operator": "事業者不明",
        "ref": "",
        "url": "",
        "url2": ""
      }
    },
    {
      "type": "Feature",
      "geometry": {
        "type": "Point",
        "coordinates": [
          136.2729335,
          35.3804954
        ]
      },
      "properties": {
        "内容": "バス停: 高田",
        "name": "高田",
        "operator": "事業者不明",
        "ref": "",
        "url": "",
        "url2": ""
      }
    },
    {
      "type": "Feature",
      "geometry": {
        "type": "Point",
        "coordinates": [
          136.2751619,
          35.3809976
        ]
      },
      "properties": {
        "内容": "バス停: さざなみタウン前",
        "name": "さざなみタウン前",
        "operator": "事業者不明",
        "ref": "",
        "url": "",
        "url2": ""
      }
    },
    {
      "type": "Feature",
      "geometry": {
        "type": "Point",
        "coordinates": [
          136.2738633,
          35.3832653
        ]
      },
      "properties": {
        "内容": "バス停: 長浜赤十字病院",
        "name": "長浜赤十字病院",
        "operator": "事業者不明",
        "ref": "",
        "url": "",
        "url2": ""
      }
    },
    {
      "type": "Feature",
      "geometry": {
        "type": "Point",
        "coordinates": [
          136.2779167,
          35.3814184
        ]
      },
      "properties": {
        "内容": "バス停: 市役所前",
        "name": "市役所前",
        "operator": "事業者不明",
        "ref": "",
        "url": "",
        "url2": ""
      }
    },
    {
      "type": "Feature",
      "geometry": {
        "type": "Point",
        "coordinates": [
          136.2811262,
          35.3820335
        ]
      },
      "properties": {
        "内容": "バス停: 八幡泉町",
        "name": "八幡泉町",
        "operator": "事業者不明",
        "ref": "",
        "url": "",
        "url2": ""
      }
    },
    {
      "type": "Feature",
      "geometry": {
        "type": "Point",
        "coordinates": [
          136.2832316,
          35.3822917
        ]
      },
      "properties": {
        "内容": "バス停: アルプラザ口",
        "name": "アルプラザ口",
        "operator": "事業者不明",
        "ref": "",
        "url": "",
        "url2": ""
      }
    },
    {
      "type": "Feature",
      "geometry": {
        "type": "Point",
        "coordinates": [
          136.2806976,
          35.3859388
        ]
      },
      "properties": {
        "内容": "バス停: 西友長浜楽市前",
        "name": "西友長浜楽市前",
        "operator": "事業者不明",
        "ref": "",
        "url": "",
        "url2": ""
      }
    },
    {
      "type": "Feature",
      "geometry": {
        "type": "Point",
        "coordinates": [
          136.2823605,
          35.3887986
        ]
      },
      "properties": {
        "内容": "バス停: クリスタルプラザ",
        "name": "クリスタルプラザ",
        "operator": "事業者不明",
        "ref": "",
        "url": "",
        "url2": ""
      }
    },
    {
      "type": "Feature",
      "geometry": {
        "type": "Point",
        "coordinates": [
          136.2861815,
          35.3894783
        ]
      },
      "properties": {
        "内容": "バス停: 川崎南",
        "name": "川崎南",
        "operator": "事業者不明",
        "ref": "",
        "url": "",
        "url2": ""
      }
    },
    {
      "type": "Feature",
      "geometry": {
        "type": "Point",
        "coordinates": [
          136.2902182,
          35.390173
        ]
      },
      "properties": {
        "内容": "バス停: 山階町南",
        "name": "山階町南",
        "operator": "事業者不明",
        "ref": "",
        "url": "",
        "url2": ""
      }
    },
    {
      "type": "Feature",
      "geometry": {
        "type": "Point",
        "coordinates": [
          136.2905309,
          35.3968609
        ]
      },
      "properties": {
        "内容": "バス停: イオン長浜店",
        "name": "イオン長浜店",
        "operator": "事業者不明",
        "ref": "",
        "url": "",
        "url2": ""
      }
    },
    {
      "type": "Feature",
      "geometry": {
        "type": "Point",
        "coordinates": [
          136.2930228,
          35.3960796
        ]
      },
      "properties": {
        "内容": "バス停: 口分田郷",
        "name": "口分田郷",
        "operator": "事業者不明",
        "ref": "",
        "url": "",
        "url2": ""
      }
    },
    {
      "type": "Feature",
      "geometry": {
        "type": "Point",
        "coordinates": [
          136.2976408,
          35.3976005
        ]
      },
      "properties": {
        "内容": "バス停: 加納",
        "name": "加納",
        "operator": "事業者不明",
        "ref": "",
        "url": "",
        "url2": ""
      }
    },
    {
      "type": "Feature",
      "geometry": {
        "type": "Point",
        "coordinates": [
          136.3049301,
          35.4001544
        ]
      },
      "properties": {
        "内容": "バス停: 新栄口",
        "name": "新栄口",
        "operator": "事業者不明",
        "ref": "",
        "url": "",
        "url2": ""
      }
    },
    {
      "type": "Feature",
      "geometry": {
        "type": "Point",
        "coordinates": [
          136.3078295,
          35.4038836
        ]
      },
      "properties": {
        "内容": "バス停: 西上坂西",
        "name": "西上坂西",
        "operator": "事業者不明",
        "ref": "",
        "url": "",
        "url2": ""
      }
    },
    {
      "type": "Feature",
      "geometry": {
        "type": "Point",
        "coordinates": [
          136.3076678,
          35.4068818
        ]
      },
      "properties": {
        "内容": "バス停: 西上坂北",
        "name": "西上坂北",
        "operator": "事業者不明",
        "ref": "",
        "url": "",
        "url2": ""
      }
    },
    {
      "type": "Feature",
      "geometry": {
        "type": "Point",
        "coordinates": [
          136.3118336,
          35.4075391
        ]
      },
      "properties": {
        "内容": "バス停: さくらんぼ保育園",
        "name": "さくらんぼ保育園",
        "operator": "事業者不明",
        "ref": "",
        "url": "",
        "url2": ""
      }
    },
    {
      "type": "Feature",
      "geometry": {
        "type": "Point",
        "coordinates": [
          136.3141338,
          35.4075814
        ]
      },
      "properties": {
        "内容": "バス停: 千草東",
        "name": "千草東",
        "operator": "事業者不明",
        "ref": "",
        "url": "",
        "url2": ""
      }
    },
    {
      "type": "Feature",
      "geometry": {
        "type": "Point",
        "coordinates": [
          136.3187524,
          35.4084577
        ]
      },
      "properties": {
        "内容": "バス停: 東上坂口",
        "name": "東上坂口",
        "operator": "事業者不明",
        "ref": "",
        "url": "",
        "url2": ""
      }
    },
    {
      "type": "Feature",
      "geometry": {
        "type": "Point",
        "coordinates": [
          136.3197183,
          35.4053895
        ]
      },
      "properties": {
        "内容": "バス停: 東上坂",
        "name": "東上坂",
        "operator": "事業者不明",
        "ref": "",
        "url": "",
        "url2": ""
      }
    },
    {
      "type": "Feature",
      "geometry": {
        "type": "Point",
        "coordinates": [
          136.3207982,
          35.4015398
        ]
      },
      "properties": {
        "内容": "バス停: 北郷里まちづくりセンター",
        "name": "北郷里まちづくりセンター",
        "operator": "事業者不明",
        "ref": "",
        "url": "",
        "url2": ""
      }
    },
    {
      "type": "Feature",
      "geometry": {
        "type": "Point",
        "coordinates": [
          136.320949,
          35.398971
        ]
      },
      "properties": {
        "内容": "バス停: 春近",
        "name": "春近",
        "operator": "事業者不明",
        "ref": "",
        "url": "",
        "url2": ""
      }
    },
    {
      "type": "Feature",
      "geometry": {
        "type": "Point",
        "coordinates": [
          136.3216968,
          35.3944196
        ]
      },
      "properties": {
        "内容": "バス停: 堀部",
        "name": "堀部",
        "operator": "事業者不明",
        "ref": "",
        "url": "",
        "url2": ""
      }
    },
    {
      "type": "Feature",
      "geometry": {
        "type": "Point",
        "coordinates": [
          136.3217749,
          35.3901018
        ]
      },
      "properties": {
        "内容": "バス停: 石田北",
        "name": "石田北",
        "operator": "事業者不明",
        "ref": "",
        "url": "",
        "url2": ""
      }
    },
    {
      "type": "Feature",
      "geometry": {
        "type": "Point",
        "coordinates": [
          136.3212191,
          35.3877132
        ]
      },
      "properties": {
        "内容": "バス停: 石田",
        "name": "石田",
        "operator": "事業者不明",
        "ref": "",
        "url": "",
        "url2": ""
      }
    },
    {
      "type": "Feature",
      "geometry": {
        "type": "Point",
        "coordinates": [
          136.3187859,
          35.3879215
        ]
      },
      "properties": {
        "内容": "バス停: 七条東",
        "name": "七条東",
        "operator": "事業者不明",
        "ref": "",
        "url": "",
        "url2": ""
      }
    },
    {
      "type": "Feature",
      "geometry": {
        "type": "Point",
        "coordinates": [
          136.31609,
          35.3882194
        ]
      },
      "properties": {
        "内容": "バス停: 東中前",
        "name": "東中前",
        "operator": "事業者不明",
        "ref": "",
        "url": "",
        "url2": ""
      }
    },
    {
      "type": "Feature",
      "geometry": {
        "type": "Point",
        "coordinates": [
          136.3132943,
          35.3876345
        ]
      },
      "properties": {
        "内容": "バス停: 七条",
        "name": "七条",
        "operator": "事業者不明",
        "ref": "",
        "url": "",
        "url2": ""
      }
    },
    {
      "type": "Feature",
      "geometry": {
        "type": "Point",
        "coordinates": [
          136.3109458,
          35.3870477
        ]
      },
      "properties": {
        "内容": "バス停: 七条西",
        "name": "七条西",
        "operator": "事業者不明",
        "ref": "",
        "url": "",
        "url2": ""
      }
    },
    {
      "type": "Feature",
      "geometry": {
        "type": "Point",
        "coordinates": [
          136.3084808,
          35.3865158
        ]
      },
      "properties": {
        "内容": "バス停: 小足口",
        "name": "小足口",
        "operator": "事業者不明",
        "ref": "",
        "url": "",
        "url2": ""
      }
    },
    {
      "type": "Feature",
      "geometry": {
        "type": "Point",
        "coordinates": [
          136.3008537,
          35.3847372
        ]
      },
      "properties": {
        "内容": "バス停: 今川",
        "name": "今川",
        "operator": "事業者不明",
        "ref": "",
        "url": "",
        "url2": ""
      }
    },
    {
      "type": "Feature",
      "geometry": {
        "type": "Point",
        "coordinates": [
          136.2934403,
          35.3840739
        ]
      },
      "properties": {
        "内容": "バス停: 宮司東",
        "name": "宮司東",
        "operator": "事業者不明",
        "ref": "",
        "url": "",
        "url2": ""
      }
    },
    {
      "type": "Feature",
      "geometry": {
        "type": "Point",
        "coordinates": [
          136.2939226,
          35.3792474
        ]
      },
      "properties": {
        "内容": "バス停: 宮司南",
        "name": "宮司南",
        "operator": "事業者不明",
        "ref": "",
        "url": "",
        "url2": ""
      }
    },
    {
      "type": "Feature",
      "geometry": {
        "type": "Point",
        "coordinates": [
          136.2950324,
          35.3755603
        ]
      },
      "properties": {
        "内容": "バス停: 室東",
        "name": "室東",
        "operator": "事業者不明",
        "ref": "",
        "url": "",
        "url2": ""
      }
    },
    {
      "type": "Feature",
      "geometry": {
        "type": "Point",
        "coordinates": [
          136.2948423,
          35.3738736
        ]
      },
      "properties": {
        "内容": "バス停: 永久寺",
        "name": "永久寺",
        "operator": "事業者不明",
        "ref": "",
        "url": "",
        "url2": ""
      }
    },
    {
      "type": "Feature",
      "geometry": {
        "type": "Point",
        "coordinates": [
          136.292376,
          35.3732463
        ]
      },
      "properties": {
        "内容": "バス停: 大辰巳",
        "name": "大辰巳",
        "operator": "事業者不明",
        "ref": "",
        "url": "",
        "url2": ""
      }
    },
    {
      "type": "Feature",
      "geometry": {
        "type": "Point",
        "coordinates": [
          136.2857428,
          35.3690269
        ]
      },
      "properties": {
        "内容": "バス停: 市立長浜病院",
        "name": "市立長浜病院",
        "operator": "事業者不明",
        "ref": "",
        "url": "",
        "url2": ""
      }
    },
    {
      "type": "Feature",
      "geometry": {
        "type": "Point",
        "coordinates": [
          136.2861233,
          35.3792552
        ]
      },
      "properties": {
        "内容": "バス停: 市民体育館前",
        "name": "市民体育館前",
        "operator": "事業者不明",
        "ref": "",
        "url": "",
        "url2": ""
      }
    },
    {
      "type": "Feature",
      "geometry": {
        "type": "Point",
        "coordinates": [
          136.2894225,
          35.3833789
        ]
      },
      "properties": {
        "内容": "バス停: 宮司北",
        "name": "宮司北",
        "operator": "事業者不明",
        "ref": "",
        "url": "",
        "url2": ""
      }
    },
    {
      "type": "Feature",
      "geometry": {
        "type": "Point",
        "coordinates": [
          136.2857512,
          35.3780087
        ]
      },
      "properties": {
        "内容": "バス停: 平方東",
        "name": "平方東",
        "operator": "事業者不明",
        "ref": "",
        "url": "",
        "url2": ""
      }
    },
    {
      "type": "Feature",
      "geometry": {
        "type": "Point",
        "coordinates": [
          136.2793514,
          35.3767504
        ]
      },
      "properties": {
        "内容": "バス停: 市民交流センター",
        "name": "市民交流センター",
        "operator": "事業者不明",
        "ref": "",
        "url": "",
        "url2": ""
      }
    },
    {
      "type": "Feature",
      "geometry": {
        "type": "Point",
        "coordinates": [
          136.2782341,
          35.3771491
        ]
      },
      "properties": {
        "内容": "バス停: 長浜北星高校前",
        "name": "長浜北星高校前",
        "operator": "事業者不明",
        "ref": "",
        "url": "",
        "url2": ""
      }
    },
    {
      "type": "Feature",
      "geometry": {
        "type": "Point",
        "coordinates": [
          136.2771721,
          35.3808033
        ]
      },
      "properties": {
        "内容": "バス停: 市役所西",
        "name": "市役所西",
        "operator": "事業者不明",
        "ref": "",
        "url": "",
        "url2": ""
      }
    }
  ]
}