{
"type": "FeatureCollection",
"name": "geo_25_3",
"crs": { "type": "name", "properties": { "name": "urn:ogc:def:crs:OGC:1.3:CRS84" } },
"features": [
{ "type": "Feature", "properties": { "ID": 2533250000090, "正式名称": "市川歯科医院", "機関区分": 3, "都道府県コード": 25, "市区町村コード": 201, "所在地": "滋賀県大津市一里山１－９－４", "緯度": 34.984693, "経度": 135.927148, "url": "https://www.iryou.teikyouseido.mhlw.go.jp/znk-web/juminkanja/S2430/initialize?prefCd=25&kikanCd=3250000090&kikanKbn=3", "url2": "http://www.ichi-dental.com", "内容": "市川歯科医院【3:歯科】滋賀県大津市一里山１－９－４" }, "geometry": { "type": "Point", "coordinates": [ 135.927148, 34.984693 ] } },
{ "type": "Feature", "properties": { "ID": 2533250000100, "正式名称": "医療法人伊東歯科医院", "機関区分": 3, "都道府県コード": 25, "市区町村コード": 201, "所在地": "滋賀県大津市滋賀里４－１８－５", "緯度": 35.048053, "経度": 135.863495, "url": "https://www.iryou.teikyouseido.mhlw.go.jp/znk-web/juminkanja/S2430/initialize?prefCd=25&kikanCd=3250000100&kikanKbn=3", "url2": "http://itodentalclinic.net/", "内容": "医療法人伊東歯科医院【3:歯科】滋賀県大津市滋賀里４－１８－５" }, "geometry": { "type": "Point", "coordinates": [ 135.863495, 35.048053 ] } },
{ "type": "Feature", "properties": { "ID": 2533250000110, "正式名称": "稲田歯科医院", "機関区分": 3, "都道府県コード": 25, "市区町村コード": 201, "所在地": "滋賀県大津市大萱３－１６－９", "緯度": 34.98535, "経度": 135.919675, "url": "https://www.iryou.teikyouseido.mhlw.go.jp/znk-web/juminkanja/S2430/initialize?prefCd=25&kikanCd=3250000110&kikanKbn=3", "url2": null, "内容": "稲田歯科医院【3:歯科】滋賀県大津市大萱３－１６－９" }, "geometry": { "type": "Point", "coordinates": [ 135.919675, 34.98535 ] } },
{ "type": "Feature", "properties": { "ID": 2533250000130, "正式名称": "医療法人石田歯科医院", "機関区分": 3, "都道府県コード": 25, "市区町村コード": 201, "所在地": "滋賀県大津市中央１－７－３３", "緯度": 35.009517, "経度": 135.864508, "url": "https://www.iryou.teikyouseido.mhlw.go.jp/znk-web/juminkanja/S2430/initialize?prefCd=25&kikanCd=3250000130&kikanKbn=3", "url2": "http://www.ishida-dentaloffice.or.jp/", "内容": "医療法人石田歯科医院【3:歯科】滋賀県大津市中央１－７－３３" }, "geometry": { "type": "Point", "coordinates": [ 135.864508, 35.009517 ] } },
{ "type": "Feature", "properties": { "ID": 2533250000170, "正式名称": "池本小児歯科医院", "機関区分": 3, "都道府県コード": 25, "市区町村コード": 201, "所在地": "滋賀県大津市今堅田二丁目２３－２２", "緯度": 35.122628, "経度": 135.920675, "url": "https://www.iryou.teikyouseido.mhlw.go.jp/znk-web/juminkanja/S2430/initialize?prefCd=25&kikanCd=3250000170&kikanKbn=3", "url2": null, "内容": "池本小児歯科医院【3:歯科】滋賀県大津市今堅田二丁目２３－２２" }, "geometry": { "type": "Point", "coordinates": [ 135.920675, 35.122628 ] } },
{ "type": "Feature", "properties": { "ID": 2533250000210, "正式名称": "うかい歯科　矯正歯科", "機関区分": 3, "都道府県コード": 25, "市区町村コード": 201, "所在地": "滋賀県大津市真野１－１－６２江若交通ビル４階", "緯度": 35.121156, "経度": 135.915592, "url": "https://www.iryou.teikyouseido.mhlw.go.jp/znk-web/juminkanja/S2430/initialize?prefCd=25&kikanCd=3250000210&kikanKbn=3", "url2": "http://www.ukaidc.com", "内容": "うかい歯科　矯正歯科【3:歯科】滋賀県大津市真野１－１－６２江若交通ビル４階" }, "geometry": { "type": "Point", "coordinates": [ 135.915592, 35.121156 ] } },
{ "type": "Feature", "properties": { "ID": 2533250000220, "正式名称": "うえだ歯科医院", "機関区分": 3, "都道府県コード": 25, "市区町村コード": 201, "所在地": "滋賀県大津市今堅田２－７－１２", "緯度": 35.120933, "経度": 135.919481, "url": "https://www.iryou.teikyouseido.mhlw.go.jp/znk-web/juminkanja/S2430/initialize?prefCd=25&kikanCd=3250000220&kikanKbn=3", "url2": null, "内容": "うえだ歯科医院【3:歯科】滋賀県大津市今堅田２－７－１２" }, "geometry": { "type": "Point", "coordinates": [ 135.919481, 35.120933 ] } },
{ "type": "Feature", "properties": { "ID": 2533250000230, "正式名称": "馬杉歯科医院", "機関区分": 3, "都道府県コード": 25, "市区町村コード": 201, "所在地": "滋賀県大津市粟津町１７－２３", "緯度": 34.977267, "経度": 135.900675, "url": "https://www.iryou.teikyouseido.mhlw.go.jp/znk-web/juminkanja/S2430/initialize?prefCd=25&kikanCd=3250000230&kikanKbn=3", "url2": null, "内容": "馬杉歯科医院【3:歯科】滋賀県大津市粟津町１７－２３" }, "geometry": { "type": "Point", "coordinates": [ 135.900675, 34.977267 ] } },
{ "type": "Feature", "properties": { "ID": 2533250000240, "正式名称": "医療法人セント・パウロ　叡山歯科医院", "機関区分": 3, "都道府県コード": 25, "市区町村コード": 201, "所在地": "滋賀県大津市坂本７丁目３２－１６", "緯度": 35.071017, "経度": 135.879481, "url": "https://www.iryou.teikyouseido.mhlw.go.jp/znk-web/juminkanja/S2430/initialize?prefCd=25&kikanCd=3250000240&kikanKbn=3", "url2": "http://www.mituyosi.jp/", "内容": "医療法人セント・パウロ　叡山歯科医院【3:歯科】滋賀県大津市坂本７丁目３２－１６" }, "geometry": { "type": "Point", "coordinates": [ 135.879481, 35.071017 ] } },
{ "type": "Feature", "properties": { "ID": 2533250000250, "正式名称": "えいこう歯科医院", "機関区分": 3, "都道府県コード": 25, "市区町村コード": 201, "所在地": "滋賀県大津市本堅田三丁目１２－３８", "緯度": 35.115378, "経度": 135.914147, "url": "https://www.iryou.teikyouseido.mhlw.go.jp/znk-web/juminkanja/S2430/initialize?prefCd=25&kikanCd=3250000250&kikanKbn=3", "url2": null, "内容": "えいこう歯科医院【3:歯科】滋賀県大津市本堅田三丁目１２－３８" }, "geometry": { "type": "Point", "coordinates": [ 135.914147, 35.115378 ] } },
{ "type": "Feature", "properties": { "ID": 2533250000280, "正式名称": "尾松歯科医院", "機関区分": 3, "都道府県コード": 25, "市区町村コード": 201, "所在地": "滋賀県大津市中央３－６－１", "緯度": 35.006489, "経度": 135.869508, "url": "https://www.iryou.teikyouseido.mhlw.go.jp/znk-web/juminkanja/S2430/initialize?prefCd=25&kikanCd=3250000280&kikanKbn=3", "url2": "http://shiga-da.org/archives/dental-clinic/94", "内容": "尾松歯科医院【3:歯科】滋賀県大津市中央３－６－１" }, "geometry": { "type": "Point", "coordinates": [ 135.869508, 35.006489 ] } },
{ "type": "Feature", "properties": { "ID": 2533250000300, "正式名称": "尾松歯科石山診療所", "機関区分": 3, "都道府県コード": 25, "市区町村コード": 201, "所在地": "滋賀県大津市石山寺３－１１－３７", "緯度": 34.955294, "経度": 135.909619, "url": "https://www.iryou.teikyouseido.mhlw.go.jp/znk-web/juminkanja/S2430/initialize?prefCd=25&kikanCd=3250000300&kikanKbn=3", "url2": null, "内容": "尾松歯科石山診療所【3:歯科】滋賀県大津市石山寺３－１１－３７" }, "geometry": { "type": "Point", "coordinates": [ 135.909619, 34.955294 ] } },
{ "type": "Feature", "properties": { "ID": 2533250000350, "正式名称": "小上歯科医院", "機関区分": 3, "都道府県コード": 25, "市区町村コード": 201, "所在地": "滋賀県大津市南志賀２－１－２５", "緯度": 35.036933, "経度": 135.857147, "url": "https://www.iryou.teikyouseido.mhlw.go.jp/znk-web/juminkanja/S2430/initialize?prefCd=25&kikanCd=3250000350&kikanKbn=3", "url2": null, "内容": "小上歯科医院【3:歯科】滋賀県大津市南志賀２－１－２５" }, "geometry": { "type": "Point", "coordinates": [ 135.857147, 35.036933 ] } },
{ "type": "Feature", "properties": { "ID": 2533250000370, "正式名称": "オージ歯科医院", "機関区分": 3, "都道府県コード": 25, "市区町村コード": 201, "所在地": "滋賀県大津市皇子が丘２－７－１６ウエストビレッジ１階", "緯度": 35.024517, "経度": 135.855981, "url": "https://www.iryou.teikyouseido.mhlw.go.jp/znk-web/juminkanja/S2430/initialize?prefCd=25&kikanCd=3250000370&kikanKbn=3", "url2": null, "内容": "オージ歯科医院【3:歯科】滋賀県大津市皇子が丘２－７－１６ウエストビレッジ１階" }, "geometry": { "type": "Point", "coordinates": [ 135.855981, 35.024517 ] } },
{ "type": "Feature", "properties": { "ID": 2533250000390, "正式名称": "岡田歯科医院", "機関区分": 3, "都道府県コード": 25, "市区町村コード": 201, "所在地": "滋賀県大津市仰木の里東５ー１０ー１", "緯度": 35.1076, "経度": 135.896981, "url": "https://www.iryou.teikyouseido.mhlw.go.jp/znk-web/juminkanja/S2430/initialize?prefCd=25&kikanCd=3250000390&kikanKbn=3", "url2": null, "内容": "岡田歯科医院【3:歯科】滋賀県大津市仰木の里東５ー１０ー１" }, "geometry": { "type": "Point", "coordinates": [ 135.896981, 35.1076 ] } },
{ "type": "Feature", "properties": { "ID": 2533250000400, "正式名称": "雄琴歯科医院", "機関区分": 3, "都道府県コード": 25, "市区町村コード": 201, "所在地": "滋賀県大津市雄琴北一丁目３－２７", "緯度": 35.096961, "経度": 135.894869, "url": "https://www.iryou.teikyouseido.mhlw.go.jp/znk-web/juminkanja/S2430/initialize?prefCd=25&kikanCd=3250000400&kikanKbn=3", "url2": "https://www.ogoshika.jp/", "内容": "雄琴歯科医院【3:歯科】滋賀県大津市雄琴北一丁目３－２７" }, "geometry": { "type": "Point", "coordinates": [ 135.894869, 35.096961 ] } },
{ "type": "Feature", "properties": { "ID": 2533250000420, "正式名称": "小野矯正歯科医院", "機関区分": 3, "都道府県コード": 25, "市区町村コード": 201, "所在地": "滋賀県大津市皇子が丘２－１０－２５ー１０１", "緯度": 35.023544, "経度": 135.857314, "url": "https://www.iryou.teikyouseido.mhlw.go.jp/znk-web/juminkanja/S2430/initialize?prefCd=25&kikanCd=3250000420&kikanKbn=3", "url2": "http://www.ono-ortho.jp", "内容": "小野矯正歯科医院【3:歯科】滋賀県大津市皇子が丘２－１０－２５ー１０１" }, "geometry": { "type": "Point", "coordinates": [ 135.857314, 35.023544 ] } },
{ "type": "Feature", "properties": { "ID": 2533250000460, "正式名称": "かながわ歯科医院", "機関区分": 3, "都道府県コード": 25, "市区町村コード": 201, "所在地": "滋賀県大津市一里山５－３６－７", "緯度": 34.981017, "経度": 135.939231, "url": "https://www.iryou.teikyouseido.mhlw.go.jp/znk-web/juminkanja/S2430/initialize?prefCd=25&kikanCd=3250000460&kikanKbn=3", "url2": "www.k-white.jp/", "内容": "かながわ歯科医院【3:歯科】滋賀県大津市一里山５－３６－７" }, "geometry": { "type": "Point", "coordinates": [ 135.939231, 34.981017 ] } },
{ "type": "Feature", "properties": { "ID": 2533250000470, "正式名称": "葛川歯科診療所", "機関区分": 3, "都道府県コード": 25, "市区町村コード": 201, "所在地": "滋賀県大津市葛川貫井町１３４－２", "緯度": 35.272128, "経度": 135.884592, "url": "https://www.iryou.teikyouseido.mhlw.go.jp/znk-web/juminkanja/S2430/initialize?prefCd=25&kikanCd=3250000470&kikanKbn=3", "url2": null, "内容": "葛川歯科診療所【3:歯科】滋賀県大津市葛川貫井町１３４－２" }, "geometry": { "type": "Point", "coordinates": [ 135.884592, 35.272128 ] } },
{ "type": "Feature", "properties": { "ID": 2533250000500, "正式名称": "木下歯科医院", "機関区分": 3, "都道府県コード": 25, "市区町村コード": 201, "所在地": "滋賀県大津市松原町１５－１９", "緯度": 34.9776, "経度": 135.902119, "url": "https://www.iryou.teikyouseido.mhlw.go.jp/znk-web/juminkanja/S2430/initialize?prefCd=25&kikanCd=3250000500&kikanKbn=3", "url2": null, "内容": "木下歯科医院【3:歯科】滋賀県大津市松原町１５－１９" }, "geometry": { "type": "Point", "coordinates": [ 135.902119, 34.9776 ] } },
{ "type": "Feature", "properties": { "ID": 2533250000510, "正式名称": "北川歯科医院", "機関区分": 3, "都道府県コード": 25, "市区町村コード": 201, "所在地": "滋賀県大津市打出浜１０－６", "緯度": 35.003572, "経度": 135.878203, "url": "https://www.iryou.teikyouseido.mhlw.go.jp/znk-web/juminkanja/S2430/initialize?prefCd=25&kikanCd=3250000510&kikanKbn=3", "url2": null, "内容": "北川歯科医院【3:歯科】滋賀県大津市打出浜１０－６" }, "geometry": { "type": "Point", "coordinates": [ 135.878203, 35.003572 ] } },
{ "type": "Feature", "properties": { "ID": 2533250000550, "正式名称": "けやき歯科医院", "機関区分": 3, "都道府県コード": 25, "市区町村コード": 201, "所在地": "滋賀県大津市仰木の里東５－２－１４", "緯度": 35.106794, "経度": 135.900897, "url": "https://www.iryou.teikyouseido.mhlw.go.jp/znk-web/juminkanja/S2430/initialize?prefCd=25&kikanCd=3250000550&kikanKbn=3", "url2": null, "内容": "けやき歯科医院【3:歯科】滋賀県大津市仰木の里東５－２－１４" }, "geometry": { "type": "Point", "coordinates": [ 135.900897, 35.106794 ] } },
{ "type": "Feature", "properties": { "ID": 2533250000570, "正式名称": "医療法人白櫻会小金沢歯科診療所", "機関区分": 3, "都道府県コード": 25, "市区町村コード": 201, "所在地": "滋賀県大津市大石東４丁目５－６", "緯度": 34.914933, "経度": 135.922342, "url": "https://www.iryou.teikyouseido.mhlw.go.jp/znk-web/juminkanja/S2430/initialize?prefCd=25&kikanCd=3250000570&kikanKbn=3", "url2": "http://hakuokai.jp/", "内容": "医療法人白櫻会小金沢歯科診療所【3:歯科】滋賀県大津市大石東４丁目５－６" }, "geometry": { "type": "Point", "coordinates": [ 135.922342, 34.914933 ] } },
{ "type": "Feature", "properties": { "ID": 2533250000610, "正式名称": "医療法人社団斉藤歯科医院", "機関区分": 3, "都道府県コード": 25, "市区町村コード": 201, "所在地": "滋賀県大津市和邇中浜４７８－６", "緯度": 35.161044, "経度": 135.922342, "url": "https://www.iryou.teikyouseido.mhlw.go.jp/znk-web/juminkanja/S2430/initialize?prefCd=25&kikanCd=3250000610&kikanKbn=3", "url2": null, "内容": "医療法人社団斉藤歯科医院【3:歯科】滋賀県大津市和邇中浜４７８－６" }, "geometry": { "type": "Point", "coordinates": [ 135.922342, 35.161044 ] } },
{ "type": "Feature", "properties": { "ID": 2533250000630, "正式名称": "歯科佐々木医院", "機関区分": 3, "都道府県コード": 25, "市区町村コード": 201, "所在地": "滋賀県大津市坂本３－１７－６６", "緯度": 35.070206, "経度": 135.876426, "url": "https://www.iryou.teikyouseido.mhlw.go.jp/znk-web/juminkanja/S2430/initialize?prefCd=25&kikanCd=3250000630&kikanKbn=3", "url2": null, "内容": "歯科佐々木医院【3:歯科】滋賀県大津市坂本３－１７－６６" }, "geometry": { "type": "Point", "coordinates": [ 135.876426, 35.070206 ] } },
{ "type": "Feature", "properties": { "ID": 2533250000660, "正式名称": "しらゆり歯科クリニック", "機関区分": 3, "都道府県コード": 25, "市区町村コード": 201, "所在地": "滋賀県大津市馬場一丁目７－１２ときめきビル３Ｃ", "緯度": 35.003628, "経度": 135.880731, "url": "https://www.iryou.teikyouseido.mhlw.go.jp/znk-web/juminkanja/S2430/initialize?prefCd=25&kikanCd=3250000660&kikanKbn=3", "url2": null, "内容": "しらゆり歯科クリニック【3:歯科】滋賀県大津市馬場一丁目７－１２ときめきビル３Ｃ" }, "geometry": { "type": "Point", "coordinates": [ 135.880731, 35.003628 ] } },
{ "type": "Feature", "properties": { "ID": 2533250000680, "正式名称": "須磨歯科医院", "機関区分": 3, "都道府県コード": 25, "市区町村コード": 201, "所在地": "滋賀県大津市和邇南浜１６９－６", "緯度": 35.159294, "経度": 135.924814, "url": "https://www.iryou.teikyouseido.mhlw.go.jp/znk-web/juminkanja/S2430/initialize?prefCd=25&kikanCd=3250000680&kikanKbn=3", "url2": null, "内容": "須磨歯科医院【3:歯科】滋賀県大津市和邇南浜１６９－６" }, "geometry": { "type": "Point", "coordinates": [ 135.924814, 35.159294 ] } },
{ "type": "Feature", "properties": { "ID": 2533250000690, "正式名称": "医療法人緑和会　瀬田グリーン歯科", "機関区分": 3, "都道府県コード": 25, "市区町村コード": 201, "所在地": "滋賀県大津市大萱１－１６－１　アパホテルびわ湖瀬田駅前２階", "緯度": 34.986072, "経度": 135.925758, "url": "https://www.iryou.teikyouseido.mhlw.go.jp/znk-web/juminkanja/S2430/initialize?prefCd=25&kikanCd=3250000690&kikanKbn=3", "url2": "http://www.greendental.jp", "内容": "医療法人緑和会　瀬田グリーン歯科【3:歯科】滋賀県大津市大萱１－１６－１　アパホテルびわ湖瀬田駅前２階" }, "geometry": { "type": "Point", "coordinates": [ 135.925758, 34.986072 ] } },
{ "type": "Feature", "properties": { "ID": 2533250000710, "正式名称": "曽根歯科医院", "機関区分": 3, "都道府県コード": 25, "市区町村コード": 201, "所在地": "滋賀県大津市瀬田五丁目３５－１０", "緯度": 34.959406, "経度": 135.912175, "url": "https://www.iryou.teikyouseido.mhlw.go.jp/znk-web/juminkanja/S2430/initialize?prefCd=25&kikanCd=3250000710&kikanKbn=3", "url2": "http://nttbj.itp.ne.jp/0775458148/", "内容": "曽根歯科医院【3:歯科】滋賀県大津市瀬田五丁目３５－１０" }, "geometry": { "type": "Point", "coordinates": [ 135.912175, 34.959406 ] } },
{ "type": "Feature", "properties": { "ID": 2533250000750, "正式名称": "高山歯科医院", "機関区分": 3, "都道府県コード": 25, "市区町村コード": 201, "所在地": "滋賀県大津市黒津２－１７－４５", "緯度": 34.941933, "経度": 135.915397, "url": "https://www.iryou.teikyouseido.mhlw.go.jp/znk-web/juminkanja/S2430/initialize?prefCd=25&kikanCd=3250000750&kikanKbn=3", "url2": "http://takayama-dental.o.oo7.jp/", "内容": "高山歯科医院【3:歯科】滋賀県大津市黒津２－１７－４５" }, "geometry": { "type": "Point", "coordinates": [ 135.915397, 34.941933 ] } },
{ "type": "Feature", "properties": { "ID": 2533250000760, "正式名称": "田中歯科医院", "機関区分": 3, "都道府県コード": 25, "市区町村コード": 201, "所在地": "滋賀県大津市本丸町１－２２", "緯度": 34.993933, "経度": 135.891342, "url": "https://www.iryou.teikyouseido.mhlw.go.jp/znk-web/juminkanja/S2430/initialize?prefCd=25&kikanCd=3250000760&kikanKbn=3", "url2": null, "内容": "田中歯科医院【3:歯科】滋賀県大津市本丸町１－２２" }, "geometry": { "type": "Point", "coordinates": [ 135.891342, 34.993933 ] } },
{ "type": "Feature", "properties": { "ID": 2533250000770, "正式名称": "竹内歯科医院", "機関区分": 3, "都道府県コード": 25, "市区町村コード": 201, "所在地": "滋賀県大津市清風町１２－３２", "緯度": 35.137767, "経度": 135.908814, "url": "https://www.iryou.teikyouseido.mhlw.go.jp/znk-web/juminkanja/S2430/initialize?prefCd=25&kikanCd=3250000770&kikanKbn=3", "url2": "http://www.shika.ne.jp/search/shiga/takeuchi-dc/", "内容": "竹内歯科医院【3:歯科】滋賀県大津市清風町１２－３２" }, "geometry": { "type": "Point", "coordinates": [ 135.908814, 35.137767 ] } },
{ "type": "Feature", "properties": { "ID": 2533250000780, "正式名称": "多田歯科医院", "機関区分": 3, "都道府県コード": 25, "市区町村コード": 201, "所在地": "滋賀県大津市中庄２－２０－１２", "緯度": 34.991406, "経度": 135.891203, "url": "https://www.iryou.teikyouseido.mhlw.go.jp/znk-web/juminkanja/S2430/initialize?prefCd=25&kikanCd=3250000780&kikanKbn=3", "url2": null, "内容": "多田歯科医院【3:歯科】滋賀県大津市中庄２－２０－１２" }, "geometry": { "type": "Point", "coordinates": [ 135.891203, 34.991406 ] } },
{ "type": "Feature", "properties": { "ID": 2533250000790, "正式名称": "医療法人田村歯科医院田村歯科医院", "機関区分": 3, "都道府県コード": 25, "市区町村コード": 201, "所在地": "滋賀県大津市打出浜４－８", "緯度": 35.004794, "経度": 135.875675, "url": "https://www.iryou.teikyouseido.mhlw.go.jp/znk-web/juminkanja/S2430/initialize?prefCd=25&kikanCd=3250000790&kikanKbn=3", "url2": "www.tamura8148.net", "内容": "医療法人田村歯科医院田村歯科医院【3:歯科】滋賀県大津市打出浜４－８" }, "geometry": { "type": "Point", "coordinates": [ 135.875675, 35.004794 ] } },
{ "type": "Feature", "properties": { "ID": 2533250000800, "正式名称": "田上歯科", "機関区分": 3, "都道府県コード": 25, "市区町村コード": 201, "所在地": "滋賀県大津市枝４丁目１－３４", "緯度": 34.938544, "経度": 135.932175, "url": "https://www.iryou.teikyouseido.mhlw.go.jp/znk-web/juminkanja/S2430/initialize?prefCd=25&kikanCd=3250000800&kikanKbn=3", "url2": "http://www.tanakmidental.com", "内容": "田上歯科【3:歯科】滋賀県大津市枝４丁目１－３４" }, "geometry": { "type": "Point", "coordinates": [ 135.932175, 34.938544 ] } },
{ "type": "Feature", "properties": { "ID": 2533250000820, "正式名称": "谷川歯科クリニック", "機関区分": 3, "都道府県コード": 25, "市区町村コード": 201, "所在地": "滋賀県大津市南小松１１５１－５", "緯度": 35.23535, "経度": 135.957397, "url": "https://www.iryou.teikyouseido.mhlw.go.jp/znk-web/juminkanja/S2430/initialize?prefCd=25&kikanCd=3250000820&kikanKbn=3", "url2": null, "内容": "谷川歯科クリニック【3:歯科】滋賀県大津市南小松１１５１－５" }, "geometry": { "type": "Point", "coordinates": [ 135.957397, 35.23535 ] } },
{ "type": "Feature", "properties": { "ID": 2533250000840, "正式名称": "つかだ矯正歯科クリニック", "機関区分": 3, "都道府県コード": 25, "市区町村コード": 201, "所在地": "滋賀県大津市大江２－１２－３１", "緯度": 34.983072, "経度": 135.919564, "url": "https://www.iryou.teikyouseido.mhlw.go.jp/znk-web/juminkanja/S2430/initialize?prefCd=25&kikanCd=3250000840&kikanKbn=3", "url2": "https://tsukada-ortho.com/", "内容": "つかだ矯正歯科クリニック【3:歯科】滋賀県大津市大江２－１２－３１" }, "geometry": { "type": "Point", "coordinates": [ 135.919564, 34.983072 ] } },
{ "type": "Feature", "properties": { "ID": 2533250000860, "正式名称": "医療法人中橋歯科医院", "機関区分": 3, "都道府県コード": 25, "市区町村コード": 201, "所在地": "滋賀県大津市大萱１－１３－２０", "緯度": 34.985461, "経度": 135.925036, "url": "https://www.iryou.teikyouseido.mhlw.go.jp/znk-web/juminkanja/S2430/initialize?prefCd=25&kikanCd=3250000860&kikanKbn=3", "url2": "www.nakahashidc.com", "内容": "医療法人中橋歯科医院【3:歯科】滋賀県大津市大萱１－１３－２０" }, "geometry": { "type": "Point", "coordinates": [ 135.925036, 34.985461 ] } },
{ "type": "Feature", "properties": { "ID": 2533250000870, "正式名称": "大村歯科医院", "機関区分": 3, "都道府県コード": 25, "市区町村コード": 201, "所在地": "滋賀県大津市千町１－２５－２５　中山ビル２Ｆ", "緯度": 34.945933, "経度": 135.909897, "url": "https://www.iryou.teikyouseido.mhlw.go.jp/znk-web/juminkanja/S2430/initialize?prefCd=25&kikanCd=3250000870&kikanKbn=3", "url2": null, "内容": "大村歯科医院【3:歯科】滋賀県大津市千町１－２５－２５　中山ビル２Ｆ" }, "geometry": { "type": "Point", "coordinates": [ 135.909897, 34.945933 ] } },
{ "type": "Feature", "properties": { "ID": 2533250000890, "正式名称": "成田矯正歯科医院", "機関区分": 3, "都道府県コード": 25, "市区町村コード": 201, "所在地": "滋賀県大津市大萱１－９－８　Ｓ’スペース２階", "緯度": 34.985656, "経度": 135.923869, "url": "https://www.iryou.teikyouseido.mhlw.go.jp/znk-web/juminkanja/S2430/initialize?prefCd=25&kikanCd=3250000890&kikanKbn=3", "url2": null, "内容": "成田矯正歯科医院【3:歯科】滋賀県大津市大萱１－９－８　Ｓ’スペース２階" }, "geometry": { "type": "Point", "coordinates": [ 135.923869, 34.985656 ] } },
{ "type": "Feature", "properties": { "ID": 2533250000900, "正式名称": "中川歯科医院", "機関区分": 3, "都道府県コード": 25, "市区町村コード": 201, "所在地": "滋賀県大津市萱野浦２番１号　メルシー瀬田２階", "緯度": 34.988378, "経度": 135.911064, "url": "https://www.iryou.teikyouseido.mhlw.go.jp/znk-web/juminkanja/S2430/initialize?prefCd=25&kikanCd=3250000900&kikanKbn=3", "url2": "http://www.nakagawa-dent.jp", "内容": "中川歯科医院【3:歯科】滋賀県大津市萱野浦２番１号　メルシー瀬田２階" }, "geometry": { "type": "Point", "coordinates": [ 135.911064, 34.988378 ] } },
{ "type": "Feature", "properties": { "ID": 2533250000920, "正式名称": "西村歯科", "機関区分": 3, "都道府県コード": 25, "市区町村コード": 201, "所在地": "滋賀県大津市螢谷１－３５", "緯度": 34.970406, "経度": 135.904092, "url": "https://www.iryou.teikyouseido.mhlw.go.jp/znk-web/juminkanja/S2430/initialize?prefCd=25&kikanCd=3250000920&kikanKbn=3", "url2": "http://www.nishimurashika.com", "内容": "西村歯科【3:歯科】滋賀県大津市螢谷１－３５" }, "geometry": { "type": "Point", "coordinates": [ 135.904092, 34.970406 ] } },
{ "type": "Feature", "properties": { "ID": 2533250000950, "正式名称": "野玉歯科医院", "機関区分": 3, "都道府県コード": 25, "市区町村コード": 201, "所在地": "滋賀県大津市唐橋町６－８", "緯度": 34.976322, "経度": 135.904869, "url": "https://www.iryou.teikyouseido.mhlw.go.jp/znk-web/juminkanja/S2430/initialize?prefCd=25&kikanCd=3250000950&kikanKbn=3", "url2": "www.nodama.com", "内容": "野玉歯科医院【3:歯科】滋賀県大津市唐橋町６－８" }, "geometry": { "type": "Point", "coordinates": [ 135.904869, 34.976322 ] } },
{ "type": "Feature", "properties": { "ID": 2533250000960, "正式名称": "速水歯科医院", "機関区分": 3, "都道府県コード": 25, "市区町村コード": 201, "所在地": "滋賀県大津市唐崎３－４－１５", "緯度": 35.049461, "経度": 135.864342, "url": "https://www.iryou.teikyouseido.mhlw.go.jp/znk-web/juminkanja/S2430/initialize?prefCd=25&kikanCd=3250000960&kikanKbn=3", "url2": "http://hayamishika.web.fc2.com/", "内容": "速水歯科医院【3:歯科】滋賀県大津市唐崎３－４－１５" }, "geometry": { "type": "Point", "coordinates": [ 135.864342, 35.049461 ] } },
{ "type": "Feature", "properties": { "ID": 2533250000970, "正式名称": "速水第２歯科", "機関区分": 3, "都道府県コード": 25, "市区町村コード": 201, "所在地": "滋賀県大津市高砂町５－１５", "緯度": 35.041183, "経度": 135.858008, "url": "https://www.iryou.teikyouseido.mhlw.go.jp/znk-web/juminkanja/S2430/initialize?prefCd=25&kikanCd=3250000970&kikanKbn=3", "url2": "hayamidai2.com", "内容": "速水第２歯科【3:歯科】滋賀県大津市高砂町５－１５" }, "geometry": { "type": "Point", "coordinates": [ 135.858008, 35.041183 ] } },
{ "type": "Feature", "properties": { "ID": 2533250000990, "正式名称": "はまおおつ歯科", "機関区分": 3, "都道府県コード": 25, "市区町村コード": 201, "所在地": "滋賀県大津市中央二丁目２－１７滋賀銀行本店前", "緯度": 35.008739, "経度": 135.865453, "url": "https://www.iryou.teikyouseido.mhlw.go.jp/znk-web/juminkanja/S2430/initialize?prefCd=25&kikanCd=3250000990&kikanKbn=3", "url2": "http:/www.hamaootsu-dental.com/pc/", "内容": "はまおおつ歯科【3:歯科】滋賀県大津市中央二丁目２－１７滋賀銀行本店前" }, "geometry": { "type": "Point", "coordinates": [ 135.865453, 35.008739 ] } },
{ "type": "Feature", "properties": { "ID": 2533250001000, "正式名称": "久木歯科医院", "機関区分": 3, "都道府県コード": 25, "市区町村コード": 201, "所在地": "滋賀県大津市大門通３－１７", "緯度": 35.013416, "経度": 135.857727, "url": "https://www.iryou.teikyouseido.mhlw.go.jp/znk-web/juminkanja/S2430/initialize?prefCd=25&kikanCd=3250001000&kikanKbn=3", "url2": null, "内容": "久木歯科医院【3:歯科】滋賀県大津市大門通３－１７" }, "geometry": { "type": "Point", "coordinates": [ 135.857727, 35.013416 ] } },
{ "type": "Feature", "properties": { "ID": 2533250001010, "正式名称": "ひとみ歯科医院", "機関区分": 3, "都道府県コード": 25, "市区町村コード": 201, "所在地": "滋賀県大津市昭和町９－１６", "緯度": 34.997961, "経度": 135.885481, "url": "https://www.iryou.teikyouseido.mhlw.go.jp/znk-web/juminkanja/S2430/initialize?prefCd=25&kikanCd=3250001010&kikanKbn=3", "url2": null, "内容": "ひとみ歯科医院【3:歯科】滋賀県大津市昭和町９－１６" }, "geometry": { "type": "Point", "coordinates": [ 135.885481, 34.997961 ] } },
{ "type": "Feature", "properties": { "ID": 2533250001040, "正式名称": "古藤歯科医院", "機関区分": 3, "都道府県コード": 25, "市区町村コード": 201, "所在地": "滋賀県大津市松原町１３－３７", "緯度": 34.978704, "経度": 135.902214, "url": "https://www.iryou.teikyouseido.mhlw.go.jp/znk-web/juminkanja/S2430/initialize?prefCd=25&kikanCd=3250001040&kikanKbn=3", "url2": null, "内容": "古藤歯科医院【3:歯科】滋賀県大津市松原町１３－３７" }, "geometry": { "type": "Point", "coordinates": [ 135.902214, 34.978704 ] } },
{ "type": "Feature", "properties": { "ID": 2533250001050, "正式名称": "藤田歯科医院", "機関区分": 3, "都道府県コード": 25, "市区町村コード": 201, "所在地": "滋賀県大津市長等２－１０－２６", "緯度": 35.009418, "経度": 135.862254, "url": "https://www.iryou.teikyouseido.mhlw.go.jp/znk-web/juminkanja/S2430/initialize?prefCd=25&kikanCd=3250001050&kikanKbn=3", "url2": "https://fujita-hamaotsu-dent.ci-hp.jp/", "内容": "藤田歯科医院【3:歯科】滋賀県大津市長等２－１０－２６" }, "geometry": { "type": "Point", "coordinates": [ 135.862254, 35.009418 ] } },
{ "type": "Feature", "properties": { "ID": 2533250001060, "正式名称": "藤井歯科医院", "機関区分": 3, "都道府県コード": 25, "市区町村コード": 201, "所在地": "滋賀県大津市真野５－３１－１５", "緯度": 35.133489, "経度": 135.922286, "url": "https://www.iryou.teikyouseido.mhlw.go.jp/znk-web/juminkanja/S2430/initialize?prefCd=25&kikanCd=3250001060&kikanKbn=3", "url2": null, "内容": "藤井歯科医院【3:歯科】滋賀県大津市真野５－３１－１５" }, "geometry": { "type": "Point", "coordinates": [ 135.922286, 35.133489 ] } },
{ "type": "Feature", "properties": { "ID": 2533250001070, "正式名称": "藤下歯科医院", "機関区分": 3, "都道府県コード": 25, "市区町村コード": 201, "所在地": "滋賀県大津市京町３－４－１２アーバンビル２階", "緯度": 35.006486, "経度": 135.862721, "url": "https://www.iryou.teikyouseido.mhlw.go.jp/znk-web/juminkanja/S2430/initialize?prefCd=25&kikanCd=3250001070&kikanKbn=3", "url2": null, "内容": "藤下歯科医院【3:歯科】滋賀県大津市京町３－４－１２アーバンビル２階" }, "geometry": { "type": "Point", "coordinates": [ 135.862721, 35.006486 ] } },
{ "type": "Feature", "properties": { "ID": 2533250001080, "正式名称": "藤居歯科診療所", "機関区分": 3, "都道府県コード": 25, "市区町村コード": 201, "所在地": "滋賀県大津市長等１－２－３８", "緯度": 35.007294, "経度": 135.858425, "url": "https://www.iryou.teikyouseido.mhlw.go.jp/znk-web/juminkanja/S2430/initialize?prefCd=25&kikanCd=3250001080&kikanKbn=3", "url2": null, "内容": "藤居歯科診療所【3:歯科】滋賀県大津市長等１－２－３８" }, "geometry": { "type": "Point", "coordinates": [ 135.858425, 35.007294 ] } },
{ "type": "Feature", "properties": { "ID": 2533250001090, "正式名称": "ファミーユ福田歯科", "機関区分": 3, "都道府県コード": 25, "市区町村コード": 201, "所在地": "滋賀県大津市大将軍三丁目１９－１", "緯度": 34.991572, "経度": 135.927203, "url": "https://www.iryou.teikyouseido.mhlw.go.jp/znk-web/juminkanja/S2430/initialize?prefCd=25&kikanCd=3250001090&kikanKbn=3", "url2": "http://famille-fukuda.com/", "内容": "ファミーユ福田歯科【3:歯科】滋賀県大津市大将軍三丁目１９－１" }, "geometry": { "type": "Point", "coordinates": [ 135.927203, 34.991572 ] } },
{ "type": "Feature", "properties": { "ID": 2533250001100, "正式名称": "ほりい矯正歯科クリニック", "機関区分": 3, "都道府県コード": 25, "市区町村コード": 201, "所在地": "滋賀県大津市粟津町４－７", "緯度": 34.979578, "経度": 135.90122, "url": "https://www.iryou.teikyouseido.mhlw.go.jp/znk-web/juminkanja/S2430/initialize?prefCd=25&kikanCd=3250001100&kikanKbn=3", "url2": "http://www.horii-kyousei.com", "内容": "ほりい矯正歯科クリニック【3:歯科】滋賀県大津市粟津町４－７" }, "geometry": { "type": "Point", "coordinates": [ 135.90122, 34.979578 ] } },
{ "type": "Feature", "properties": { "ID": 2533250001110, "正式名称": "堀内歯科医院", "機関区分": 3, "都道府県コード": 25, "市区町村コード": 201, "所在地": "滋賀県大津市あかね町１３－５", "緯度": 35.042961, "経度": 135.862453, "url": "https://www.iryou.teikyouseido.mhlw.go.jp/znk-web/juminkanja/S2430/initialize?prefCd=25&kikanCd=3250001110&kikanKbn=3", "url2": "http://horiuchi-dental.net", "内容": "堀内歯科医院【3:歯科】滋賀県大津市あかね町１３－５" }, "geometry": { "type": "Point", "coordinates": [ 135.862453, 35.042961 ] } },
{ "type": "Feature", "properties": { "ID": 2533250001120, "正式名称": "松井歯科医院", "機関区分": 3, "都道府県コード": 25, "市区町村コード": 201, "所在地": "滋賀県大津市坂本４－１４－８", "緯度": 35.06685, "経度": 135.869036, "url": "https://www.iryou.teikyouseido.mhlw.go.jp/znk-web/juminkanja/S2430/initialize?prefCd=25&kikanCd=3250001120&kikanKbn=3", "url2": "http://matsuidc.lolipop.jp/", "内容": "松井歯科医院【3:歯科】滋賀県大津市坂本４－１４－８" }, "geometry": { "type": "Point", "coordinates": [ 135.869036, 35.06685 ] } },
{ "type": "Feature", "properties": { "ID": 2533250001140, "正式名称": "増田歯科医院", "機関区分": 3, "都道府県コード": 25, "市区町村コード": 201, "所在地": "滋賀県大津市里６－１９－１４", "緯度": 34.933378, "経度": 135.934619, "url": "https://www.iryou.teikyouseido.mhlw.go.jp/znk-web/juminkanja/S2430/initialize?prefCd=25&kikanCd=3250001140&kikanKbn=3", "url2": null, "内容": "増田歯科医院【3:歯科】滋賀県大津市里６－１９－１４" }, "geometry": { "type": "Point", "coordinates": [ 135.934619, 34.933378 ] } },
{ "type": "Feature", "properties": { "ID": 2533250001170, "正式名称": "まるやま歯科クリニック", "機関区分": 3, "都道府県コード": 25, "市区町村コード": 201, "所在地": "滋賀県大津市一里山一丁目３－６", "緯度": 34.984704, "経度": 135.926031, "url": "https://www.iryou.teikyouseido.mhlw.go.jp/znk-web/juminkanja/S2430/initialize?prefCd=25&kikanCd=3250001170&kikanKbn=3", "url2": null, "内容": "まるやま歯科クリニック【3:歯科】滋賀県大津市一里山一丁目３－６" }, "geometry": { "type": "Point", "coordinates": [ 135.926031, 34.984704 ] } },
{ "type": "Feature", "properties": { "ID": 2533250001180, "正式名称": "三上歯科医院", "機関区分": 3, "都道府県コード": 25, "市区町村コード": 201, "所在地": "滋賀県大津市下阪本４－２－１０", "緯度": 35.066433, "経度": 135.884286, "url": "https://www.iryou.teikyouseido.mhlw.go.jp/znk-web/juminkanja/S2430/initialize?prefCd=25&kikanCd=3250001180&kikanKbn=3", "url2": null, "内容": "三上歯科医院【3:歯科】滋賀県大津市下阪本４－２－１０" }, "geometry": { "type": "Point", "coordinates": [ 135.884286, 35.066433 ] } },
{ "type": "Feature", "properties": { "ID": 2533250001190, "正式名称": "医療法人セント・パウロ光吉歯科医院", "機関区分": 3, "都道府県コード": 25, "市区町村コード": 201, "所在地": "滋賀県大津市浜大津２丁目１番１１号", "緯度": 35.010989, "経度": 135.862203, "url": "https://www.iryou.teikyouseido.mhlw.go.jp/znk-web/juminkanja/S2430/initialize?prefCd=25&kikanCd=3250001190&kikanKbn=3", "url2": "http//www.mituyosi.jp/", "内容": "医療法人セント・パウロ光吉歯科医院【3:歯科】滋賀県大津市浜大津２丁目１番１１号" }, "geometry": { "type": "Point", "coordinates": [ 135.862203, 35.010989 ] } },
{ "type": "Feature", "properties": { "ID": 2533250001200, "正式名称": "みどりの丘歯科クリニック", "機関区分": 3, "都道府県コード": 25, "市区町村コード": 201, "所在地": "滋賀県大津市青山六丁目６－１６", "緯度": 34.977156, "経度": 135.970897, "url": "https://www.iryou.teikyouseido.mhlw.go.jp/znk-web/juminkanja/S2430/initialize?prefCd=25&kikanCd=3250001200&kikanKbn=3", "url2": null, "内容": "みどりの丘歯科クリニック【3:歯科】滋賀県大津市青山六丁目６－１６" }, "geometry": { "type": "Point", "coordinates": [ 135.970897, 34.977156 ] } },
{ "type": "Feature", "properties": { "ID": 2533250001210, "正式名称": "村田歯科医院", "機関区分": 3, "都道府県コード": 25, "市区町村コード": 201, "所在地": "滋賀県大津市馬場２－６－１９", "緯度": 35.000628, "経度": 135.880897, "url": "https://www.iryou.teikyouseido.mhlw.go.jp/znk-web/juminkanja/S2430/initialize?prefCd=25&kikanCd=3250001210&kikanKbn=3", "url2": null, "内容": "村田歯科医院【3:歯科】滋賀県大津市馬場２－６－１９" }, "geometry": { "type": "Point", "coordinates": [ 135.880897, 35.000628 ] } },
{ "type": "Feature", "properties": { "ID": 2533250001220, "正式名称": "目片歯科医院", "機関区分": 3, "都道府県コード": 25, "市区町村コード": 201, "所在地": "滋賀県大津市朝日が丘一丁目１２－１", "緯度": 35.002156, "経度": 135.868592, "url": "https://www.iryou.teikyouseido.mhlw.go.jp/znk-web/juminkanja/S2430/initialize?prefCd=25&kikanCd=3250001220&kikanKbn=3", "url2": "http://mekatadc.com", "内容": "目片歯科医院【3:歯科】滋賀県大津市朝日が丘一丁目１２－１" }, "geometry": { "type": "Point", "coordinates": [ 135.868592, 35.002156 ] } },
{ "type": "Feature", "properties": { "ID": 2533250001310, "正式名称": "吉川歯科医院", "機関区分": 3, "都道府県コード": 25, "市区町村コード": 201, "所在地": "滋賀県大津市大萱１－１８－２　瀬田大昭ビル２Ｆ", "緯度": 34.986906, "経度": 135.925647, "url": "https://www.iryou.teikyouseido.mhlw.go.jp/znk-web/juminkanja/S2430/initialize?prefCd=25&kikanCd=3250001310&kikanKbn=3", "url2": null, "内容": "吉川歯科医院【3:歯科】滋賀県大津市大萱１－１８－２　瀬田大昭ビル２Ｆ" }, "geometry": { "type": "Point", "coordinates": [ 135.925647, 34.986906 ] } },
{ "type": "Feature", "properties": { "ID": 2533250001320, "正式名称": "吉島歯科医院", "機関区分": 3, "都道府県コード": 25, "市区町村コード": 201, "所在地": "滋賀県大津市湖青２－５－１", "緯度": 35.142906, "経度": 135.917397, "url": "https://www.iryou.teikyouseido.mhlw.go.jp/znk-web/juminkanja/S2430/initialize?prefCd=25&kikanCd=3250001320&kikanKbn=3", "url2": null, "内容": "吉島歯科医院【3:歯科】滋賀県大津市湖青２－５－１" }, "geometry": { "type": "Point", "coordinates": [ 135.917397, 35.142906 ] } },
{ "type": "Feature", "properties": { "ID": 2533250001330, "正式名称": "吉田歯科医院", "機関区分": 3, "都道府県コード": 25, "市区町村コード": 201, "所在地": "滋賀県大津市湖青一丁目１－１０", "緯度": 35.13835, "経度": 135.922342, "url": "https://www.iryou.teikyouseido.mhlw.go.jp/znk-web/juminkanja/S2430/initialize?prefCd=25&kikanCd=3250001330&kikanKbn=3", "url2": null, "内容": "吉田歯科医院【3:歯科】滋賀県大津市湖青一丁目１－１０" }, "geometry": { "type": "Point", "coordinates": [ 135.922342, 35.13835 ] } },
{ "type": "Feature", "properties": { "ID": 2533250001340, "正式名称": "よしかわ歯科医院", "機関区分": 3, "都道府県コード": 25, "市区町村コード": 201, "所在地": "滋賀県大津市和邇南浜１８５－３", "緯度": 35.157544, "経度": 135.924981, "url": "https://www.iryou.teikyouseido.mhlw.go.jp/znk-web/juminkanja/S2430/initialize?prefCd=25&kikanCd=3250001340&kikanKbn=3", "url2": "http://yoshikawadentalcli.wixsite.com/077-594-1418", "内容": "よしかわ歯科医院【3:歯科】滋賀県大津市和邇南浜１８５－３" }, "geometry": { "type": "Point", "coordinates": [ 135.924981, 35.157544 ] } },
{ "type": "Feature", "properties": { "ID": 2533250001350, "正式名称": "ローズ山本歯科", "機関区分": 3, "都道府県コード": 25, "市区町村コード": 201, "所在地": "滋賀県大津市向陽町１４－２５", "緯度": 35.13794, "経度": 135.915532, "url": "https://www.iryou.teikyouseido.mhlw.go.jp/znk-web/juminkanja/S2430/initialize?prefCd=25&kikanCd=3250001350&kikanKbn=3", "url2": null, "内容": "ローズ山本歯科【3:歯科】滋賀県大津市向陽町１４－２５" }, "geometry": { "type": "Point", "coordinates": [ 135.915532, 35.13794 ] } },
{ "type": "Feature", "properties": { "ID": 2533250001370, "正式名称": "横山歯科医院", "機関区分": 3, "都道府県コード": 25, "市区町村コード": 207, "所在地": "滋賀県守山市小島町９３５－１０６", "緯度": 35.070933, "経度": 135.998953, "url": "https://www.iryou.teikyouseido.mhlw.go.jp/znk-web/juminkanja/S2430/initialize?prefCd=25&kikanCd=3250001370&kikanKbn=3", "url2": null, "内容": "横山歯科医院【3:歯科】滋賀県守山市小島町９３５－１０６" }, "geometry": { "type": "Point", "coordinates": [ 135.998953, 35.070933 ] } },
{ "type": "Feature", "properties": { "ID": 2533250001390, "正式名称": "柴田歯科医院", "機関区分": 3, "都道府県コード": 25, "市区町村コード": 207, "所在地": "滋賀県守山市播磨田町１２７５－１", "緯度": 35.07685, "経度": 135.989981, "url": "https://www.iryou.teikyouseido.mhlw.go.jp/znk-web/juminkanja/S2430/initialize?prefCd=25&kikanCd=3250001390&kikanKbn=3", "url2": null, "内容": "柴田歯科医院【3:歯科】滋賀県守山市播磨田町１２７５－１" }, "geometry": { "type": "Point", "coordinates": [ 135.989981, 35.07685 ] } },
{ "type": "Feature", "properties": { "ID": 2533250001400, "正式名称": "大橋歯科クリニック", "機関区分": 3, "都道府県コード": 25, "市区町村コード": 207, "所在地": "滋賀県守山市播磨田町６８３－１", "緯度": 35.073156, "経度": 135.993175, "url": "https://www.iryou.teikyouseido.mhlw.go.jp/znk-web/juminkanja/S2430/initialize?prefCd=25&kikanCd=3250001400&kikanKbn=3", "url2": "ohashishikaclinic.com", "内容": "大橋歯科クリニック【3:歯科】滋賀県守山市播磨田町６８３－１" }, "geometry": { "type": "Point", "coordinates": [ 135.993175, 35.073156 ] } },
{ "type": "Feature", "properties": { "ID": 2533250001420, "正式名称": "うえむら歯科医院", "機関区分": 3, "都道府県コード": 25, "市区町村コード": 207, "所在地": "滋賀県守山市下之郷１－１１－５", "緯度": 35.064711, "経度": 135.991842, "url": "https://www.iryou.teikyouseido.mhlw.go.jp/znk-web/juminkanja/S2430/initialize?prefCd=25&kikanCd=3250001420&kikanKbn=3", "url2": null, "内容": "うえむら歯科医院【3:歯科】滋賀県守山市下之郷１－１１－５" }, "geometry": { "type": "Point", "coordinates": [ 135.991842, 35.064711 ] } },
{ "type": "Feature", "properties": { "ID": 2533250001430, "正式名称": "津曲歯科", "機関区分": 3, "都道府県コード": 25, "市区町村コード": 207, "所在地": "滋賀県守山市吉身２－６－４４", "緯度": 35.058156, "経度": 135.995231, "url": "https://www.iryou.teikyouseido.mhlw.go.jp/znk-web/juminkanja/S2430/initialize?prefCd=25&kikanCd=3250001430&kikanKbn=3", "url2": "http://2nd.geocities.jp/daisi234/index.html", "内容": "津曲歯科【3:歯科】滋賀県守山市吉身２－６－４４" }, "geometry": { "type": "Point", "coordinates": [ 135.995231, 35.058156 ] } },
{ "type": "Feature", "properties": { "ID": 2533250001440, "正式名称": "モリタ歯科医院", "機関区分": 3, "都道府県コード": 25, "市区町村コード": 207, "所在地": "滋賀県守山市吉身３－１－１２－１", "緯度": 35.057267, "経度": 135.998508, "url": "https://www.iryou.teikyouseido.mhlw.go.jp/znk-web/juminkanja/S2430/initialize?prefCd=25&kikanCd=3250001440&kikanKbn=3", "url2": "http://www.morita-shika.com", "内容": "モリタ歯科医院【3:歯科】滋賀県守山市吉身３－１－１２－１" }, "geometry": { "type": "Point", "coordinates": [ 135.998508, 35.057267 ] } },
{ "type": "Feature", "properties": { "ID": 2533250001450, "正式名称": "佐藤歯科医院", "機関区分": 3, "都道府県コード": 25, "市区町村コード": 207, "所在地": "滋賀県守山市守山２－５－９", "緯度": 35.057322, "経度": 135.990536, "url": "https://www.iryou.teikyouseido.mhlw.go.jp/znk-web/juminkanja/S2430/initialize?prefCd=25&kikanCd=3250001450&kikanKbn=3", "url2": null, "内容": "佐藤歯科医院【3:歯科】滋賀県守山市守山２－５－９" }, "geometry": { "type": "Point", "coordinates": [ 135.990536, 35.057322 ] } },
{ "type": "Feature", "properties": { "ID": 2533250001480, "正式名称": "医療法人社団　ゆうき会　くすの木歯科", "機関区分": 3, "都道府県コード": 25, "市区町村コード": 207, "所在地": "滋賀県守山市守山５－８－１１－２　フォレスト仁王１階", "緯度": 35.061406, "経度": 135.985064, "url": "https://www.iryou.teikyouseido.mhlw.go.jp/znk-web/juminkanja/S2430/initialize?prefCd=25&kikanCd=3250001480&kikanKbn=3", "url2": "www.kusunoki-shika.com", "内容": "医療法人社団　ゆうき会　くすの木歯科【3:歯科】滋賀県守山市守山５－８－１１－２　フォレスト仁王１階" }, "geometry": { "type": "Point", "coordinates": [ 135.985064, 35.061406 ] } },
{ "type": "Feature", "properties": { "ID": 2533250001490, "正式名称": "西川歯科医院", "機関区分": 3, "都道府県コード": 25, "市区町村コード": 207, "所在地": "滋賀県守山市浮気町３００－１５グランドメゾン守山２－１０７", "緯度": 35.052211, "経度": 135.998286, "url": "https://www.iryou.teikyouseido.mhlw.go.jp/znk-web/juminkanja/S2430/initialize?prefCd=25&kikanCd=3250001490&kikanKbn=3", "url2": null, "内容": "西川歯科医院【3:歯科】滋賀県守山市浮気町３００－１５グランドメゾン守山２－１０７" }, "geometry": { "type": "Point", "coordinates": [ 135.998286, 35.052211 ] } },
{ "type": "Feature", "properties": { "ID": 2533250001510, "正式名称": "東條歯科医院", "機関区分": 3, "都道府県コード": 25, "市区町村コード": 207, "所在地": "滋賀県守山市伊勢町４５１－１３２", "緯度": 35.0426, "経度": 135.982925, "url": "https://www.iryou.teikyouseido.mhlw.go.jp/znk-web/juminkanja/S2430/initialize?prefCd=25&kikanCd=3250001510&kikanKbn=3", "url2": null, "内容": "東條歯科医院【3:歯科】滋賀県守山市伊勢町４５１－１３２" }, "geometry": { "type": "Point", "coordinates": [ 135.982925, 35.0426 ] } },
{ "type": "Feature", "properties": { "ID": 2533250001530, "正式名称": "守山駅前岡村歯科診療所", "機関区分": 3, "都道府県コード": 25, "市区町村コード": 207, "所在地": "滋賀県守山市梅田町４－３１", "緯度": 35.051656, "経度": 135.993897, "url": "https://www.iryou.teikyouseido.mhlw.go.jp/znk-web/juminkanja/S2430/initialize?prefCd=25&kikanCd=3250001530&kikanKbn=3", "url2": "http://dental-okamura.com", "内容": "守山駅前岡村歯科診療所【3:歯科】滋賀県守山市梅田町４－３１" }, "geometry": { "type": "Point", "coordinates": [ 135.993897, 35.051656 ] } },
{ "type": "Feature", "properties": { "ID": 2533250001560, "正式名称": "なかの歯科医院", "機関区分": 3, "都道府県コード": 25, "市区町村コード": 207, "所在地": "滋賀県守山市勝部３－１０－３９ファミール守山１Ｆ", "緯度": 35.047378, "経度": 135.988092, "url": "https://www.iryou.teikyouseido.mhlw.go.jp/znk-web/juminkanja/S2430/initialize?prefCd=25&kikanCd=3250001560&kikanKbn=3", "url2": "http://www.nakanoshika.jp", "内容": "なかの歯科医院【3:歯科】滋賀県守山市勝部３－１０－３９ファミール守山１Ｆ" }, "geometry": { "type": "Point", "coordinates": [ 135.988092, 35.047378 ] } },
{ "type": "Feature", "properties": { "ID": 2533250001600, "正式名称": "ひがき歯科医院", "機関区分": 3, "都道府県コード": 25, "市区町村コード": 207, "所在地": "滋賀県守山市古高町３８０", "緯度": 35.054656, "経度": 135.979592, "url": "https://www.iryou.teikyouseido.mhlw.go.jp/znk-web/juminkanja/S2430/initialize?prefCd=25&kikanCd=3250001600&kikanKbn=3", "url2": "https://www.higakishika.com/", "内容": "ひがき歯科医院【3:歯科】滋賀県守山市古高町３８０" }, "geometry": { "type": "Point", "coordinates": [ 135.979592, 35.054656 ] } },
{ "type": "Feature", "properties": { "ID": 2533250001610, "正式名称": "高橋歯科医院", "機関区分": 3, "都道府県コード": 25, "市区町村コード": 207, "所在地": "滋賀県守山市今宿１－２－１５", "緯度": 35.053489, "経度": 135.989258, "url": "https://www.iryou.teikyouseido.mhlw.go.jp/znk-web/juminkanja/S2430/initialize?prefCd=25&kikanCd=3250001610&kikanKbn=3", "url2": null, "内容": "高橋歯科医院【3:歯科】滋賀県守山市今宿１－２－１５" }, "geometry": { "type": "Point", "coordinates": [ 135.989258, 35.053489 ] } },
{ "type": "Feature", "properties": { "ID": 2533250001630, "正式名称": "ごとう歯科こども・おとな歯科", "機関区分": 3, "都道府県コード": 25, "市区町村コード": 207, "所在地": "滋賀県守山市水保町２２２１－５", "緯度": 35.100767, "経度": 135.956758, "url": "https://www.iryou.teikyouseido.mhlw.go.jp/znk-web/juminkanja/S2430/initialize?prefCd=25&kikanCd=3250001630&kikanKbn=3", "url2": "http://www.goto-dental3d.com/", "内容": "ごとう歯科こども・おとな歯科【3:歯科】滋賀県守山市水保町２２２１－５" }, "geometry": { "type": "Point", "coordinates": [ 135.956758, 35.100767 ] } },
{ "type": "Feature", "properties": { "ID": 2533250001650, "正式名称": "坪田歯科医院", "機関区分": 3, "都道府県コード": 25, "市区町村コード": 207, "所在地": "滋賀県守山市水保町１１３６－３１", "緯度": 35.107322, "経度": 135.953314, "url": "https://www.iryou.teikyouseido.mhlw.go.jp/znk-web/juminkanja/S2430/initialize?prefCd=25&kikanCd=3250001650&kikanKbn=3", "url2": null, "内容": "坪田歯科医院【3:歯科】滋賀県守山市水保町１１３６－３１" }, "geometry": { "type": "Point", "coordinates": [ 135.953314, 35.107322 ] } },
{ "type": "Feature", "properties": { "ID": 2533250001680, "正式名称": "クラウド歯科・矯正歯科", "機関区分": 3, "都道府県コード": 25, "市区町村コード": 204, "所在地": "滋賀県近江八幡市中村町２１－１２", "緯度": 35.126906, "経度": 136.097314, "url": "https://www.iryou.teikyouseido.mhlw.go.jp/znk-web/juminkanja/S2430/initialize?prefCd=25&kikanCd=3250001680&kikanKbn=3", "url2": "http://cloud-dental-clinic.com", "内容": "クラウド歯科・矯正歯科【3:歯科】滋賀県近江八幡市中村町２１－１２" }, "geometry": { "type": "Point", "coordinates": [ 136.097314, 35.126906 ] } },
{ "type": "Feature", "properties": { "ID": 2533250001710, "正式名称": "北村歯科医院", "機関区分": 3, "都道府県コード": 25, "市区町村コード": 204, "所在地": "滋賀県近江八幡市仲屋町中１９", "緯度": 35.138406, "経度": 136.092397, "url": "https://www.iryou.teikyouseido.mhlw.go.jp/znk-web/juminkanja/S2430/initialize?prefCd=25&kikanCd=3250001710&kikanKbn=3", "url2": null, "内容": "北村歯科医院【3:歯科】滋賀県近江八幡市仲屋町中１９" }, "geometry": { "type": "Point", "coordinates": [ 136.092397, 35.138406 ] } },
{ "type": "Feature", "properties": { "ID": 2533250001730, "正式名称": "富永歯科医院", "機関区分": 3, "都道府県コード": 25, "市区町村コード": 204, "所在地": "滋賀県近江八幡市千僧供町５９１－１", "緯度": 35.108489, "経度": 136.118536, "url": "https://www.iryou.teikyouseido.mhlw.go.jp/znk-web/juminkanja/S2430/initialize?prefCd=25&kikanCd=3250001730&kikanKbn=3", "url2": null, "内容": "富永歯科医院【3:歯科】滋賀県近江八幡市千僧供町５９１－１" }, "geometry": { "type": "Point", "coordinates": [ 136.118536, 35.108489 ] } },
{ "type": "Feature", "properties": { "ID": 2533250001760, "正式名称": "岡田歯科医院　矯正歯科", "機関区分": 3, "都道府県コード": 25, "市区町村コード": 204, "所在地": "滋賀県近江八幡市加茂町３６２４－２", "緯度": 35.120961, "経度": 136.069369, "url": "https://www.iryou.teikyouseido.mhlw.go.jp/znk-web/juminkanja/S2430/initialize?prefCd=25&kikanCd=3250001760&kikanKbn=3", "url2": null, "内容": "岡田歯科医院　矯正歯科【3:歯科】滋賀県近江八幡市加茂町３６２４－２" }, "geometry": { "type": "Point", "coordinates": [ 136.069369, 35.120961 ] } },
{ "type": "Feature", "properties": { "ID": 2533250001780, "正式名称": "磯部歯科医院", "機関区分": 3, "都道府県コード": 25, "市区町村コード": 204, "所在地": "滋賀県近江八幡市鷹飼町７１１－１", "緯度": 35.122767, "経度": 136.105731, "url": "https://www.iryou.teikyouseido.mhlw.go.jp/znk-web/juminkanja/S2430/initialize?prefCd=25&kikanCd=3250001780&kikanKbn=3", "url2": null, "内容": "磯部歯科医院【3:歯科】滋賀県近江八幡市鷹飼町７１１－１" }, "geometry": { "type": "Point", "coordinates": [ 136.105731, 35.122767 ] } },
{ "type": "Feature", "properties": { "ID": 2533250001790, "正式名称": "氏家歯科医院", "機関区分": 3, "都道府県コード": 25, "市区町村コード": 204, "所在地": "滋賀県近江八幡市桜宮町２１０－１４", "緯度": 35.129489, "経度": 136.096175, "url": "https://www.iryou.teikyouseido.mhlw.go.jp/znk-web/juminkanja/S2430/initialize?prefCd=25&kikanCd=3250001790&kikanKbn=3", "url2": null, "内容": "氏家歯科医院【3:歯科】滋賀県近江八幡市桜宮町２１０－１４" }, "geometry": { "type": "Point", "coordinates": [ 136.096175, 35.129489 ] } },
{ "type": "Feature", "properties": { "ID": 2533250001800, "正式名称": "くらがき歯科医院", "機関区分": 3, "都道府県コード": 25, "市区町村コード": 204, "所在地": "滋賀県近江八幡市堀上町３４５－１５", "緯度": 35.116338, "経度": 136.094249, "url": "https://www.iryou.teikyouseido.mhlw.go.jp/znk-web/juminkanja/S2430/initialize?prefCd=25&kikanCd=3250001800&kikanKbn=3", "url2": null, "内容": "くらがき歯科医院【3:歯科】滋賀県近江八幡市堀上町３４５－１５" }, "geometry": { "type": "Point", "coordinates": [ 136.094249, 35.116338 ] } },
{ "type": "Feature", "properties": { "ID": 2533250001820, "正式名称": "医療法人　中村歯科医院", "機関区分": 3, "都道府県コード": 25, "市区町村コード": 204, "所在地": "滋賀県近江八幡市古川町川向１１７３－５０", "緯度": 35.104242, "経度": 136.071701, "url": "https://www.iryou.teikyouseido.mhlw.go.jp/znk-web/juminkanja/S2430/initialize?prefCd=25&kikanCd=3250001820&kikanKbn=3", "url2": null, "内容": "医療法人　中村歯科医院【3:歯科】滋賀県近江八幡市古川町川向１１７３－５０" }, "geometry": { "type": "Point", "coordinates": [ 136.071701, 35.104242 ] } },
{ "type": "Feature", "properties": { "ID": 2533250001830, "正式名称": "医療法人　伊東歯科クリニック", "機関区分": 3, "都道府県コード": 25, "市区町村コード": 204, "所在地": "滋賀県近江八幡市鷹飼町北３丁目７－６", "緯度": 35.130322, "経度": 136.106619, "url": "https://www.iryou.teikyouseido.mhlw.go.jp/znk-web/juminkanja/S2430/initialize?prefCd=25&kikanCd=3250001830&kikanKbn=3", "url2": "www.ito-shika-clinic.com/", "内容": "医療法人　伊東歯科クリニック【3:歯科】滋賀県近江八幡市鷹飼町北３丁目７－６" }, "geometry": { "type": "Point", "coordinates": [ 136.106619, 35.130322 ] } },
{ "type": "Feature", "properties": { "ID": 2533250001840, "正式名称": "あさひ歯科クリニック", "機関区分": 3, "都道府県コード": 25, "市区町村コード": 204, "所在地": "滋賀県近江八幡市鷹飼町南３丁目５－８　　ＯＨプラザ一番館", "緯度": 35.122822, "経度": 136.104536, "url": "https://www.iryou.teikyouseido.mhlw.go.jp/znk-web/juminkanja/S2430/initialize?prefCd=25&kikanCd=3250001840&kikanKbn=3", "url2": null, "内容": "あさひ歯科クリニック【3:歯科】滋賀県近江八幡市鷹飼町南３丁目５－８　　ＯＨプラザ一番館" }, "geometry": { "type": "Point", "coordinates": [ 136.104536, 35.122822 ] } },
{ "type": "Feature", "properties": { "ID": 2533250001850, "正式名称": "サンロード黒岩歯科", "機関区分": 3, "都道府県コード": 25, "市区町村コード": 204, "所在地": "滋賀県近江八幡市鷹飼町１５２１番地", "緯度": 35.123873, "経度": 136.103492, "url": "https://www.iryou.teikyouseido.mhlw.go.jp/znk-web/juminkanja/S2430/initialize?prefCd=25&kikanCd=3250001850&kikanKbn=3", "url2": null, "内容": "サンロード黒岩歯科【3:歯科】滋賀県近江八幡市鷹飼町１５２１番地" }, "geometry": { "type": "Point", "coordinates": [ 136.103492, 35.123873 ] } },
{ "type": "Feature", "properties": { "ID": 2533250001860, "正式名称": "髙田歯科医院", "機関区分": 3, "都道府県コード": 25, "市区町村コード": 204, "所在地": "滋賀県近江八幡市江頭町４２１", "緯度": 35.115183, "経度": 136.058369, "url": "https://www.iryou.teikyouseido.mhlw.go.jp/znk-web/juminkanja/S2430/initialize?prefCd=25&kikanCd=3250001860&kikanKbn=3", "url2": "https://itp.ne.jp/info/258896426300000899/", "内容": "髙田歯科医院【3:歯科】滋賀県近江八幡市江頭町４２１" }, "geometry": { "type": "Point", "coordinates": [ 136.058369, 35.115183 ] } },
{ "type": "Feature", "properties": { "ID": 2533250001890, "正式名称": "おおまえ矯正歯科", "機関区分": 3, "都道府県コード": 25, "市区町村コード": 204, "所在地": "滋賀県近江八幡市出町９１７－２", "緯度": 35.130711, "経度": 136.103203, "url": "https://www.iryou.teikyouseido.mhlw.go.jp/znk-web/juminkanja/S2430/initialize?prefCd=25&kikanCd=3250001890&kikanKbn=3", "url2": null, "内容": "おおまえ矯正歯科【3:歯科】滋賀県近江八幡市出町９１７－２" }, "geometry": { "type": "Point", "coordinates": [ 136.103203, 35.130711 ] } },
{ "type": "Feature", "properties": { "ID": 2533250001910, "正式名称": "寺尾歯科医院", "機関区分": 3, "都道府県コード": 25, "市区町村コード": 204, "所在地": "滋賀県近江八幡市丸の内町４－４８", "緯度": 35.111183, "経度": 136.056592, "url": "https://www.iryou.teikyouseido.mhlw.go.jp/znk-web/juminkanja/S2430/initialize?prefCd=25&kikanCd=3250001910&kikanKbn=3", "url2": "http://air.ss10.jp/terao-dc/index.html", "内容": "寺尾歯科医院【3:歯科】滋賀県近江八幡市丸の内町４－４８" }, "geometry": { "type": "Point", "coordinates": [ 136.056592, 35.111183 ] } },
{ "type": "Feature", "properties": { "ID": 2533250001920, "正式名称": "井田歯科診療所", "機関区分": 3, "都道府県コード": 25, "市区町村コード": 213, "所在地": "滋賀県東近江市八日市金屋一丁目３－１１", "緯度": 35.110906, "経度": 136.197147, "url": "https://www.iryou.teikyouseido.mhlw.go.jp/znk-web/juminkanja/S2430/initialize?prefCd=25&kikanCd=3250001920&kikanKbn=3", "url2": null, "内容": "井田歯科診療所【3:歯科】滋賀県東近江市八日市金屋一丁目３－１１" }, "geometry": { "type": "Point", "coordinates": [ 136.197147, 35.110906 ] } },
{ "type": "Feature", "properties": { "ID": 2533250001940, "正式名称": "井田歯科東診療所", "機関区分": 3, "都道府県コード": 25, "市区町村コード": 213, "所在地": "滋賀県東近江市八日市東本町９－２", "緯度": 35.108683, "経度": 136.205758, "url": "https://www.iryou.teikyouseido.mhlw.go.jp/znk-web/juminkanja/S2430/initialize?prefCd=25&kikanCd=3250001940&kikanKbn=3", "url2": null, "内容": "井田歯科東診療所【3:歯科】滋賀県東近江市八日市東本町９－２" }, "geometry": { "type": "Point", "coordinates": [ 136.205758, 35.108683 ] } },
{ "type": "Feature", "properties": { "ID": 2533250001950, "正式名称": "住井歯科医院", "機関区分": 3, "都道府県コード": 25, "市区町村コード": 213, "所在地": "滋賀県東近江市東沖野三丁目１－２５", "緯度": 35.103517, "経度": 136.213981, "url": "https://www.iryou.teikyouseido.mhlw.go.jp/znk-web/juminkanja/S2430/initialize?prefCd=25&kikanCd=3250001950&kikanKbn=3", "url2": null, "内容": "住井歯科医院【3:歯科】滋賀県東近江市東沖野三丁目１－２５" }, "geometry": { "type": "Point", "coordinates": [ 136.213981, 35.103517 ] } },
{ "type": "Feature", "properties": { "ID": 2533250001960, "正式名称": "にしざわ歯科医院", "機関区分": 3, "都道府県コード": 25, "市区町村コード": 213, "所在地": "滋賀県東近江市春日町２－２６", "緯度": 35.105656, "経度": 136.206869, "url": "https://www.iryou.teikyouseido.mhlw.go.jp/znk-web/juminkanja/S2430/initialize?prefCd=25&kikanCd=3250001960&kikanKbn=3", "url2": null, "内容": "にしざわ歯科医院【3:歯科】滋賀県東近江市春日町２－２６" }, "geometry": { "type": "Point", "coordinates": [ 136.206869, 35.105656 ] } },
{ "type": "Feature", "properties": { "ID": 2533250001970, "正式名称": "医療法人健歯会　住井第二歯科医院", "機関区分": 3, "都道府県コード": 25, "市区町村コード": 213, "所在地": "滋賀県東近江市昭和町１－１８", "緯度": 35.108461, "経度": 136.192175, "url": "https://www.iryou.teikyouseido.mhlw.go.jp/znk-web/juminkanja/S2430/initialize?prefCd=25&kikanCd=3250001970&kikanKbn=3", "url2": null, "内容": "医療法人健歯会　住井第二歯科医院【3:歯科】滋賀県東近江市昭和町１－１８" }, "geometry": { "type": "Point", "coordinates": [ 136.192175, 35.108461 ] } },
{ "type": "Feature", "properties": { "ID": 2533250001990, "正式名称": "いだはいしゃ", "機関区分": 3, "都道府県コード": 25, "市区町村コード": 213, "所在地": "滋賀県東近江市八日市浜野町５０３", "緯度": 35.114739, "経度": 136.196119, "url": "https://www.iryou.teikyouseido.mhlw.go.jp/znk-web/juminkanja/S2430/initialize?prefCd=25&kikanCd=3250001990&kikanKbn=3", "url2": "https://idahaisya.jp/index.html", "内容": "いだはいしゃ【3:歯科】滋賀県東近江市八日市浜野町５０３" }, "geometry": { "type": "Point", "coordinates": [ 136.196119, 35.114739 ] } },
{ "type": "Feature", "properties": { "ID": 2533250002010, "正式名称": "井田歯科医院", "機関区分": 3, "都道府県コード": 25, "市区町村コード": 213, "所在地": "滋賀県東近江市中小路町４８２－６", "緯度": 35.096822, "経度": 136.229231, "url": "https://www.iryou.teikyouseido.mhlw.go.jp/znk-web/juminkanja/S2430/initialize?prefCd=25&kikanCd=3250002010&kikanKbn=3", "url2": null, "内容": "井田歯科医院【3:歯科】滋賀県東近江市中小路町４８２－６" }, "geometry": { "type": "Point", "coordinates": [ 136.229231, 35.096822 ] } },
{ "type": "Feature", "properties": { "ID": 2533250002030, "正式名称": "みなみ歯科", "機関区分": 3, "都道府県コード": 25, "市区町村コード": 213, "所在地": "滋賀県東近江市八日市金屋二丁目６－３", "緯度": 35.110461, "経度": 136.197731, "url": "https://www.iryou.teikyouseido.mhlw.go.jp/znk-web/juminkanja/S2430/initialize?prefCd=25&kikanCd=3250002030&kikanKbn=3", "url2": "http://www.minamishika.net", "内容": "みなみ歯科【3:歯科】滋賀県東近江市八日市金屋二丁目６－３" }, "geometry": { "type": "Point", "coordinates": [ 136.197731, 35.110461 ] } },
{ "type": "Feature", "properties": { "ID": 2533250002050, "正式名称": "松吉緑町歯科", "機関区分": 3, "都道府県コード": 25, "市区町村コード": 213, "所在地": "滋賀県東近江市八日市緑町１－３", "緯度": 35.114872, "経度": 136.206048, "url": "https://www.iryou.teikyouseido.mhlw.go.jp/znk-web/juminkanja/S2430/initialize?prefCd=25&kikanCd=3250002050&kikanKbn=3", "url2": null, "内容": "松吉緑町歯科【3:歯科】滋賀県東近江市八日市緑町１－３" }, "geometry": { "type": "Point", "coordinates": [ 136.206048, 35.114872 ] } },
{ "type": "Feature", "properties": { "ID": 2533250002070, "正式名称": "村上歯科医院", "機関区分": 3, "都道府県コード": 25, "市区町村コード": 213, "所在地": "滋賀県東近江市八日市浜野町４－１", "緯度": 35.115656, "経度": 136.196703, "url": "https://www.iryou.teikyouseido.mhlw.go.jp/znk-web/juminkanja/S2430/initialize?prefCd=25&kikanCd=3250002070&kikanKbn=3", "url2": null, "内容": "村上歯科医院【3:歯科】滋賀県東近江市八日市浜野町４－１" }, "geometry": { "type": "Point", "coordinates": [ 136.196703, 35.115656 ] } },
{ "type": "Feature", "properties": { "ID": 2533250002090, "正式名称": "きむら歯科醫院", "機関区分": 3, "都道府県コード": 25, "市区町村コード": 213, "所在地": "滋賀県東近江市八日市東浜町２－２８", "緯度": 35.114119, "経度": 136.200332, "url": "https://www.iryou.teikyouseido.mhlw.go.jp/znk-web/juminkanja/S2430/initialize?prefCd=25&kikanCd=3250002090&kikanKbn=3", "url2": "http://www.kdt1.jp/", "内容": "きむら歯科醫院【3:歯科】滋賀県東近江市八日市東浜町２－２８" }, "geometry": { "type": "Point", "coordinates": [ 136.200332, 35.114119 ] } },
{ "type": "Feature", "properties": { "ID": 2533250002100, "正式名称": "村上歯科クリニック", "機関区分": 3, "都道府県コード": 25, "市区町村コード": 213, "所在地": "滋賀県東近江市八日市東浜町２－２２", "緯度": 35.114044, "経度": 136.201143, "url": "https://www.iryou.teikyouseido.mhlw.go.jp/znk-web/juminkanja/S2430/initialize?prefCd=25&kikanCd=3250002100&kikanKbn=3", "url2": "http://www.murakami-dentalclinic.jp", "内容": "村上歯科クリニック【3:歯科】滋賀県東近江市八日市東浜町２－２２" }, "geometry": { "type": "Point", "coordinates": [ 136.201143, 35.114044 ] } },
{ "type": "Feature", "properties": { "ID": 2533250002110, "正式名称": "おおにし歯科クリニック", "機関区分": 3, "都道府県コード": 25, "市区町村コード": 213, "所在地": "滋賀県東近江市東中野町１０－１４", "緯度": 35.10385, "経度": 136.196369, "url": "https://www.iryou.teikyouseido.mhlw.go.jp/znk-web/juminkanja/S2430/initialize?prefCd=25&kikanCd=3250002110&kikanKbn=3", "url2": null, "内容": "おおにし歯科クリニック【3:歯科】滋賀県東近江市東中野町１０－１４" }, "geometry": { "type": "Point", "coordinates": [ 136.196369, 35.10385 ] } },
{ "type": "Feature", "properties": { "ID": 2533250002130, "正式名称": "織田歯科医院", "機関区分": 3, "都道府県コード": 25, "市区町村コード": 213, "所在地": "滋賀県東近江市山上町３６９６", "緯度": 35.080277, "経度": 136.290803, "url": "https://www.iryou.teikyouseido.mhlw.go.jp/znk-web/juminkanja/S2430/initialize?prefCd=25&kikanCd=3250002130&kikanKbn=3", "url2": null, "内容": "織田歯科医院【3:歯科】滋賀県東近江市山上町３６９６" }, "geometry": { "type": "Point", "coordinates": [ 136.290803, 35.080277 ] } },
{ "type": "Feature", "properties": { "ID": 2533250002140, "正式名称": "医療法人有知会　加藤歯科医院", "機関区分": 3, "都道府県コード": 25, "市区町村コード": 213, "所在地": "滋賀県東近江市五個荘竜田町３３０", "緯度": 35.154683, "経度": 136.185342, "url": "https://www.iryou.teikyouseido.mhlw.go.jp/znk-web/juminkanja/S2430/initialize?prefCd=25&kikanCd=3250002140&kikanKbn=3", "url2": null, "内容": "医療法人有知会　加藤歯科医院【3:歯科】滋賀県東近江市五個荘竜田町３３０" }, "geometry": { "type": "Point", "coordinates": [ 136.185342, 35.154683 ] } },
{ "type": "Feature", "properties": { "ID": 2533250002150, "正式名称": "やまだ歯科", "機関区分": 3, "都道府県コード": 25, "市区町村コード": 213, "所在地": "滋賀県東近江市五個荘川並町５３－５", "緯度": 35.148711, "経度": 136.177508, "url": "https://www.iryou.teikyouseido.mhlw.go.jp/znk-web/juminkanja/S2430/initialize?prefCd=25&kikanCd=3250002150&kikanKbn=3", "url2": null, "内容": "やまだ歯科【3:歯科】滋賀県東近江市五個荘川並町５３－５" }, "geometry": { "type": "Point", "coordinates": [ 136.177508, 35.148711 ] } },
{ "type": "Feature", "properties": { "ID": 2533250002160, "正式名称": "宮澤歯科医院", "機関区分": 3, "都道府県コード": 25, "市区町村コード": 213, "所在地": "滋賀県東近江市五個荘小幡町６６４", "緯度": 35.154489, "経度": 136.193647, "url": "https://www.iryou.teikyouseido.mhlw.go.jp/znk-web/juminkanja/S2430/initialize?prefCd=25&kikanCd=3250002160&kikanKbn=3", "url2": null, "内容": "宮澤歯科医院【3:歯科】滋賀県東近江市五個荘小幡町６６４" }, "geometry": { "type": "Point", "coordinates": [ 136.193647, 35.154489 ] } },
{ "type": "Feature", "properties": { "ID": 2533250002170, "正式名称": "時田歯科医院", "機関区分": 3, "都道府県コード": 25, "市区町村コード": 213, "所在地": "滋賀県東近江市五個荘石塚町１６－１", "緯度": 35.145739, "経度": 136.181203, "url": "https://www.iryou.teikyouseido.mhlw.go.jp/znk-web/juminkanja/S2430/initialize?prefCd=25&kikanCd=3250002170&kikanKbn=3", "url2": null, "内容": "時田歯科医院【3:歯科】滋賀県東近江市五個荘石塚町１６－１" }, "geometry": { "type": "Point", "coordinates": [ 136.181203, 35.145739 ] } },
{ "type": "Feature", "properties": { "ID": 2533250002180, "正式名称": "医療法人社団川副歯科医院", "機関区分": 3, "都道府県コード": 25, "市区町村コード": 213, "所在地": "滋賀県東近江市妹町５０３", "緯度": 35.106294, "経度": 136.255231, "url": "https://www.iryou.teikyouseido.mhlw.go.jp/znk-web/juminkanja/S2430/initialize?prefCd=25&kikanCd=3250002180&kikanKbn=3", "url2": null, "内容": "医療法人社団川副歯科医院【3:歯科】滋賀県東近江市妹町５０３" }, "geometry": { "type": "Point", "coordinates": [ 136.255231, 35.106294 ] } },
{ "type": "Feature", "properties": { "ID": 2533250002200, "正式名称": "加藤歯科医院", "機関区分": 3, "都道府県コード": 25, "市区町村コード": 213, "所在地": "滋賀県東近江市横溝町８７４－３", "緯度": 35.132656, "経度": 136.242008, "url": "https://www.iryou.teikyouseido.mhlw.go.jp/znk-web/juminkanja/S2430/initialize?prefCd=25&kikanCd=3250002200&kikanKbn=3", "url2": null, "内容": "加藤歯科医院【3:歯科】滋賀県東近江市横溝町８７４－３" }, "geometry": { "type": "Point", "coordinates": [ 136.242008, 35.132656 ] } },
{ "type": "Feature", "properties": { "ID": 2533250002210, "正式名称": "村山歯科医院", "機関区分": 3, "都道府県コード": 25, "市区町村コード": 213, "所在地": "滋賀県東近江市読合堂町５９６", "緯度": 35.127461, "経度": 136.271342, "url": "https://www.iryou.teikyouseido.mhlw.go.jp/znk-web/juminkanja/S2430/initialize?prefCd=25&kikanCd=3250002210&kikanKbn=3", "url2": null, "内容": "村山歯科医院【3:歯科】滋賀県東近江市読合堂町５９６" }, "geometry": { "type": "Point", "coordinates": [ 136.271342, 35.127461 ] } },
{ "type": "Feature", "properties": { "ID": 2533250002250, "正式名称": "医療法人社団　竜歯科医院", "機関区分": 3, "都道府県コード": 25, "市区町村コード": 213, "所在地": "滋賀県東近江市市子殿町１３３８", "緯度": 35.061017, "経度": 136.177008, "url": "https://www.iryou.teikyouseido.mhlw.go.jp/znk-web/juminkanja/S2430/initialize?prefCd=25&kikanCd=3250002250&kikanKbn=3", "url2": null, "内容": "医療法人社団　竜歯科医院【3:歯科】滋賀県東近江市市子殿町１３３８" }, "geometry": { "type": "Point", "coordinates": [ 136.177008, 35.061017 ] } },
{ "type": "Feature", "properties": { "ID": 2533250002260, "正式名称": "岡田歯科医院", "機関区分": 3, "都道府県コード": 25, "市区町村コード": 213, "所在地": "滋賀県東近江市市子川原町９９８", "緯度": 35.0596, "経度": 136.179119, "url": "https://www.iryou.teikyouseido.mhlw.go.jp/znk-web/juminkanja/S2430/initialize?prefCd=25&kikanCd=3250002260&kikanKbn=3", "url2": null, "内容": "岡田歯科医院【3:歯科】滋賀県東近江市市子川原町９９８" }, "geometry": { "type": "Point", "coordinates": [ 136.179119, 35.0596 ] } },
{ "type": "Feature", "properties": { "ID": 2533250002270, "正式名称": "桜川歯科医院", "機関区分": 3, "都道府県コード": 25, "市区町村コード": 213, "所在地": "滋賀県東近江市桜川西町１２９－４", "緯度": 35.063128, "経度": 136.187842, "url": "https://www.iryou.teikyouseido.mhlw.go.jp/znk-web/juminkanja/S2430/initialize?prefCd=25&kikanCd=3250002270&kikanKbn=3", "url2": null, "内容": "桜川歯科医院【3:歯科】滋賀県東近江市桜川西町１２９－４" }, "geometry": { "type": "Point", "coordinates": [ 136.187842, 35.063128 ] } },
{ "type": "Feature", "properties": { "ID": 2533250002280, "正式名称": "小川歯科医院", "機関区分": 3, "都道府県コード": 25, "市区町村コード": 213, "所在地": "滋賀県東近江市垣見町７１９", "緯度": 35.180044, "経度": 136.167981, "url": "https://www.iryou.teikyouseido.mhlw.go.jp/znk-web/juminkanja/S2430/initialize?prefCd=25&kikanCd=3250002280&kikanKbn=3", "url2": "http://www.ogawa-dc.org", "内容": "小川歯科医院【3:歯科】滋賀県東近江市垣見町７１９" }, "geometry": { "type": "Point", "coordinates": [ 136.167981, 35.180044 ] } },
{ "type": "Feature", "properties": { "ID": 2533250002300, "正式名称": "川南歯科医院", "機関区分": 3, "都道府県コード": 25, "市区町村コード": 213, "所在地": "滋賀県東近江市川南町１０９０", "緯度": 35.202767, "経度": 136.165953, "url": "https://www.iryou.teikyouseido.mhlw.go.jp/znk-web/juminkanja/S2430/initialize?prefCd=25&kikanCd=3250002300&kikanKbn=3", "url2": null, "内容": "川南歯科医院【3:歯科】滋賀県東近江市川南町１０９０" }, "geometry": { "type": "Point", "coordinates": [ 136.165953, 35.202767 ] } },
{ "type": "Feature", "properties": { "ID": 2533250002310, "正式名称": "はしもと歯科医院", "機関区分": 3, "都道府県コード": 25, "市区町村コード": 213, "所在地": "滋賀県東近江市山路町５９１－４", "緯度": 35.18685, "経度": 136.157036, "url": "https://www.iryou.teikyouseido.mhlw.go.jp/znk-web/juminkanja/S2430/initialize?prefCd=25&kikanCd=3250002310&kikanKbn=3", "url2": null, "内容": "はしもと歯科医院【3:歯科】滋賀県東近江市山路町５９１－４" }, "geometry": { "type": "Point", "coordinates": [ 136.157036, 35.18685 ] } },
{ "type": "Feature", "properties": { "ID": 2533250002320, "正式名称": "医療法人社団　旭ヶ丘歯科クリニック", "機関区分": 3, "都道府県コード": 25, "市区町村コード": 213, "所在地": "滋賀県東近江市神郷町９３９－３９", "緯度": 35.18025, "経度": 136.182526, "url": "https://www.iryou.teikyouseido.mhlw.go.jp/znk-web/juminkanja/S2430/initialize?prefCd=25&kikanCd=3250002320&kikanKbn=3", "url2": null, "内容": "医療法人社団　旭ヶ丘歯科クリニック【3:歯科】滋賀県東近江市神郷町９３９－３９" }, "geometry": { "type": "Point", "coordinates": [ 136.182526, 35.18025 ] } },
{ "type": "Feature", "properties": { "ID": 2533250002330, "正式名称": "伊藤歯科医院", "機関区分": 3, "都道府県コード": 25, "市区町村コード": 213, "所在地": "滋賀県東近江市能登川町５１－１", "緯度": 35.175239, "経度": 136.158508, "url": "https://www.iryou.teikyouseido.mhlw.go.jp/znk-web/juminkanja/S2430/initialize?prefCd=25&kikanCd=3250002330&kikanKbn=3", "url2": null, "内容": "伊藤歯科医院【3:歯科】滋賀県東近江市能登川町５１－１" }, "geometry": { "type": "Point", "coordinates": [ 136.158508, 35.175239 ] } },
{ "type": "Feature", "properties": { "ID": 2533250002340, "正式名称": "佐々木歯科医院", "機関区分": 3, "都道府県コード": 25, "市区町村コード": 213, "所在地": "滋賀県東近江市佐野町４８４－６１", "緯度": 35.183372, "経度": 136.173191, "url": "https://www.iryou.teikyouseido.mhlw.go.jp/znk-web/juminkanja/S2430/initialize?prefCd=25&kikanCd=3250002340&kikanKbn=3", "url2": "http://www.sasaki-shika.net/", "内容": "佐々木歯科医院【3:歯科】滋賀県東近江市佐野町４８４－６１" }, "geometry": { "type": "Point", "coordinates": [ 136.173191, 35.183372 ] } },
{ "type": "Feature", "properties": { "ID": 2533250002350, "正式名称": "クオレ歯科クリニック", "機関区分": 3, "都道府県コード": 25, "市区町村コード": 213, "所在地": "滋賀県東近江市佐野町６００－３", "緯度": 35.175873, "経度": 136.177532, "url": "https://www.iryou.teikyouseido.mhlw.go.jp/znk-web/juminkanja/S2430/initialize?prefCd=25&kikanCd=3250002350&kikanKbn=3", "url2": "http://cuore.in/", "内容": "クオレ歯科クリニック【3:歯科】滋賀県東近江市佐野町６００－３" }, "geometry": { "type": "Point", "coordinates": [ 136.177532, 35.175873 ] } },
{ "type": "Feature", "properties": { "ID": 2533250002370, "正式名称": "マナベ歯科医院", "機関区分": 3, "都道府県コード": 25, "市区町村コード": 204, "所在地": "滋賀県近江八幡市西老蘇５８－１６", "緯度": 35.127878, "経度": 136.159036, "url": "https://www.iryou.teikyouseido.mhlw.go.jp/znk-web/juminkanja/S2430/initialize?prefCd=25&kikanCd=3250002370&kikanKbn=3", "url2": "http://manabedental.com /", "内容": "マナベ歯科医院【3:歯科】滋賀県近江八幡市西老蘇５８－１６" }, "geometry": { "type": "Point", "coordinates": [ 136.159036, 35.127878 ] } },
{ "type": "Feature", "properties": { "ID": 2533250002380, "正式名称": "安土デンタルクリニック", "機関区分": 3, "都道府県コード": 25, "市区町村コード": 204, "所在地": "滋賀県近江八幡市上豊浦１３６７", "緯度": 35.134072, "経度": 136.144425, "url": "https://www.iryou.teikyouseido.mhlw.go.jp/znk-web/juminkanja/S2430/initialize?prefCd=25&kikanCd=3250002380&kikanKbn=3", "url2": null, "内容": "安土デンタルクリニック【3:歯科】滋賀県近江八幡市上豊浦１３６７" }, "geometry": { "type": "Point", "coordinates": [ 136.144425, 35.134072 ] } },
{ "type": "Feature", "properties": { "ID": 2533250002390, "正式名称": "医療法人　宿院歯科医院", "機関区分": 3, "都道府県コード": 25, "市区町村コード": 204, "所在地": "滋賀県近江八幡市安土町下豊浦９２２１－２", "緯度": 35.140989, "経度": 136.139369, "url": "https://www.iryou.teikyouseido.mhlw.go.jp/znk-web/juminkanja/S2430/initialize?prefCd=25&kikanCd=3250002390&kikanKbn=3", "url2": null, "内容": "医療法人　宿院歯科医院【3:歯科】滋賀県近江八幡市安土町下豊浦９２２１－２" }, "geometry": { "type": "Point", "coordinates": [ 136.139369, 35.140989 ] } },
{ "type": "Feature", "properties": { "ID": 2533250002410, "正式名称": "輪田歯科医院", "機関区分": 3, "都道府県コード": 25, "市区町村コード": 383, "所在地": "滋賀県蒲生郡日野町松尾１４８１", "緯度": 35.01385, "経度": 136.244786, "url": "https://www.iryou.teikyouseido.mhlw.go.jp/znk-web/juminkanja/S2430/initialize?prefCd=25&kikanCd=3250002410&kikanKbn=3", "url2": null, "内容": "輪田歯科医院【3:歯科】滋賀県蒲生郡日野町松尾１４８１" }, "geometry": { "type": "Point", "coordinates": [ 136.244786, 35.01385 ] } },
{ "type": "Feature", "properties": { "ID": 2533250002430, "正式名称": "門坂歯科医院", "機関区分": 3, "都道府県コード": 25, "市区町村コード": 383, "所在地": "滋賀県蒲生郡日野町大窪２０３", "緯度": 35.016906, "経度": 136.252786, "url": "https://www.iryou.teikyouseido.mhlw.go.jp/znk-web/juminkanja/S2430/initialize?prefCd=25&kikanCd=3250002430&kikanKbn=3", "url2": null, "内容": "門坂歯科医院【3:歯科】滋賀県蒲生郡日野町大窪２０３" }, "geometry": { "type": "Point", "coordinates": [ 136.252786, 35.016906 ] } },
{ "type": "Feature", "properties": { "ID": 2533250002440, "正式名称": "医療法人堀歯科医院", "機関区分": 3, "都道府県コード": 25, "市区町村コード": 383, "所在地": "滋賀県蒲生郡日野町松尾２丁目２５番地", "緯度": 35.016183, "経度": 136.242119, "url": "https://www.iryou.teikyouseido.mhlw.go.jp/znk-web/juminkanja/S2430/initialize?prefCd=25&kikanCd=3250002440&kikanKbn=3", "url2": "http://hori-dent.jp/", "内容": "医療法人堀歯科医院【3:歯科】滋賀県蒲生郡日野町松尾２丁目２５番地" }, "geometry": { "type": "Point", "coordinates": [ 136.242119, 35.016183 ] } },
{ "type": "Feature", "properties": { "ID": 2533250002450, "正式名称": "神山歯科医院", "機関区分": 3, "都道府県コード": 25, "市区町村コード": 383, "所在地": "滋賀県蒲生郡日野町内池３４９－５", "緯度": 35.015183, "経度": 136.224897, "url": "https://www.iryou.teikyouseido.mhlw.go.jp/znk-web/juminkanja/S2430/initialize?prefCd=25&kikanCd=3250002450&kikanKbn=3", "url2": null, "内容": "神山歯科医院【3:歯科】滋賀県蒲生郡日野町内池３４９－５" }, "geometry": { "type": "Point", "coordinates": [ 136.224897, 35.015183 ] } },
{ "type": "Feature", "properties": { "ID": 2533250002460, "正式名称": "住井歯科・矯正歯科", "機関区分": 3, "都道府県コード": 25, "市区町村コード": 383, "所在地": "滋賀県蒲生郡日野町河原１丁目７番地", "緯度": 35.017989, "経度": 136.247119, "url": "https://www.iryou.teikyouseido.mhlw.go.jp/znk-web/juminkanja/S2430/initialize?prefCd=25&kikanCd=3250002460&kikanKbn=3", "url2": "http:/sumii-shika.com", "内容": "住井歯科・矯正歯科【3:歯科】滋賀県蒲生郡日野町河原１丁目７番地" }, "geometry": { "type": "Point", "coordinates": [ 136.247119, 35.017989 ] } },
{ "type": "Feature", "properties": { "ID": 2533250002480, "正式名称": "もうり歯科", "機関区分": 3, "都道府県コード": 25, "市区町村コード": 383, "所在地": "滋賀県蒲生郡日野町日田１０５－１アイエスプラザ１階", "緯度": 35.011889, "経度": 136.239654, "url": "https://www.iryou.teikyouseido.mhlw.go.jp/znk-web/juminkanja/S2430/initialize?prefCd=25&kikanCd=3250002480&kikanKbn=3", "url2": null, "内容": "もうり歯科【3:歯科】滋賀県蒲生郡日野町日田１０５－１アイエスプラザ１階" }, "geometry": { "type": "Point", "coordinates": [ 136.239654, 35.011889 ] } },
{ "type": "Feature", "properties": { "ID": 2533250002490, "正式名称": "竜王町国民健康保険診療所（歯科）", "機関区分": 3, "都道府県コード": 25, "市区町村コード": 384, "所在地": "滋賀県蒲生郡竜王町綾戸２３９－１", "緯度": 35.06773, "経度": 136.127218, "url": "https://www.iryou.teikyouseido.mhlw.go.jp/znk-web/juminkanja/S2430/initialize?prefCd=25&kikanCd=3250002490&kikanKbn=3", "url2": "http://www.town.ryuoh.shiga.jp", "内容": "竜王町国民健康保険診療所（歯科）【3:歯科】滋賀県蒲生郡竜王町綾戸２３９－１" }, "geometry": { "type": "Point", "coordinates": [ 136.127218, 35.06773 ] } },
{ "type": "Feature", "properties": { "ID": 2533250002500, "正式名称": "加納歯科医院", "機関区分": 3, "都道府県コード": 25, "市区町村コード": 384, "所在地": "滋賀県蒲生郡竜王町山面字向山３５－１５８", "緯度": 35.076572, "経度": 136.094453, "url": "https://www.iryou.teikyouseido.mhlw.go.jp/znk-web/juminkanja/S2430/initialize?prefCd=25&kikanCd=3250002500&kikanKbn=3", "url2": null, "内容": "加納歯科医院【3:歯科】滋賀県蒲生郡竜王町山面字向山３５－１５８" }, "geometry": { "type": "Point", "coordinates": [ 136.094453, 35.076572 ] } },
{ "type": "Feature", "properties": { "ID": 2533250002510, "正式名称": "金谷歯科医院", "機関区分": 3, "都道府県コード": 25, "市区町村コード": 384, "所在地": "滋賀県蒲生郡竜王町山之上４５９９", "緯度": 35.049767, "経度": 136.139675, "url": "https://www.iryou.teikyouseido.mhlw.go.jp/znk-web/juminkanja/S2430/initialize?prefCd=25&kikanCd=3250002510&kikanKbn=3", "url2": "http://www.kanaya-shika.com", "内容": "金谷歯科医院【3:歯科】滋賀県蒲生郡竜王町山之上４５９９" }, "geometry": { "type": "Point", "coordinates": [ 136.139675, 35.049767 ] } },
{ "type": "Feature", "properties": { "ID": 2533250002520, "正式名称": "平田歯科医院", "機関区分": 3, "都道府県コード": 25, "市区町村コード": 384, "所在地": "滋賀県蒲生郡竜王町山之上３４５６", "緯度": 35.048137, "経度": 136.146473, "url": "https://www.iryou.teikyouseido.mhlw.go.jp/znk-web/juminkanja/S2430/initialize?prefCd=25&kikanCd=3250002520&kikanKbn=3", "url2": "http:/www.hiratadental.com/", "内容": "平田歯科医院【3:歯科】滋賀県蒲生郡竜王町山之上３４５６" }, "geometry": { "type": "Point", "coordinates": [ 136.146473, 35.048137 ] } },
{ "type": "Feature", "properties": { "ID": 2533250002570, "正式名称": "梅影歯科医院", "機関区分": 3, "都道府県コード": 25, "市区町村コード": 206, "所在地": "滋賀県草津市野村７－１７－２０", "緯度": 35.029915, "経度": 135.957275, "url": "https://www.iryou.teikyouseido.mhlw.go.jp/znk-web/juminkanja/S2430/initialize?prefCd=25&kikanCd=3250002570&kikanKbn=3", "url2": null, "内容": "梅影歯科医院【3:歯科】滋賀県草津市野村７－１７－２０" }, "geometry": { "type": "Point", "coordinates": [ 135.957275, 35.029915 ] } },
{ "type": "Feature", "properties": { "ID": 2533250002610, "正式名称": "草津中央歯科クリニック", "機関区分": 3, "都道府県コード": 25, "市区町村コード": 206, "所在地": "滋賀県草津市上笠２－３２ー３", "緯度": 35.031183, "経度": 135.945175, "url": "https://www.iryou.teikyouseido.mhlw.go.jp/znk-web/juminkanja/S2430/initialize?prefCd=25&kikanCd=3250002610&kikanKbn=3", "url2": null, "内容": "草津中央歯科クリニック【3:歯科】滋賀県草津市上笠２－３２ー３" }, "geometry": { "type": "Point", "coordinates": [ 135.945175, 35.031183 ] } },
{ "type": "Feature", "properties": { "ID": 2533250002640, "正式名称": "岡崎歯科医院", "機関区分": 3, "都道府県コード": 25, "市区町村コード": 206, "所在地": "滋賀県草津市大路２－３－６", "緯度": 35.019044, "経度": 135.964008, "url": "https://www.iryou.teikyouseido.mhlw.go.jp/znk-web/juminkanja/S2430/initialize?prefCd=25&kikanCd=3250002640&kikanKbn=3", "url2": "okazaki-dental-office.com", "内容": "岡崎歯科医院【3:歯科】滋賀県草津市大路２－３－６" }, "geometry": { "type": "Point", "coordinates": [ 135.964008, 35.019044 ] } },
{ "type": "Feature", "properties": { "ID": 2533250002680, "正式名称": "林歯科医院", "機関区分": 3, "都道府県コード": 25, "市区町村コード": 206, "所在地": "滋賀県草津市大路１－１５－６", "緯度": 35.020544, "経度": 135.963508, "url": "https://www.iryou.teikyouseido.mhlw.go.jp/znk-web/juminkanja/S2430/initialize?prefCd=25&kikanCd=3250002680&kikanKbn=3", "url2": null, "内容": "林歯科医院【3:歯科】滋賀県草津市大路１－１５－６" }, "geometry": { "type": "Point", "coordinates": [ 135.963508, 35.020544 ] } },
{ "type": "Feature", "properties": { "ID": 2533250002690, "正式名称": "つかだ歯科医院", "機関区分": 3, "都道府県コード": 25, "市区町村コード": 206, "所在地": "滋賀県草津市大路１－１２－１星空館４階", "緯度": 35.021628, "経度": 135.964564, "url": "https://www.iryou.teikyouseido.mhlw.go.jp/znk-web/juminkanja/S2430/initialize?prefCd=25&kikanCd=3250002690&kikanKbn=3", "url2": null, "内容": "つかだ歯科医院【3:歯科】滋賀県草津市大路１－１２－１星空館４階" }, "geometry": { "type": "Point", "coordinates": [ 135.964564, 35.021628 ] } },
{ "type": "Feature", "properties": { "ID": 2533250002700, "正式名称": "草津駅前デンタルクリニック", "機関区分": 3, "都道府県コード": 25, "市区町村コード": 206, "所在地": "滋賀県草津市大路１－７－１－１１１", "緯度": 35.020289, "経度": 135.962015, "url": "https://www.iryou.teikyouseido.mhlw.go.jp/znk-web/juminkanja/S2430/initialize?prefCd=25&kikanCd=3250002700&kikanKbn=3", "url2": "http://www.kusatsu-dc.com/", "内容": "草津駅前デンタルクリニック【3:歯科】滋賀県草津市大路１－７－１－１１１" }, "geometry": { "type": "Point", "coordinates": [ 135.962015, 35.020289 ] } },
{ "type": "Feature", "properties": { "ID": 2533250002720, "正式名称": "後藤歯科医院", "機関区分": 3, "都道府県コード": 25, "市区町村コード": 206, "所在地": "滋賀県草津市草津１－５－２４", "緯度": 35.016906, "経度": 135.961786, "url": "https://www.iryou.teikyouseido.mhlw.go.jp/znk-web/juminkanja/S2430/initialize?prefCd=25&kikanCd=3250002720&kikanKbn=3", "url2": "http://chigaku510.com/", "内容": "後藤歯科医院【3:歯科】滋賀県草津市草津１－５－２４" }, "geometry": { "type": "Point", "coordinates": [ 135.961786, 35.016906 ] } },
{ "type": "Feature", "properties": { "ID": 2533250002730, "正式名称": "有馬歯科クリニック", "機関区分": 3, "都道府県コード": 25, "市区町村コード": 206, "所在地": "滋賀県草津市草津１－１０－１６", "緯度": 35.015683, "経度": 135.964286, "url": "https://www.iryou.teikyouseido.mhlw.go.jp/znk-web/juminkanja/S2430/initialize?prefCd=25&kikanCd=3250002730&kikanKbn=3", "url2": null, "内容": "有馬歯科クリニック【3:歯科】滋賀県草津市草津１－１０－１６" }, "geometry": { "type": "Point", "coordinates": [ 135.964286, 35.015683 ] } },
{ "type": "Feature", "properties": { "ID": 2533250002740, "正式名称": "久徳歯科", "機関区分": 3, "都道府県コード": 25, "市区町村コード": 206, "所在地": "滋賀県草津市草津２－４－１７", "緯度": 35.016406, "経度": 135.959119, "url": "https://www.iryou.teikyouseido.mhlw.go.jp/znk-web/juminkanja/S2430/initialize?prefCd=25&kikanCd=3250002740&kikanKbn=3", "url2": null, "内容": "久徳歯科【3:歯科】滋賀県草津市草津２－４－１７" }, "geometry": { "type": "Point", "coordinates": [ 135.959119, 35.016406 ] } },
{ "type": "Feature", "properties": { "ID": 2533250002750, "正式名称": "草津たかはし歯科医院", "機関区分": 3, "都道府県コード": 25, "市区町村コード": 206, "所在地": "滋賀県草津市草津町１５２７－１ベルエール草津１Ｆ", "緯度": 35.018128, "経度": 135.949231, "url": "https://www.iryou.teikyouseido.mhlw.go.jp/znk-web/juminkanja/S2430/initialize?prefCd=25&kikanCd=3250002750&kikanKbn=3", "url2": null, "内容": "草津たかはし歯科医院【3:歯科】滋賀県草津市草津町１５２７－１ベルエール草津１Ｆ" }, "geometry": { "type": "Point", "coordinates": [ 135.949231, 35.018128 ] } },
{ "type": "Feature", "properties": { "ID": 2533250002760, "正式名称": "こなん歯科クリニック", "機関区分": 3, "都道府県コード": 25, "市区町村コード": 206, "所在地": "滋賀県草津市草津町字糠田１５１１", "緯度": 35.019072, "経度": 135.947314, "url": "https://www.iryou.teikyouseido.mhlw.go.jp/znk-web/juminkanja/S2430/initialize?prefCd=25&kikanCd=3250002760&kikanKbn=3", "url2": "Konanshika.com", "内容": "こなん歯科クリニック【3:歯科】滋賀県草津市草津町字糠田１５１１" }, "geometry": { "type": "Point", "coordinates": [ 135.947314, 35.019072 ] } },
{ "type": "Feature", "properties": { "ID": 2533250002770, "正式名称": "戸﨑歯科", "機関区分": 3, "都道府県コード": 25, "市区町村コード": 206, "所在地": "滋賀県草津市西大路町６－９戸崎医院２階", "緯度": 35.024433, "経度": 135.956592, "url": "https://www.iryou.teikyouseido.mhlw.go.jp/znk-web/juminkanja/S2430/initialize?prefCd=25&kikanCd=3250002770&kikanKbn=3", "url2": null, "内容": "戸﨑歯科【3:歯科】滋賀県草津市西大路町６－９戸崎医院２階" }, "geometry": { "type": "Point", "coordinates": [ 135.956592, 35.024433 ] } },
{ "type": "Feature", "properties": { "ID": 2533250002790, "正式名称": "医療法人　丸山歯科医院", "機関区分": 3, "都道府県コード": 25, "市区町村コード": 206, "所在地": "滋賀県草津市西大路町７－７－４", "緯度": 35.023156, "経度": 135.957203, "url": "https://www.iryou.teikyouseido.mhlw.go.jp/znk-web/juminkanja/S2430/initialize?prefCd=25&kikanCd=3250002790&kikanKbn=3", "url2": null, "内容": "医療法人　丸山歯科医院【3:歯科】滋賀県草津市西大路町７－７－４" }, "geometry": { "type": "Point", "coordinates": [ 135.957203, 35.023156 ] } },
{ "type": "Feature", "properties": { "ID": 2533250002800, "正式名称": "医療法人　むらお矯正歯科クリニック", "機関区分": 3, "都道府県コード": 25, "市区町村コード": 206, "所在地": "滋賀県草津市西大路町８－１１", "緯度": 35.022878, "経度": 135.958175, "url": "https://www.iryou.teikyouseido.mhlw.go.jp/znk-web/juminkanja/S2430/initialize?prefCd=25&kikanCd=3250002800&kikanKbn=3", "url2": "murao888.com", "内容": "医療法人　むらお矯正歯科クリニック【3:歯科】滋賀県草津市西大路町８－１１" }, "geometry": { "type": "Point", "coordinates": [ 135.958175, 35.022878 ] } },
{ "type": "Feature", "properties": { "ID": 2533250002820, "正式名称": "こやま歯科医院", "機関区分": 3, "都道府県コード": 25, "市区町村コード": 206, "所在地": "滋賀県草津市追分南八丁目３番４号", "緯度": 34.988157, "経度": 135.966091, "url": "https://www.iryou.teikyouseido.mhlw.go.jp/znk-web/juminkanja/S2430/initialize?prefCd=25&kikanCd=3250002820&kikanKbn=3", "url2": "http://koyamashika5877.com/", "内容": "こやま歯科医院【3:歯科】滋賀県草津市追分南八丁目３番４号" }, "geometry": { "type": "Point", "coordinates": [ 135.966091, 34.988157 ] } },
{ "type": "Feature", "properties": { "ID": 2533250002830, "正式名称": "医療法人聖歯会　マリア歯科クリニック", "機関区分": 3, "都道府県コード": 25, "市区町村コード": 206, "所在地": "滋賀県草津市若草５－８－２０", "緯度": 34.985878, "経度": 135.969619, "url": "https://www.iryou.teikyouseido.mhlw.go.jp/znk-web/juminkanja/S2430/initialize?prefCd=25&kikanCd=3250002830&kikanKbn=3", "url2": "http://www.ueno-shika.net", "内容": "医療法人聖歯会　マリア歯科クリニック【3:歯科】滋賀県草津市若草５－８－２０" }, "geometry": { "type": "Point", "coordinates": [ 135.969619, 34.985878 ] } },
{ "type": "Feature", "properties": { "ID": 2533250002850, "正式名称": "山元歯科医院", "機関区分": 3, "都道府県コード": 25, "市区町村コード": 206, "所在地": "滋賀県草津市木川町１１１８－４０", "緯度": 35.0281, "経度": 135.938647, "url": "https://www.iryou.teikyouseido.mhlw.go.jp/znk-web/juminkanja/S2430/initialize?prefCd=25&kikanCd=3250002850&kikanKbn=3", "url2": null, "内容": "山元歯科医院【3:歯科】滋賀県草津市木川町１１１８－４０" }, "geometry": { "type": "Point", "coordinates": [ 135.938647, 35.0281 ] } },
{ "type": "Feature", "properties": { "ID": 2533250002860, "正式名称": "みやけ歯科", "機関区分": 3, "都道府県コード": 25, "市区町村コード": 206, "所在地": "滋賀県草津市矢倉１－３－５７", "緯度": 35.010136, "経度": 135.952699, "url": "https://www.iryou.teikyouseido.mhlw.go.jp/znk-web/juminkanja/S2430/initialize?prefCd=25&kikanCd=3250002860&kikanKbn=3", "url2": null, "内容": "みやけ歯科【3:歯科】滋賀県草津市矢倉１－３－５７" }, "geometry": { "type": "Point", "coordinates": [ 135.952699, 35.010136 ] } },
{ "type": "Feature", "properties": { "ID": 2533250002870, "正式名称": "医療法人きのせ歯科医院", "機関区分": 3, "都道府県コード": 25, "市区町村コード": 206, "所在地": "滋賀県草津市東矢倉２－８－５", "緯度": 35.003683, "経度": 135.952897, "url": "https://www.iryou.teikyouseido.mhlw.go.jp/znk-web/juminkanja/S2430/initialize?prefCd=25&kikanCd=3250002870&kikanKbn=3", "url2": null, "内容": "医療法人きのせ歯科医院【3:歯科】滋賀県草津市東矢倉２－８－５" }, "geometry": { "type": "Point", "coordinates": [ 135.952897, 35.003683 ] } },
{ "type": "Feature", "properties": { "ID": 2533250002880, "正式名称": "アキデンタルクリニック", "機関区分": 3, "都道府県コード": 25, "市区町村コード": 206, "所在地": "滋賀県草津市東矢倉２－３５－２５", "緯度": 35.001683, "経度": 135.955397, "url": "https://www.iryou.teikyouseido.mhlw.go.jp/znk-web/juminkanja/S2430/initialize?prefCd=25&kikanCd=3250002880&kikanKbn=3", "url2": "http://aki-d.jp", "内容": "アキデンタルクリニック【3:歯科】滋賀県草津市東矢倉２－３５－２５" }, "geometry": { "type": "Point", "coordinates": [ 135.955397, 35.001683 ] } },
{ "type": "Feature", "properties": { "ID": 2533250002900, "正式名称": "十禅歯科クリニック", "機関区分": 3, "都道府県コード": 25, "市区町村コード": 206, "所在地": "滋賀県草津市野路東五丁目２５－２４", "緯度": 34.992906, "経度": 135.951925, "url": "https://www.iryou.teikyouseido.mhlw.go.jp/znk-web/juminkanja/S2430/initialize?prefCd=25&kikanCd=3250002900&kikanKbn=3", "url2": null, "内容": "十禅歯科クリニック【3:歯科】滋賀県草津市野路東五丁目２５－２４" }, "geometry": { "type": "Point", "coordinates": [ 135.951925, 34.992906 ] } },
{ "type": "Feature", "properties": { "ID": 2533250002920, "正式名称": "高田歯科", "機関区分": 3, "都道府県コード": 25, "市区町村コード": 206, "所在地": "滋賀県草津市野路１－１４－３８サンマール南草津１Ｆ", "緯度": 35.003406, "経度": 135.948286, "url": "https://www.iryou.teikyouseido.mhlw.go.jp/znk-web/juminkanja/S2430/initialize?prefCd=25&kikanCd=3250002920&kikanKbn=3", "url2": null, "内容": "高田歯科【3:歯科】滋賀県草津市野路１－１４－３８サンマール南草津１Ｆ" }, "geometry": { "type": "Point", "coordinates": [ 135.948286, 35.003406 ] } },
{ "type": "Feature", "properties": { "ID": 2533250002940, "正式名称": "村井歯科医院", "機関区分": 3, "都道府県コード": 25, "市区町村コード": 206, "所在地": "滋賀県草津市野路１－７－２１リベリー南草津", "緯度": 35.0041, "経度": 135.948369, "url": "https://www.iryou.teikyouseido.mhlw.go.jp/znk-web/juminkanja/S2430/initialize?prefCd=25&kikanCd=3250002940&kikanKbn=3", "url2": null, "内容": "村井歯科医院【3:歯科】滋賀県草津市野路１－７－２１リベリー南草津" }, "geometry": { "type": "Point", "coordinates": [ 135.948369, 35.0041 ] } },
{ "type": "Feature", "properties": { "ID": 2533250002950, "正式名称": "医療法人社団　真和会　南草津歯科", "機関区分": 3, "都道府県コード": 25, "市区町村コード": 206, "所在地": "滋賀県草津市野路１－１３－３６", "緯度": 35.006878, "経度": 135.949119, "url": "https://www.iryou.teikyouseido.mhlw.go.jp/znk-web/juminkanja/S2430/initialize?prefCd=25&kikanCd=3250002950&kikanKbn=3", "url2": null, "内容": "医療法人社団　真和会　南草津歯科【3:歯科】滋賀県草津市野路１－１３－３６" }, "geometry": { "type": "Point", "coordinates": [ 135.949119, 35.006878 ] } },
{ "type": "Feature", "properties": { "ID": 2533250002970, "正式名称": "芝田歯科クリニック", "機関区分": 3, "都道府県コード": 25, "市区町村コード": 206, "所在地": "滋賀県草津市矢橋町１１６８－５", "緯度": 35.006267, "経度": 135.924897, "url": "https://www.iryou.teikyouseido.mhlw.go.jp/znk-web/juminkanja/S2430/initialize?prefCd=25&kikanCd=3250002970&kikanKbn=3", "url2": "http://shibatadc.com/", "内容": "芝田歯科クリニック【3:歯科】滋賀県草津市矢橋町１１６８－５" }, "geometry": { "type": "Point", "coordinates": [ 135.924897, 35.006267 ] } },
{ "type": "Feature", "properties": { "ID": 2533250002990, "正式名称": "伊庭歯科医院", "機関区分": 3, "都道府県コード": 25, "市区町村コード": 206, "所在地": "滋賀県草津市新浜４３０", "緯度": 34.999517, "経度": 135.920036, "url": "https://www.iryou.teikyouseido.mhlw.go.jp/znk-web/juminkanja/S2430/initialize?prefCd=25&kikanCd=3250002990&kikanKbn=3", "url2": null, "内容": "伊庭歯科医院【3:歯科】滋賀県草津市新浜４３０" }, "geometry": { "type": "Point", "coordinates": [ 135.920036, 34.999517 ] } },
{ "type": "Feature", "properties": { "ID": 2533250003020, "正式名称": "医療法人佳秀会　青木歯科医院", "機関区分": 3, "都道府県コード": 25, "市区町村コード": 202, "所在地": "滋賀県彦根市稲部町６８滋賀住宅マンション", "緯度": 35.204794, "経度": 136.197923, "url": "https://www.iryou.teikyouseido.mhlw.go.jp/znk-web/juminkanja/S2430/initialize?prefCd=25&kikanCd=3250003020&kikanKbn=3", "url2": "http://www.aokishika-inae.com/", "内容": "医療法人佳秀会　青木歯科医院【3:歯科】滋賀県彦根市稲部町６８滋賀住宅マンション" }, "geometry": { "type": "Point", "coordinates": [ 136.197923, 35.204794 ] } },
{ "type": "Feature", "properties": { "ID": 2533250003040, "正式名称": "たかとり歯科医院", "機関区分": 3, "都道府県コード": 25, "市区町村コード": 202, "所在地": "滋賀県彦根市野良田町４３６－１", "緯度": 35.199433, "経度": 136.195564, "url": "https://www.iryou.teikyouseido.mhlw.go.jp/znk-web/juminkanja/S2430/initialize?prefCd=25&kikanCd=3250003040&kikanKbn=3", "url2": null, "内容": "たかとり歯科医院【3:歯科】滋賀県彦根市野良田町４３６－１" }, "geometry": { "type": "Point", "coordinates": [ 136.195564, 35.199433 ] } },
{ "type": "Feature", "properties": { "ID": 2533250003050, "正式名称": "白石歯科", "機関区分": 3, "都道府県コード": 25, "市区町村コード": 202, "所在地": "滋賀県彦根市野良田町３２５－５", "緯度": 35.203461, "経度": 136.198092, "url": "https://www.iryou.teikyouseido.mhlw.go.jp/znk-web/juminkanja/S2430/initialize?prefCd=25&kikanCd=3250003050&kikanKbn=3", "url2": null, "内容": "白石歯科【3:歯科】滋賀県彦根市野良田町３２５－５" }, "geometry": { "type": "Point", "coordinates": [ 136.198092, 35.203461 ] } },
{ "type": "Feature", "properties": { "ID": 2533250003060, "正式名称": "わたなべ歯科医院", "機関区分": 3, "都道府県コード": 25, "市区町村コード": 202, "所在地": "滋賀県彦根市鳥居本町４９０－１　カメリアビル１Ｆ", "緯度": 35.289322, "経度": 136.285203, "url": "https://www.iryou.teikyouseido.mhlw.go.jp/znk-web/juminkanja/S2430/initialize?prefCd=25&kikanCd=3250003060&kikanKbn=3", "url2": null, "内容": "わたなべ歯科医院【3:歯科】滋賀県彦根市鳥居本町４９０－１　カメリアビル１Ｆ" }, "geometry": { "type": "Point", "coordinates": [ 136.285203, 35.289322 ] } },
{ "type": "Feature", "properties": { "ID": 2533250003070, "正式名称": "井本歯科医院", "機関区分": 3, "都道府県コード": 25, "市区町村コード": 202, "所在地": "滋賀県彦根市原町５０４－３５", "緯度": 35.263211, "経度": 136.269675, "url": "https://www.iryou.teikyouseido.mhlw.go.jp/znk-web/juminkanja/S2430/initialize?prefCd=25&kikanCd=3250003070&kikanKbn=3", "url2": null, "内容": "井本歯科医院【3:歯科】滋賀県彦根市原町５０４－３５" }, "geometry": { "type": "Point", "coordinates": [ 136.269675, 35.263211 ] } },
{ "type": "Feature", "properties": { "ID": 2533250003080, "正式名称": "野村歯科医院", "機関区分": 3, "都道府県コード": 25, "市区町村コード": 202, "所在地": "滋賀県彦根市原町１８０－２８", "緯度": 35.256683, "経度": 136.272981, "url": "https://www.iryou.teikyouseido.mhlw.go.jp/znk-web/juminkanja/S2430/initialize?prefCd=25&kikanCd=3250003080&kikanKbn=3", "url2": null, "内容": "野村歯科医院【3:歯科】滋賀県彦根市原町１８０－２８" }, "geometry": { "type": "Point", "coordinates": [ 136.272981, 35.256683 ] } },
{ "type": "Feature", "properties": { "ID": 2533250003090, "正式名称": "ミント歯科", "機関区分": 3, "都道府県コード": 25, "市区町村コード": 202, "所在地": "滋賀県彦根市野田山町９３８－１", "緯度": 35.245767, "経度": 136.277314, "url": "https://www.iryou.teikyouseido.mhlw.go.jp/znk-web/juminkanja/S2430/initialize?prefCd=25&kikanCd=3250003090&kikanKbn=3", "url2": "http://www.mint-dc.com/", "内容": "ミント歯科【3:歯科】滋賀県彦根市野田山町９３８－１" }, "geometry": { "type": "Point", "coordinates": [ 136.277314, 35.245767 ] } },
{ "type": "Feature", "properties": { "ID": 2533250003100, "正式名称": "吉田歯科医院", "機関区分": 3, "都道府県コード": 25, "市区町村コード": 202, "所在地": "滋賀県彦根市芹川町１４６３－１１", "緯度": 35.257638, "経度": 136.25621, "url": "https://www.iryou.teikyouseido.mhlw.go.jp/znk-web/juminkanja/S2430/initialize?prefCd=25&kikanCd=3250003100&kikanKbn=3", "url2": null, "内容": "吉田歯科医院【3:歯科】滋賀県彦根市芹川町１４６３－１１" }, "geometry": { "type": "Point", "coordinates": [ 136.25621, 35.257638 ] } },
{ "type": "Feature", "properties": { "ID": 2533250003120, "正式名称": "安澤歯科診療所", "機関区分": 3, "都道府県コード": 25, "市区町村コード": 202, "所在地": "滋賀県彦根市平田町５８－５", "緯度": 35.260628, "経度": 136.249342, "url": "https://www.iryou.teikyouseido.mhlw.go.jp/znk-web/juminkanja/S2430/initialize?prefCd=25&kikanCd=3250003120&kikanKbn=3", "url2": null, "内容": "安澤歯科診療所【3:歯科】滋賀県彦根市平田町５８－５" }, "geometry": { "type": "Point", "coordinates": [ 136.249342, 35.260628 ] } },
{ "type": "Feature", "properties": { "ID": 2533250003130, "正式名称": "長寿歯科医院", "機関区分": 3, "都道府県コード": 25, "市区町村コード": 202, "所在地": "滋賀県彦根市平田町４２２－１３", "緯度": 35.260461, "経度": 136.240508, "url": "https://www.iryou.teikyouseido.mhlw.go.jp/znk-web/juminkanja/S2430/initialize?prefCd=25&kikanCd=3250003130&kikanKbn=3", "url2": null, "内容": "長寿歯科医院【3:歯科】滋賀県彦根市平田町４２２－１３" }, "geometry": { "type": "Point", "coordinates": [ 136.240508, 35.260461 ] } },
{ "type": "Feature", "properties": { "ID": 2533250003150, "正式名称": "太陽歯科医院", "機関区分": 3, "都道府県コード": 25, "市区町村コード": 202, "所在地": "滋賀県彦根市平田町６７８－１２", "緯度": 35.256767, "経度": 136.244453, "url": "https://www.iryou.teikyouseido.mhlw.go.jp/znk-web/juminkanja/S2430/initialize?prefCd=25&kikanCd=3250003150&kikanKbn=3", "url2": null, "内容": "太陽歯科医院【3:歯科】滋賀県彦根市平田町６７８－１２" }, "geometry": { "type": "Point", "coordinates": [ 136.244453, 35.256767 ] } },
{ "type": "Feature", "properties": { "ID": 2533250003160, "正式名称": "あかい歯科", "機関区分": 3, "都道府県コード": 25, "市区町村コード": 202, "所在地": "滋賀県彦根市戸賀町１４３－４", "緯度": 35.253044, "経度": 136.241786, "url": "https://www.iryou.teikyouseido.mhlw.go.jp/znk-web/juminkanja/S2430/initialize?prefCd=25&kikanCd=3250003160&kikanKbn=3", "url2": "http://www.akai-shika.jp/", "内容": "あかい歯科【3:歯科】滋賀県彦根市戸賀町１４３－４" }, "geometry": { "type": "Point", "coordinates": [ 136.241786, 35.253044 ] } },
{ "type": "Feature", "properties": { "ID": 2533250003190, "正式名称": "安澤歯科小泉診療所", "機関区分": 3, "都道府県コード": 25, "市区町村コード": 202, "所在地": "滋賀県彦根市小泉町１０６－９阪東ビル２階", "緯度": 35.246822, "経度": 136.250175, "url": "https://www.iryou.teikyouseido.mhlw.go.jp/znk-web/juminkanja/S2430/initialize?prefCd=25&kikanCd=3250003190&kikanKbn=3", "url2": null, "内容": "安澤歯科小泉診療所【3:歯科】滋賀県彦根市小泉町１０６－９阪東ビル２階" }, "geometry": { "type": "Point", "coordinates": [ 136.250175, 35.246822 ] } },
{ "type": "Feature", "properties": { "ID": 2533250003210, "正式名称": "堀口歯科医院", "機関区分": 3, "都道府県コード": 25, "市区町村コード": 202, "所在地": "滋賀県彦根市日夏町２６８０－４７", "緯度": 35.233711, "経度": 136.221008, "url": "https://www.iryou.teikyouseido.mhlw.go.jp/znk-web/juminkanja/S2430/initialize?prefCd=25&kikanCd=3250003210&kikanKbn=3", "url2": null, "内容": "堀口歯科医院【3:歯科】滋賀県彦根市日夏町２６８０－４７" }, "geometry": { "type": "Point", "coordinates": [ 136.221008, 35.233711 ] } },
{ "type": "Feature", "properties": { "ID": 2533250003250, "正式名称": "三希子歯科", "機関区分": 3, "都道府県コード": 25, "市区町村コード": 202, "所在地": "滋賀県彦根市西今町２１－１", "緯度": 35.243066, "経度": 136.247546, "url": "https://www.iryou.teikyouseido.mhlw.go.jp/znk-web/juminkanja/S2430/initialize?prefCd=25&kikanCd=3250003250&kikanKbn=3", "url2": "http//www.mikiko-shika.com/", "内容": "三希子歯科【3:歯科】滋賀県彦根市西今町２１－１" }, "geometry": { "type": "Point", "coordinates": [ 136.247546, 35.243066 ] } },
{ "type": "Feature", "properties": { "ID": 2533250003260, "正式名称": "たなか歯科クリニック", "機関区分": 3, "都道府県コード": 25, "市区町村コード": 202, "所在地": "滋賀県彦根市西今町１１３１－１５", "緯度": 35.259433, "経度": 136.232481, "url": "https://www.iryou.teikyouseido.mhlw.go.jp/znk-web/juminkanja/S2430/initialize?prefCd=25&kikanCd=3250003260&kikanKbn=3", "url2": "https://www.tanakashika-hikone.com", "内容": "たなか歯科クリニック【3:歯科】滋賀県彦根市西今町１１３１－１５" }, "geometry": { "type": "Point", "coordinates": [ 136.232481, 35.259433 ] } },
{ "type": "Feature", "properties": { "ID": 2533250003270, "正式名称": "慶祐会　むとう歯科医院", "機関区分": 3, "都道府県コード": 25, "市区町村コード": 202, "所在地": "滋賀県彦根市西今町３６３－５", "緯度": 35.2471, "経度": 136.241703, "url": "https://www.iryou.teikyouseido.mhlw.go.jp/znk-web/juminkanja/S2430/initialize?prefCd=25&kikanCd=3250003270&kikanKbn=3", "url2": null, "内容": "慶祐会　むとう歯科医院【3:歯科】滋賀県彦根市西今町３６３－５" }, "geometry": { "type": "Point", "coordinates": [ 136.241703, 35.2471 ] } },
{ "type": "Feature", "properties": { "ID": 2533250003300, "正式名称": "北村歯科医院", "機関区分": 3, "都道府県コード": 25, "市区町村コード": 202, "所在地": "滋賀県彦根市城町２－１５－７", "緯度": 35.27785, "経度": 136.242203, "url": "https://www.iryou.teikyouseido.mhlw.go.jp/znk-web/juminkanja/S2430/initialize?prefCd=25&kikanCd=3250003300&kikanKbn=3", "url2": "http://www.kitamura-dc.net/", "内容": "北村歯科医院【3:歯科】滋賀県彦根市城町２－１５－７" }, "geometry": { "type": "Point", "coordinates": [ 136.242203, 35.27785 ] } },
{ "type": "Feature", "properties": { "ID": 2533250003310, "正式名称": "医療法人結音会　中島歯科医院", "機関区分": 3, "都道府県コード": 25, "市区町村コード": 202, "所在地": "滋賀県彦根市元町３－１２", "緯度": 35.274961, "経度": 136.258786, "url": "https://www.iryou.teikyouseido.mhlw.go.jp/znk-web/juminkanja/S2430/initialize?prefCd=25&kikanCd=3250003310&kikanKbn=3", "url2": "https://yuonkai.com", "内容": "医療法人結音会　中島歯科医院【3:歯科】滋賀県彦根市元町３－１２" }, "geometry": { "type": "Point", "coordinates": [ 136.258786, 35.274961 ] } },
{ "type": "Feature", "properties": { "ID": 2533250003320, "正式名称": "医療法人ヒコネ矯正歯科", "機関区分": 3, "都道府県コード": 25, "市区町村コード": 202, "所在地": "滋賀県彦根市大東町１０－１２　Ｃｒｏｓｓビル１Ｆ", "緯度": 35.269794, "経度": 136.261092, "url": "https://www.iryou.teikyouseido.mhlw.go.jp/znk-web/juminkanja/S2430/initialize?prefCd=25&kikanCd=3250003320&kikanKbn=3", "url2": "http://www.hikone-shika.com", "内容": "医療法人ヒコネ矯正歯科【3:歯科】滋賀県彦根市大東町１０－１２　Ｃｒｏｓｓビル１Ｆ" }, "geometry": { "type": "Point", "coordinates": [ 136.261092, 35.269794 ] } },
{ "type": "Feature", "properties": { "ID": 2533250003340, "正式名称": "川尻歯科医院", "機関区分": 3, "都道府県コード": 25, "市区町村コード": 202, "所在地": "滋賀県彦根市京町２丁目３－３５", "緯度": 35.268767, "経度": 136.257731, "url": "https://www.iryou.teikyouseido.mhlw.go.jp/znk-web/juminkanja/S2430/initialize?prefCd=25&kikanCd=3250003340&kikanKbn=3", "url2": "https://www.Kawajiri-dc.com/", "内容": "川尻歯科医院【3:歯科】滋賀県彦根市京町２丁目３－３５" }, "geometry": { "type": "Point", "coordinates": [ 136.257731, 35.268767 ] } },
{ "type": "Feature", "properties": { "ID": 2533250003350, "正式名称": "太田歯科医院", "機関区分": 3, "都道府県コード": 25, "市区町村コード": 202, "所在地": "滋賀県彦根市京町３丁目４－１５", "緯度": 35.270989, "経度": 136.259564, "url": "https://www.iryou.teikyouseido.mhlw.go.jp/znk-web/juminkanja/S2430/initialize?prefCd=25&kikanCd=3250003350&kikanKbn=3", "url2": null, "内容": "太田歯科医院【3:歯科】滋賀県彦根市京町３丁目４－１５" }, "geometry": { "type": "Point", "coordinates": [ 136.259564, 35.270989 ] } },
{ "type": "Feature", "properties": { "ID": 2533250003360, "正式名称": "中川歯科医院", "機関区分": 3, "都道府県コード": 25, "市区町村コード": 202, "所在地": "滋賀県彦根市京町２－８－２０", "緯度": 35.267794, "経度": 136.256397, "url": "https://www.iryou.teikyouseido.mhlw.go.jp/znk-web/juminkanja/S2430/initialize?prefCd=25&kikanCd=3250003360&kikanKbn=3", "url2": null, "内容": "中川歯科医院【3:歯科】滋賀県彦根市京町２－８－２０" }, "geometry": { "type": "Point", "coordinates": [ 136.256397, 35.267794 ] } },
{ "type": "Feature", "properties": { "ID": 2533250003380, "正式名称": "田井中歯科医院", "機関区分": 3, "都道府県コード": 25, "市区町村コード": 202, "所在地": "滋賀県彦根市河原１丁目４－２２", "緯度": 35.261993, "経度": 136.257201, "url": "https://www.iryou.teikyouseido.mhlw.go.jp/znk-web/juminkanja/S2430/initialize?prefCd=25&kikanCd=3250003380&kikanKbn=3", "url2": null, "内容": "田井中歯科医院【3:歯科】滋賀県彦根市河原１丁目４－２２" }, "geometry": { "type": "Point", "coordinates": [ 136.257201, 35.261993 ] } },
{ "type": "Feature", "properties": { "ID": 2533250003390, "正式名称": "きむら歯科クリニック", "機関区分": 3, "都道府県コード": 25, "市区町村コード": 202, "所在地": "滋賀県彦根市後三条町５２８－８", "緯度": 35.265711, "経度": 136.247508, "url": "https://www.iryou.teikyouseido.mhlw.go.jp/znk-web/juminkanja/S2430/initialize?prefCd=25&kikanCd=3250003390&kikanKbn=3", "url2": null, "内容": "きむら歯科クリニック【3:歯科】滋賀県彦根市後三条町５２８－８" }, "geometry": { "type": "Point", "coordinates": [ 136.247508, 35.265711 ] } },
{ "type": "Feature", "properties": { "ID": 2533250003400, "正式名称": "曽我歯科医院", "機関区分": 3, "都道府県コード": 25, "市区町村コード": 202, "所在地": "滋賀県彦根市後三条町２６０－３", "緯度": 35.261156, "経度": 136.250314, "url": "https://www.iryou.teikyouseido.mhlw.go.jp/znk-web/juminkanja/S2430/initialize?prefCd=25&kikanCd=3250003400&kikanKbn=3", "url2": null, "内容": "曽我歯科医院【3:歯科】滋賀県彦根市後三条町２６０－３" }, "geometry": { "type": "Point", "coordinates": [ 136.250314, 35.261156 ] } },
{ "type": "Feature", "properties": { "ID": 2533250003420, "正式名称": "朝比奈歯科医院", "機関区分": 3, "都道府県コード": 25, "市区町村コード": 202, "所在地": "滋賀県彦根市後三条町４１", "緯度": 35.262656, "経度": 136.252925, "url": "https://www.iryou.teikyouseido.mhlw.go.jp/znk-web/juminkanja/S2430/initialize?prefCd=25&kikanCd=3250003420&kikanKbn=3", "url2": null, "内容": "朝比奈歯科医院【3:歯科】滋賀県彦根市後三条町４１" }, "geometry": { "type": "Point", "coordinates": [ 136.252925, 35.262656 ] } },
{ "type": "Feature", "properties": { "ID": 2533250003500, "正式名称": "かわせ大村歯科医院", "機関区分": 3, "都道府県コード": 25, "市区町村コード": 202, "所在地": "滋賀県彦根市南川瀬町１５０１－０２０", "緯度": 35.223044, "経度": 136.224342, "url": "https://www.iryou.teikyouseido.mhlw.go.jp/znk-web/juminkanja/S2430/initialize?prefCd=25&kikanCd=3250003500&kikanKbn=3", "url2": "https://kawaseomura-denntalclinic.ci-hp.jp", "内容": "かわせ大村歯科医院【3:歯科】滋賀県彦根市南川瀬町１５０１－０２０" }, "geometry": { "type": "Point", "coordinates": [ 136.224342, 35.223044 ] } },
{ "type": "Feature", "properties": { "ID": 2533250003520, "正式名称": "杉本歯科医院", "機関区分": 3, "都道府県コード": 25, "市区町村コード": 202, "所在地": "滋賀県彦根市蓮台寺町５０－５０", "緯度": 35.239341, "経度": 136.227802, "url": "https://www.iryou.teikyouseido.mhlw.go.jp/znk-web/juminkanja/S2430/initialize?prefCd=25&kikanCd=3250003520&kikanKbn=3", "url2": null, "内容": "杉本歯科医院【3:歯科】滋賀県彦根市蓮台寺町５０－５０" }, "geometry": { "type": "Point", "coordinates": [ 136.227802, 35.239341 ] } },
{ "type": "Feature", "properties": { "ID": 2533250003530, "正式名称": "若松歯科医院", "機関区分": 3, "都道府県コード": 25, "市区町村コード": 442, "所在地": "滋賀県犬上郡甲良町尼子２０２１－５", "緯度": 35.206322, "経度": 136.254064, "url": "https://www.iryou.teikyouseido.mhlw.go.jp/znk-web/juminkanja/S2430/initialize?prefCd=25&kikanCd=3250003530&kikanKbn=3", "url2": null, "内容": "若松歯科医院【3:歯科】滋賀県犬上郡甲良町尼子２０２１－５" }, "geometry": { "type": "Point", "coordinates": [ 136.254064, 35.206322 ] } },
{ "type": "Feature", "properties": { "ID": 2533250003560, "正式名称": "藤本歯科医院", "機関区分": 3, "都道府県コード": 25, "市区町村コード": 443, "所在地": "滋賀県犬上郡多賀町多賀１３２８", "緯度": 35.226072, "経度": 136.284119, "url": "https://www.iryou.teikyouseido.mhlw.go.jp/znk-web/juminkanja/S2430/initialize?prefCd=25&kikanCd=3250003560&kikanKbn=3", "url2": null, "内容": "藤本歯科医院【3:歯科】滋賀県犬上郡多賀町多賀１３２８" }, "geometry": { "type": "Point", "coordinates": [ 136.284119, 35.226072 ] } },
{ "type": "Feature", "properties": { "ID": 2533250003570, "正式名称": "文村歯科医院", "機関区分": 3, "都道府県コード": 25, "市区町村コード": 202, "所在地": "滋賀県彦根市清崎町５００－５１", "緯度": 35.227739, "経度": 136.219203, "url": "https://www.iryou.teikyouseido.mhlw.go.jp/znk-web/juminkanja/S2430/initialize?prefCd=25&kikanCd=3250003570&kikanKbn=3", "url2": null, "内容": "文村歯科医院【3:歯科】滋賀県彦根市清崎町５００－５１" }, "geometry": { "type": "Point", "coordinates": [ 136.219203, 35.227739 ] } },
{ "type": "Feature", "properties": { "ID": 2533250003620, "正式名称": "医療法人金亀会　秦荘歯科診療所", "機関区分": 3, "都道府県コード": 25, "市区町村コード": 425, "所在地": "滋賀県愛知郡愛荘町安孫子１３４６", "緯度": 35.179017, "経度": 136.245203, "url": "https://www.iryou.teikyouseido.mhlw.go.jp/znk-web/juminkanja/S2430/initialize?prefCd=25&kikanCd=3250003620&kikanKbn=3", "url2": "http://www.okamura-dent.com", "内容": "医療法人金亀会　秦荘歯科診療所【3:歯科】滋賀県愛知郡愛荘町安孫子１３４６" }, "geometry": { "type": "Point", "coordinates": [ 136.245203, 35.179017 ] } },
{ "type": "Feature", "properties": { "ID": 2533250003650, "正式名称": "曽我歯科", "機関区分": 3, "都道府県コード": 25, "市区町村コード": 425, "所在地": "滋賀県愛知郡愛荘町市７１５－１", "緯度": 35.171739, "経度": 136.211675, "url": "https://www.iryou.teikyouseido.mhlw.go.jp/znk-web/juminkanja/S2430/initialize?prefCd=25&kikanCd=3250003650&kikanKbn=3", "url2": "http://www.sogashika.com", "内容": "曽我歯科【3:歯科】滋賀県愛知郡愛荘町市７１５－１" }, "geometry": { "type": "Point", "coordinates": [ 136.211675, 35.171739 ] } },
{ "type": "Feature", "properties": { "ID": 2533250003660, "正式名称": "中村歯科医院", "機関区分": 3, "都道府県コード": 25, "市区町村コード": 425, "所在地": "滋賀県愛知郡愛荘町市８１８－７", "緯度": 35.175794, "経度": 136.211508, "url": "https://www.iryou.teikyouseido.mhlw.go.jp/znk-web/juminkanja/S2430/initialize?prefCd=25&kikanCd=3250003660&kikanKbn=3", "url2": "www.nakamura-implant.jp", "内容": "中村歯科医院【3:歯科】滋賀県愛知郡愛荘町市８１８－７" }, "geometry": { "type": "Point", "coordinates": [ 136.211508, 35.175794 ] } },
{ "type": "Feature", "properties": { "ID": 2533250003680, "正式名称": "塚本歯科医院", "機関区分": 3, "都道府県コード": 25, "市区町村コード": 425, "所在地": "滋賀県愛知郡愛荘町豊満１２９２－３", "緯度": 35.163378, "経度": 136.215536, "url": "https://www.iryou.teikyouseido.mhlw.go.jp/znk-web/juminkanja/S2430/initialize?prefCd=25&kikanCd=3250003680&kikanKbn=3", "url2": null, "内容": "塚本歯科医院【3:歯科】滋賀県愛知郡愛荘町豊満１２９２－３" }, "geometry": { "type": "Point", "coordinates": [ 136.215536, 35.163378 ] } },
{ "type": "Feature", "properties": { "ID": 2533250003690, "正式名称": "安井歯科医院", "機関区分": 3, "都道府県コード": 25, "市区町村コード": 209, "所在地": "滋賀県甲賀市甲賀町大久保１４５", "緯度": 34.907906, "経度": 136.238369, "url": "https://www.iryou.teikyouseido.mhlw.go.jp/znk-web/juminkanja/S2430/initialize?prefCd=25&kikanCd=3250003690&kikanKbn=3", "url2": "http://www.yasui-ortho.com/index.htm", "内容": "安井歯科医院【3:歯科】滋賀県甲賀市甲賀町大久保１４５" }, "geometry": { "type": "Point", "coordinates": [ 136.238369, 34.907906 ] } },
{ "type": "Feature", "properties": { "ID": 2533250003720, "正式名称": "ニシカワ歯科", "機関区分": 3, "都道府県コード": 25, "市区町村コード": 209, "所在地": "滋賀県甲賀市甲賀町相模２２５ー１　ヴィラ甲賀１０１号", "緯度": 34.904597, "経度": 136.216218, "url": "https://www.iryou.teikyouseido.mhlw.go.jp/znk-web/juminkanja/S2430/initialize?prefCd=25&kikanCd=3250003720&kikanKbn=3", "url2": null, "内容": "ニシカワ歯科【3:歯科】滋賀県甲賀市甲賀町相模２２５ー１　ヴィラ甲賀１０１号" }, "geometry": { "type": "Point", "coordinates": [ 136.216218, 34.904597 ] } },
{ "type": "Feature", "properties": { "ID": 2533250003740, "正式名称": "医療法人　坂本歯科", "機関区分": 3, "都道府県コード": 25, "市区町村コード": 211, "所在地": "滋賀県湖南市梅影町３ー１６", "緯度": 35.0116, "経度": 136.125536, "url": "https://www.iryou.teikyouseido.mhlw.go.jp/znk-web/juminkanja/S2430/initialize?prefCd=25&kikanCd=3250003740&kikanKbn=3", "url2": null, "内容": "医療法人　坂本歯科【3:歯科】滋賀県湖南市梅影町３ー１６" }, "geometry": { "type": "Point", "coordinates": [ 136.125536, 35.0116 ] } },
{ "type": "Feature", "properties": { "ID": 2533250003750, "正式名称": "芦田歯科医院", "機関区分": 3, "都道府県コード": 25, "市区町村コード": 211, "所在地": "滋賀県湖南市三雲４４５", "緯度": 34.983489, "経度": 136.119008, "url": "https://www.iryou.teikyouseido.mhlw.go.jp/znk-web/juminkanja/S2430/initialize?prefCd=25&kikanCd=3250003750&kikanKbn=3", "url2": null, "内容": "芦田歯科医院【3:歯科】滋賀県湖南市三雲４４５" }, "geometry": { "type": "Point", "coordinates": [ 136.119008, 34.983489 ] } },
{ "type": "Feature", "properties": { "ID": 2533250003760, "正式名称": "夏見歯科医院", "機関区分": 3, "都道府県コード": 25, "市区町村コード": 211, "所在地": "滋賀県湖南市夏見字１１７１－４", "緯度": 34.998267, "経度": 136.089925, "url": "https://www.iryou.teikyouseido.mhlw.go.jp/znk-web/juminkanja/S2430/initialize?prefCd=25&kikanCd=3250003760&kikanKbn=3", "url2": null, "内容": "夏見歯科医院【3:歯科】滋賀県湖南市夏見字１１７１－４" }, "geometry": { "type": "Point", "coordinates": [ 136.089925, 34.998267 ] } },
{ "type": "Feature", "properties": { "ID": 2533250003780, "正式名称": "中森デンタルオフィス", "機関区分": 3, "都道府県コード": 25, "市区町村コード": 211, "所在地": "滋賀県湖南市中央１丁目２４ー１", "緯度": 35.003389, "経度": 136.084743, "url": "https://www.iryou.teikyouseido.mhlw.go.jp/znk-web/juminkanja/S2430/initialize?prefCd=25&kikanCd=3250003780&kikanKbn=3", "url2": null, "内容": "中森デンタルオフィス【3:歯科】滋賀県湖南市中央１丁目２４ー１" }, "geometry": { "type": "Point", "coordinates": [ 136.084743, 35.003389 ] } },
{ "type": "Feature", "properties": { "ID": 2533250003790, "正式名称": "甲西中央歯科", "機関区分": 3, "都道府県コード": 25, "市区町村コード": 211, "所在地": "滋賀県湖南市中央５ー６６ー２　　奴ビル２Ｆ", "緯度": 35.003767, "経度": 136.086342, "url": "https://www.iryou.teikyouseido.mhlw.go.jp/znk-web/juminkanja/S2430/initialize?prefCd=25&kikanCd=3250003790&kikanKbn=3", "url2": null, "内容": "甲西中央歯科【3:歯科】滋賀県湖南市中央５ー６６ー２　　奴ビル２Ｆ" }, "geometry": { "type": "Point", "coordinates": [ 136.086342, 35.003767 ] } },
{ "type": "Feature", "properties": { "ID": 2533250003820, "正式名称": "室谷歯科医院", "機関区分": 3, "都道府県コード": 25, "市区町村コード": 211, "所在地": "滋賀県湖南市岩根３６３ー１５", "緯度": 35.004387, "経度": 136.121096, "url": "https://www.iryou.teikyouseido.mhlw.go.jp/znk-web/juminkanja/S2430/initialize?prefCd=25&kikanCd=3250003820&kikanKbn=3", "url2": null, "内容": "室谷歯科医院【3:歯科】滋賀県湖南市岩根３６３ー１５" }, "geometry": { "type": "Point", "coordinates": [ 136.121096, 35.004387 ] } },
{ "type": "Feature", "properties": { "ID": 2533250003830, "正式名称": "菩提寺歯科診療所", "機関区分": 3, "都道府県コード": 25, "市区町村コード": 211, "所在地": "滋賀県湖南市菩提寺１００９－４", "緯度": 35.027459, "経度": 136.06072, "url": "https://www.iryou.teikyouseido.mhlw.go.jp/znk-web/juminkanja/S2430/initialize?prefCd=25&kikanCd=3250003830&kikanKbn=3", "url2": null, "内容": "菩提寺歯科診療所【3:歯科】滋賀県湖南市菩提寺１００９－４" }, "geometry": { "type": "Point", "coordinates": [ 136.06072, 35.027459 ] } },
{ "type": "Feature", "properties": { "ID": 2533250003850, "正式名称": "医療法人清風会　小野歯科医院", "機関区分": 3, "都道府県コード": 25, "市区町村コード": 211, "所在地": "滋賀県湖南市菩提寺１５８３ー５１", "緯度": 35.035017, "経度": 136.060981, "url": "https://www.iryou.teikyouseido.mhlw.go.jp/znk-web/juminkanja/S2430/initialize?prefCd=25&kikanCd=3250003850&kikanKbn=3", "url2": "http://onoshika.ci2.jp/", "内容": "医療法人清風会　小野歯科医院【3:歯科】滋賀県湖南市菩提寺１５８３ー５１" }, "geometry": { "type": "Point", "coordinates": [ 136.060981, 35.035017 ] } },
{ "type": "Feature", "properties": { "ID": 2533250003880, "正式名称": "眞岡歯科医院", "機関区分": 3, "都道府県コード": 25, "市区町村コード": 209, "所在地": "滋賀県甲賀市甲南町寺庄１０８１", "緯度": 34.918023, "経度": 136.181675, "url": "https://www.iryou.teikyouseido.mhlw.go.jp/znk-web/juminkanja/S2430/initialize?prefCd=25&kikanCd=3250003880&kikanKbn=3", "url2": "http://www.sanaoka118.com/", "内容": "眞岡歯科医院【3:歯科】滋賀県甲賀市甲南町寺庄１０８１" }, "geometry": { "type": "Point", "coordinates": [ 136.181675, 34.918023 ] } },
{ "type": "Feature", "properties": { "ID": 2533250003890, "正式名称": "杉村歯科医院", "機関区分": 3, "都道府県コード": 25, "市区町村コード": 209, "所在地": "滋賀県甲賀市甲南町野田４７５", "緯度": 34.924923, "経度": 136.17143, "url": "https://www.iryou.teikyouseido.mhlw.go.jp/znk-web/juminkanja/S2430/initialize?prefCd=25&kikanCd=3250003890&kikanKbn=3", "url2": "https://kimurashikaiin-kiyo.jp/", "内容": "杉村歯科医院【3:歯科】滋賀県甲賀市甲南町野田４７５" }, "geometry": { "type": "Point", "coordinates": [ 136.17143, 34.924923 ] } },
{ "type": "Feature", "properties": { "ID": 2533250003900, "正式名称": "いまむら歯科", "機関区分": 3, "都道府県コード": 25, "市区町村コード": 209, "所在地": "滋賀県甲賀市甲南町深川１４３０－５", "緯度": 34.933536, "経度": 136.167292, "url": "https://www.iryou.teikyouseido.mhlw.go.jp/znk-web/juminkanja/S2430/initialize?prefCd=25&kikanCd=3250003900&kikanKbn=3", "url2": null, "内容": "いまむら歯科【3:歯科】滋賀県甲賀市甲南町深川１４３０－５" }, "geometry": { "type": "Point", "coordinates": [ 136.167292, 34.933536 ] } },
{ "type": "Feature", "properties": { "ID": 2533250003920, "正式名称": "もとき歯科クリニック", "機関区分": 3, "都道府県コード": 25, "市区町村コード": 209, "所在地": "滋賀県甲賀市甲南町希望ヶ丘３丁目２７ー９", "緯度": 34.950294, "経度": 136.175286, "url": "https://www.iryou.teikyouseido.mhlw.go.jp/znk-web/juminkanja/S2430/initialize?prefCd=25&kikanCd=3250003920&kikanKbn=3", "url2": null, "内容": "もとき歯科クリニック【3:歯科】滋賀県甲賀市甲南町希望ヶ丘３丁目２７ー９" }, "geometry": { "type": "Point", "coordinates": [ 136.175286, 34.950294 ] } },
{ "type": "Feature", "properties": { "ID": 2533250003930, "正式名称": "冨田歯科医院", "機関区分": 3, "都道府県コード": 25, "市区町村コード": 209, "所在地": "滋賀県甲賀市甲南町新治１４８０－２", "緯度": 34.926949, "経度": 136.16264, "url": "https://www.iryou.teikyouseido.mhlw.go.jp/znk-web/juminkanja/S2430/initialize?prefCd=25&kikanCd=3250003930&kikanKbn=3", "url2": "http://www.eonet.ne.jp/~tomita-shikaiin", "内容": "冨田歯科医院【3:歯科】滋賀県甲賀市甲南町新治１４８０－２" }, "geometry": { "type": "Point", "coordinates": [ 136.16264, 34.926949 ] } },
{ "type": "Feature", "properties": { "ID": 2533250003950, "正式名称": "村木歯科医院", "機関区分": 3, "都道府県コード": 25, "市区町村コード": 209, "所在地": "滋賀県甲賀市信楽町長野６３２", "緯度": 34.874239, "経度": 136.048981, "url": "https://www.iryou.teikyouseido.mhlw.go.jp/znk-web/juminkanja/S2430/initialize?prefCd=25&kikanCd=3250003950&kikanKbn=3", "url2": null, "内容": "村木歯科医院【3:歯科】滋賀県甲賀市信楽町長野６３２" }, "geometry": { "type": "Point", "coordinates": [ 136.048981, 34.874239 ] } },
{ "type": "Feature", "properties": { "ID": 2533250003970, "正式名称": "大矢歯科医院", "機関区分": 3, "都道府県コード": 25, "市区町村コード": 209, "所在地": "滋賀県甲賀市信楽町長野１２２１ー６", "緯度": 34.879183, "経度": 136.056731, "url": "https://www.iryou.teikyouseido.mhlw.go.jp/znk-web/juminkanja/S2430/initialize?prefCd=25&kikanCd=3250003970&kikanKbn=3", "url2": null, "内容": "大矢歯科医院【3:歯科】滋賀県甲賀市信楽町長野１２２１ー６" }, "geometry": { "type": "Point", "coordinates": [ 136.056731, 34.879183 ] } },
{ "type": "Feature", "properties": { "ID": 2533250003980, "正式名称": "飯田歯科医院", "機関区分": 3, "都道府県コード": 25, "市区町村コード": 209, "所在地": "滋賀県甲賀市信楽町長野４５４番地６", "緯度": 34.876822, "経度": 136.055481, "url": "https://www.iryou.teikyouseido.mhlw.go.jp/znk-web/juminkanja/S2430/initialize?prefCd=25&kikanCd=3250003980&kikanKbn=3", "url2": null, "内容": "飯田歯科医院【3:歯科】滋賀県甲賀市信楽町長野４５４番地６" }, "geometry": { "type": "Point", "coordinates": [ 136.055481, 34.876822 ] } },
{ "type": "Feature", "properties": { "ID": 2533250003990, "正式名称": "安井歯科医院　水口診療所", "機関区分": 3, "都道府県コード": 25, "市区町村コード": 209, "所在地": "滋賀県甲賀市水口町北脇４３０", "緯度": 34.981406, "経度": 136.155147, "url": "https://www.iryou.teikyouseido.mhlw.go.jp/znk-web/juminkanja/S2430/initialize?prefCd=25&kikanCd=3250003990&kikanKbn=3", "url2": null, "内容": "安井歯科医院　水口診療所【3:歯科】滋賀県甲賀市水口町北脇４３０" }, "geometry": { "type": "Point", "coordinates": [ 136.155147, 34.981406 ] } },
{ "type": "Feature", "properties": { "ID": 2533250004010, "正式名称": "木村歯科クリニック", "機関区分": 3, "都道府県コード": 25, "市区町村コード": 209, "所在地": "滋賀県甲賀市水口町城東４ー８", "緯度": 34.973191, "経度": 136.168783, "url": "https://www.iryou.teikyouseido.mhlw.go.jp/znk-web/juminkanja/S2430/initialize?prefCd=25&kikanCd=3250004010&kikanKbn=3", "url2": null, "内容": "木村歯科クリニック【3:歯科】滋賀県甲賀市水口町城東４ー８" }, "geometry": { "type": "Point", "coordinates": [ 136.168783, 34.973191 ] } },
{ "type": "Feature", "properties": { "ID": 2533250004020, "正式名称": "堀歯科医院", "機関区分": 3, "都道府県コード": 25, "市区町村コード": 209, "所在地": "滋賀県甲賀市水口町本町１丁目４－３４", "緯度": 34.968737, "経度": 136.176734, "url": "https://www.iryou.teikyouseido.mhlw.go.jp/znk-web/juminkanja/S2430/initialize?prefCd=25&kikanCd=3250004020&kikanKbn=3", "url2": null, "内容": "堀歯科医院【3:歯科】滋賀県甲賀市水口町本町１丁目４－３４" }, "geometry": { "type": "Point", "coordinates": [ 136.176734, 34.968737 ] } },
{ "type": "Feature", "properties": { "ID": 2533250004050, "正式名称": "富山歯科医院", "機関区分": 3, "都道府県コード": 25, "市区町村コード": 209, "所在地": "滋賀県甲賀市水口町東名坂７８", "緯度": 34.980794, "経度": 136.171397, "url": "https://www.iryou.teikyouseido.mhlw.go.jp/znk-web/juminkanja/S2430/initialize?prefCd=25&kikanCd=3250004050&kikanKbn=3", "url2": null, "内容": "富山歯科医院【3:歯科】滋賀県甲賀市水口町東名坂７８" }, "geometry": { "type": "Point", "coordinates": [ 136.171397, 34.980794 ] } },
{ "type": "Feature", "properties": { "ID": 2533250004060, "正式名称": "もんや歯科クリニック", "機関区分": 3, "都道府県コード": 25, "市区町村コード": 209, "所在地": "滋賀県甲賀市水口町東名坂２７６　１階", "緯度": 34.978322, "経度": 136.167008, "url": "https://www.iryou.teikyouseido.mhlw.go.jp/znk-web/juminkanja/S2430/initialize?prefCd=25&kikanCd=3250004060&kikanKbn=3", "url2": null, "内容": "もんや歯科クリニック【3:歯科】滋賀県甲賀市水口町東名坂２７６　１階" }, "geometry": { "type": "Point", "coordinates": [ 136.167008, 34.978322 ] } },
{ "type": "Feature", "properties": { "ID": 2533250004090, "正式名称": "さくら歯科", "機関区分": 3, "都道府県コード": 25, "市区町村コード": 209, "所在地": "滋賀県甲賀市水口町本綾野５５６－１平和堂アルプラザ水口店２階", "緯度": 34.976897, "経度": 136.169112, "url": "https://www.iryou.teikyouseido.mhlw.go.jp/znk-web/juminkanja/S2430/initialize?prefCd=25&kikanCd=3250004090&kikanKbn=3", "url2": "http://sakuradc.link/", "内容": "さくら歯科【3:歯科】滋賀県甲賀市水口町本綾野５５６－１平和堂アルプラザ水口店２階" }, "geometry": { "type": "Point", "coordinates": [ 136.169112, 34.976897 ] } },
{ "type": "Feature", "properties": { "ID": 2533250004100, "正式名称": "樹歯科医院", "機関区分": 3, "都道府県コード": 25, "市区町村コード": 209, "所在地": "滋賀県甲賀市水口町虫生野１１６７－１", "緯度": 34.950461, "経度": 136.158508, "url": "https://www.iryou.teikyouseido.mhlw.go.jp/znk-web/juminkanja/S2430/initialize?prefCd=25&kikanCd=3250004100&kikanKbn=3", "url2": null, "内容": "樹歯科医院【3:歯科】滋賀県甲賀市水口町虫生野１１６７－１" }, "geometry": { "type": "Point", "coordinates": [ 136.158508, 34.950461 ] } },
{ "type": "Feature", "properties": { "ID": 2533250004110, "正式名称": "谷歯科医院", "機関区分": 3, "都道府県コード": 25, "市区町村コード": 209, "所在地": "滋賀県甲賀市水口町古城が丘６１０－２６９", "緯度": 34.975767, "経度": 136.180564, "url": "https://www.iryou.teikyouseido.mhlw.go.jp/znk-web/juminkanja/S2430/initialize?prefCd=25&kikanCd=3250004110&kikanKbn=3", "url2": null, "内容": "谷歯科医院【3:歯科】滋賀県甲賀市水口町古城が丘６１０－２６９" }, "geometry": { "type": "Point", "coordinates": [ 136.180564, 34.975767 ] } },
{ "type": "Feature", "properties": { "ID": 2533250004120, "正式名称": "いずみ歯科医院", "機関区分": 3, "都道府県コード": 25, "市区町村コード": 209, "所在地": "滋賀県甲賀市水口町北泉１－４９", "緯度": 34.984294, "経度": 136.144147, "url": "https://www.iryou.teikyouseido.mhlw.go.jp/znk-web/juminkanja/S2430/initialize?prefCd=25&kikanCd=3250004120&kikanKbn=3", "url2": null, "内容": "いずみ歯科医院【3:歯科】滋賀県甲賀市水口町北泉１－４９" }, "geometry": { "type": "Point", "coordinates": [ 136.144147, 34.984294 ] } },
{ "type": "Feature", "properties": { "ID": 2533250004130, "正式名称": "医療法人湖蒼会　さねふじ水口歯科診療所", "機関区分": 3, "都道府県コード": 25, "市区町村コード": 209, "所在地": "滋賀県甲賀市水口町南林口７－１", "緯度": 34.972406, "経度": 136.159869, "url": "https://www.iryou.teikyouseido.mhlw.go.jp/znk-web/juminkanja/S2430/initialize?prefCd=25&kikanCd=3250004130&kikanKbn=3", "url2": null, "内容": "医療法人湖蒼会　さねふじ水口歯科診療所【3:歯科】滋賀県甲賀市水口町南林口７－１" }, "geometry": { "type": "Point", "coordinates": [ 136.159869, 34.972406 ] } },
{ "type": "Feature", "properties": { "ID": 2533250004140, "正式名称": "みね歯科・矯正歯科", "機関区分": 3, "都道府県コード": 25, "市区町村コード": 209, "所在地": "滋賀県甲賀市水口町的場９７", "緯度": 34.968433, "経度": 136.162008, "url": "https://www.iryou.teikyouseido.mhlw.go.jp/znk-web/juminkanja/S2430/initialize?prefCd=25&kikanCd=3250004140&kikanKbn=3", "url2": "http://www.mine-dc.com", "内容": "みね歯科・矯正歯科【3:歯科】滋賀県甲賀市水口町的場９７" }, "geometry": { "type": "Point", "coordinates": [ 136.162008, 34.968433 ] } },
{ "type": "Feature", "properties": { "ID": 2533250004150, "正式名称": "みねの歯科医院", "機関区分": 3, "都道府県コード": 25, "市区町村コード": 211, "所在地": "滋賀県湖南市石部南７丁目１番７号", "緯度": 34.998044, "経度": 136.061481, "url": "https://www.iryou.teikyouseido.mhlw.go.jp/znk-web/juminkanja/S2430/initialize?prefCd=25&kikanCd=3250004150&kikanKbn=3", "url2": null, "内容": "みねの歯科医院【3:歯科】滋賀県湖南市石部南７丁目１番７号" }, "geometry": { "type": "Point", "coordinates": [ 136.061481, 34.998044 ] } },
{ "type": "Feature", "properties": { "ID": 2533250004160, "正式名称": "内貴歯科医院", "機関区分": 3, "都道府県コード": 25, "市区町村コード": 211, "所在地": "滋賀県湖南市石部中央３丁目１番４５号", "緯度": 35.008822, "経度": 136.056175, "url": "https://www.iryou.teikyouseido.mhlw.go.jp/znk-web/juminkanja/S2430/initialize?prefCd=25&kikanCd=3250004160&kikanKbn=3", "url2": null, "内容": "内貴歯科医院【3:歯科】滋賀県湖南市石部中央３丁目１番４５号" }, "geometry": { "type": "Point", "coordinates": [ 136.056175, 35.008822 ] } },
{ "type": "Feature", "properties": { "ID": 2533250004180, "正式名称": "医療法人愛全会　いしべ愛歯科", "機関区分": 3, "都道府県コード": 25, "市区町村コード": 211, "所在地": "滋賀県湖南市石部中央４丁目６番４１号", "緯度": 35.011906, "経度": 136.055564, "url": "https://www.iryou.teikyouseido.mhlw.go.jp/znk-web/juminkanja/S2430/initialize?prefCd=25&kikanCd=3250004180&kikanKbn=3", "url2": "http://www.aizenkai.jp/", "内容": "医療法人愛全会　いしべ愛歯科【3:歯科】滋賀県湖南市石部中央４丁目６番４１号" }, "geometry": { "type": "Point", "coordinates": [ 136.055564, 35.011906 ] } },
{ "type": "Feature", "properties": { "ID": 2533250004190, "正式名称": "佐藤歯科医院", "機関区分": 3, "都道府県コード": 25, "市区町村コード": 211, "所在地": "滋賀県湖南市石部東１丁目３番６ー１０１号", "緯度": 35.00835, "経度": 136.062897, "url": "https://www.iryou.teikyouseido.mhlw.go.jp/znk-web/juminkanja/S2430/initialize?prefCd=25&kikanCd=3250004190&kikanKbn=3", "url2": null, "内容": "佐藤歯科医院【3:歯科】滋賀県湖南市石部東１丁目３番６ー１０１号" }, "geometry": { "type": "Point", "coordinates": [ 136.062897, 35.00835 ] } },
{ "type": "Feature", "properties": { "ID": 2533250004200, "正式名称": "ひまわり歯科クリニック", "機関区分": 3, "都道府県コード": 25, "市区町村コード": 209, "所在地": "滋賀県甲賀市土山町北土山１４９１ー２", "緯度": 34.936128, "経度": 136.285675, "url": "https://www.iryou.teikyouseido.mhlw.go.jp/znk-web/juminkanja/S2430/initialize?prefCd=25&kikanCd=3250004200&kikanKbn=3", "url2": null, "内容": "ひまわり歯科クリニック【3:歯科】滋賀県甲賀市土山町北土山１４９１ー２" }, "geometry": { "type": "Point", "coordinates": [ 136.285675, 34.936128 ] } },
{ "type": "Feature", "properties": { "ID": 2533250004220, "正式名称": "桑名歯科クリニック", "機関区分": 3, "都道府県コード": 25, "市区町村コード": 209, "所在地": "滋賀県甲賀市土山町前野鐘鋳野１３８番地１７", "緯度": 34.937572, "経度": 136.267106, "url": "https://www.iryou.teikyouseido.mhlw.go.jp/znk-web/juminkanja/S2430/initialize?prefCd=25&kikanCd=3250004220&kikanKbn=3", "url2": null, "内容": "桑名歯科クリニック【3:歯科】滋賀県甲賀市土山町前野鐘鋳野１３８番地１７" }, "geometry": { "type": "Point", "coordinates": [ 136.267106, 34.937572 ] } },
{ "type": "Feature", "properties": { "ID": 2533250004230, "正式名称": "大野歯科", "機関区分": 3, "都道府県コード": 25, "市区町村コード": 209, "所在地": "滋賀県甲賀市土山町大野２４８８ー１", "緯度": 34.951072, "経度": 136.229592, "url": "https://www.iryou.teikyouseido.mhlw.go.jp/znk-web/juminkanja/S2430/initialize?prefCd=25&kikanCd=3250004230&kikanKbn=3", "url2": null, "内容": "大野歯科【3:歯科】滋賀県甲賀市土山町大野２４８８ー１" }, "geometry": { "type": "Point", "coordinates": [ 136.229592, 34.951072 ] } },
{ "type": "Feature", "properties": { "ID": 2533250004240, "正式名称": "金田歯科医院", "機関区分": 3, "都道府県コード": 25, "市区町村コード": 212, "所在地": "滋賀県高島市鴨２９０８", "緯度": 35.319371, "経度": 136.021156, "url": "https://www.iryou.teikyouseido.mhlw.go.jp/znk-web/juminkanja/S2430/initialize?prefCd=25&kikanCd=3250004240&kikanKbn=3", "url2": null, "内容": "金田歯科医院【3:歯科】滋賀県高島市鴨２９０８" }, "geometry": { "type": "Point", "coordinates": [ 136.021156, 35.319371 ] } },
{ "type": "Feature", "properties": { "ID": 2533250004260, "正式名称": "あだち歯科クリニック", "機関区分": 3, "都道府県コード": 25, "市区町村コード": 212, "所在地": "滋賀県高島市安曇川町西万木大将軍８１１", "緯度": 35.331878, "経度": 136.023647, "url": "https://www.iryou.teikyouseido.mhlw.go.jp/znk-web/juminkanja/S2430/initialize?prefCd=25&kikanCd=3250004260&kikanKbn=3", "url2": null, "内容": "あだち歯科クリニック【3:歯科】滋賀県高島市安曇川町西万木大将軍８１１" }, "geometry": { "type": "Point", "coordinates": [ 136.023647, 35.331878 ] } },
{ "type": "Feature", "properties": { "ID": 2533250004270, "正式名称": "横木歯科医院", "機関区分": 3, "都道府県コード": 25, "市区町村コード": 212, "所在地": "滋賀県高島市安曇川町西万木７９３", "緯度": 35.330572, "経度": 136.023869, "url": "https://www.iryou.teikyouseido.mhlw.go.jp/znk-web/juminkanja/S2430/initialize?prefCd=25&kikanCd=3250004270&kikanKbn=3", "url2": null, "内容": "横木歯科医院【3:歯科】滋賀県高島市安曇川町西万木７９３" }, "geometry": { "type": "Point", "coordinates": [ 136.023869, 35.330572 ] } },
{ "type": "Feature", "properties": { "ID": 2533250004280, "正式名称": "歯科山本医院", "機関区分": 3, "都道府県コード": 25, "市区町村コード": 212, "所在地": "滋賀県高島市安曇川町西万木６４１－１３", "緯度": 35.329767, "経度": 136.019925, "url": "https://www.iryou.teikyouseido.mhlw.go.jp/znk-web/juminkanja/S2430/initialize?prefCd=25&kikanCd=3250004280&kikanKbn=3", "url2": null, "内容": "歯科山本医院【3:歯科】滋賀県高島市安曇川町西万木６４１－１３" }, "geometry": { "type": "Point", "coordinates": [ 136.019925, 35.329767 ] } },
{ "type": "Feature", "properties": { "ID": 2533250004290, "正式名称": "おおやま歯科クリニック", "機関区分": 3, "都道府県コード": 25, "市区町村コード": 212, "所在地": "滋賀県高島市安曇川町末広３－８", "緯度": 35.327433, "経度": 136.023119, "url": "https://www.iryou.teikyouseido.mhlw.go.jp/znk-web/juminkanja/S2430/initialize?prefCd=25&kikanCd=3250004290&kikanKbn=3", "url2": "http://www.ohyama-dental-clinic.com/", "内容": "おおやま歯科クリニック【3:歯科】滋賀県高島市安曇川町末広３－８" }, "geometry": { "type": "Point", "coordinates": [ 136.023119, 35.327433 ] } },
{ "type": "Feature", "properties": { "ID": 2533250004300, "正式名称": "なかの歯科", "機関区分": 3, "都道府県コード": 25, "市区町村コード": 212, "所在地": "滋賀県高島市安曇川町末広４－４０－１", "緯度": 35.326794, "経度": 136.021147, "url": "https://www.iryou.teikyouseido.mhlw.go.jp/znk-web/juminkanja/S2430/initialize?prefCd=25&kikanCd=3250004300&kikanKbn=3", "url2": "www.nakano-dental-office.jp", "内容": "なかの歯科【3:歯科】滋賀県高島市安曇川町末広４－４０－１" }, "geometry": { "type": "Point", "coordinates": [ 136.021147, 35.326794 ] } },
{ "type": "Feature", "properties": { "ID": 2533250004320, "正式名称": "安原歯科医院", "機関区分": 3, "都道府県コード": 25, "市区町村コード": 212, "所在地": "滋賀県高島市安曇川町田中４５－３", "緯度": 35.331483, "経度": 136.019447, "url": "https://www.iryou.teikyouseido.mhlw.go.jp/znk-web/juminkanja/S2430/initialize?prefCd=25&kikanCd=3250004320&kikanKbn=3", "url2": null, "内容": "安原歯科医院【3:歯科】滋賀県高島市安曇川町田中４５－３" }, "geometry": { "type": "Point", "coordinates": [ 136.019447, 35.331483 ] } },
{ "type": "Feature", "properties": { "ID": 2533250004350, "正式名称": "野上歯科医院", "機関区分": 3, "都道府県コード": 25, "市区町村コード": 212, "所在地": "滋賀県高島市新旭町旭２丁目２－４", "緯度": 35.357294, "経度": 136.033731, "url": "https://www.iryou.teikyouseido.mhlw.go.jp/znk-web/juminkanja/S2430/initialize?prefCd=25&kikanCd=3250004350&kikanKbn=3", "url2": null, "内容": "野上歯科医院【3:歯科】滋賀県高島市新旭町旭２丁目２－４" }, "geometry": { "type": "Point", "coordinates": [ 136.033731, 35.357294 ] } },
{ "type": "Feature", "properties": { "ID": 2533250004360, "正式名称": "うえはら歯科", "機関区分": 3, "都道府県コード": 25, "市区町村コード": 212, "所在地": "滋賀県高島市新旭町旭１－９－４", "緯度": 35.355656, "経度": 136.032953, "url": "https://www.iryou.teikyouseido.mhlw.go.jp/znk-web/juminkanja/S2430/initialize?prefCd=25&kikanCd=3250004360&kikanKbn=3", "url2": "www.dent-uehara.com", "内容": "うえはら歯科【3:歯科】滋賀県高島市新旭町旭１－９－４" }, "geometry": { "type": "Point", "coordinates": [ 136.032953, 35.355656 ] } },
{ "type": "Feature", "properties": { "ID": 2533250004370, "正式名称": "藤本歯科医院", "機関区分": 3, "都道府県コード": 25, "市区町村コード": 212, "所在地": "滋賀県高島市新旭町新庄６２５－１", "緯度": 35.344239, "経度": 136.034869, "url": "https://www.iryou.teikyouseido.mhlw.go.jp/znk-web/juminkanja/S2430/initialize?prefCd=25&kikanCd=3250004370&kikanKbn=3", "url2": "https://www.fujimotoshika-shinasahi.com", "内容": "藤本歯科医院【3:歯科】滋賀県高島市新旭町新庄６２５－１" }, "geometry": { "type": "Point", "coordinates": [ 136.034869, 35.344239 ] } },
{ "type": "Feature", "properties": { "ID": 2533250004390, "正式名称": "たつなみ歯科医院", "機関区分": 3, "都道府県コード": 25, "市区町村コード": 212, "所在地": "滋賀県高島市今津町南新保１６５番地", "緯度": 35.407072, "経度": 136.041925, "url": "https://www.iryou.teikyouseido.mhlw.go.jp/znk-web/juminkanja/S2430/initialize?prefCd=25&kikanCd=3250004390&kikanKbn=3", "url2": null, "内容": "たつなみ歯科医院【3:歯科】滋賀県高島市今津町南新保１６５番地" }, "geometry": { "type": "Point", "coordinates": [ 136.041925, 35.407072 ] } },
{ "type": "Feature", "properties": { "ID": 2533250004400, "正式名称": "藤本歯科医院", "機関区分": 3, "都道府県コード": 25, "市区町村コード": 212, "所在地": "滋賀県高島市今津町今津１６１４", "緯度": 35.405072, "経度": 136.032619, "url": "https://www.iryou.teikyouseido.mhlw.go.jp/znk-web/juminkanja/S2430/initialize?prefCd=25&kikanCd=3250004400&kikanKbn=3", "url2": null, "内容": "藤本歯科医院【3:歯科】滋賀県高島市今津町今津１６１４" }, "geometry": { "type": "Point", "coordinates": [ 136.032619, 35.405072 ] } },
{ "type": "Feature", "properties": { "ID": 2533250004410, "正式名称": "医療法人前川歯科医院", "機関区分": 3, "都道府県コード": 25, "市区町村コード": 212, "所在地": "滋賀県高島市今津町弘川２５３", "緯度": 35.406322, "経度": 136.029119, "url": "https://www.iryou.teikyouseido.mhlw.go.jp/znk-web/juminkanja/S2430/initialize?prefCd=25&kikanCd=3250004410&kikanKbn=3", "url2": "http//www.maekawa-shika.com/", "内容": "医療法人前川歯科医院【3:歯科】滋賀県高島市今津町弘川２５３" }, "geometry": { "type": "Point", "coordinates": [ 136.029119, 35.406322 ] } },
{ "type": "Feature", "properties": { "ID": 2533250004420, "正式名称": "弘部歯科クリニック", "機関区分": 3, "都道府県コード": 25, "市区町村コード": 212, "所在地": "滋賀県高島市今津町中沼一丁目３の９", "緯度": 35.3986, "経度": 136.033703, "url": "https://www.iryou.teikyouseido.mhlw.go.jp/znk-web/juminkanja/S2430/initialize?prefCd=25&kikanCd=3250004420&kikanKbn=3", "url2": "https://hirobe-dc.com/", "内容": "弘部歯科クリニック【3:歯科】滋賀県高島市今津町中沼一丁目３の９" }, "geometry": { "type": "Point", "coordinates": [ 136.033703, 35.3986 ] } },
{ "type": "Feature", "properties": { "ID": 2533250004430, "正式名称": "堀井歯科医院", "機関区分": 3, "都道府県コード": 25, "市区町村コード": 212, "所在地": "滋賀県高島市今津町住吉２－１２－８", "緯度": 35.400406, "経度": 136.031953, "url": "https://www.iryou.teikyouseido.mhlw.go.jp/znk-web/juminkanja/S2430/initialize?prefCd=25&kikanCd=3250004430&kikanKbn=3", "url2": null, "内容": "堀井歯科医院【3:歯科】滋賀県高島市今津町住吉２－１２－８" }, "geometry": { "type": "Point", "coordinates": [ 136.031953, 35.400406 ] } },
{ "type": "Feature", "properties": { "ID": 2533250004440, "正式名称": "原田歯科医院", "機関区分": 3, "都道府県コード": 25, "市区町村コード": 212, "所在地": "滋賀県高島市今津町桜町一丁目６－１", "緯度": 35.399989, "経度": 136.028814, "url": "https://www.iryou.teikyouseido.mhlw.go.jp/znk-web/juminkanja/S2430/initialize?prefCd=25&kikanCd=3250004440&kikanKbn=3", "url2": null, "内容": "原田歯科医院【3:歯科】滋賀県高島市今津町桜町一丁目６－１" }, "geometry": { "type": "Point", "coordinates": [ 136.028814, 35.399989 ] } },
{ "type": "Feature", "properties": { "ID": 2533250004460, "正式名称": "林歯科医院", "機関区分": 3, "都道府県コード": 25, "市区町村コード": 212, "所在地": "滋賀県高島市マキノ町蛭口１３６２", "緯度": 35.464239, "経度": 136.041342, "url": "https://www.iryou.teikyouseido.mhlw.go.jp/znk-web/juminkanja/S2430/initialize?prefCd=25&kikanCd=3250004460&kikanKbn=3", "url2": "http://www.hayasi-sika.net", "内容": "林歯科医院【3:歯科】滋賀県高島市マキノ町蛭口１３６２" }, "geometry": { "type": "Point", "coordinates": [ 136.041342, 35.464239 ] } },
{ "type": "Feature", "properties": { "ID": 2533250004500, "正式名称": "かねだ歯科矯正歯科", "機関区分": 3, "都道府県コード": 25, "市区町村コード": 210, "所在地": "滋賀県野洲市小篠原１９７７－５アスフォート野洲１階", "緯度": 35.069156, "経度": 136.027147, "url": "https://www.iryou.teikyouseido.mhlw.go.jp/znk-web/juminkanja/S2430/initialize?prefCd=25&kikanCd=3250004500&kikanKbn=3", "url2": null, "内容": "かねだ歯科矯正歯科【3:歯科】滋賀県野洲市小篠原１９７７－５アスフォート野洲１階" }, "geometry": { "type": "Point", "coordinates": [ 136.027147, 35.069156 ] } },
{ "type": "Feature", "properties": { "ID": 2533250004510, "正式名称": "岡本歯科医院", "機関区分": 3, "都道府県コード": 25, "市区町村コード": 210, "所在地": "滋賀県野洲市小篠原１０９９－２レジデンス野崎２Ｆ", "緯度": 35.064544, "経度": 136.023675, "url": "https://www.iryou.teikyouseido.mhlw.go.jp/znk-web/juminkanja/S2430/initialize?prefCd=25&kikanCd=3250004510&kikanKbn=3", "url2": null, "内容": "岡本歯科医院【3:歯科】滋賀県野洲市小篠原１０９９－２レジデンス野崎２Ｆ" }, "geometry": { "type": "Point", "coordinates": [ 136.023675, 35.064544 ] } },
{ "type": "Feature", "properties": { "ID": 2533250004520, "正式名称": "上田歯科クリニック", "機関区分": 3, "都道府県コード": 25, "市区町村コード": 210, "所在地": "滋賀県野洲市小篠原１２６４", "緯度": 35.066156, "経度": 136.026203, "url": "https://www.iryou.teikyouseido.mhlw.go.jp/znk-web/juminkanja/S2430/initialize?prefCd=25&kikanCd=3250004520&kikanKbn=3", "url2": null, "内容": "上田歯科クリニック【3:歯科】滋賀県野洲市小篠原１２６４" }, "geometry": { "type": "Point", "coordinates": [ 136.026203, 35.066156 ] } },
{ "type": "Feature", "properties": { "ID": 2533250004530, "正式名称": "きた歯科医院", "機関区分": 3, "都道府県コード": 25, "市区町村コード": 210, "所在地": "滋賀県野洲市小篠原２２１５", "緯度": 35.067989, "経度": 136.023842, "url": "https://www.iryou.teikyouseido.mhlw.go.jp/znk-web/juminkanja/S2430/initialize?prefCd=25&kikanCd=3250004530&kikanKbn=3", "url2": "w.w.w.kita-dental.jp", "内容": "きた歯科医院【3:歯科】滋賀県野洲市小篠原２２１５" }, "geometry": { "type": "Point", "coordinates": [ 136.023842, 35.067989 ] } },
{ "type": "Feature", "properties": { "ID": 2533250004540, "正式名称": "はしもと歯科医院", "機関区分": 3, "都道府県コード": 25, "市区町村コード": 210, "所在地": "滋賀県野洲市栄３４－１５－１０２", "緯度": 35.070767, "経度": 136.031647, "url": "https://www.iryou.teikyouseido.mhlw.go.jp/znk-web/juminkanja/S2430/initialize?prefCd=25&kikanCd=3250004540&kikanKbn=3", "url2": null, "内容": "はしもと歯科医院【3:歯科】滋賀県野洲市栄３４－１５－１０２" }, "geometry": { "type": "Point", "coordinates": [ 136.031647, 35.070767 ] } },
{ "type": "Feature", "properties": { "ID": 2533250004550, "正式名称": "医療法人緑和会　野洲グリーン歯科", "機関区分": 3, "都道府県コード": 25, "市区町村コード": 210, "所在地": "滋賀県野洲市栄６－２　ポレールさかえ２Ｆ", "緯度": 35.07135, "経度": 136.030869, "url": "https://www.iryou.teikyouseido.mhlw.go.jp/znk-web/juminkanja/S2430/initialize?prefCd=25&kikanCd=3250004550&kikanKbn=3", "url2": "http://www.greendental.jp", "内容": "医療法人緑和会　野洲グリーン歯科【3:歯科】滋賀県野洲市栄６－２　ポレールさかえ２Ｆ" }, "geometry": { "type": "Point", "coordinates": [ 136.030869, 35.07135 ] } },
{ "type": "Feature", "properties": { "ID": 2533250004560, "正式名称": "桂歯科医院", "機関区分": 3, "都道府県コード": 25, "市区町村コード": 210, "所在地": "滋賀県野洲市行畑１－１１－３", "緯度": 35.0621, "経度": 136.018536, "url": "https://www.iryou.teikyouseido.mhlw.go.jp/znk-web/juminkanja/S2430/initialize?prefCd=25&kikanCd=3250004560&kikanKbn=3", "url2": "http://www.katsura-dental.com", "内容": "桂歯科医院【3:歯科】滋賀県野洲市行畑１－１１－３" }, "geometry": { "type": "Point", "coordinates": [ 136.018536, 35.0621 ] } },
{ "type": "Feature", "properties": { "ID": 2533250004570, "正式名称": "医療法人社団いちい歯科・こども矯正歯科", "機関区分": 3, "都道府県コード": 25, "市区町村コード": 210, "所在地": "滋賀県野洲市冨波甲１１５８－５", "緯度": 35.085017, "経度": 136.035953, "url": "https://www.iryou.teikyouseido.mhlw.go.jp/znk-web/juminkanja/S2430/initialize?prefCd=25&kikanCd=3250004570&kikanKbn=3", "url2": null, "内容": "医療法人社団いちい歯科・こども矯正歯科【3:歯科】滋賀県野洲市冨波甲１１５８－５" }, "geometry": { "type": "Point", "coordinates": [ 136.035953, 35.085017 ] } },
{ "type": "Feature", "properties": { "ID": 2533250004580, "正式名称": "ふるや歯科医院", "機関区分": 3, "都道府県コード": 25, "市区町村コード": 210, "所在地": "滋賀県野洲市冨波乙８１２－１　太陽ハイツ富波１Ｆ", "緯度": 35.077313, "経度": 136.029822, "url": "https://www.iryou.teikyouseido.mhlw.go.jp/znk-web/juminkanja/S2430/initialize?prefCd=25&kikanCd=3250004580&kikanKbn=3", "url2": null, "内容": "ふるや歯科医院【3:歯科】滋賀県野洲市冨波乙８１２－１　太陽ハイツ富波１Ｆ" }, "geometry": { "type": "Point", "coordinates": [ 136.029822, 35.077313 ] } },
{ "type": "Feature", "properties": { "ID": 2533250004600, "正式名称": "樋上歯科医院", "機関区分": 3, "都道府県コード": 25, "市区町村コード": 210, "所在地": "滋賀県野洲市北野１－１３－９", "緯度": 35.069906, "経度": 136.022869, "url": "https://www.iryou.teikyouseido.mhlw.go.jp/znk-web/juminkanja/S2430/initialize?prefCd=25&kikanCd=3250004600&kikanKbn=3", "url2": null, "内容": "樋上歯科医院【3:歯科】滋賀県野洲市北野１－１３－９" }, "geometry": { "type": "Point", "coordinates": [ 136.022869, 35.069906 ] } },
{ "type": "Feature", "properties": { "ID": 2533250004610, "正式名称": "宇田歯科医院", "機関区分": 3, "都道府県コード": 25, "市区町村コード": 210, "所在地": "滋賀県野洲市市三宅２４４９", "緯度": 35.068906, "経度": 136.019814, "url": "https://www.iryou.teikyouseido.mhlw.go.jp/znk-web/juminkanja/S2430/initialize?prefCd=25&kikanCd=3250004610&kikanKbn=3", "url2": null, "内容": "宇田歯科医院【3:歯科】滋賀県野洲市市三宅２４４９" }, "geometry": { "type": "Point", "coordinates": [ 136.019814, 35.068906 ] } },
{ "type": "Feature", "properties": { "ID": 2533250004630, "正式名称": "はしもとファミリー歯科", "機関区分": 3, "都道府県コード": 25, "市区町村コード": 210, "所在地": "滋賀県野洲市西河原２丁目２３７７－２", "緯度": 35.102031, "経度": 136.010817, "url": "https://www.iryou.teikyouseido.mhlw.go.jp/znk-web/juminkanja/S2430/initialize?prefCd=25&kikanCd=3250004630&kikanKbn=3", "url2": "https://www.take-4-hfdc.com/", "内容": "はしもとファミリー歯科【3:歯科】滋賀県野洲市西河原２丁目２３７７－２" }, "geometry": { "type": "Point", "coordinates": [ 136.010817, 35.102031 ] } },
{ "type": "Feature", "properties": { "ID": 2533250004640, "正式名称": "諸頭歯科医院", "機関区分": 3, "都道府県コード": 25, "市区町村コード": 210, "所在地": "滋賀県野洲市西河原５８－１", "緯度": 35.102847, "経度": 136.016985, "url": "https://www.iryou.teikyouseido.mhlw.go.jp/znk-web/juminkanja/S2430/initialize?prefCd=25&kikanCd=3250004640&kikanKbn=3", "url2": null, "内容": "諸頭歯科医院【3:歯科】滋賀県野洲市西河原５８－１" }, "geometry": { "type": "Point", "coordinates": [ 136.016985, 35.102847 ] } },
{ "type": "Feature", "properties": { "ID": 2533250004650, "正式名称": "角田歯科医院", "機関区分": 3, "都道府県コード": 25, "市区町村コード": 214, "所在地": "滋賀県米原市米原５４６", "緯度": 35.314183, "経度": 136.292786, "url": "https://www.iryou.teikyouseido.mhlw.go.jp/znk-web/juminkanja/S2430/initialize?prefCd=25&kikanCd=3250004650&kikanKbn=3", "url2": null, "内容": "角田歯科医院【3:歯科】滋賀県米原市米原５４６" }, "geometry": { "type": "Point", "coordinates": [ 136.292786, 35.314183 ] } },
{ "type": "Feature", "properties": { "ID": 2533250004660, "正式名称": "松原歯科医院", "機関区分": 3, "都道府県コード": 25, "市区町村コード": 214, "所在地": "滋賀県米原市下多良１－１５－２", "緯度": 35.315878, "経度": 136.287814, "url": "https://www.iryou.teikyouseido.mhlw.go.jp/znk-web/juminkanja/S2430/initialize?prefCd=25&kikanCd=3250004660&kikanKbn=3", "url2": "https://matsubaradental.com/", "内容": "松原歯科医院【3:歯科】滋賀県米原市下多良１－１５－２" }, "geometry": { "type": "Point", "coordinates": [ 136.287814, 35.315878 ] } },
{ "type": "Feature", "properties": { "ID": 2533250004670, "正式名称": "伊藤デンタルクリニック", "機関区分": 3, "都道府県コード": 25, "市区町村コード": 214, "所在地": "滋賀県米原市梅ヶ原栄４７", "緯度": 35.312044, "経度": 136.286076, "url": "https://www.iryou.teikyouseido.mhlw.go.jp/znk-web/juminkanja/S2430/initialize?prefCd=25&kikanCd=3250004670&kikanKbn=3", "url2": null, "内容": "伊藤デンタルクリニック【3:歯科】滋賀県米原市梅ヶ原栄４７" }, "geometry": { "type": "Point", "coordinates": [ 136.286076, 35.312044 ] } },
{ "type": "Feature", "properties": { "ID": 2533250004680, "正式名称": "近江スミダ歯科医院", "機関区分": 3, "都道府県コード": 25, "市区町村コード": 214, "所在地": "滋賀県米原市宇賀野２６７－１", "緯度": 35.337239, "経度": 136.291258, "url": "https://www.iryou.teikyouseido.mhlw.go.jp/znk-web/juminkanja/S2430/initialize?prefCd=25&kikanCd=3250004680&kikanKbn=3", "url2": null, "内容": "近江スミダ歯科医院【3:歯科】滋賀県米原市宇賀野２６７－１" }, "geometry": { "type": "Point", "coordinates": [ 136.291258, 35.337239 ] } },
{ "type": "Feature", "properties": { "ID": 2533250004690, "正式名称": "山根歯科医院", "機関区分": 3, "都道府県コード": 25, "市区町村コード": 214, "所在地": "滋賀県米原市顔戸１３８０－２", "緯度": 35.342585, "経度": 136.293965, "url": "https://www.iryou.teikyouseido.mhlw.go.jp/znk-web/juminkanja/S2430/initialize?prefCd=25&kikanCd=3250004690&kikanKbn=3", "url2": "http://www.dc-yamane.com/", "内容": "山根歯科医院【3:歯科】滋賀県米原市顔戸１３８０－２" }, "geometry": { "type": "Point", "coordinates": [ 136.293965, 35.342585 ] } },
{ "type": "Feature", "properties": { "ID": 2533250004700, "正式名称": "こばやし歯科", "機関区分": 3, "都道府県コード": 25, "市区町村コード": 214, "所在地": "滋賀県米原市顔戸６８１－１", "緯度": 35.337767, "経度": 136.298842, "url": "https://www.iryou.teikyouseido.mhlw.go.jp/znk-web/juminkanja/S2430/initialize?prefCd=25&kikanCd=3250004700&kikanKbn=3", "url2": "https://www.kobayashi-dc.info", "内容": "こばやし歯科【3:歯科】滋賀県米原市顔戸６８１－１" }, "geometry": { "type": "Point", "coordinates": [ 136.298842, 35.337767 ] } },
{ "type": "Feature", "properties": { "ID": 2533250004710, "正式名称": "きたむら歯科", "機関区分": 3, "都道府県コード": 25, "市区町村コード": 214, "所在地": "滋賀県米原市顔戸６１５－４", "緯度": 35.338517, "経度": 136.305342, "url": "https://www.iryou.teikyouseido.mhlw.go.jp/znk-web/juminkanja/S2430/initialize?prefCd=25&kikanCd=3250004710&kikanKbn=3", "url2": null, "内容": "きたむら歯科【3:歯科】滋賀県米原市顔戸６１５－４" }, "geometry": { "type": "Point", "coordinates": [ 136.305342, 35.338517 ] } },
{ "type": "Feature", "properties": { "ID": 2533250004730, "正式名称": "村松歯科クリニック", "機関区分": 3, "都道府県コード": 25, "市区町村コード": 214, "所在地": "滋賀県米原市野一色３６７－２１", "緯度": 35.3916, "経度": 136.354369, "url": "https://www.iryou.teikyouseido.mhlw.go.jp/znk-web/juminkanja/S2430/initialize?prefCd=25&kikanCd=3250004730&kikanKbn=3", "url2": null, "内容": "村松歯科クリニック【3:歯科】滋賀県米原市野一色３６７－２１" }, "geometry": { "type": "Point", "coordinates": [ 136.354369, 35.3916 ] } },
{ "type": "Feature", "properties": { "ID": 2533250004740, "正式名称": "瀧上歯科医院", "機関区分": 3, "都道府県コード": 25, "市区町村コード": 214, "所在地": "滋賀県米原市小田１０４８", "緯度": 35.396378, "経度": 136.363119, "url": "https://www.iryou.teikyouseido.mhlw.go.jp/znk-web/juminkanja/S2430/initialize?prefCd=25&kikanCd=3250004740&kikanKbn=3", "url2": null, "内容": "瀧上歯科医院【3:歯科】滋賀県米原市小田１０４８" }, "geometry": { "type": "Point", "coordinates": [ 136.363119, 35.396378 ] } },
{ "type": "Feature", "properties": { "ID": 2533250004760, "正式名称": "医療法人宏樹会　下村歯科医院", "機関区分": 3, "都道府県コード": 25, "市区町村コード": 214, "所在地": "滋賀県米原市長岡１５９９－３", "緯度": 35.360628, "経度": 136.373231, "url": "https://www.iryou.teikyouseido.mhlw.go.jp/znk-web/juminkanja/S2430/initialize?prefCd=25&kikanCd=3250004760&kikanKbn=3", "url2": "http://www.shimomura-dental.com/", "内容": "医療法人宏樹会　下村歯科医院【3:歯科】滋賀県米原市長岡１５９９－３" }, "geometry": { "type": "Point", "coordinates": [ 136.373231, 35.360628 ] } },
{ "type": "Feature", "properties": { "ID": 2533250004770, "正式名称": "医療法人ながおか歯科クリニック", "機関区分": 3, "都道府県コード": 25, "市区町村コード": 214, "所在地": "滋賀県米原市長岡１１９２", "緯度": 35.363406, "経度": 136.370314, "url": "https://www.iryou.teikyouseido.mhlw.go.jp/znk-web/juminkanja/S2430/initialize?prefCd=25&kikanCd=3250004770&kikanKbn=3", "url2": null, "内容": "医療法人ながおか歯科クリニック【3:歯科】滋賀県米原市長岡１１９２" }, "geometry": { "type": "Point", "coordinates": [ 136.370314, 35.363406 ] } },
{ "type": "Feature", "properties": { "ID": 2533250004780, "正式名称": "にのみや歯科医院", "機関区分": 3, "都道府県コード": 25, "市区町村コード": 214, "所在地": "滋賀県米原市春照１９１１－１", "緯度": 35.381906, "経度": 136.379869, "url": "https://www.iryou.teikyouseido.mhlw.go.jp/znk-web/juminkanja/S2430/initialize?prefCd=25&kikanCd=3250004780&kikanKbn=3", "url2": "http://www.za.ztv.ne.jp/nino/", "内容": "にのみや歯科医院【3:歯科】滋賀県米原市春照１９１１－１" }, "geometry": { "type": "Point", "coordinates": [ 136.379869, 35.381906 ] } },
{ "type": "Feature", "properties": { "ID": 2533250004790, "正式名称": "伊吹歯科クリニック", "機関区分": 3, "都道府県コード": 25, "市区町村コード": 203, "所在地": "滋賀県長浜市国友町３２０－８", "緯度": 35.408239, "経度": 136.284481, "url": "https://www.iryou.teikyouseido.mhlw.go.jp/znk-web/juminkanja/S2430/initialize?prefCd=25&kikanCd=3250004790&kikanKbn=3", "url2": "https://ibukidcl.sakura.ne.jp", "内容": "伊吹歯科クリニック【3:歯科】滋賀県長浜市国友町３２０－８" }, "geometry": { "type": "Point", "coordinates": [ 136.284481, 35.408239 ] } },
{ "type": "Feature", "properties": { "ID": 2533250004810, "正式名称": "松岡歯科医院", "機関区分": 3, "都道府県コード": 25, "市区町村コード": 203, "所在地": "滋賀県長浜市神照町７１９－１８", "緯度": 35.397933, "経度": 136.270397, "url": "https://www.iryou.teikyouseido.mhlw.go.jp/znk-web/juminkanja/S2430/initialize?prefCd=25&kikanCd=3250004810&kikanKbn=3", "url2": null, "内容": "松岡歯科医院【3:歯科】滋賀県長浜市神照町７１９－１８" }, "geometry": { "type": "Point", "coordinates": [ 136.270397, 35.397933 ] } },
{ "type": "Feature", "properties": { "ID": 2533250004820, "正式名称": "医療法人社団　中村歯科", "機関区分": 3, "都道府県コード": 25, "市区町村コード": 203, "所在地": "滋賀県長浜市神照町３４－７", "緯度": 35.3976, "経度": 136.280008, "url": "https://www.iryou.teikyouseido.mhlw.go.jp/znk-web/juminkanja/S2430/initialize?prefCd=25&kikanCd=3250004820&kikanKbn=3", "url2": null, "内容": "医療法人社団　中村歯科【3:歯科】滋賀県長浜市神照町３４－７" }, "geometry": { "type": "Point", "coordinates": [ 136.280008, 35.3976 ] } },
{ "type": "Feature", "properties": { "ID": 2533250004830, "正式名称": "草野歯科", "機関区分": 3, "都道府県コード": 25, "市区町村コード": 203, "所在地": "滋賀県長浜市神照町６６８", "緯度": 35.395878, "経度": 136.271203, "url": "https://www.iryou.teikyouseido.mhlw.go.jp/znk-web/juminkanja/S2430/initialize?prefCd=25&kikanCd=3250004830&kikanKbn=3", "url2": null, "内容": "草野歯科【3:歯科】滋賀県長浜市神照町６６８" }, "geometry": { "type": "Point", "coordinates": [ 136.271203, 35.395878 ] } },
{ "type": "Feature", "properties": { "ID": 2533250004850, "正式名称": "中瀬歯科医院", "機関区分": 3, "都道府県コード": 25, "市区町村コード": 203, "所在地": "滋賀県長浜市八幡中山町１２９７－１", "緯度": 35.391378, "経度": 136.266842, "url": "https://www.iryou.teikyouseido.mhlw.go.jp/znk-web/juminkanja/S2430/initialize?prefCd=25&kikanCd=3250004850&kikanKbn=3", "url2": null, "内容": "中瀬歯科医院【3:歯科】滋賀県長浜市八幡中山町１２９７－１" }, "geometry": { "type": "Point", "coordinates": [ 136.266842, 35.391378 ] } },
{ "type": "Feature", "properties": { "ID": 2533250004860, "正式名称": "松山歯科医院", "機関区分": 3, "都道府県コード": 25, "市区町村コード": 203, "所在地": "滋賀県長浜市分木町６―５５", "緯度": 35.387961, "経度": 136.267869, "url": "https://www.iryou.teikyouseido.mhlw.go.jp/znk-web/juminkanja/S2430/initialize?prefCd=25&kikanCd=3250004860&kikanKbn=3", "url2": null, "内容": "松山歯科医院【3:歯科】滋賀県長浜市分木町６―５５" }, "geometry": { "type": "Point", "coordinates": [ 136.267869, 35.387961 ] } },
{ "type": "Feature", "properties": { "ID": 2533250004870, "正式名称": "医療法人益歯会成田歯科医院", "機関区分": 3, "都道府県コード": 25, "市区町村コード": 203, "所在地": "滋賀県長浜市八幡東町９番１号　長浜楽市生活サービス館１Ｆ", "緯度": 35.387183, "経度": 136.281897, "url": "https://www.iryou.teikyouseido.mhlw.go.jp/znk-web/juminkanja/S2430/initialize?prefCd=25&kikanCd=3250004870&kikanKbn=3", "url2": "http://www.narita-dental.net/pc", "内容": "医療法人益歯会成田歯科医院【3:歯科】滋賀県長浜市八幡東町９番１号　長浜楽市生活サービス館１Ｆ" }, "geometry": { "type": "Point", "coordinates": [ 136.281897, 35.387183 ] } },
{ "type": "Feature", "properties": { "ID": 2533250004880, "正式名称": "オリーブ歯科", "機関区分": 3, "都道府県コード": 25, "市区町村コード": 203, "所在地": "滋賀県長浜市八幡東６２９－３", "緯度": 35.381294, "経度": 136.277342, "url": "https://www.iryou.teikyouseido.mhlw.go.jp/znk-web/juminkanja/S2430/initialize?prefCd=25&kikanCd=3250004880&kikanKbn=3", "url2": "http://www.olive-shika.com", "内容": "オリーブ歯科【3:歯科】滋賀県長浜市八幡東６２９－３" }, "geometry": { "type": "Point", "coordinates": [ 136.277342, 35.381294 ] } },
{ "type": "Feature", "properties": { "ID": 2533250004900, "正式名称": "笹口歯科医院", "機関区分": 3, "都道府県コード": 25, "市区町村コード": 203, "所在地": "滋賀県長浜市弥高町１００", "緯度": 35.372239, "経度": 136.280508, "url": "https://www.iryou.teikyouseido.mhlw.go.jp/znk-web/juminkanja/S2430/initialize?prefCd=25&kikanCd=3250004900&kikanKbn=3", "url2": null, "内容": "笹口歯科医院【3:歯科】滋賀県長浜市弥高町１００" }, "geometry": { "type": "Point", "coordinates": [ 136.280508, 35.372239 ] } },
{ "type": "Feature", "properties": { "ID": 2533250004920, "正式名称": "森島歯科医院", "機関区分": 3, "都道府県コード": 25, "市区町村コード": 203, "所在地": "滋賀県長浜市高田町６－３", "緯度": 35.380044, "経度": 136.271453, "url": "https://www.iryou.teikyouseido.mhlw.go.jp/znk-web/juminkanja/S2430/initialize?prefCd=25&kikanCd=3250004920&kikanKbn=3", "url2": null, "内容": "森島歯科医院【3:歯科】滋賀県長浜市高田町６－３" }, "geometry": { "type": "Point", "coordinates": [ 136.271453, 35.380044 ] } },
{ "type": "Feature", "properties": { "ID": 2533250004940, "正式名称": "ほんだ歯科クリニック", "機関区分": 3, "都道府県コード": 25, "市区町村コード": 203, "所在地": "滋賀県長浜市勝町８３２", "緯度": 35.373239, "経度": 136.284481, "url": "https://www.iryou.teikyouseido.mhlw.go.jp/znk-web/juminkanja/S2430/initialize?prefCd=25&kikanCd=3250004940&kikanKbn=3", "url2": null, "内容": "ほんだ歯科クリニック【3:歯科】滋賀県長浜市勝町８３２" }, "geometry": { "type": "Point", "coordinates": [ 136.284481, 35.373239 ] } },
{ "type": "Feature", "properties": { "ID": 2533250004960, "正式名称": "いのくち歯科", "機関区分": 3, "都道府県コード": 25, "市区町村コード": 203, "所在地": "滋賀県長浜市宮前町６－２７", "緯度": 35.383822, "経度": 136.272453, "url": "https://www.iryou.teikyouseido.mhlw.go.jp/znk-web/juminkanja/S2430/initialize?prefCd=25&kikanCd=3250004960&kikanKbn=3", "url2": null, "内容": "いのくち歯科【3:歯科】滋賀県長浜市宮前町６－２７" }, "geometry": { "type": "Point", "coordinates": [ 136.272453, 35.383822 ] } },
{ "type": "Feature", "properties": { "ID": 2533250004980, "正式名称": "西川歯科医院", "機関区分": 3, "都道府県コード": 25, "市区町村コード": 203, "所在地": "滋賀県長浜市朝日町４－２０", "緯度": 35.379517, "経度": 136.269258, "url": "https://www.iryou.teikyouseido.mhlw.go.jp/znk-web/juminkanja/S2430/initialize?prefCd=25&kikanCd=3250004980&kikanKbn=3", "url2": null, "内容": "西川歯科医院【3:歯科】滋賀県長浜市朝日町４－２０" }, "geometry": { "type": "Point", "coordinates": [ 136.269258, 35.379517 ] } },
{ "type": "Feature", "properties": { "ID": 2533250005010, "正式名称": "つじ歯科医院", "機関区分": 3, "都道府県コード": 25, "市区町村コード": 203, "所在地": "滋賀県長浜市南呉服町２－１１", "緯度": 35.380517, "経度": 136.264397, "url": "https://www.iryou.teikyouseido.mhlw.go.jp/znk-web/juminkanja/S2430/initialize?prefCd=25&kikanCd=3250005010&kikanKbn=3", "url2": null, "内容": "つじ歯科医院【3:歯科】滋賀県長浜市南呉服町２－１１" }, "geometry": { "type": "Point", "coordinates": [ 136.264397, 35.380517 ] } },
{ "type": "Feature", "properties": { "ID": 2533250005020, "正式名称": "岡野歯科医院", "機関区分": 3, "都道府県コード": 25, "市区町村コード": 203, "所在地": "滋賀県長浜市元浜町７－３０", "緯度": 35.379878, "経度": 136.267897, "url": "https://www.iryou.teikyouseido.mhlw.go.jp/znk-web/juminkanja/S2430/initialize?prefCd=25&kikanCd=3250005020&kikanKbn=3", "url2": null, "内容": "岡野歯科医院【3:歯科】滋賀県長浜市元浜町７－３０" }, "geometry": { "type": "Point", "coordinates": [ 136.267897, 35.379878 ] } },
{ "type": "Feature", "properties": { "ID": 2533250005080, "正式名称": "牧歯科医院", "機関区分": 3, "都道府県コード": 25, "市区町村コード": 203, "所在地": "滋賀県長浜市川道町１８６７", "緯度": 35.399235, "経度": 136.232829, "url": "https://www.iryou.teikyouseido.mhlw.go.jp/znk-web/juminkanja/S2430/initialize?prefCd=25&kikanCd=3250005080&kikanKbn=3", "url2": null, "内容": "牧歯科医院【3:歯科】滋賀県長浜市川道町１８６７" }, "geometry": { "type": "Point", "coordinates": [ 136.232829, 35.399235 ] } },
{ "type": "Feature", "properties": { "ID": 2533250005090, "正式名称": "川瀬歯科医院", "機関区分": 3, "都道府県コード": 25, "市区町村コード": 203, "所在地": "滋賀県長浜市富田町４８７－１", "緯度": 35.425739, "経度": 136.223758, "url": "https://www.iryou.teikyouseido.mhlw.go.jp/znk-web/juminkanja/S2430/initialize?prefCd=25&kikanCd=3250005090&kikanKbn=3", "url2": "https://www.facebook.com/profile.php?id=100054457361143", "内容": "川瀬歯科医院【3:歯科】滋賀県長浜市富田町４８７－１" }, "geometry": { "type": "Point", "coordinates": [ 136.223758, 35.425739 ] } },
{ "type": "Feature", "properties": { "ID": 2533250005150, "正式名称": "樋口歯科", "機関区分": 3, "都道府県コード": 25, "市区町村コード": 203, "所在地": "滋賀県長浜市七条町７６９", "緯度": 35.387322, "経度": 136.312564, "url": "https://www.iryou.teikyouseido.mhlw.go.jp/znk-web/juminkanja/S2430/initialize?prefCd=25&kikanCd=3250005150&kikanKbn=3", "url2": "http://www.biwa.ne.jp/^highigf/index.html", "内容": "樋口歯科【3:歯科】滋賀県長浜市七条町７６９" }, "geometry": { "type": "Point", "coordinates": [ 136.312564, 35.387322 ] } },
{ "type": "Feature", "properties": { "ID": 2533250005170, "正式名称": "廣部歯科医院", "機関区分": 3, "都道府県コード": 25, "市区町村コード": 203, "所在地": "滋賀県長浜市新栄町６４０－４", "緯度": 35.390878, "経度": 136.300231, "url": "https://www.iryou.teikyouseido.mhlw.go.jp/znk-web/juminkanja/S2430/initialize?prefCd=25&kikanCd=3250005170&kikanKbn=3", "url2": null, "内容": "廣部歯科医院【3:歯科】滋賀県長浜市新栄町６４０－４" }, "geometry": { "type": "Point", "coordinates": [ 136.300231, 35.390878 ] } },
{ "type": "Feature", "properties": { "ID": 2533250005190, "正式名称": "饗場歯科医院", "機関区分": 3, "都道府県コード": 25, "市区町村コード": 203, "所在地": "滋賀県長浜市三川町１１３８", "緯度": 35.428767, "経度": 136.269231, "url": "https://www.iryou.teikyouseido.mhlw.go.jp/znk-web/juminkanja/S2430/initialize?prefCd=25&kikanCd=3250005190&kikanKbn=3", "url2": null, "内容": "饗場歯科医院【3:歯科】滋賀県長浜市三川町１１３８" }, "geometry": { "type": "Point", "coordinates": [ 136.269231, 35.428767 ] } },
{ "type": "Feature", "properties": { "ID": 2533250005200, "正式名称": "医療法人安井歯科", "機関区分": 3, "都道府県コード": 25, "市区町村コード": 203, "所在地": "滋賀県長浜市高月町森本１０８", "緯度": 35.469239, "経度": 136.240925, "url": "https://www.iryou.teikyouseido.mhlw.go.jp/znk-web/juminkanja/S2430/initialize?prefCd=25&kikanCd=3250005200&kikanKbn=3", "url2": "http://yasui-shika.jp", "内容": "医療法人安井歯科【3:歯科】滋賀県長浜市高月町森本１０８" }, "geometry": { "type": "Point", "coordinates": [ 136.240925, 35.469239 ] } },
{ "type": "Feature", "properties": { "ID": 2533250005220, "正式名称": "中村歯科", "機関区分": 3, "都道府県コード": 25, "市区町村コード": 203, "所在地": "滋賀県長浜市高月町高月５９２－４", "緯度": 35.473461, "経度": 136.235342, "url": "https://www.iryou.teikyouseido.mhlw.go.jp/znk-web/juminkanja/S2430/initialize?prefCd=25&kikanCd=3250005220&kikanKbn=3", "url2": "http://www.biwa.ne.jp/~haisya-n", "内容": "中村歯科【3:歯科】滋賀県長浜市高月町高月５９２－４" }, "geometry": { "type": "Point", "coordinates": [ 136.235342, 35.473461 ] } },
{ "type": "Feature", "properties": { "ID": 2533250005230, "正式名称": "やす歯科医院", "機関区分": 3, "都道府県コード": 25, "市区町村コード": 203, "所在地": "滋賀県長浜市湖北町速水２７５２", "緯度": 35.44735, "経度": 136.238536, "url": "https://www.iryou.teikyouseido.mhlw.go.jp/znk-web/juminkanja/S2430/initialize?prefCd=25&kikanCd=3250005230&kikanKbn=3", "url2": "http://yasu-dc.com/", "内容": "やす歯科医院【3:歯科】滋賀県長浜市湖北町速水２７５２" }, "geometry": { "type": "Point", "coordinates": [ 136.238536, 35.44735 ] } },
{ "type": "Feature", "properties": { "ID": 2533250005260, "正式名称": "大音歯科医院", "機関区分": 3, "都道府県コード": 25, "市区町村コード": 203, "所在地": "滋賀県長浜市木之本町木之本１０８８", "緯度": 35.505406, "経度": 136.224453, "url": "https://www.iryou.teikyouseido.mhlw.go.jp/znk-web/juminkanja/S2430/initialize?prefCd=25&kikanCd=3250005260&kikanKbn=3", "url2": null, "内容": "大音歯科医院【3:歯科】滋賀県長浜市木之本町木之本１０８８" }, "geometry": { "type": "Point", "coordinates": [ 136.224453, 35.505406 ] } },
{ "type": "Feature", "properties": { "ID": 2533250005270, "正式名称": "医療法人　清悠会　横井歯科医院", "機関区分": 3, "都道府県コード": 25, "市区町村コード": 203, "所在地": "滋賀県長浜市木之本町木之本１７１０－１", "緯度": 35.502822, "経度": 136.219623, "url": "https://www.iryou.teikyouseido.mhlw.go.jp/znk-web/juminkanja/S2430/initialize?prefCd=25&kikanCd=3250005270&kikanKbn=3", "url2": "http://www.yokoidental.com/", "内容": "医療法人　清悠会　横井歯科医院【3:歯科】滋賀県長浜市木之本町木之本１７１０－１" }, "geometry": { "type": "Point", "coordinates": [ 136.219623, 35.502822 ] } },
{ "type": "Feature", "properties": { "ID": 2533250005290, "正式名称": "中之郷歯科診療所", "機関区分": 3, "都道府県コード": 25, "市区町村コード": 203, "所在地": "滋賀県長浜市余呉町中之郷２４３４", "緯度": 35.542572, "経度": 136.204175, "url": "https://www.iryou.teikyouseido.mhlw.go.jp/znk-web/juminkanja/S2430/initialize?prefCd=25&kikanCd=3250005290&kikanKbn=3", "url2": null, "内容": "中之郷歯科診療所【3:歯科】滋賀県長浜市余呉町中之郷２４３４" }, "geometry": { "type": "Point", "coordinates": [ 136.204175, 35.542572 ] } },
{ "type": "Feature", "properties": { "ID": 2533250005310, "正式名称": "本康歯科クリニック", "機関区分": 3, "都道府県コード": 25, "市区町村コード": 203, "所在地": "滋賀県長浜市曽根町７６７", "緯度": 35.40277, "経度": 136.255071, "url": "https://www.iryou.teikyouseido.mhlw.go.jp/znk-web/juminkanja/S2430/initialize?prefCd=25&kikanCd=3250005310&kikanKbn=3", "url2": null, "内容": "本康歯科クリニック【3:歯科】滋賀県長浜市曽根町７６７" }, "geometry": { "type": "Point", "coordinates": [ 136.255071, 35.40277 ] } },
{ "type": "Feature", "properties": { "ID": 2533250005320, "正式名称": "ふれあい歯科医院", "機関区分": 3, "都道府県コード": 25, "市区町村コード": 425, "所在地": "滋賀県愛知郡愛荘町長野２０４３－７", "緯度": 35.183933, "経度": 136.203203, "url": "https://www.iryou.teikyouseido.mhlw.go.jp/znk-web/juminkanja/S2430/initialize?prefCd=25&kikanCd=3250005320&kikanKbn=3", "url2": null, "内容": "ふれあい歯科医院【3:歯科】滋賀県愛知郡愛荘町長野２０４３－７" }, "geometry": { "type": "Point", "coordinates": [ 136.203203, 35.183933 ] } },
{ "type": "Feature", "properties": { "ID": 2533250005370, "正式名称": "香川歯科医院", "機関区分": 3, "都道府県コード": 25, "市区町村コード": 206, "所在地": "滋賀県草津市上笠３－１８－２１", "緯度": 35.029373, "経度": 135.945192, "url": "https://www.iryou.teikyouseido.mhlw.go.jp/znk-web/juminkanja/S2430/initialize?prefCd=25&kikanCd=3250005370&kikanKbn=3", "url2": null, "内容": "香川歯科医院【3:歯科】滋賀県草津市上笠３－１８－２１" }, "geometry": { "type": "Point", "coordinates": [ 135.945192, 35.029373 ] } },
{ "type": "Feature", "properties": { "ID": 2533250005400, "正式名称": "医療法人　清明会　あゆかわ歯科クリニック", "機関区分": 3, "都道府県コード": 25, "市区町村コード": 206, "所在地": "滋賀県草津市川原１－８－１０", "緯度": 35.035156, "経度": 135.957842, "url": "https://www.iryou.teikyouseido.mhlw.go.jp/znk-web/juminkanja/S2430/initialize?prefCd=25&kikanCd=3250005400&kikanKbn=3", "url2": null, "内容": "医療法人　清明会　あゆかわ歯科クリニック【3:歯科】滋賀県草津市川原１－８－１０" }, "geometry": { "type": "Point", "coordinates": [ 135.957842, 35.035156 ] } },
{ "type": "Feature", "properties": { "ID": 2533250005440, "正式名称": "浅田歯科医院", "機関区分": 3, "都道府県コード": 25, "市区町村コード": 208, "所在地": "滋賀県栗東市目川１０５７", "緯度": 35.019772, "経度": 135.978376, "url": "https://www.iryou.teikyouseido.mhlw.go.jp/znk-web/juminkanja/S2430/initialize?prefCd=25&kikanCd=3250005440&kikanKbn=3", "url2": "http://asada-dc.com", "内容": "浅田歯科医院【3:歯科】滋賀県栗東市目川１０５７" }, "geometry": { "type": "Point", "coordinates": [ 135.978376, 35.019772 ] } },
{ "type": "Feature", "properties": { "ID": 2533250005460, "正式名称": "もりかわ歯科医院", "機関区分": 3, "都道府県コード": 25, "市区町村コード": 201, "所在地": "滋賀県大津市大萱２－８－１１リバーサイド本郷１階", "緯度": 34.988947, "経度": 135.926447, "url": "https://www.iryou.teikyouseido.mhlw.go.jp/znk-web/juminkanja/S2430/initialize?prefCd=25&kikanCd=3250005460&kikanKbn=3", "url2": null, "内容": "もりかわ歯科医院【3:歯科】滋賀県大津市大萱２－８－１１リバーサイド本郷１階" }, "geometry": { "type": "Point", "coordinates": [ 135.926447, 34.988947 ] } },
{ "type": "Feature", "properties": { "ID": 2533250005470, "正式名称": "おがわ東歯科", "機関区分": 3, "都道府県コード": 25, "市区町村コード": 213, "所在地": "滋賀県東近江市佐野町４０３－７", "緯度": 35.182044, "経度": 136.176342, "url": "https://www.iryou.teikyouseido.mhlw.go.jp/znk-web/juminkanja/S2430/initialize?prefCd=25&kikanCd=3250005470&kikanKbn=3", "url2": "ogahiga.com", "内容": "おがわ東歯科【3:歯科】滋賀県東近江市佐野町４０３－７" }, "geometry": { "type": "Point", "coordinates": [ 136.176342, 35.182044 ] } },
{ "type": "Feature", "properties": { "ID": 2533250005490, "正式名称": "医療法人　高森歯科", "機関区分": 3, "都道府県コード": 25, "市区町村コード": 208, "所在地": "滋賀県栗東市安養寺１－１２－３０", "緯度": 35.021072, "経度": 135.998203, "url": "https://www.iryou.teikyouseido.mhlw.go.jp/znk-web/juminkanja/S2430/initialize?prefCd=25&kikanCd=3250005490&kikanKbn=3", "url2": "http://www.takamorishika.jp/", "内容": "医療法人　高森歯科【3:歯科】滋賀県栗東市安養寺１－１２－３０" }, "geometry": { "type": "Point", "coordinates": [ 135.998203, 35.021072 ] } },
{ "type": "Feature", "properties": { "ID": 2533250005500, "正式名称": "田園歯科医院", "機関区分": 3, "都道府県コード": 25, "市区町村コード": 208, "所在地": "滋賀県栗東市蜂屋９６６－４", "緯度": 35.030183, "経度": 135.996925, "url": "https://www.iryou.teikyouseido.mhlw.go.jp/znk-web/juminkanja/S2430/initialize?prefCd=25&kikanCd=3250005500&kikanKbn=3", "url2": null, "内容": "田園歯科医院【3:歯科】滋賀県栗東市蜂屋９６６－４" }, "geometry": { "type": "Point", "coordinates": [ 135.996925, 35.030183 ] } },
{ "type": "Feature", "properties": { "ID": 2533250005510, "正式名称": "医療法人緑和会　草津グリーン歯科", "機関区分": 3, "都道府県コード": 25, "市区町村コード": 208, "所在地": "滋賀県栗東市小柿５－１０－１１－２－１　ＫＯＮＡＮファーストビル２Ｆ", "緯度": 35.023711, "経度": 135.971564, "url": "https://www.iryou.teikyouseido.mhlw.go.jp/znk-web/juminkanja/S2430/initialize?prefCd=25&kikanCd=3250005510&kikanKbn=3", "url2": "http://www.greendental.jp", "内容": "医療法人緑和会　草津グリーン歯科【3:歯科】滋賀県栗東市小柿５－１０－１１－２－１　ＫＯＮＡＮファーストビル２Ｆ" }, "geometry": { "type": "Point", "coordinates": [ 135.971564, 35.023711 ] } },
{ "type": "Feature", "properties": { "ID": 2533250005520, "正式名称": "おざき歯科医院", "機関区分": 3, "都道府県コード": 25, "市区町村コード": 208, "所在地": "滋賀県栗東市小柿１０－５－５", "緯度": 35.01685, "経度": 135.973425, "url": "https://www.iryou.teikyouseido.mhlw.go.jp/znk-web/juminkanja/S2430/initialize?prefCd=25&kikanCd=3250005520&kikanKbn=3", "url2": "http://ozaki-dc.com", "内容": "おざき歯科医院【3:歯科】滋賀県栗東市小柿１０－５－５" }, "geometry": { "type": "Point", "coordinates": [ 135.973425, 35.01685 ] } },
{ "type": "Feature", "properties": { "ID": 2533250005530, "正式名称": "みきや歯科", "機関区分": 3, "都道府県コード": 25, "市区町村コード": 208, "所在地": "滋賀県栗東市下鈎６７６－５　１Ｆ", "緯度": 35.030822, "経度": 135.985036, "url": "https://www.iryou.teikyouseido.mhlw.go.jp/znk-web/juminkanja/S2430/initialize?prefCd=25&kikanCd=3250005530&kikanKbn=3", "url2": null, "内容": "みきや歯科【3:歯科】滋賀県栗東市下鈎６７６－５　１Ｆ" }, "geometry": { "type": "Point", "coordinates": [ 135.985036, 35.030822 ] } },
{ "type": "Feature", "properties": { "ID": 2533250005540, "正式名称": "医療法人緑和会　栗東グリーン歯科", "機関区分": 3, "都道府県コード": 25, "市区町村コード": 208, "所在地": "滋賀県栗東市綣４－１２－１６　アクア・リンピア２Ｆ", "緯度": 35.036517, "経度": 135.974147, "url": "https://www.iryou.teikyouseido.mhlw.go.jp/znk-web/juminkanja/S2430/initialize?prefCd=25&kikanCd=3250005540&kikanKbn=3", "url2": "http://www.greendental.jp", "内容": "医療法人緑和会　栗東グリーン歯科【3:歯科】滋賀県栗東市綣４－１２－１６　アクア・リンピア２Ｆ" }, "geometry": { "type": "Point", "coordinates": [ 135.974147, 35.036517 ] } },
{ "type": "Feature", "properties": { "ID": 2533250005550, "正式名称": "クボタ歯科医院", "機関区分": 3, "都道府県コード": 25, "市区町村コード": 208, "所在地": "滋賀県栗東市綣３－９－１８　グレーシィ栗東オーブ１Ｆ", "緯度": 35.036211, "経度": 135.980619, "url": "https://www.iryou.teikyouseido.mhlw.go.jp/znk-web/juminkanja/S2430/initialize?prefCd=25&kikanCd=3250005550&kikanKbn=3", "url2": null, "内容": "クボタ歯科医院【3:歯科】滋賀県栗東市綣３－９－１８　グレーシィ栗東オーブ１Ｆ" }, "geometry": { "type": "Point", "coordinates": [ 135.980619, 35.036211 ] } },
{ "type": "Feature", "properties": { "ID": 2533250005580, "正式名称": "矢澤歯科医院", "機関区分": 3, "都道府県コード": 25, "市区町村コード": 208, "所在地": "滋賀県栗東市綣２－２－３４", "緯度": 35.036989, "経度": 135.982703, "url": "https://www.iryou.teikyouseido.mhlw.go.jp/znk-web/juminkanja/S2430/initialize?prefCd=25&kikanCd=3250005580&kikanKbn=3", "url2": null, "内容": "矢澤歯科医院【3:歯科】滋賀県栗東市綣２－２－３４" }, "geometry": { "type": "Point", "coordinates": [ 135.982703, 35.036989 ] } },
{ "type": "Feature", "properties": { "ID": 2533250005590, "正式名称": "大槻歯科医院", "機関区分": 3, "都道府県コード": 25, "市区町村コード": 208, "所在地": "滋賀県栗東市霊仙寺１－１－５２", "緯度": 35.0391, "経度": 135.974675, "url": "https://www.iryou.teikyouseido.mhlw.go.jp/znk-web/juminkanja/S2430/initialize?prefCd=25&kikanCd=3250005590&kikanKbn=3", "url2": "http://www.yodental.net/pc/index.html", "内容": "大槻歯科医院【3:歯科】滋賀県栗東市霊仙寺１－１－５２" }, "geometry": { "type": "Point", "coordinates": [ 135.974675, 35.0391 ] } },
{ "type": "Feature", "properties": { "ID": 2533250005650, "正式名称": "中川歯科医院", "機関区分": 3, "都道府県コード": 25, "市区町村コード": 208, "所在地": "滋賀県栗東市川辺５３－１", "緯度": 35.02135, "経度": 135.988842, "url": "https://www.iryou.teikyouseido.mhlw.go.jp/znk-web/juminkanja/S2430/initialize?prefCd=25&kikanCd=3250005650&kikanKbn=3", "url2": null, "内容": "中川歯科医院【3:歯科】滋賀県栗東市川辺５３－１" }, "geometry": { "type": "Point", "coordinates": [ 135.988842, 35.02135 ] } },
{ "type": "Feature", "properties": { "ID": 2533250005670, "正式名称": "つつみ歯科", "機関区分": 3, "都道府県コード": 25, "市区町村コード": 202, "所在地": "滋賀県彦根市原町８５０番地１７５", "緯度": 35.259628, "経度": 136.269064, "url": "https://www.iryou.teikyouseido.mhlw.go.jp/znk-web/juminkanja/S2430/initialize?prefCd=25&kikanCd=3250005670&kikanKbn=3", "url2": "http://www.tsutsumi-shika.com/", "内容": "つつみ歯科【3:歯科】滋賀県彦根市原町８５０番地１７５" }, "geometry": { "type": "Point", "coordinates": [ 136.269064, 35.259628 ] } },
{ "type": "Feature", "properties": { "ID": 2533250005690, "正式名称": "山本歯科クリニック", "機関区分": 3, "都道府県コード": 25, "市区町村コード": 206, "所在地": "滋賀県草津市野村８丁目８－１４", "緯度": 35.031406, "経度": 135.955953, "url": "https://www.iryou.teikyouseido.mhlw.go.jp/znk-web/juminkanja/S2430/initialize?prefCd=25&kikanCd=3250005690&kikanKbn=3", "url2": null, "内容": "山本歯科クリニック【3:歯科】滋賀県草津市野村８丁目８－１４" }, "geometry": { "type": "Point", "coordinates": [ 135.955953, 35.031406 ] } },
{ "type": "Feature", "properties": { "ID": 2533250005740, "正式名称": "医療法人矯英会　ウイング栗東矯正歯科クリニック", "機関区分": 3, "都道府県コード": 25, "市区町村コード": 208, "所在地": "滋賀県栗東市綣３－２－３－１０１", "緯度": 35.035128, "経度": 135.982703, "url": "https://www.iryou.teikyouseido.mhlw.go.jp/znk-web/juminkanja/S2430/initialize?prefCd=25&kikanCd=3250005740&kikanKbn=3", "url2": "http://www.wingritto.com/", "内容": "医療法人矯英会　ウイング栗東矯正歯科クリニック【3:歯科】滋賀県栗東市綣３－２－３－１０１" }, "geometry": { "type": "Point", "coordinates": [ 135.982703, 35.035128 ] } },
{ "type": "Feature", "properties": { "ID": 2533250005750, "正式名称": "畠山歯科医院", "機関区分": 3, "都道府県コード": 25, "市区町村コード": 208, "所在地": "滋賀県栗東市笠川６１－１", "緯度": 35.032532, "経度": 135.972112, "url": "https://www.iryou.teikyouseido.mhlw.go.jp/znk-web/juminkanja/S2430/initialize?prefCd=25&kikanCd=3250005750&kikanKbn=3", "url2": null, "内容": "畠山歯科医院【3:歯科】滋賀県栗東市笠川６１－１" }, "geometry": { "type": "Point", "coordinates": [ 135.972112, 35.032532 ] } },
{ "type": "Feature", "properties": { "ID": 2533250005760, "正式名称": "田中歯科医院", "機関区分": 3, "都道府県コード": 25, "市区町村コード": 208, "所在地": "滋賀県栗東市辻６５８", "緯度": 35.037489, "経度": 136.012258, "url": "https://www.iryou.teikyouseido.mhlw.go.jp/znk-web/juminkanja/S2430/initialize?prefCd=25&kikanCd=3250005760&kikanKbn=3", "url2": null, "内容": "田中歯科医院【3:歯科】滋賀県栗東市辻６５８" }, "geometry": { "type": "Point", "coordinates": [ 136.012258, 35.037489 ] } },
{ "type": "Feature", "properties": { "ID": 2533250005790, "正式名称": "たかやま歯科医院", "機関区分": 3, "都道府県コード": 25, "市区町村コード": 201, "所在地": "滋賀県大津市馬場３丁目１３－３１", "緯度": 34.998544, "経度": 135.884258, "url": "https://www.iryou.teikyouseido.mhlw.go.jp/znk-web/juminkanja/S2430/initialize?prefCd=25&kikanCd=3250005790&kikanKbn=3", "url2": null, "内容": "たかやま歯科医院【3:歯科】滋賀県大津市馬場３丁目１３－３１" }, "geometry": { "type": "Point", "coordinates": [ 135.884258, 34.998544 ] } },
{ "type": "Feature", "properties": { "ID": 2533250005810, "正式名称": "イシカワ歯科", "機関区分": 3, "都道府県コード": 25, "市区町村コード": 202, "所在地": "滋賀県彦根市小泉町１０６番地ウイルライフ南彦根１０１", "緯度": 35.24572, "経度": 136.248595, "url": "https://www.iryou.teikyouseido.mhlw.go.jp/znk-web/juminkanja/S2430/initialize?prefCd=25&kikanCd=3250005810&kikanKbn=3", "url2": "http://www.ishikawa-shika.com/", "内容": "イシカワ歯科【3:歯科】滋賀県彦根市小泉町１０６番地ウイルライフ南彦根１０１" }, "geometry": { "type": "Point", "coordinates": [ 136.248595, 35.24572 ] } },
{ "type": "Feature", "properties": { "ID": 2533250005840, "正式名称": "戸崎歯科医院", "機関区分": 3, "都道府県コード": 25, "市区町村コード": 201, "所在地": "滋賀県大津市和邇春日三丁目８５７－１６", "緯度": 35.159517, "経度": 135.909314, "url": "https://www.iryou.teikyouseido.mhlw.go.jp/znk-web/juminkanja/S2430/initialize?prefCd=25&kikanCd=3250005840&kikanKbn=3", "url2": null, "内容": "戸崎歯科医院【3:歯科】滋賀県大津市和邇春日三丁目８５７－１６" }, "geometry": { "type": "Point", "coordinates": [ 135.909314, 35.159517 ] } },
{ "type": "Feature", "properties": { "ID": 2533250005870, "正式名称": "歯科白石医院", "機関区分": 3, "都道府県コード": 25, "市区町村コード": 202, "所在地": "滋賀県彦根市岡町５－５", "緯度": 35.253072, "経度": 136.257543, "url": "https://www.iryou.teikyouseido.mhlw.go.jp/znk-web/juminkanja/S2430/initialize?prefCd=25&kikanCd=3250005870&kikanKbn=3", "url2": null, "内容": "歯科白石医院【3:歯科】滋賀県彦根市岡町５－５" }, "geometry": { "type": "Point", "coordinates": [ 136.257543, 35.253072 ] } },
{ "type": "Feature", "properties": { "ID": 2533250005880, "正式名称": "医療法人社団ＨＵＮＤＲＥＤ　やまぐち歯科", "機関区分": 3, "都道府県コード": 25, "市区町村コード": 206, "所在地": "滋賀県草津市南草津３丁目５－４", "緯度": 35.006794, "経度": 135.942119, "url": "https://www.iryou.teikyouseido.mhlw.go.jp/znk-web/juminkanja/S2430/initialize?prefCd=25&kikanCd=3250005880&kikanKbn=3", "url2": "www.yamaguchi-d.net", "内容": "医療法人社団ＨＵＮＤＲＥＤ　やまぐち歯科【3:歯科】滋賀県草津市南草津３丁目５－４" }, "geometry": { "type": "Point", "coordinates": [ 135.942119, 35.006794 ] } },
{ "type": "Feature", "properties": { "ID": 2533250005890, "正式名称": "にしだ歯科医院", "機関区分": 3, "都道府県コード": 25, "市区町村コード": 206, "所在地": "滋賀県草津市南草津二丁目４番地５　レジェ南草津１Ｆ", "緯度": 35.002822, "経度": 135.944342, "url": "https://www.iryou.teikyouseido.mhlw.go.jp/znk-web/juminkanja/S2430/initialize?prefCd=25&kikanCd=3250005890&kikanKbn=3", "url2": null, "内容": "にしだ歯科医院【3:歯科】滋賀県草津市南草津二丁目４番地５　レジェ南草津１Ｆ" }, "geometry": { "type": "Point", "coordinates": [ 135.944342, 35.002822 ] } },
{ "type": "Feature", "properties": { "ID": 2533250005900, "正式名称": "多喜歯科診療所", "機関区分": 3, "都道府県コード": 25, "市区町村コード": 206, "所在地": "滋賀県草津市追分南５−１０−４", "緯度": 34.992724, "経度": 135.965322, "url": "https://www.iryou.teikyouseido.mhlw.go.jp/znk-web/juminkanja/S2430/initialize?prefCd=25&kikanCd=3250005900&kikanKbn=3", "url2": "http://www.taki-shika.jp/", "内容": "多喜歯科診療所【3:歯科】滋賀県草津市追分南５−１０−４" }, "geometry": { "type": "Point", "coordinates": [ 135.965322, 34.992724 ] } },
{ "type": "Feature", "properties": { "ID": 2533250005910, "正式名称": "出町歯科クリニック", "機関区分": 3, "都道府県コード": 25, "市区町村コード": 204, "所在地": "滋賀県近江八幡市出町６７６－１", "緯度": 35.129378, "経度": 136.098008, "url": "https://www.iryou.teikyouseido.mhlw.go.jp/znk-web/juminkanja/S2430/initialize?prefCd=25&kikanCd=3250005910&kikanKbn=3", "url2": null, "内容": "出町歯科クリニック【3:歯科】滋賀県近江八幡市出町６７６－１" }, "geometry": { "type": "Point", "coordinates": [ 136.098008, 35.129378 ] } },
{ "type": "Feature", "properties": { "ID": 2533250005920, "正式名称": "井田歯科本院", "機関区分": 3, "都道府県コード": 25, "市区町村コード": 213, "所在地": "滋賀県東近江市八日市町１０番２１号", "緯度": 35.112378, "経度": 136.197786, "url": "https://www.iryou.teikyouseido.mhlw.go.jp/znk-web/juminkanja/S2430/initialize?prefCd=25&kikanCd=3250005920&kikanKbn=3", "url2": null, "内容": "井田歯科本院【3:歯科】滋賀県東近江市八日市町１０番２１号" }, "geometry": { "type": "Point", "coordinates": [ 136.197786, 35.112378 ] } },
{ "type": "Feature", "properties": { "ID": 2533250005940, "正式名称": "医療法人社団翔龍会　いしい歯科", "機関区分": 3, "都道府県コード": 25, "市区町村コード": 206, "所在地": "滋賀県草津市野村１－２０－２８エステート草津メディカルプラザ２階", "緯度": 35.027685, "経度": 135.957736, "url": "https://www.iryou.teikyouseido.mhlw.go.jp/znk-web/juminkanja/S2430/initialize?prefCd=25&kikanCd=3250005940&kikanKbn=3", "url2": "www.ishii-shika.jp/", "内容": "医療法人社団翔龍会　いしい歯科【3:歯科】滋賀県草津市野村１－２０－２８エステート草津メディカルプラザ２階" }, "geometry": { "type": "Point", "coordinates": [ 135.957736, 35.027685 ] } },
{ "type": "Feature", "properties": { "ID": 2533250005950, "正式名称": "医療法人社団ナオデンタルオフィス竹村歯科", "機関区分": 3, "都道府県コード": 25, "市区町村コード": 206, "所在地": "滋賀県草津市南草津２－３－６プリエールソシア１０２", "緯度": 35.004322, "経度": 135.943832, "url": "https://www.iryou.teikyouseido.mhlw.go.jp/znk-web/juminkanja/S2430/initialize?prefCd=25&kikanCd=3250005950&kikanKbn=3", "url2": "http://www.dental-nao.com", "内容": "医療法人社団ナオデンタルオフィス竹村歯科【3:歯科】滋賀県草津市南草津２－３－６プリエールソシア１０２" }, "geometry": { "type": "Point", "coordinates": [ 135.943832, 35.004322 ] } },
{ "type": "Feature", "properties": { "ID": 2533250005960, "正式名称": "みなみ草津ファミリー歯科", "機関区分": 3, "都道府県コード": 25, "市区町村コード": 206, "所在地": "滋賀県草津市野路町６９４番地１", "緯度": 35.006211, "経度": 135.943231, "url": "https://www.iryou.teikyouseido.mhlw.go.jp/znk-web/juminkanja/S2430/initialize?prefCd=25&kikanCd=3250005960&kikanKbn=3", "url2": "http://www.dc-family.jp/", "内容": "みなみ草津ファミリー歯科【3:歯科】滋賀県草津市野路町６９４番地１" }, "geometry": { "type": "Point", "coordinates": [ 135.943231, 35.006211 ] } },
{ "type": "Feature", "properties": { "ID": 2533250005970, "正式名称": "アップルデンタルクリニック", "機関区分": 3, "都道府県コード": 25, "市区町村コード": 209, "所在地": "滋賀県甲賀市水口町泉１４０５ベイシア甲賀店内", "緯度": 34.986378, "経度": 136.126619, "url": "https://www.iryou.teikyouseido.mhlw.go.jp/znk-web/juminkanja/S2430/initialize?prefCd=25&kikanCd=3250005970&kikanKbn=3", "url2": "http://www.apple-koka.com", "内容": "アップルデンタルクリニック【3:歯科】滋賀県甲賀市水口町泉１４０５ベイシア甲賀店内" }, "geometry": { "type": "Point", "coordinates": [ 136.126619, 34.986378 ] } },
{ "type": "Feature", "properties": { "ID": 2533250006000, "正式名称": "秋田歯科クリニック", "機関区分": 3, "都道府県コード": 25, "市区町村コード": 201, "所在地": "滋賀県大津市松原町９－１－１０１", "緯度": 34.979054, "経度": 135.903409, "url": "https://www.iryou.teikyouseido.mhlw.go.jp/znk-web/juminkanja/S2430/initialize?prefCd=25&kikanCd=3250006000&kikanKbn=3", "url2": "http://www.akita-dc.jp/", "内容": "秋田歯科クリニック【3:歯科】滋賀県大津市松原町９－１－１０１" }, "geometry": { "type": "Point", "coordinates": [ 135.903409, 34.979054 ] } },
{ "type": "Feature", "properties": { "ID": 2533250006030, "正式名称": "坂本歯科医院", "機関区分": 3, "都道府県コード": 25, "市区町村コード": 210, "所在地": "滋賀県野洲市行畑７９０番地", "緯度": 35.061156, "経度": 136.025592, "url": "https://www.iryou.teikyouseido.mhlw.go.jp/znk-web/juminkanja/S2430/initialize?prefCd=25&kikanCd=3250006030&kikanKbn=3", "url2": "https://www.sakamoto-dental-clinic.jp/", "内容": "坂本歯科医院【3:歯科】滋賀県野洲市行畑７９０番地" }, "geometry": { "type": "Point", "coordinates": [ 136.025592, 35.061156 ] } },
{ "type": "Feature", "properties": { "ID": 2533250006040, "正式名称": "たかしな歯科クリニック", "機関区分": 3, "都道府県コード": 25, "市区町村コード": 203, "所在地": "滋賀県長浜市八幡中山町３８９", "緯度": 35.392767, "経度": 136.275647, "url": "https://www.iryou.teikyouseido.mhlw.go.jp/znk-web/juminkanja/S2430/initialize?prefCd=25&kikanCd=3250006040&kikanKbn=3", "url2": null, "内容": "たかしな歯科クリニック【3:歯科】滋賀県長浜市八幡中山町３８９" }, "geometry": { "type": "Point", "coordinates": [ 136.275647, 35.392767 ] } },
{ "type": "Feature", "properties": { "ID": 2533250006080, "正式名称": "おくむら歯科", "機関区分": 3, "都道府県コード": 25, "市区町村コード": 207, "所在地": "滋賀県守山市水保町１２５５番地ー８", "緯度": 35.111919, "経度": 135.951124, "url": "https://www.iryou.teikyouseido.mhlw.go.jp/znk-web/juminkanja/S2430/initialize?prefCd=25&kikanCd=3250006080&kikanKbn=3", "url2": "https://okumuradc.jp/", "内容": "おくむら歯科【3:歯科】滋賀県守山市水保町１２５５番地ー８" }, "geometry": { "type": "Point", "coordinates": [ 135.951124, 35.111919 ] } },
{ "type": "Feature", "properties": { "ID": 2533250006130, "正式名称": "医療法人社団　碧森会　草津ほんじょう歯科", "機関区分": 3, "都道府県コード": 25, "市区町村コード": 206, "所在地": "滋賀県草津市新浜町３００番地イオンモール草津１３２", "緯度": 34.997743, "経度": 135.91267, "url": "https://www.iryou.teikyouseido.mhlw.go.jp/znk-web/juminkanja/S2430/initialize?prefCd=25&kikanCd=3250006130&kikanKbn=3", "url2": "http://www.dental-mor.com", "内容": "医療法人社団　碧森会　草津ほんじょう歯科【3:歯科】滋賀県草津市新浜町３００番地イオンモール草津１３２" }, "geometry": { "type": "Point", "coordinates": [ 135.91267, 34.997743 ] } },
{ "type": "Feature", "properties": { "ID": 2533250006160, "正式名称": "フジ歯科クリニック", "機関区分": 3, "都道府県コード": 25, "市区町村コード": 204, "所在地": "滋賀県近江八幡市白鳥町８", "緯度": 35.12144, "経度": 136.095863, "url": "https://www.iryou.teikyouseido.mhlw.go.jp/znk-web/juminkanja/S2430/initialize?prefCd=25&kikanCd=3250006160&kikanKbn=3", "url2": "http://www.fuji-dc.jp/", "内容": "フジ歯科クリニック【3:歯科】滋賀県近江八幡市白鳥町８" }, "geometry": { "type": "Point", "coordinates": [ 136.095863, 35.12144 ] } },
{ "type": "Feature", "properties": { "ID": 2533250006170, "正式名称": "Ｅデンタルクリニック", "機関区分": 3, "都道府県コード": 25, "市区町村コード": 206, "所在地": "滋賀県草津市平井２－８－１０　ＴＭ草津ビル１－Ａ", "緯度": 35.032959, "経度": 135.958005, "url": "https://www.iryou.teikyouseido.mhlw.go.jp/znk-web/juminkanja/S2430/initialize?prefCd=25&kikanCd=3250006170&kikanKbn=3", "url2": "http://edental-clinic.jp/", "内容": "Ｅデンタルクリニック【3:歯科】滋賀県草津市平井２－８－１０　ＴＭ草津ビル１－Ａ" }, "geometry": { "type": "Point", "coordinates": [ 135.958005, 35.032959 ] } },
{ "type": "Feature", "properties": { "ID": 2533250006180, "正式名称": "なかがわ歯科", "機関区分": 3, "都道府県コード": 25, "市区町村コード": 383, "所在地": "滋賀県蒲生郡日野町松尾９４３－２", "緯度": 35.019319, "経度": 136.238511, "url": "https://www.iryou.teikyouseido.mhlw.go.jp/znk-web/juminkanja/S2430/initialize?prefCd=25&kikanCd=3250006180&kikanKbn=3", "url2": null, "内容": "なかがわ歯科【3:歯科】滋賀県蒲生郡日野町松尾９４３－２" }, "geometry": { "type": "Point", "coordinates": [ 136.238511, 35.019319 ] } },
{ "type": "Feature", "properties": { "ID": 2533250006200, "正式名称": "アンジュ　デンタル　クリニック", "機関区分": 3, "都道府県コード": 25, "市区町村コード": 202, "所在地": "滋賀県彦根市駅東町５番８", "緯度": 35.267054, "経度": 136.264284, "url": "https://www.iryou.teikyouseido.mhlw.go.jp/znk-web/juminkanja/S2430/initialize?prefCd=25&kikanCd=3250006200&kikanKbn=3", "url2": null, "内容": "アンジュ　デンタル　クリニック【3:歯科】滋賀県彦根市駅東町５番８" }, "geometry": { "type": "Point", "coordinates": [ 136.264284, 35.267054 ] } },
{ "type": "Feature", "properties": { "ID": 2533250006210, "正式名称": "医療法人社団英真会　夕照歯科", "機関区分": 3, "都道府県コード": 25, "市区町村コード": 201, "所在地": "滋賀県大津市大江一丁目１１－９", "緯度": 34.982376, "経度": 135.918048, "url": "https://www.iryou.teikyouseido.mhlw.go.jp/znk-web/juminkanja/S2430/initialize?prefCd=25&kikanCd=3250006210&kikanKbn=3", "url2": "sekishoushika.com", "内容": "医療法人社団英真会　夕照歯科【3:歯科】滋賀県大津市大江一丁目１１－９" }, "geometry": { "type": "Point", "coordinates": [ 135.918048, 34.982376 ] } },
{ "type": "Feature", "properties": { "ID": 2533250006220, "正式名称": "いけだ歯科　高宮診療所", "機関区分": 3, "都道府県コード": 25, "市区町村コード": 202, "所在地": "滋賀県彦根市高宮町７０２－５", "緯度": 35.236288, "経度": 136.264069, "url": "https://www.iryou.teikyouseido.mhlw.go.jp/znk-web/juminkanja/S2430/initialize?prefCd=25&kikanCd=3250006220&kikanKbn=3", "url2": "http://www.takamiya-ikedashika.com/pc/", "内容": "いけだ歯科　高宮診療所【3:歯科】滋賀県彦根市高宮町７０２－５" }, "geometry": { "type": "Point", "coordinates": [ 136.264069, 35.236288 ] } },
{ "type": "Feature", "properties": { "ID": 2533250006240, "正式名称": "ふせファミリー歯科", "機関区分": 3, "都道府県コード": 25, "市区町村コード": 206, "所在地": "滋賀県草津市志那中町８－６", "緯度": 35.052029, "経度": 135.945822, "url": "https://www.iryou.teikyouseido.mhlw.go.jp/znk-web/juminkanja/S2430/initialize?prefCd=25&kikanCd=3250006240&kikanKbn=3", "url2": null, "内容": "ふせファミリー歯科【3:歯科】滋賀県草津市志那中町８－６" }, "geometry": { "type": "Point", "coordinates": [ 135.945822, 35.052029 ] } },
{ "type": "Feature", "properties": { "ID": 2533250006250, "正式名称": "純歯科医院", "機関区分": 3, "都道府県コード": 25, "市区町村コード": 206, "所在地": "滋賀県草津市大路１－１－１エルティ９３２　２階", "緯度": 35.021749, "経度": 135.961746, "url": "https://www.iryou.teikyouseido.mhlw.go.jp/znk-web/juminkanja/S2430/initialize?prefCd=25&kikanCd=3250006250&kikanKbn=3", "url2": "http://www.jun-dental-office.com", "内容": "純歯科医院【3:歯科】滋賀県草津市大路１－１－１エルティ９３２　２階" }, "geometry": { "type": "Point", "coordinates": [ 135.961746, 35.021749 ] } },
{ "type": "Feature", "properties": { "ID": 2533250006260, "正式名称": "あかい歯科医院", "機関区分": 3, "都道府県コード": 25, "市区町村コード": 204, "所在地": "滋賀県近江八幡市池田本町１１０１－８", "緯度": 35.106619, "経度": 136.076148, "url": "https://www.iryou.teikyouseido.mhlw.go.jp/znk-web/juminkanja/S2430/initialize?prefCd=25&kikanCd=3250006260&kikanKbn=3", "url2": "http://akai-dentai.org", "内容": "あかい歯科医院【3:歯科】滋賀県近江八幡市池田本町１１０１－８" }, "geometry": { "type": "Point", "coordinates": [ 136.076148, 35.106619 ] } },
{ "type": "Feature", "properties": { "ID": 2533250006280, "正式名称": "ノア歯科クリニック", "機関区分": 3, "都道府県コード": 25, "市区町村コード": 203, "所在地": "滋賀県長浜市山階町２７１－１　イオン長浜店１階", "緯度": 35.397024, "経度": 136.289485, "url": "https://www.iryou.teikyouseido.mhlw.go.jp/znk-web/juminkanja/S2430/initialize?prefCd=25&kikanCd=3250006280&kikanKbn=3", "url2": null, "内容": "ノア歯科クリニック【3:歯科】滋賀県長浜市山階町２７１－１　イオン長浜店１階" }, "geometry": { "type": "Point", "coordinates": [ 136.289485, 35.397024 ] } },
{ "type": "Feature", "properties": { "ID": 2533250006290, "正式名称": "そら歯科クリニック", "機関区分": 3, "都道府県コード": 25, "市区町村コード": 201, "所在地": "滋賀県大津市鏡が浜５－１", "緯度": 35.032958, "経度": 135.866647, "url": "https://www.iryou.teikyouseido.mhlw.go.jp/znk-web/juminkanja/S2430/initialize?prefCd=25&kikanCd=3250006290&kikanKbn=3", "url2": "http://www.sora-dental.com/", "内容": "そら歯科クリニック【3:歯科】滋賀県大津市鏡が浜５－１" }, "geometry": { "type": "Point", "coordinates": [ 135.866647, 35.032958 ] } },
{ "type": "Feature", "properties": { "ID": 2533250006300, "正式名称": "しま歯科クリニック", "機関区分": 3, "都道府県コード": 25, "市区町村コード": 201, "所在地": "滋賀県大津市大萱１丁目１５－３４くきのビル１階", "緯度": 34.985567, "経度": 135.926484, "url": "https://www.iryou.teikyouseido.mhlw.go.jp/znk-web/juminkanja/S2430/initialize?prefCd=25&kikanCd=3250006300&kikanKbn=3", "url2": "http://www.shimadental.com", "内容": "しま歯科クリニック【3:歯科】滋賀県大津市大萱１丁目１５－３４くきのビル１階" }, "geometry": { "type": "Point", "coordinates": [ 135.926484, 34.985567 ] } },
{ "type": "Feature", "properties": { "ID": 2533250006310, "正式名称": "ひとみ小町歯科", "機関区分": 3, "都道府県コード": 25, "市区町村コード": 206, "所在地": "滋賀県草津市上笠４－３－３０センチュリーハイツ木村１階", "緯度": 35.031726, "経度": 135.941173, "url": "https://www.iryou.teikyouseido.mhlw.go.jp/znk-web/juminkanja/S2430/initialize?prefCd=25&kikanCd=3250006310&kikanKbn=3", "url2": "http://www.hitomi-komachi-dc.com", "内容": "ひとみ小町歯科【3:歯科】滋賀県草津市上笠４－３－３０センチュリーハイツ木村１階" }, "geometry": { "type": "Point", "coordinates": [ 135.941173, 35.031726 ] } },
{ "type": "Feature", "properties": { "ID": 2533250006330, "正式名称": "ハル歯科医院", "機関区分": 3, "都道府県コード": 25, "市区町村コード": 207, "所在地": "滋賀県守山市金森町字赤塚９９２", "緯度": 35.058835, "経度": 135.984284, "url": "https://www.iryou.teikyouseido.mhlw.go.jp/znk-web/juminkanja/S2430/initialize?prefCd=25&kikanCd=3250006330&kikanKbn=3", "url2": "http://harushika.net", "内容": "ハル歯科医院【3:歯科】滋賀県守山市金森町字赤塚９９２" }, "geometry": { "type": "Point", "coordinates": [ 135.984284, 35.058835 ] } },
{ "type": "Feature", "properties": { "ID": 2533250006350, "正式名称": "医療法人きたがわ矯正歯科", "機関区分": 3, "都道府県コード": 25, "市区町村コード": 202, "所在地": "滋賀県彦根市高宮町１４１８－１　ウェルスＭｏｒｉ　１Ｆ", "緯度": 35.242779, "経度": 136.254355, "url": "https://www.iryou.teikyouseido.mhlw.go.jp/znk-web/juminkanja/S2430/initialize?prefCd=25&kikanCd=3250006350&kikanKbn=3", "url2": "http://www.kitagawa-ortho.com", "内容": "医療法人きたがわ矯正歯科【3:歯科】滋賀県彦根市高宮町１４１８－１　ウェルスＭｏｒｉ　１Ｆ" }, "geometry": { "type": "Point", "coordinates": [ 136.254355, 35.242779 ] } },
{ "type": "Feature", "properties": { "ID": 2533250006380, "正式名称": "医療法人創成会　滋賀　湖南トラスト歯科・矯正歯科", "機関区分": 3, "都道府県コード": 25, "市区町村コード": 211, "所在地": "滋賀県湖南市菩提寺西三丁目１１番２９号", "緯度": 35.039338, "経度": 136.061489, "url": "https://www.iryou.teikyouseido.mhlw.go.jp/znk-web/juminkanja/S2430/initialize?prefCd=25&kikanCd=3250006380&kikanKbn=3", "url2": "http://souseikai-trust.jp/konan/", "内容": "医療法人創成会　滋賀　湖南トラスト歯科・矯正歯科【3:歯科】滋賀県湖南市菩提寺西三丁目１１番２９号" }, "geometry": { "type": "Point", "coordinates": [ 136.061489, 35.039338 ] } },
{ "type": "Feature", "properties": { "ID": 2533250006390, "正式名称": "しらせデンタルクリニック", "機関区分": 3, "都道府県コード": 25, "市区町村コード": 201, "所在地": "滋賀県大津市粟津町１７－３９　スタイルⅡ１Ｆ", "緯度": 34.969007, "経度": 135.895718, "url": "https://www.iryou.teikyouseido.mhlw.go.jp/znk-web/juminkanja/S2430/initialize?prefCd=25&kikanCd=3250006390&kikanKbn=3", "url2": "https://www.shiga-endodontist.com/", "内容": "しらせデンタルクリニック【3:歯科】滋賀県大津市粟津町１７－３９　スタイルⅡ１Ｆ" }, "geometry": { "type": "Point", "coordinates": [ 135.895718, 34.969007 ] } },
{ "type": "Feature", "properties": { "ID": 2533250006410, "正式名称": "たむら歯科クリニック", "機関区分": 3, "都道府県コード": 25, "市区町村コード": 207, "所在地": "滋賀県守山市梅田町１０－１－２０２", "緯度": 35.053727, "経度": 135.996254, "url": "https://www.iryou.teikyouseido.mhlw.go.jp/znk-web/juminkanja/S2430/initialize?prefCd=25&kikanCd=3250006410&kikanKbn=3", "url2": "tamura-dental.jp", "内容": "たむら歯科クリニック【3:歯科】滋賀県守山市梅田町１０－１－２０２" }, "geometry": { "type": "Point", "coordinates": [ 135.996254, 35.053727 ] } },
{ "type": "Feature", "properties": { "ID": 2533250006430, "正式名称": "植西第二歯科", "機関区分": 3, "都道府県コード": 25, "市区町村コード": 201, "所在地": "滋賀県大津市唐崎二丁目１－１３", "緯度": 35.046906, "経度": 135.864992, "url": "https://www.iryou.teikyouseido.mhlw.go.jp/znk-web/juminkanja/S2430/initialize?prefCd=25&kikanCd=3250006430&kikanKbn=3", "url2": null, "内容": "植西第二歯科【3:歯科】滋賀県大津市唐崎二丁目１－１３" }, "geometry": { "type": "Point", "coordinates": [ 135.864992, 35.046906 ] } },
{ "type": "Feature", "properties": { "ID": 2533250006440, "正式名称": "医療法人社団　武流会　奥田歯科", "機関区分": 3, "都道府県コード": 25, "市区町村コード": 206, "所在地": "滋賀県草津市大路二丁目１番７号プレサンスロジェクサツ１０１号", "緯度": 35.019608, "経度": 135.962158, "url": "https://www.iryou.teikyouseido.mhlw.go.jp/znk-web/juminkanja/S2430/initialize?prefCd=25&kikanCd=3250006440&kikanKbn=3", "url2": "http://www.okudashika.com/", "内容": "医療法人社団　武流会　奥田歯科【3:歯科】滋賀県草津市大路二丁目１番７号プレサンスロジェクサツ１０１号" }, "geometry": { "type": "Point", "coordinates": [ 135.962158, 35.019608 ] } },
{ "type": "Feature", "properties": { "ID": 2533250006460, "正式名称": "高山歯科医院", "機関区分": 3, "都道府県コード": 25, "市区町村コード": 201, "所在地": "滋賀県大津市皇子が丘２－１０－２５　大津ＭＡＲＹ１階", "緯度": 35.024398, "経度": 135.858443, "url": "https://www.iryou.teikyouseido.mhlw.go.jp/znk-web/juminkanja/S2430/initialize?prefCd=25&kikanCd=3250006460&kikanKbn=3", "url2": "https://perio-takayamashika.com/", "内容": "高山歯科医院【3:歯科】滋賀県大津市皇子が丘２－１０－２５　大津ＭＡＲＹ１階" }, "geometry": { "type": "Point", "coordinates": [ 135.858443, 35.024398 ] } },
{ "type": "Feature", "properties": { "ID": 2533250006480, "正式名称": "小川歯科医院", "機関区分": 3, "都道府県コード": 25, "市区町村コード": 201, "所在地": "滋賀県大津市松原町９－１０", "緯度": 34.979084, "経度": 135.904256, "url": "https://www.iryou.teikyouseido.mhlw.go.jp/znk-web/juminkanja/S2430/initialize?prefCd=25&kikanCd=3250006480&kikanKbn=3", "url2": "http://shika-ogawa.jp/", "内容": "小川歯科医院【3:歯科】滋賀県大津市松原町９－１０" }, "geometry": { "type": "Point", "coordinates": [ 135.904256, 34.979084 ] } },
{ "type": "Feature", "properties": { "ID": 2533250006500, "正式名称": "西田歯科医院", "機関区分": 3, "都道府県コード": 25, "市区町村コード": 209, "所在地": "滋賀県甲賀市甲賀町大原中１０７２－９", "緯度": 34.900542, "経度": 136.219567, "url": "https://www.iryou.teikyouseido.mhlw.go.jp/znk-web/juminkanja/S2430/initialize?prefCd=25&kikanCd=3250006500&kikanKbn=3", "url2": "https://www.dc-nishida.com", "内容": "西田歯科医院【3:歯科】滋賀県甲賀市甲賀町大原中１０７２－９" }, "geometry": { "type": "Point", "coordinates": [ 136.219567, 34.900542 ] } },
{ "type": "Feature", "properties": { "ID": 2533250006510, "正式名称": "医療法人　せの歯科医院", "機関区分": 3, "都道府県コード": 25, "市区町村コード": 207, "所在地": "滋賀県守山市播磨田町３９１－２　Ｒｅボーン２Ｆ", "緯度": 35.071241, "経度": 135.99506, "url": "https://www.iryou.teikyouseido.mhlw.go.jp/znk-web/juminkanja/S2430/initialize?prefCd=25&kikanCd=3250006510&kikanKbn=3", "url2": "http://senodental.com", "内容": "医療法人　せの歯科医院【3:歯科】滋賀県守山市播磨田町３９１－２　Ｒｅボーン２Ｆ" }, "geometry": { "type": "Point", "coordinates": [ 135.99506, 35.071241 ] } },
{ "type": "Feature", "properties": { "ID": 2533250006520, "正式名称": "医療法人まおか歯科クリニック", "機関区分": 3, "都道府県コード": 25, "市区町村コード": 201, "所在地": "滋賀県大津市下阪本６丁目４１－５", "緯度": 35.070142, "経度": 135.882059, "url": "https://www.iryou.teikyouseido.mhlw.go.jp/znk-web/juminkanja/S2430/initialize?prefCd=25&kikanCd=3250006520&kikanKbn=3", "url2": null, "内容": "医療法人まおか歯科クリニック【3:歯科】滋賀県大津市下阪本６丁目４１－５" }, "geometry": { "type": "Point", "coordinates": [ 135.882059, 35.070142 ] } },
{ "type": "Feature", "properties": { "ID": 2533250006530, "正式名称": "西連寺歯科クリニック", "機関区分": 3, "都道府県コード": 25, "市区町村コード": 203, "所在地": "滋賀県長浜市湖北町小倉１８３", "緯度": 35.437765, "経度": 136.240856, "url": "https://www.iryou.teikyouseido.mhlw.go.jp/znk-web/juminkanja/S2430/initialize?prefCd=25&kikanCd=3250006530&kikanKbn=3", "url2": "http://sairenji-shika.com/", "内容": "西連寺歯科クリニック【3:歯科】滋賀県長浜市湖北町小倉１８３" }, "geometry": { "type": "Point", "coordinates": [ 136.240856, 35.437765 ] } },
{ "type": "Feature", "properties": { "ID": 2533250006540, "正式名称": "あおば横井歯科医院", "機関区分": 3, "都道府県コード": 25, "市区町村コード": 203, "所在地": "滋賀県長浜市西浅井町塩津浜１４５８", "緯度": 35.524232, "経度": 136.160661, "url": "https://www.iryou.teikyouseido.mhlw.go.jp/znk-web/juminkanja/S2430/initialize?prefCd=25&kikanCd=3250006540&kikanKbn=3", "url2": "http://aoba-yokoi-dental.com/", "内容": "あおば横井歯科医院【3:歯科】滋賀県長浜市西浅井町塩津浜１４５８" }, "geometry": { "type": "Point", "coordinates": [ 136.160661, 35.524232 ] } },
{ "type": "Feature", "properties": { "ID": 2533250006550, "正式名称": "かず歯科クリニック", "機関区分": 3, "都道府県コード": 25, "市区町村コード": 206, "所在地": "滋賀県草津市西渋川１丁目１７ー２０　フォースビル１階", "緯度": 35.026593, "経度": 135.962969, "url": "https://www.iryou.teikyouseido.mhlw.go.jp/znk-web/juminkanja/S2430/initialize?prefCd=25&kikanCd=3250006550&kikanKbn=3", "url2": "http://kazushika.net", "内容": "かず歯科クリニック【3:歯科】滋賀県草津市西渋川１丁目１７ー２０　フォースビル１階" }, "geometry": { "type": "Point", "coordinates": [ 135.962969, 35.026593 ] } },
{ "type": "Feature", "properties": { "ID": 2533250006560, "正式名称": "のとがわ中央歯科", "機関区分": 3, "都道府県コード": 25, "市区町村コード": 213, "所在地": "滋賀県東近江市林町６７９", "緯度": 35.183724, "経度": 136.160465, "url": "https://www.iryou.teikyouseido.mhlw.go.jp/znk-web/juminkanja/S2430/initialize?prefCd=25&kikanCd=3250006560&kikanKbn=3", "url2": "notogawa-dental.jp", "内容": "のとがわ中央歯科【3:歯科】滋賀県東近江市林町６７９" }, "geometry": { "type": "Point", "coordinates": [ 136.160465, 35.183724 ] } },
{ "type": "Feature", "properties": { "ID": 2533250006570, "正式名称": "かが井歯科", "機関区分": 3, "都道府県コード": 25, "市区町村コード": 203, "所在地": "滋賀県長浜市祇園町７０４－２", "緯度": 35.386691, "経度": 136.253388, "url": "https://www.iryou.teikyouseido.mhlw.go.jp/znk-web/juminkanja/S2430/initialize?prefCd=25&kikanCd=3250006570&kikanKbn=3", "url2": "kagaishika.com", "内容": "かが井歯科【3:歯科】滋賀県長浜市祇園町７０４－２" }, "geometry": { "type": "Point", "coordinates": [ 136.253388, 35.386691 ] } },
{ "type": "Feature", "properties": { "ID": 2533250006580, "正式名称": "しがや歯科医院", "機関区分": 3, "都道府県コード": 25, "市区町村コード": 202, "所在地": "滋賀県彦根市日夏町３８００番地１", "緯度": 35.229912, "経度": 136.218096, "url": "https://www.iryou.teikyouseido.mhlw.go.jp/znk-web/juminkanja/S2430/initialize?prefCd=25&kikanCd=3250006580&kikanKbn=3", "url2": "http://shigaya.cihp.jp/", "内容": "しがや歯科医院【3:歯科】滋賀県彦根市日夏町３８００番地１" }, "geometry": { "type": "Point", "coordinates": [ 136.218096, 35.229912 ] } },
{ "type": "Feature", "properties": { "ID": 2533250006590, "正式名称": "大津むらた歯科・矯正歯科", "機関区分": 3, "都道府県コード": 25, "市区町村コード": 201, "所在地": "滋賀県大津市春日町２番１号　ＣＯＣＯＬＡＳ大津２０５号", "緯度": 35.003381, "経度": 135.862918, "url": "https://www.iryou.teikyouseido.mhlw.go.jp/znk-web/juminkanja/S2430/initialize?prefCd=25&kikanCd=3250006590&kikanKbn=3", "url2": "http://murata-shika.com/", "内容": "大津むらた歯科・矯正歯科【3:歯科】滋賀県大津市春日町２番１号　ＣＯＣＯＬＡＳ大津２０５号" }, "geometry": { "type": "Point", "coordinates": [ 135.862918, 35.003381 ] } },
{ "type": "Feature", "properties": { "ID": 2533250006610, "正式名称": "医療法人輝翔会　西大津歯科医院", "機関区分": 3, "都道府県コード": 25, "市区町村コード": 201, "所在地": "滋賀県大津市皇子が丘二丁目３－１６", "緯度": 35.022855, "経度": 135.857441, "url": "https://www.iryou.teikyouseido.mhlw.go.jp/znk-web/juminkanja/S2430/initialize?prefCd=25&kikanCd=3250006610&kikanKbn=3", "url2": "https://www.nishiotsu-d.com/", "内容": "医療法人輝翔会　西大津歯科医院【3:歯科】滋賀県大津市皇子が丘二丁目３－１６" }, "geometry": { "type": "Point", "coordinates": [ 135.857441, 35.022855 ] } },
{ "type": "Feature", "properties": { "ID": 2533250006630, "正式名称": "サタケ歯科", "機関区分": 3, "都道府県コード": 25, "市区町村コード": 202, "所在地": "滋賀県彦根市高宮町１５５５ー１フェーザントビル１Ｆ", "緯度": 35.240039, "経度": 136.258398, "url": "https://www.iryou.teikyouseido.mhlw.go.jp/znk-web/juminkanja/S2430/initialize?prefCd=25&kikanCd=3250006630&kikanKbn=3", "url2": null, "内容": "サタケ歯科【3:歯科】滋賀県彦根市高宮町１５５５ー１フェーザントビル１Ｆ" }, "geometry": { "type": "Point", "coordinates": [ 136.258398, 35.240039 ] } },
{ "type": "Feature", "properties": { "ID": 2533250006640, "正式名称": "はなよし歯科・矯正歯科", "機関区分": 3, "都道府県コード": 25, "市区町村コード": 201, "所在地": "滋賀県大津市京町３丁目４番３２号　第１４森田ビル１Ｆ", "緯度": 35.005443, "経度": 135.867774, "url": "https://www.iryou.teikyouseido.mhlw.go.jp/znk-web/juminkanja/S2430/initialize?prefCd=25&kikanCd=3250006640&kikanKbn=3", "url2": "http://www.hanayoshi-shika.com/", "内容": "はなよし歯科・矯正歯科【3:歯科】滋賀県大津市京町３丁目４番３２号　第１４森田ビル１Ｆ" }, "geometry": { "type": "Point", "coordinates": [ 135.867774, 35.005443 ] } },
{ "type": "Feature", "properties": { "ID": 2533250006650, "正式名称": "医療法人有真会　アットホーム彦根歯科医院", "機関区分": 3, "都道府県コード": 25, "市区町村コード": 202, "所在地": "滋賀県彦根市古沢町２５５番地の１", "緯度": 35.270615, "経度": 136.268408, "url": "https://www.iryou.teikyouseido.mhlw.go.jp/znk-web/juminkanja/S2430/initialize?prefCd=25&kikanCd=3250006650&kikanKbn=3", "url2": "http://athome-hikone.com/", "内容": "医療法人有真会　アットホーム彦根歯科医院【3:歯科】滋賀県彦根市古沢町２５５番地の１" }, "geometry": { "type": "Point", "coordinates": [ 136.268408, 35.270615 ] } },
{ "type": "Feature", "properties": { "ID": 2533250006660, "正式名称": "毛利歯科医院", "機関区分": 3, "都道府県コード": 25, "市区町村コード": 201, "所在地": "滋賀県大津市丸の内町９－３０ＫＩＮＰＡ１０２", "緯度": 34.995979, "経度": 135.893254, "url": "https://www.iryou.teikyouseido.mhlw.go.jp/znk-web/juminkanja/S2430/initialize?prefCd=25&kikanCd=3250006660&kikanKbn=3", "url2": "http://www.mouri-dental.com", "内容": "毛利歯科医院【3:歯科】滋賀県大津市丸の内町９－３０ＫＩＮＰＡ１０２" }, "geometry": { "type": "Point", "coordinates": [ 135.893254, 34.995979 ] } },
{ "type": "Feature", "properties": { "ID": 2533250006680, "正式名称": "こば歯科・矯正歯科クリニック", "機関区分": 3, "都道府県コード": 25, "市区町村コード": 202, "所在地": "滋賀県彦根市後三条町４９４－２", "緯度": 35.263408, "経度": 136.247681, "url": "https://www.iryou.teikyouseido.mhlw.go.jp/znk-web/juminkanja/S2430/initialize?prefCd=25&kikanCd=3250006680&kikanKbn=3", "url2": "http://kobadental.jp/", "内容": "こば歯科・矯正歯科クリニック【3:歯科】滋賀県彦根市後三条町４９４－２" }, "geometry": { "type": "Point", "coordinates": [ 136.247681, 35.263408 ] } },
{ "type": "Feature", "properties": { "ID": 2533250006700, "正式名称": "おおはしファミリー歯科", "機関区分": 3, "都道府県コード": 25, "市区町村コード": 208, "所在地": "滋賀県栗東市小平井１丁目１６－１４", "緯度": 35.037973, "経度": 135.967339, "url": "https://www.iryou.teikyouseido.mhlw.go.jp/znk-web/juminkanja/S2430/initialize?prefCd=25&kikanCd=3250006700&kikanKbn=3", "url2": null, "内容": "おおはしファミリー歯科【3:歯科】滋賀県栗東市小平井１丁目１６－１４" }, "geometry": { "type": "Point", "coordinates": [ 135.967339, 35.037973 ] } },
{ "type": "Feature", "properties": { "ID": 2533250006720, "正式名称": "きたはら歯科医院", "機関区分": 3, "都道府県コード": 25, "市区町村コード": 210, "所在地": "滋賀県野洲市小南１２４０－２", "緯度": 35.10444, "経度": 136.052011, "url": "https://www.iryou.teikyouseido.mhlw.go.jp/znk-web/juminkanja/S2430/initialize?prefCd=25&kikanCd=3250006720&kikanKbn=3", "url2": "http://kitahara49dental.com/", "内容": "きたはら歯科医院【3:歯科】滋賀県野洲市小南１２４０－２" }, "geometry": { "type": "Point", "coordinates": [ 136.052011, 35.10444 ] } },
{ "type": "Feature", "properties": { "ID": 2533250006740, "正式名称": "竹村歯科医院", "機関区分": 3, "都道府県コード": 25, "市区町村コード": 209, "所在地": "滋賀県甲賀市甲南町寺庄９５２", "緯度": 34.920303, "経度": 136.178726, "url": "https://www.iryou.teikyouseido.mhlw.go.jp/znk-web/juminkanja/S2430/initialize?prefCd=25&kikanCd=3250006740&kikanKbn=3", "url2": "https://takemura-dental-clinic-kokashi.jimdofree.com/", "内容": "竹村歯科医院【3:歯科】滋賀県甲賀市甲南町寺庄９５２" }, "geometry": { "type": "Point", "coordinates": [ 136.178726, 34.920303 ] } },
{ "type": "Feature", "properties": { "ID": 2533250006750, "正式名称": "おおたに歯科医院　滋賀ペリオ・インプラント", "機関区分": 3, "都道府県コード": 25, "市区町村コード": 207, "所在地": "滋賀県守山市吉身４－３－１６－４", "緯度": 35.059798, "経度": 135.998959, "url": "https://www.iryou.teikyouseido.mhlw.go.jp/znk-web/juminkanja/S2430/initialize?prefCd=25&kikanCd=3250006750&kikanKbn=3", "url2": "https://www.otani-implant.com", "内容": "おおたに歯科医院　滋賀ペリオ・インプラント【3:歯科】滋賀県守山市吉身４－３－１６－４" }, "geometry": { "type": "Point", "coordinates": [ 135.998959, 35.059798 ] } },
{ "type": "Feature", "properties": { "ID": 2533250006760, "正式名称": "フレンド歯科", "機関区分": 3, "都道府県コード": 25, "市区町村コード": 211, "所在地": "滋賀県湖南市菩提寺西一丁目２－３", "緯度": 35.030833, "経度": 136.062708, "url": "https://www.iryou.teikyouseido.mhlw.go.jp/znk-web/juminkanja/S2430/initialize?prefCd=25&kikanCd=3250006760&kikanKbn=3", "url2": null, "内容": "フレンド歯科【3:歯科】滋賀県湖南市菩提寺西一丁目２－３" }, "geometry": { "type": "Point", "coordinates": [ 136.062708, 35.030833 ] } },
{ "type": "Feature", "properties": { "ID": 2533250006770, "正式名称": "こころ歯科クリニック", "機関区分": 3, "都道府県コード": 25, "市区町村コード": 201, "所在地": "滋賀県大津市神領３丁目１２－７－１０６号", "緯度": 34.969658, "経度": 135.916949, "url": "https://www.iryou.teikyouseido.mhlw.go.jp/znk-web/juminkanja/S2430/initialize?prefCd=25&kikanCd=3250006770&kikanKbn=3", "url2": "http://www.cocoro-dental-clinic.com/", "内容": "こころ歯科クリニック【3:歯科】滋賀県大津市神領３丁目１２－７－１０６号" }, "geometry": { "type": "Point", "coordinates": [ 135.916949, 34.969658 ] } },
{ "type": "Feature", "properties": { "ID": 2533250006790, "正式名称": "佐田歯科医院", "機関区分": 3, "都道府県コード": 25, "市区町村コード": 201, "所在地": "滋賀県大津市和邇中浜３３６番地の３", "緯度": 35.161082, "経度": 135.922926, "url": "https://www.iryou.teikyouseido.mhlw.go.jp/znk-web/juminkanja/S2430/initialize?prefCd=25&kikanCd=3250006790&kikanKbn=3", "url2": null, "内容": "佐田歯科医院【3:歯科】滋賀県大津市和邇中浜３３６番地の３" }, "geometry": { "type": "Point", "coordinates": [ 135.922926, 35.161082 ] } },
{ "type": "Feature", "properties": { "ID": 2533250006810, "正式名称": "医療法人孔永会　コウ歯科クリニック", "機関区分": 3, "都道府県コード": 25, "市区町村コード": 384, "所在地": "滋賀県蒲生郡竜王町小口１６５８－１", "緯度": 35.061142, "経度": 136.122549, "url": "https://www.iryou.teikyouseido.mhlw.go.jp/znk-web/juminkanja/S2430/initialize?prefCd=25&kikanCd=3250006810&kikanKbn=3", "url2": "http://www.kou-dental.com/index.html", "内容": "医療法人孔永会　コウ歯科クリニック【3:歯科】滋賀県蒲生郡竜王町小口１６５８－１" }, "geometry": { "type": "Point", "coordinates": [ 136.122549, 35.061142 ] } },
{ "type": "Feature", "properties": { "ID": 2533250006820, "正式名称": "大上歯科医院", "機関区分": 3, "都道府県コード": 25, "市区町村コード": 206, "所在地": "滋賀県草津市東草津３丁目５－２７", "緯度": 35.013665, "経度": 135.969232, "url": "https://www.iryou.teikyouseido.mhlw.go.jp/znk-web/juminkanja/S2430/initialize?prefCd=25&kikanCd=3250006820&kikanKbn=3", "url2": "http://www.oue-dc.com", "内容": "大上歯科医院【3:歯科】滋賀県草津市東草津３丁目５－２７" }, "geometry": { "type": "Point", "coordinates": [ 135.969232, 35.013665 ] } },
{ "type": "Feature", "properties": { "ID": 2533250006840, "正式名称": "中村歯科医院", "機関区分": 3, "都道府県コード": 25, "市区町村コード": 201, "所在地": "滋賀県大津市木戸１１６番地１２", "緯度": 35.201006, "経度": 135.924349, "url": "https://www.iryou.teikyouseido.mhlw.go.jp/znk-web/juminkanja/S2430/initialize?prefCd=25&kikanCd=3250006840&kikanKbn=3", "url2": "https://www.nakamura-shika.com/", "内容": "中村歯科医院【3:歯科】滋賀県大津市木戸１１６番地１２" }, "geometry": { "type": "Point", "coordinates": [ 135.924349, 35.201006 ] } },
{ "type": "Feature", "properties": { "ID": 2533250006850, "正式名称": "医療法人社団ちひろ会　たきい歯科医院", "機関区分": 3, "都道府県コード": 25, "市区町村コード": 202, "所在地": "滋賀県彦根市田原町３６５番地１", "緯度": 35.21165, "経度": 136.177905, "url": "https://www.iryou.teikyouseido.mhlw.go.jp/znk-web/juminkanja/S2430/initialize?prefCd=25&kikanCd=3250006850&kikanKbn=3", "url2": "http://www.takii-dental-clinic.com", "内容": "医療法人社団ちひろ会　たきい歯科医院【3:歯科】滋賀県彦根市田原町３６５番地１" }, "geometry": { "type": "Point", "coordinates": [ 136.177905, 35.21165 ] } },
{ "type": "Feature", "properties": { "ID": 2533250006860, "正式名称": "粲歯科", "機関区分": 3, "都道府県コード": 25, "市区町村コード": 209, "所在地": "滋賀県甲賀市甲賀町田堵野９３２－３", "緯度": 34.898767, "経度": 136.215406, "url": "https://www.iryou.teikyouseido.mhlw.go.jp/znk-web/juminkanja/S2430/initialize?prefCd=25&kikanCd=3250006860&kikanKbn=3", "url2": null, "内容": "粲歯科【3:歯科】滋賀県甲賀市甲賀町田堵野９３２－３" }, "geometry": { "type": "Point", "coordinates": [ 136.215406, 34.898767 ] } },
{ "type": "Feature", "properties": { "ID": 2533250006870, "正式名称": "尾松第二歯科", "機関区分": 3, "都道府県コード": 25, "市区町村コード": 201, "所在地": "滋賀県大津市真野１丁目３－３４", "緯度": 35.121603, "経度": 135.913104, "url": "https://www.iryou.teikyouseido.mhlw.go.jp/znk-web/juminkanja/S2430/initialize?prefCd=25&kikanCd=3250006870&kikanKbn=3", "url2": "https://omatsudaini.jp/", "内容": "尾松第二歯科【3:歯科】滋賀県大津市真野１丁目３－３４" }, "geometry": { "type": "Point", "coordinates": [ 135.913104, 35.121603 ] } },
{ "type": "Feature", "properties": { "ID": 2533250006880, "正式名称": "医療法人将和会佐野歯科クリニック", "機関区分": 3, "都道府県コード": 25, "市区町村コード": 201, "所在地": "滋賀県大津市湖青一丁目３番地９", "緯度": 35.139418, "経度": 135.919845, "url": "https://www.iryou.teikyouseido.mhlw.go.jp/znk-web/juminkanja/S2430/initialize?prefCd=25&kikanCd=3250006880&kikanKbn=3", "url2": "http://www.sano-dental.info/", "内容": "医療法人将和会佐野歯科クリニック【3:歯科】滋賀県大津市湖青一丁目３番地９" }, "geometry": { "type": "Point", "coordinates": [ 135.919845, 35.139418 ] } },
{ "type": "Feature", "properties": { "ID": 2533250006900, "正式名称": "医療法人寧静会　いしかわ矯正歯科", "機関区分": 3, "都道府県コード": 25, "市区町村コード": 206, "所在地": "滋賀県草津市追分南６丁目２０－９", "緯度": 34.993665, "経度": 135.96465, "url": "https://www.iryou.teikyouseido.mhlw.go.jp/znk-web/juminkanja/S2430/initialize?prefCd=25&kikanCd=3250006900&kikanKbn=3", "url2": "http://ishikawa8.jp/", "内容": "医療法人寧静会　いしかわ矯正歯科【3:歯科】滋賀県草津市追分南６丁目２０－９" }, "geometry": { "type": "Point", "coordinates": [ 135.96465, 34.993665 ] } },
{ "type": "Feature", "properties": { "ID": 2533250006920, "正式名称": "えくぼ歯科", "機関区分": 3, "都道府県コード": 25, "市区町村コード": 209, "所在地": "滋賀県甲賀市甲賀町上野１２０２番地", "緯度": 34.892026, "経度": 136.227261, "url": "https://www.iryou.teikyouseido.mhlw.go.jp/znk-web/juminkanja/S2430/initialize?prefCd=25&kikanCd=3250006920&kikanKbn=3", "url2": "http://ekubo-d.com/", "内容": "えくぼ歯科【3:歯科】滋賀県甲賀市甲賀町上野１２０２番地" }, "geometry": { "type": "Point", "coordinates": [ 136.227261, 34.892026 ] } },
{ "type": "Feature", "properties": { "ID": 2533250006930, "正式名称": "医療法人かがやき歯科クリニック", "機関区分": 3, "都道府県コード": 25, "市区町村コード": 206, "所在地": "滋賀県草津市追分南２丁目１－９", "緯度": 34.999133, "経度": 135.959711, "url": "https://www.iryou.teikyouseido.mhlw.go.jp/znk-web/juminkanja/S2430/initialize?prefCd=25&kikanCd=3250006930&kikanKbn=3", "url2": "https://www.kagayaki-dental.com/", "内容": "医療法人かがやき歯科クリニック【3:歯科】滋賀県草津市追分南２丁目１－９" }, "geometry": { "type": "Point", "coordinates": [ 135.959711, 34.999133 ] } },
{ "type": "Feature", "properties": { "ID": 2533250006940, "正式名称": "芦田歯科医院", "機関区分": 3, "都道府県コード": 25, "市区町村コード": 208, "所在地": "滋賀県栗東市御園１８２５", "緯度": 35.002937, "経度": 136.024151, "url": "https://www.iryou.teikyouseido.mhlw.go.jp/znk-web/juminkanja/S2430/initialize?prefCd=25&kikanCd=3250006940&kikanKbn=3", "url2": "https://plus.dentamap.jp/hpplus/user/AshidaShika2388/", "内容": "芦田歯科医院【3:歯科】滋賀県栗東市御園１８２５" }, "geometry": { "type": "Point", "coordinates": [ 136.024151, 35.002937 ] } },
{ "type": "Feature", "properties": { "ID": 2533250006960, "正式名称": "Ｋ　Ｄｅｎｔａｌ　Ｃｌｉｎｉｃ", "機関区分": 3, "都道府県コード": 25, "市区町村コード": 201, "所在地": "滋賀県大津市赤尾町１３－５５", "緯度": 34.943654, "経度": 135.906739, "url": "https://www.iryou.teikyouseido.mhlw.go.jp/znk-web/juminkanja/S2430/initialize?prefCd=25&kikanCd=3250006960&kikanKbn=3", "url2": "www.k-dental-clinic.net", "内容": "Ｋ　Ｄｅｎｔａｌ　Ｃｌｉｎｉｃ【3:歯科】滋賀県大津市赤尾町１３－５５" }, "geometry": { "type": "Point", "coordinates": [ 135.906739, 34.943654 ] } },
{ "type": "Feature", "properties": { "ID": 2533250006970, "正式名称": "パールデンタルクリニック", "機関区分": 3, "都道府県コード": 25, "市区町村コード": 201, "所在地": "滋賀県大津市平津１－３－８", "緯度": 34.952317, "経度": 135.910008, "url": "https://www.iryou.teikyouseido.mhlw.go.jp/znk-web/juminkanja/S2430/initialize?prefCd=25&kikanCd=3250006970&kikanKbn=3", "url2": "http://pearl24.dental-net.jp", "内容": "パールデンタルクリニック【3:歯科】滋賀県大津市平津１－３－８" }, "geometry": { "type": "Point", "coordinates": [ 135.910008, 34.952317 ] } },
{ "type": "Feature", "properties": { "ID": 2533250006980, "正式名称": "さくら歯科医院", "機関区分": 3, "都道府県コード": 25, "市区町村コード": 201, "所在地": "滋賀県大津市大平２－４－１５", "緯度": 34.954078, "経度": 135.900756, "url": "https://www.iryou.teikyouseido.mhlw.go.jp/znk-web/juminkanja/S2430/initialize?prefCd=25&kikanCd=3250006980&kikanKbn=3", "url2": null, "内容": "さくら歯科医院【3:歯科】滋賀県大津市大平２－４－１５" }, "geometry": { "type": "Point", "coordinates": [ 135.900756, 34.954078 ] } },
{ "type": "Feature", "properties": { "ID": 2533250006990, "正式名称": "にほ歯科医院", "機関区分": 3, "都道府県コード": 25, "市区町村コード": 208, "所在地": "滋賀県栗東市目川１４９１", "緯度": 35.017897, "経度": 135.97709, "url": "https://www.iryou.teikyouseido.mhlw.go.jp/znk-web/juminkanja/S2430/initialize?prefCd=25&kikanCd=3250006990&kikanKbn=3", "url2": null, "内容": "にほ歯科医院【3:歯科】滋賀県栗東市目川１４９１" }, "geometry": { "type": "Point", "coordinates": [ 135.97709, 35.017897 ] } },
{ "type": "Feature", "properties": { "ID": 2533250007000, "正式名称": "医療法人在伊鈦会　アロハ歯科", "機関区分": 3, "都道府県コード": 25, "市区町村コード": 207, "所在地": "滋賀県守山市勝部４丁目１０８８番Ｂｕ－Ｂｕ－Ｂｕ１０１号", "緯度": 35.043764, "経度": 135.994185, "url": "https://www.iryou.teikyouseido.mhlw.go.jp/znk-web/juminkanja/S2430/initialize?prefCd=25&kikanCd=3250007000&kikanKbn=3", "url2": "http://aloha-dc.jp/", "内容": "医療法人在伊鈦会　アロハ歯科【3:歯科】滋賀県守山市勝部４丁目１０８８番Ｂｕ－Ｂｕ－Ｂｕ１０１号" }, "geometry": { "type": "Point", "coordinates": [ 135.994185, 35.043764 ] } },
{ "type": "Feature", "properties": { "ID": 2533250007010, "正式名称": "医療法人　やまだファミリー歯科", "機関区分": 3, "都道府県コード": 25, "市区町村コード": 202, "所在地": "滋賀県彦根市野瀬町５８番地２", "緯度": 35.249402, "経度": 136.23519, "url": "https://www.iryou.teikyouseido.mhlw.go.jp/znk-web/juminkanja/S2430/initialize?prefCd=25&kikanCd=3250007010&kikanKbn=3", "url2": "http://yamada-fdc.com/", "内容": "医療法人　やまだファミリー歯科【3:歯科】滋賀県彦根市野瀬町５８番地２" }, "geometry": { "type": "Point", "coordinates": [ 136.23519, 35.249402 ] } },
{ "type": "Feature", "properties": { "ID": 2533250007020, "正式名称": "二町中西歯科医院", "機関区分": 3, "都道府県コード": 25, "市区町村コード": 207, "所在地": "滋賀県守山市二町町２１６－３", "緯度": 35.046587, "経度": 135.980488, "url": "https://www.iryou.teikyouseido.mhlw.go.jp/znk-web/juminkanja/S2430/initialize?prefCd=25&kikanCd=3250007020&kikanKbn=3", "url2": "http://www.nakanishi-shika.jp", "内容": "二町中西歯科医院【3:歯科】滋賀県守山市二町町２１６－３" }, "geometry": { "type": "Point", "coordinates": [ 135.980488, 35.046587 ] } },
{ "type": "Feature", "properties": { "ID": 2533250007030, "正式名称": "植西歯科医院", "機関区分": 3, "都道府県コード": 25, "市区町村コード": 201, "所在地": "滋賀県大津市長等２－３－１４", "緯度": 35.008683, "経度": 135.858869, "url": "https://www.iryou.teikyouseido.mhlw.go.jp/znk-web/juminkanja/S2430/initialize?prefCd=25&kikanCd=3250007030&kikanKbn=3", "url2": null, "内容": "植西歯科医院【3:歯科】滋賀県大津市長等２－３－１４" }, "geometry": { "type": "Point", "coordinates": [ 135.858869, 35.008683 ] } },
{ "type": "Feature", "properties": { "ID": 2533250007040, "正式名称": "ＫＥＮＧＯ　ＤＥＮＴＡＬ　ＣＬＩＮＩＣ", "機関区分": 3, "都道府県コード": 25, "市区町村コード": 209, "所在地": "滋賀県甲賀市水口町虫生野１０１５－７", "緯度": 34.950921, "経度": 136.153519, "url": "https://www.iryou.teikyouseido.mhlw.go.jp/znk-web/juminkanja/S2430/initialize?prefCd=25&kikanCd=3250007040&kikanKbn=3", "url2": "kengodental.com", "内容": "ＫＥＮＧＯ　ＤＥＮＴＡＬ　ＣＬＩＮＩＣ【3:歯科】滋賀県甲賀市水口町虫生野１０１５－７" }, "geometry": { "type": "Point", "coordinates": [ 136.153519, 34.950921 ] } },
{ "type": "Feature", "properties": { "ID": 2533250007050, "正式名称": "阿部Ｄ歯科医院", "機関区分": 3, "都道府県コード": 25, "市区町村コード": 213, "所在地": "滋賀県東近江市種町１７１０－４", "緯度": 35.184355, "経度": 136.177977, "url": "https://www.iryou.teikyouseido.mhlw.go.jp/znk-web/juminkanja/S2430/initialize?prefCd=25&kikanCd=3250007050&kikanKbn=3", "url2": "https://www.abddc.shiga.jp", "内容": "阿部Ｄ歯科医院【3:歯科】滋賀県東近江市種町１７１０－４" }, "geometry": { "type": "Point", "coordinates": [ 136.177977, 35.184355 ] } },
{ "type": "Feature", "properties": { "ID": 2533250007060, "正式名称": "あかい矯正歯科", "機関区分": 3, "都道府県コード": 25, "市区町村コード": 202, "所在地": "滋賀県彦根市大薮町２１６０", "緯度": 35.267153, "経度": 136.238789, "url": "https://www.iryou.teikyouseido.mhlw.go.jp/znk-web/juminkanja/S2430/initialize?prefCd=25&kikanCd=3250007060&kikanKbn=3", "url2": "akaikyousei.com", "内容": "あかい矯正歯科【3:歯科】滋賀県彦根市大薮町２１６０" }, "geometry": { "type": "Point", "coordinates": [ 136.238789, 35.267153 ] } },
{ "type": "Feature", "properties": { "ID": 2533250007070, "正式名称": "医療法人社団　すもと岡本歯科", "機関区分": 3, "都道府県コード": 25, "市区町村コード": 207, "所在地": "滋賀県守山市洲本町１２５７", "緯度": 35.088489, "経度": 135.971128, "url": "https://www.iryou.teikyouseido.mhlw.go.jp/znk-web/juminkanja/S2430/initialize?prefCd=25&kikanCd=3250007070&kikanKbn=3", "url2": "http://www.sumoto-okamoto.com/", "内容": "医療法人社団　すもと岡本歯科【3:歯科】滋賀県守山市洲本町１２５７" }, "geometry": { "type": "Point", "coordinates": [ 135.971128, 35.088489 ] } },
{ "type": "Feature", "properties": { "ID": 2533250007080, "正式名称": "中西歯科医院", "機関区分": 3, "都道府県コード": 25, "市区町村コード": 207, "所在地": "滋賀県守山市守山５－１－３８", "緯度": 35.060065, "経度": 135.988263, "url": "https://www.iryou.teikyouseido.mhlw.go.jp/znk-web/juminkanja/S2430/initialize?prefCd=25&kikanCd=3250007080&kikanKbn=3", "url2": "http://www.nakanishi-shika.jp", "内容": "中西歯科医院【3:歯科】滋賀県守山市守山５－１－３８" }, "geometry": { "type": "Point", "coordinates": [ 135.988263, 35.060065 ] } },
{ "type": "Feature", "properties": { "ID": 2533250007100, "正式名称": "医療法人　八木歯科", "機関区分": 3, "都道府県コード": 25, "市区町村コード": 201, "所在地": "滋賀県大津市神領一丁目１２番１５号", "緯度": 34.973752, "経度": 135.912055, "url": "https://www.iryou.teikyouseido.mhlw.go.jp/znk-web/juminkanja/S2430/initialize?prefCd=25&kikanCd=3250007100&kikanKbn=3", "url2": "http://www.yagishika.jp/", "内容": "医療法人　八木歯科【3:歯科】滋賀県大津市神領一丁目１２番１５号" }, "geometry": { "type": "Point", "coordinates": [ 135.912055, 34.973752 ] } },
{ "type": "Feature", "properties": { "ID": 2533250007110, "正式名称": "オレンジ倶楽部歯科", "機関区分": 3, "都道府県コード": 25, "市区町村コード": 201, "所在地": "滋賀県大津市別保２丁目８－３３", "緯度": 34.982433, "経度": 135.893046, "url": "https://www.iryou.teikyouseido.mhlw.go.jp/znk-web/juminkanja/S2430/initialize?prefCd=25&kikanCd=3250007110&kikanKbn=3", "url2": null, "内容": "オレンジ倶楽部歯科【3:歯科】滋賀県大津市別保２丁目８－３３" }, "geometry": { "type": "Point", "coordinates": [ 135.893046, 34.982433 ] } },
{ "type": "Feature", "properties": { "ID": 2533250007120, "正式名称": "医療法人トリプルウィン　野洲Ｕ歯科・矯正歯科", "機関区分": 3, "都道府県コード": 25, "市区町村コード": 210, "所在地": "滋賀県野洲市久野部１９４－１", "緯度": 35.072189, "経度": 136.025481, "url": "https://www.iryou.teikyouseido.mhlw.go.jp/znk-web/juminkanja/S2430/initialize?prefCd=25&kikanCd=3250007120&kikanKbn=3", "url2": "http://u-shika.jp", "内容": "医療法人トリプルウィン　野洲Ｕ歯科・矯正歯科【3:歯科】滋賀県野洲市久野部１９４－１" }, "geometry": { "type": "Point", "coordinates": [ 136.025481, 35.072189 ] } },
{ "type": "Feature", "properties": { "ID": 2533250007130, "正式名称": "医療法人永生会　守山駅前歯科", "機関区分": 3, "都道府県コード": 25, "市区町村コード": 207, "所在地": "滋賀県守山市浮気町３４６－２０", "緯度": 35.05096, "経度": 135.999319, "url": "https://www.iryou.teikyouseido.mhlw.go.jp/znk-web/juminkanja/S2430/initialize?prefCd=25&kikanCd=3250007130&kikanKbn=3", "url2": "http://www.moriyama1818.jp/", "内容": "医療法人永生会　守山駅前歯科【3:歯科】滋賀県守山市浮気町３４６－２０" }, "geometry": { "type": "Point", "coordinates": [ 135.999319, 35.05096 ] } },
{ "type": "Feature", "properties": { "ID": 2533250007140, "正式名称": "医療法人あきひこ　アキヨシデンタルクリニック", "機関区分": 3, "都道府県コード": 25, "市区町村コード": 206, "所在地": "滋賀県草津市青地町６９２－８", "緯度": 35.007935, "経度": 135.96941, "url": "https://www.iryou.teikyouseido.mhlw.go.jp/znk-web/juminkanja/S2430/initialize?prefCd=25&kikanCd=3250007140&kikanKbn=3", "url2": "http://www.akiyoshi-dc.com", "内容": "医療法人あきひこ　アキヨシデンタルクリニック【3:歯科】滋賀県草津市青地町６９２－８" }, "geometry": { "type": "Point", "coordinates": [ 135.96941, 35.007935 ] } },
{ "type": "Feature", "properties": { "ID": 2533250007150, "正式名称": "ひめの歯科クリニック", "機関区分": 3, "都道府県コード": 25, "市区町村コード": 213, "所在地": "滋賀県東近江市建部上中町６０６番地", "緯度": 35.12408, "経度": 136.198021, "url": "https://www.iryou.teikyouseido.mhlw.go.jp/znk-web/juminkanja/S2430/initialize?prefCd=25&kikanCd=3250007150&kikanKbn=3", "url2": "http://www.himeno-dc.com/", "内容": "ひめの歯科クリニック【3:歯科】滋賀県東近江市建部上中町６０６番地" }, "geometry": { "type": "Point", "coordinates": [ 136.198021, 35.12408 ] } },
{ "type": "Feature", "properties": { "ID": 2533250007160, "正式名称": "奥村歯科", "機関区分": 3, "都道府県コード": 25, "市区町村コード": 201, "所在地": "滋賀県大津市一里山１－２－４", "緯度": 34.984131, "経度": 135.924445, "url": "https://www.iryou.teikyouseido.mhlw.go.jp/znk-web/juminkanja/S2430/initialize?prefCd=25&kikanCd=3250007160&kikanKbn=3", "url2": null, "内容": "奥村歯科【3:歯科】滋賀県大津市一里山１－２－４" }, "geometry": { "type": "Point", "coordinates": [ 135.924445, 34.984131 ] } },
{ "type": "Feature", "properties": { "ID": 2533250007170, "正式名称": "医療法人やまだ歯科医院", "機関区分": 3, "都道府県コード": 25, "市区町村コード": 201, "所在地": "滋賀県大津市雄琴北二丁目２－３", "緯度": 35.004531, "経度": 135.86859, "url": "https://www.iryou.teikyouseido.mhlw.go.jp/znk-web/juminkanja/S2430/initialize?prefCd=25&kikanCd=3250007170&kikanKbn=3", "url2": "http://www.yamada-dental.jp/", "内容": "医療法人やまだ歯科医院【3:歯科】滋賀県大津市雄琴北二丁目２－３" }, "geometry": { "type": "Point", "coordinates": [ 135.86859, 35.004531 ] } },
{ "type": "Feature", "properties": { "ID": 2533250007180, "正式名称": "おおさと歯科クリニック", "機関区分": 3, "都道府県コード": 25, "市区町村コード": 201, "所在地": "滋賀県大津市御殿浜１３番３９号", "緯度": 34.985049, "経度": 135.898934, "url": "https://www.iryou.teikyouseido.mhlw.go.jp/znk-web/juminkanja/S2430/initialize?prefCd=25&kikanCd=3250007180&kikanKbn=3", "url2": "https://www.osatoshika.jp", "内容": "おおさと歯科クリニック【3:歯科】滋賀県大津市御殿浜１３番３９号" }, "geometry": { "type": "Point", "coordinates": [ 135.898934, 34.985049 ] } },
{ "type": "Feature", "properties": { "ID": 2533250007190, "正式名称": "医療法人　永生会　栗東駅前歯科", "機関区分": 3, "都道府県コード": 25, "市区町村コード": 208, "所在地": "滋賀県栗東市綣２－５－１２　アルトピアノ１０２", "緯度": 35.03815, "経度": 135.981684, "url": "https://www.iryou.teikyouseido.mhlw.go.jp/znk-web/juminkanja/S2430/initialize?prefCd=25&kikanCd=3250007190&kikanKbn=3", "url2": "http://www.rittoekimae-dc.com/", "内容": "医療法人　永生会　栗東駅前歯科【3:歯科】滋賀県栗東市綣２－５－１２　アルトピアノ１０２" }, "geometry": { "type": "Point", "coordinates": [ 135.981684, 35.03815 ] } },
{ "type": "Feature", "properties": { "ID": 2533250007200, "正式名称": "大津テラス古藤歯科クリニック", "機関区分": 3, "都道府県コード": 25, "市区町村コード": 201, "所在地": "滋賀県大津市打出浜１４番３０号　オーミー大津テラス４階", "緯度": 35.004293, "経度": 135.879366, "url": "https://www.iryou.teikyouseido.mhlw.go.jp/znk-web/juminkanja/S2430/initialize?prefCd=25&kikanCd=3250007200&kikanKbn=3", "url2": "http://koto2-dc.jp/", "内容": "大津テラス古藤歯科クリニック【3:歯科】滋賀県大津市打出浜１４番３０号　オーミー大津テラス４階" }, "geometry": { "type": "Point", "coordinates": [ 135.879366, 35.004293 ] } },
{ "type": "Feature", "properties": { "ID": 2533250007210, "正式名称": "北村歯科医院", "機関区分": 3, "都道府県コード": 25, "市区町村コード": 425, "所在地": "滋賀県愛知郡愛荘町蚊野１８６５", "緯度": 35.170134, "経度": 136.259337, "url": "https://www.iryou.teikyouseido.mhlw.go.jp/znk-web/juminkanja/S2430/initialize?prefCd=25&kikanCd=3250007210&kikanKbn=3", "url2": null, "内容": "北村歯科医院【3:歯科】滋賀県愛知郡愛荘町蚊野１８６５" }, "geometry": { "type": "Point", "coordinates": [ 136.259337, 35.170134 ] } },
{ "type": "Feature", "properties": { "ID": 2533250007220, "正式名称": "加納町さわ歯科", "機関区分": 3, "都道府県コード": 25, "市区町村コード": 203, "所在地": "滋賀県長浜市加納町堂田９１８", "緯度": 35.394597, "経度": 136.304013, "url": "https://www.iryou.teikyouseido.mhlw.go.jp/znk-web/juminkanja/S2430/initialize?prefCd=25&kikanCd=3250007220&kikanKbn=3", "url2": null, "内容": "加納町さわ歯科【3:歯科】滋賀県長浜市加納町堂田９１８" }, "geometry": { "type": "Point", "coordinates": [ 136.304013, 35.394597 ] } },
{ "type": "Feature", "properties": { "ID": 2533250007230, "正式名称": "かやはら歯科クリニック", "機関区分": 3, "都道府県コード": 25, "市区町村コード": 201, "所在地": "滋賀県大津市大萱７丁目１２－３３", "緯度": 34.994002, "経度": 135.92046, "url": "https://www.iryou.teikyouseido.mhlw.go.jp/znk-web/juminkanja/S2430/initialize?prefCd=25&kikanCd=3250007230&kikanKbn=3", "url2": "https://kayahara-shika.com", "内容": "かやはら歯科クリニック【3:歯科】滋賀県大津市大萱７丁目１２－３３" }, "geometry": { "type": "Point", "coordinates": [ 135.92046, 34.994002 ] } },
{ "type": "Feature", "properties": { "ID": 2533250007240, "正式名称": "古川歯科医院", "機関区分": 3, "都道府県コード": 25, "市区町村コード": 201, "所在地": "滋賀県大津市皇子が丘二丁目７－３２－１０１", "緯度": 35.024373, "経度": 135.856161, "url": "https://www.iryou.teikyouseido.mhlw.go.jp/znk-web/juminkanja/S2430/initialize?prefCd=25&kikanCd=3250007240&kikanKbn=3", "url2": "http://www.furukawa-dent.jp/", "内容": "古川歯科医院【3:歯科】滋賀県大津市皇子が丘二丁目７－３２－１０１" }, "geometry": { "type": "Point", "coordinates": [ 135.856161, 35.024373 ] } },
{ "type": "Feature", "properties": { "ID": 2533250007250, "正式名称": "江畑歯科医院", "機関区分": 3, "都道府県コード": 25, "市区町村コード": 204, "所在地": "滋賀県近江八幡市中小森町江元１３９４－１", "緯度": 35.115847, "経度": 136.086571, "url": "https://www.iryou.teikyouseido.mhlw.go.jp/znk-web/juminkanja/S2430/initialize?prefCd=25&kikanCd=3250007250&kikanKbn=3", "url2": "http://www.eda-dental-clinic.com/", "内容": "江畑歯科医院【3:歯科】滋賀県近江八幡市中小森町江元１３９４－１" }, "geometry": { "type": "Point", "coordinates": [ 136.086571, 35.115847 ] } },
{ "type": "Feature", "properties": { "ID": 2533250007260, "正式名称": "医療法人　大津京おおくぼ歯科医院", "機関区分": 3, "都道府県コード": 25, "市区町村コード": 201, "所在地": "滋賀県大津市皇子が丘３丁目４番３１号", "緯度": 35.023907, "経度": 135.859518, "url": "https://www.iryou.teikyouseido.mhlw.go.jp/znk-web/juminkanja/S2430/initialize?prefCd=25&kikanCd=3250007260&kikanKbn=3", "url2": "www.okuboshika.com", "内容": "医療法人　大津京おおくぼ歯科医院【3:歯科】滋賀県大津市皇子が丘３丁目４番３１号" }, "geometry": { "type": "Point", "coordinates": [ 135.859518, 35.023907 ] } },
{ "type": "Feature", "properties": { "ID": 2533250007270, "正式名称": "みやび歯科展峰宋ＡＩ", "機関区分": 3, "都道府県コード": 25, "市区町村コード": 214, "所在地": "滋賀県米原市醒井６６３番地１", "緯度": 35.328839, "経度": 136.345676, "url": "https://www.iryou.teikyouseido.mhlw.go.jp/znk-web/juminkanja/S2430/initialize?prefCd=25&kikanCd=3250007270&kikanKbn=3", "url2": null, "内容": "みやび歯科展峰宋ＡＩ【3:歯科】滋賀県米原市醒井６６３番地１" }, "geometry": { "type": "Point", "coordinates": [ 136.345676, 35.328839 ] } },
{ "type": "Feature", "properties": { "ID": 2533250007280, "正式名称": "ｓｉｋｉデンタルクリニック", "機関区分": 3, "都道府県コード": 25, "市区町村コード": 211, "所在地": "滋賀県湖南市岩根４５８０　イオンタウン湖南内", "緯度": 34.994758, "経度": 136.108096, "url": "https://www.iryou.teikyouseido.mhlw.go.jp/znk-web/juminkanja/S2430/initialize?prefCd=25&kikanCd=3250007280&kikanKbn=3", "url2": null, "内容": "ｓｉｋｉデンタルクリニック【3:歯科】滋賀県湖南市岩根４５８０　イオンタウン湖南内" }, "geometry": { "type": "Point", "coordinates": [ 136.108096, 34.994758 ] } },
{ "type": "Feature", "properties": { "ID": 2533250007290, "正式名称": "医療法人　はしもと歯科医院", "機関区分": 3, "都道府県コード": 25, "市区町村コード": 201, "所在地": "滋賀県大津市本堅田４丁目１８番３８号　レイクサイド佐倉マンション１０１号室", "緯度": 35.119284, "経度": 135.918576, "url": "https://www.iryou.teikyouseido.mhlw.go.jp/znk-web/juminkanja/S2430/initialize?prefCd=25&kikanCd=3250007290&kikanKbn=3", "url2": "https://www.hashimotosika.jp", "内容": "医療法人　はしもと歯科医院【3:歯科】滋賀県大津市本堅田４丁目１８番３８号　レイクサイド佐倉マンション１０１号室" }, "geometry": { "type": "Point", "coordinates": [ 135.918576, 35.119284 ] } },
{ "type": "Feature", "properties": { "ID": 2533250007300, "正式名称": "くわの歯科", "機関区分": 3, "都道府県コード": 25, "市区町村コード": 201, "所在地": "滋賀県大津市仰木の里四丁目１番８号", "緯度": 35.107826, "経度": 135.893943, "url": "https://www.iryou.teikyouseido.mhlw.go.jp/znk-web/juminkanja/S2430/initialize?prefCd=25&kikanCd=3250007300&kikanKbn=3", "url2": "https://www.kuwano-dental.jp/", "内容": "くわの歯科【3:歯科】滋賀県大津市仰木の里四丁目１番８号" }, "geometry": { "type": "Point", "coordinates": [ 135.893943, 35.107826 ] } },
{ "type": "Feature", "properties": { "ID": 2533250007310, "正式名称": "ますぎ歯科クリニック", "機関区分": 3, "都道府県コード": 25, "市区町村コード": 201, "所在地": "滋賀県大津市杉浦町１－５", "緯度": 34.988062, "経度": 135.89023, "url": "https://www.iryou.teikyouseido.mhlw.go.jp/znk-web/juminkanja/S2430/initialize?prefCd=25&kikanCd=3250007310&kikanKbn=3", "url2": "ex-mdc.jp", "内容": "ますぎ歯科クリニック【3:歯科】滋賀県大津市杉浦町１－５" }, "geometry": { "type": "Point", "coordinates": [ 135.89023, 34.988062 ] } },
{ "type": "Feature", "properties": { "ID": 2533250007320, "正式名称": "ながはま矯正歯科", "機関区分": 3, "都道府県コード": 25, "市区町村コード": 203, "所在地": "滋賀県長浜市勝町深町４５５番", "緯度": 35.372181, "経度": 136.287213, "url": "https://www.iryou.teikyouseido.mhlw.go.jp/znk-web/juminkanja/S2430/initialize?prefCd=25&kikanCd=3250007320&kikanKbn=3", "url2": "https://www.nagahama-orthodontics.com", "内容": "ながはま矯正歯科【3:歯科】滋賀県長浜市勝町深町４５５番" }, "geometry": { "type": "Point", "coordinates": [ 136.287213, 35.372181 ] } },
{ "type": "Feature", "properties": { "ID": 2533250007340, "正式名称": "医療法人オウル　はちまん駅前歯科", "機関区分": 3, "都道府県コード": 25, "市区町村コード": 204, "所在地": "滋賀県近江八幡市鷹飼町５７７", "緯度": 35.122562, "経度": 136.102128, "url": "https://www.iryou.teikyouseido.mhlw.go.jp/znk-web/juminkanja/S2430/initialize?prefCd=25&kikanCd=3250007340&kikanKbn=3", "url2": "http://www.hachiman-dental.com/", "内容": "医療法人オウル　はちまん駅前歯科【3:歯科】滋賀県近江八幡市鷹飼町５７７" }, "geometry": { "type": "Point", "coordinates": [ 136.102128, 35.122562 ] } },
{ "type": "Feature", "properties": { "ID": 2533250007350, "正式名称": "医療法人徳報会　栗東歯科クリニック", "機関区分": 3, "都道府県コード": 25, "市区町村コード": 208, "所在地": "滋賀県栗東市辻４５７", "緯度": 35.039853, "経度": 136.015095, "url": "https://www.iryou.teikyouseido.mhlw.go.jp/znk-web/juminkanja/S2430/initialize?prefCd=25&kikanCd=3250007350&kikanKbn=3", "url2": "https://rittoushikaclinic.com", "内容": "医療法人徳報会　栗東歯科クリニック【3:歯科】滋賀県栗東市辻４５７" }, "geometry": { "type": "Point", "coordinates": [ 136.015095, 35.039853 ] } },
{ "type": "Feature", "properties": { "ID": 2533250007360, "正式名称": "ほしやま歯科医院", "機関区分": 3, "都道府県コード": 25, "市区町村コード": 201, "所在地": "滋賀県大津市馬場一丁目８－５", "緯度": 35.003354, "経度": 135.881154, "url": "https://www.iryou.teikyouseido.mhlw.go.jp/znk-web/juminkanja/S2430/initialize?prefCd=25&kikanCd=3250007360&kikanKbn=3", "url2": "https://www.hoshiyama-dc.jp/", "内容": "ほしやま歯科医院【3:歯科】滋賀県大津市馬場一丁目８－５" }, "geometry": { "type": "Point", "coordinates": [ 135.881154, 35.003354 ] } },
{ "type": "Feature", "properties": { "ID": 2533250007370, "正式名称": "医療法人社団　小林歯科医院", "機関区分": 3, "都道府県コード": 25, "市区町村コード": 210, "所在地": "滋賀県野洲市小篠原１１４７－８", "緯度": 35.064879, "経度": 136.021743, "url": "https://www.iryou.teikyouseido.mhlw.go.jp/znk-web/juminkanja/S2430/initialize?prefCd=25&kikanCd=3250007370&kikanKbn=3", "url2": "http://kobayashidc.net/", "内容": "医療法人社団　小林歯科医院【3:歯科】滋賀県野洲市小篠原１１４７－８" }, "geometry": { "type": "Point", "coordinates": [ 136.021743, 35.064879 ] } },
{ "type": "Feature", "properties": { "ID": 2533250007380, "正式名称": "明愛デンタルクリニック", "機関区分": 3, "都道府県コード": 25, "市区町村コード": 207, "所在地": "滋賀県守山市播磨田町１３１０－８", "緯度": 35.074626, "経度": 135.987778, "url": "https://www.iryou.teikyouseido.mhlw.go.jp/znk-web/juminkanja/S2430/initialize?prefCd=25&kikanCd=3250007380&kikanKbn=3", "url2": "https://meiaidental.wixsite.com/home", "内容": "明愛デンタルクリニック【3:歯科】滋賀県守山市播磨田町１３１０－８" }, "geometry": { "type": "Point", "coordinates": [ 135.987778, 35.074626 ] } },
{ "type": "Feature", "properties": { "ID": 2533250007390, "正式名称": "山口歯科医院", "機関区分": 3, "都道府県コード": 25, "市区町村コード": 443, "所在地": "滋賀県犬上郡多賀町多賀１６１４－２１", "緯度": 35.22818, "経度": 136.295244, "url": "https://www.iryou.teikyouseido.mhlw.go.jp/znk-web/juminkanja/S2430/initialize?prefCd=25&kikanCd=3250007390&kikanKbn=3", "url2": "https://www.taga-yamaguchi.com", "内容": "山口歯科医院【3:歯科】滋賀県犬上郡多賀町多賀１６１４－２１" }, "geometry": { "type": "Point", "coordinates": [ 136.295244, 35.22818 ] } },
{ "type": "Feature", "properties": { "ID": 2533250007400, "正式名称": "淡海デンタルクリニック", "機関区分": 3, "都道府県コード": 25, "市区町村コード": 206, "所在地": "滋賀県草津市野村２丁目２－１　ソネット草津１０２", "緯度": 35.025439, "経度": 135.95597, "url": "https://www.iryou.teikyouseido.mhlw.go.jp/znk-web/juminkanja/S2430/initialize?prefCd=25&kikanCd=3250007400&kikanKbn=3", "url2": "http://oumi-dental.com/", "内容": "淡海デンタルクリニック【3:歯科】滋賀県草津市野村２丁目２－１　ソネット草津１０２" }, "geometry": { "type": "Point", "coordinates": [ 135.95597, 35.025439 ] } },
{ "type": "Feature", "properties": { "ID": 2533250007430, "正式名称": "さくら歯科", "機関区分": 3, "都道府県コード": 25, "市区町村コード": 206, "所在地": "滋賀県草津市青地町７４３番地　ヴェルドミール１０１号室", "緯度": 35.006244, "経度": 135.972209, "url": "https://www.iryou.teikyouseido.mhlw.go.jp/znk-web/juminkanja/S2430/initialize?prefCd=25&kikanCd=3250007430&kikanKbn=3", "url2": "https://sakurashika.fun/", "内容": "さくら歯科【3:歯科】滋賀県草津市青地町７４３番地　ヴェルドミール１０１号室" }, "geometry": { "type": "Point", "coordinates": [ 135.972209, 35.006244 ] } },
{ "type": "Feature", "properties": { "ID": 2533250007440, "正式名称": "ふみむらデンタルクリニック", "機関区分": 3, "都道府県コード": 25, "市区町村コード": 202, "所在地": "滋賀県彦根市南川瀬町　１６４３－１　シャイニング壱番館", "緯度": 35.22559, "経度": 136.222862, "url": "https://www.iryou.teikyouseido.mhlw.go.jp/znk-web/juminkanja/S2430/initialize?prefCd=25&kikanCd=3250007440&kikanKbn=3", "url2": "https://fumimura-dc.com/", "内容": "ふみむらデンタルクリニック【3:歯科】滋賀県彦根市南川瀬町　１６４３－１　シャイニング壱番館" }, "geometry": { "type": "Point", "coordinates": [ 136.222862, 35.22559 ] } },
{ "type": "Feature", "properties": { "ID": 2533250007460, "正式名称": "エムデンタルオフィス", "機関区分": 3, "都道府県コード": 25, "市区町村コード": 202, "所在地": "滋賀県彦根市松原町１４３５－１１１", "緯度": 35.297158, "経度": 136.257818, "url": "https://www.iryou.teikyouseido.mhlw.go.jp/znk-web/juminkanja/S2430/initialize?prefCd=25&kikanCd=3250007460&kikanKbn=3", "url2": "https://mdentaloffice28.com/", "内容": "エムデンタルオフィス【3:歯科】滋賀県彦根市松原町１４３５－１１１" }, "geometry": { "type": "Point", "coordinates": [ 136.257818, 35.297158 ] } },
{ "type": "Feature", "properties": { "ID": 2533250007470, "正式名称": "ほんじょう歯科　ＰＩＥＲＩ　ＭＯＲＩＹＡＭＡ　ＣＬＩＮＩＣ", "機関区分": 3, "都道府県コード": 25, "市区町村コード": 207, "所在地": "滋賀県守山市今浜町２６２０－５　ピエリ守山２Ｆ", "緯度": 35.12226, "経度": 135.945123, "url": "https://www.iryou.teikyouseido.mhlw.go.jp/znk-web/juminkanja/S2430/initialize?prefCd=25&kikanCd=3250007470&kikanKbn=3", "url2": "https://honjo-dc.net/", "内容": "ほんじょう歯科　ＰＩＥＲＩ　ＭＯＲＩＹＡＭＡ　ＣＬＩＮＩＣ【3:歯科】滋賀県守山市今浜町２６２０－５　ピエリ守山２Ｆ" }, "geometry": { "type": "Point", "coordinates": [ 135.945123, 35.12226 ] } },
{ "type": "Feature", "properties": { "ID": 2533250007480, "正式名称": "にのみや歯科", "機関区分": 3, "都道府県コード": 25, "市区町村コード": 206, "所在地": "滋賀県草津市川原２丁目１６－１", "緯度": 35.033515, "経度": 135.952271, "url": "https://www.iryou.teikyouseido.mhlw.go.jp/znk-web/juminkanja/S2430/initialize?prefCd=25&kikanCd=3250007480&kikanKbn=3", "url2": null, "内容": "にのみや歯科【3:歯科】滋賀県草津市川原２丁目１６－１" }, "geometry": { "type": "Point", "coordinates": [ 135.952271, 35.033515 ] } },
{ "type": "Feature", "properties": { "ID": 2533250007490, "正式名称": "瀬田唐橋たなか歯科医院", "機関区分": 3, "都道府県コード": 25, "市区町村コード": 201, "所在地": "滋賀県大津市瀬田１丁目３２－１６", "緯度": 34.976738, "経度": 135.910654, "url": "https://www.iryou.teikyouseido.mhlw.go.jp/znk-web/juminkanja/S2430/initialize?prefCd=25&kikanCd=3250007490&kikanKbn=3", "url2": "https://dental-clinic-tanaka.com/", "内容": "瀬田唐橋たなか歯科医院【3:歯科】滋賀県大津市瀬田１丁目３２－１６" }, "geometry": { "type": "Point", "coordinates": [ 135.910654, 34.976738 ] } },
{ "type": "Feature", "properties": { "ID": 2533250007500, "正式名称": "医療法人貴志会　スマイル歯科", "機関区分": 3, "都道府県コード": 25, "市区町村コード": 211, "所在地": "滋賀県湖南市石部東３−８−８", "緯度": 35.00709, "経度": 136.066256, "url": "https://www.iryou.teikyouseido.mhlw.go.jp/znk-web/juminkanja/S2430/initialize?prefCd=25&kikanCd=3250007500&kikanKbn=3", "url2": "https://www.dc-smile.info", "内容": "医療法人貴志会　スマイル歯科【3:歯科】滋賀県湖南市石部東３−８−８" }, "geometry": { "type": "Point", "coordinates": [ 136.066256, 35.00709 ] } },
{ "type": "Feature", "properties": { "ID": 2533250007510, "正式名称": "医療法人泰心会　西田歯科クリニック", "機関区分": 3, "都道府県コード": 25, "市区町村コード": 209, "所在地": "滋賀県甲賀市水口町伴中山２５４５", "緯度": 34.997089, "経度": 136.153264, "url": "https://www.iryou.teikyouseido.mhlw.go.jp/znk-web/juminkanja/S2430/initialize?prefCd=25&kikanCd=3250007510&kikanKbn=3", "url2": "https://www.nishida-dental.jp", "内容": "医療法人泰心会　西田歯科クリニック【3:歯科】滋賀県甲賀市水口町伴中山２５４５" }, "geometry": { "type": "Point", "coordinates": [ 136.153264, 34.997089 ] } },
{ "type": "Feature", "properties": { "ID": 2533250007530, "正式名称": "いしだ歯科", "機関区分": 3, "都道府県コード": 25, "市区町村コード": 211, "所在地": "滋賀県湖南市石部東２丁目５－５８", "緯度": 35.009296, "経度": 136.061984, "url": "https://www.iryou.teikyouseido.mhlw.go.jp/znk-web/juminkanja/S2430/initialize?prefCd=25&kikanCd=3250007530&kikanKbn=3", "url2": null, "内容": "いしだ歯科【3:歯科】滋賀県湖南市石部東２丁目５－５８" }, "geometry": { "type": "Point", "coordinates": [ 136.061984, 35.009296 ] } },
{ "type": "Feature", "properties": { "ID": 2533250007540, "正式名称": "藤居歯科医院", "機関区分": 3, "都道府県コード": 25, "市区町村コード": 213, "所在地": "滋賀県東近江市林町９－２", "緯度": 35.178984, "経度": 136.166343, "url": "https://www.iryou.teikyouseido.mhlw.go.jp/znk-web/juminkanja/S2430/initialize?prefCd=25&kikanCd=3250007540&kikanKbn=3", "url2": null, "内容": "藤居歯科医院【3:歯科】滋賀県東近江市林町９－２" }, "geometry": { "type": "Point", "coordinates": [ 136.166343, 35.178984 ] } },
{ "type": "Feature", "properties": { "ID": 2533250007550, "正式名称": "医療法人　おおた歯科こども歯科", "機関区分": 3, "都道府県コード": 25, "市区町村コード": 207, "所在地": "滋賀県守山市古高町８１－５", "緯度": 35.051495, "経度": 135.981758, "url": "https://www.iryou.teikyouseido.mhlw.go.jp/znk-web/juminkanja/S2430/initialize?prefCd=25&kikanCd=3250007550&kikanKbn=3", "url2": "https://ohta-dent.com/", "内容": "医療法人　おおた歯科こども歯科【3:歯科】滋賀県守山市古高町８１－５" }, "geometry": { "type": "Point", "coordinates": [ 135.981758, 35.051495 ] } },
{ "type": "Feature", "properties": { "ID": 2533250007560, "正式名称": "ひこ矯正歯科", "機関区分": 3, "都道府県コード": 25, "市区町村コード": 206, "所在地": "滋賀県草津市渋川１－４－２９　プティフィールココ１Ｆ", "緯度": 35.022654, "経度": 135.966043, "url": "https://www.iryou.teikyouseido.mhlw.go.jp/znk-web/juminkanja/S2430/initialize?prefCd=25&kikanCd=3250007560&kikanKbn=3", "url2": "https://hiko-ortho.com/", "内容": "ひこ矯正歯科【3:歯科】滋賀県草津市渋川１－４－２９　プティフィールココ１Ｆ" }, "geometry": { "type": "Point", "coordinates": [ 135.966043, 35.022654 ] } },
{ "type": "Feature", "properties": { "ID": 2533250007570, "正式名称": "医療法人　にとべ歯科クリニック", "機関区分": 3, "都道府県コード": 25, "市区町村コード": 213, "所在地": "滋賀県東近江市垣見町１５９６", "緯度": 35.182053, "経度": 136.16453, "url": "https://www.iryou.teikyouseido.mhlw.go.jp/znk-web/juminkanja/S2430/initialize?prefCd=25&kikanCd=3250007570&kikanKbn=3", "url2": "http://nitobe-dental.com", "内容": "医療法人　にとべ歯科クリニック【3:歯科】滋賀県東近江市垣見町１５９６" }, "geometry": { "type": "Point", "coordinates": [ 136.16453, 35.182053 ] } },
{ "type": "Feature", "properties": { "ID": 2533250007580, "正式名称": "東野歯科医院", "機関区分": 3, "都道府県コード": 25, "市区町村コード": 201, "所在地": "滋賀県大津市雄琴６丁目１２－１０", "緯度": 35.092018, "経度": 135.899958, "url": "https://www.iryou.teikyouseido.mhlw.go.jp/znk-web/juminkanja/S2430/initialize?prefCd=25&kikanCd=3250007580&kikanKbn=3", "url2": "http://www.higashino-shika.com/", "内容": "東野歯科医院【3:歯科】滋賀県大津市雄琴６丁目１２－１０" }, "geometry": { "type": "Point", "coordinates": [ 135.899958, 35.092018 ] } },
{ "type": "Feature", "properties": { "ID": 2533250007590, "正式名称": "医療法人社団　オリハラ歯科クリニック", "機関区分": 3, "都道府県コード": 25, "市区町村コード": 206, "所在地": "滋賀県草津市追分南３－２６－１１", "緯度": 34.994457, "経度": 135.962469, "url": "https://www.iryou.teikyouseido.mhlw.go.jp/znk-web/juminkanja/S2430/initialize?prefCd=25&kikanCd=3250007590&kikanKbn=3", "url2": "https://www.orihara-kusatsu.com/", "内容": "医療法人社団　オリハラ歯科クリニック【3:歯科】滋賀県草津市追分南３－２６－１１" }, "geometry": { "type": "Point", "coordinates": [ 135.962469, 34.994457 ] } },
{ "type": "Feature", "properties": { "ID": 2533250007600, "正式名称": "医療法人　いしはら歯科クリニック", "機関区分": 3, "都道府県コード": 25, "市区町村コード": 206, "所在地": "滋賀県草津市追分１丁目４－２５－３", "緯度": 35.00906, "経度": 135.96731, "url": "https://www.iryou.teikyouseido.mhlw.go.jp/znk-web/juminkanja/S2430/initialize?prefCd=25&kikanCd=3250007600&kikanKbn=3", "url2": "http://www.shika-ishihara.com/", "内容": "医療法人　いしはら歯科クリニック【3:歯科】滋賀県草津市追分１丁目４－２５－３" }, "geometry": { "type": "Point", "coordinates": [ 135.96731, 35.00906 ] } },
{ "type": "Feature", "properties": { "ID": 2533250007610, "正式名称": "みらいデンタルクリニック", "機関区分": 3, "都道府県コード": 25, "市区町村コード": 210, "所在地": "滋賀県野洲市高木１９４番地２", "緯度": 35.098614, "経度": 136.067741, "url": "https://www.iryou.teikyouseido.mhlw.go.jp/znk-web/juminkanja/S2430/initialize?prefCd=25&kikanCd=3250007610&kikanKbn=3", "url2": "https://mirai2020.jp", "内容": "みらいデンタルクリニック【3:歯科】滋賀県野洲市高木１９４番地２" }, "geometry": { "type": "Point", "coordinates": [ 136.067741, 35.098614 ] } },
{ "type": "Feature", "properties": { "ID": 2533250007620, "正式名称": "あまつ歯科医院", "機関区分": 3, "都道府県コード": 25, "市区町村コード": 206, "所在地": "滋賀県草津市追分南２丁目１－５　ファミールＤＡＮ　１Ｇ号室", "緯度": 34.999413, "経度": 135.959223, "url": "https://www.iryou.teikyouseido.mhlw.go.jp/znk-web/juminkanja/S2430/initialize?prefCd=25&kikanCd=3250007620&kikanKbn=3", "url2": null, "内容": "あまつ歯科医院【3:歯科】滋賀県草津市追分南２丁目１－５　ファミールＤＡＮ　１Ｇ号室" }, "geometry": { "type": "Point", "coordinates": [ 135.959223, 34.999413 ] } },
{ "type": "Feature", "properties": { "ID": 2533250007640, "正式名称": "つきのわ歯科医院", "機関区分": 3, "都道府県コード": 25, "市区町村コード": 201, "所在地": "滋賀県大津市月輪三丁目３３番１号　月輪メディカルモール２階", "緯度": 34.982774, "経度": 135.93915, "url": "https://www.iryou.teikyouseido.mhlw.go.jp/znk-web/juminkanja/S2430/initialize?prefCd=25&kikanCd=3250007640&kikanKbn=3", "url2": "https://www.tsukinowa-shika.com", "内容": "つきのわ歯科医院【3:歯科】滋賀県大津市月輪三丁目３３番１号　月輪メディカルモール２階" }, "geometry": { "type": "Point", "coordinates": [ 135.93915, 34.982774 ] } },
{ "type": "Feature", "properties": { "ID": 2533250007650, "正式名称": "おくやま歯科クリニック", "機関区分": 3, "都道府県コード": 25, "市区町村コード": 201, "所在地": "滋賀県大津市月輪三丁目１１番２３号", "緯度": 34.985587, "経度": 135.935893, "url": "https://www.iryou.teikyouseido.mhlw.go.jp/znk-web/juminkanja/S2430/initialize?prefCd=25&kikanCd=3250007650&kikanKbn=3", "url2": "https://www.okuyama-dc.net/", "内容": "おくやま歯科クリニック【3:歯科】滋賀県大津市月輪三丁目１１番２３号" }, "geometry": { "type": "Point", "coordinates": [ 135.935893, 34.985587 ] } },
{ "type": "Feature", "properties": { "ID": 2533250007660, "正式名称": "いろどりファミリー歯科", "機関区分": 3, "都道府県コード": 25, "市区町村コード": 207, "所在地": "滋賀県守山市下之郷２丁目１－２", "緯度": 35.004531, "経度": 135.86859, "url": "https://www.iryou.teikyouseido.mhlw.go.jp/znk-web/juminkanja/S2430/initialize?prefCd=25&kikanCd=3250007660&kikanKbn=3", "url2": "https://www.irodori-dental.com/", "内容": "いろどりファミリー歯科【3:歯科】滋賀県守山市下之郷２丁目１－２" }, "geometry": { "type": "Point", "coordinates": [ 135.86859, 35.004531 ] } },
{ "type": "Feature", "properties": { "ID": 2533250007690, "正式名称": "ろこファミリー歯科", "機関区分": 3, "都道府県コード": 25, "市区町村コード": 201, "所在地": "滋賀県大津市中庄一丁目６－１５", "緯度": 34.989049, "経度": 135.892309, "url": "https://www.iryou.teikyouseido.mhlw.go.jp/znk-web/juminkanja/S2430/initialize?prefCd=25&kikanCd=3250007690&kikanKbn=3", "url2": "https://www.roco-fdc.jp/", "内容": "ろこファミリー歯科【3:歯科】滋賀県大津市中庄一丁目６－１５" }, "geometry": { "type": "Point", "coordinates": [ 135.892309, 34.989049 ] } },
{ "type": "Feature", "properties": { "ID": 2533250007700, "正式名称": "さわむら歯科クリニック", "機関区分": 3, "都道府県コード": 25, "市区町村コード": 201, "所在地": "滋賀県大津市大江五丁目３２－２０", "緯度": 34.976726, "経度": 135.924547, "url": "https://www.iryou.teikyouseido.mhlw.go.jp/znk-web/juminkanja/S2430/initialize?prefCd=25&kikanCd=3250007700&kikanKbn=3", "url2": "https://sawamura-dental-clinic.com/", "内容": "さわむら歯科クリニック【3:歯科】滋賀県大津市大江五丁目３２－２０" }, "geometry": { "type": "Point", "coordinates": [ 135.924547, 34.976726 ] } },
{ "type": "Feature", "properties": { "ID": 2533250007710, "正式名称": "堀井歯科医院", "機関区分": 3, "都道府県コード": 25, "市区町村コード": 206, "所在地": "滋賀県草津市南山田町７６０－３", "緯度": 35.024625, "経度": 135.930392, "url": "https://www.iryou.teikyouseido.mhlw.go.jp/znk-web/juminkanja/S2430/initialize?prefCd=25&kikanCd=3250007710&kikanKbn=3", "url2": "https://horii-shika.com", "内容": "堀井歯科医院【3:歯科】滋賀県草津市南山田町７６０－３" }, "geometry": { "type": "Point", "coordinates": [ 135.930392, 35.024625 ] } },
{ "type": "Feature", "properties": { "ID": 2533250007720, "正式名称": "つうざき歯科", "機関区分": 3, "都道府県コード": 25, "市区町村コード": 213, "所在地": "滋賀県東近江市幸町１－６８", "緯度": 35.107274, "経度": 136.201696, "url": "https://www.iryou.teikyouseido.mhlw.go.jp/znk-web/juminkanja/S2430/initialize?prefCd=25&kikanCd=3250007720&kikanKbn=3", "url2": "https://tuzaki-shika.jp/", "内容": "つうざき歯科【3:歯科】滋賀県東近江市幸町１－６８" }, "geometry": { "type": "Point", "coordinates": [ 136.201696, 35.107274 ] } },
{ "type": "Feature", "properties": { "ID": 2533250007750, "正式名称": "桜井歯科医院", "機関区分": 3, "都道府県コード": 25, "市区町村コード": 212, "所在地": "滋賀県高島市マキノ町高木浜１－３－５", "緯度": 35.459327, "経度": 136.059861, "url": "https://www.iryou.teikyouseido.mhlw.go.jp/znk-web/juminkanja/S2430/initialize?prefCd=25&kikanCd=3250007750&kikanKbn=3", "url2": null, "内容": "桜井歯科医院【3:歯科】滋賀県高島市マキノ町高木浜１－３－５" }, "geometry": { "type": "Point", "coordinates": [ 136.059861, 35.459327 ] } },
{ "type": "Feature", "properties": { "ID": 2533250007760, "正式名称": "奥村歯科診療所", "機関区分": 3, "都道府県コード": 25, "市区町村コード": 201, "所在地": "滋賀県大津市本堅田三丁目４－７", "緯度": 35.113058, "経度": 135.917513, "url": "https://www.iryou.teikyouseido.mhlw.go.jp/znk-web/juminkanja/S2430/initialize?prefCd=25&kikanCd=3250007760&kikanKbn=3", "url2": null, "内容": "奥村歯科診療所【3:歯科】滋賀県大津市本堅田三丁目４－７" }, "geometry": { "type": "Point", "coordinates": [ 135.917513, 35.113058 ] } },
{ "type": "Feature", "properties": { "ID": 2533250007770, "正式名称": "守山おとなこども歯科", "機関区分": 3, "都道府県コード": 25, "市区町村コード": 207, "所在地": "滋賀県守山市下之郷１丁目８番８号", "緯度": 35.067045, "経度": 135.991157, "url": "https://www.iryou.teikyouseido.mhlw.go.jp/znk-web/juminkanja/S2430/initialize?prefCd=25&kikanCd=3250007770&kikanKbn=3", "url2": "https://moriyama-okdc.com", "内容": "守山おとなこども歯科【3:歯科】滋賀県守山市下之郷１丁目８番８号" }, "geometry": { "type": "Point", "coordinates": [ 135.991157, 35.067045 ] } },
{ "type": "Feature", "properties": { "ID": 2533250007780, "正式名称": "おおもと歯科医院", "機関区分": 3, "都道府県コード": 25, "市区町村コード": 203, "所在地": "滋賀県長浜市宮司町１０２８－５", "緯度": 35.381362, "経度": 136.291741, "url": "https://www.iryou.teikyouseido.mhlw.go.jp/znk-web/juminkanja/S2430/initialize?prefCd=25&kikanCd=3250007780&kikanKbn=3", "url2": "https://www.oomoto-dental.com/", "内容": "おおもと歯科医院【3:歯科】滋賀県長浜市宮司町１０２８－５" }, "geometry": { "type": "Point", "coordinates": [ 136.291741, 35.381362 ] } },
{ "type": "Feature", "properties": { "ID": 2533250007800, "正式名称": "医療法人わらい　ワラワラデンタルクリニック", "機関区分": 3, "都道府県コード": 25, "市区町村コード": 201, "所在地": "滋賀県大津市本堅田六丁目２番１号", "緯度": 35.115264, "経度": 135.908277, "url": "https://www.iryou.teikyouseido.mhlw.go.jp/znk-web/juminkanja/S2430/initialize?prefCd=25&kikanCd=3250007800&kikanKbn=3", "url2": "https://warawara-dc-katata.com/", "内容": "医療法人わらい　ワラワラデンタルクリニック【3:歯科】滋賀県大津市本堅田六丁目２番１号" }, "geometry": { "type": "Point", "coordinates": [ 135.908277, 35.115264 ] } },
{ "type": "Feature", "properties": { "ID": 2533250007810, "正式名称": "コーラル歯科クリニック", "機関区分": 3, "都道府県コード": 25, "市区町村コード": 204, "所在地": "滋賀県近江八幡市西庄町２０１８－２", "緯度": 35.136071, "経度": 136.106258, "url": "https://www.iryou.teikyouseido.mhlw.go.jp/znk-web/juminkanja/S2430/initialize?prefCd=25&kikanCd=3250007810&kikanKbn=3", "url2": "https://coral-dc.com/", "内容": "コーラル歯科クリニック【3:歯科】滋賀県近江八幡市西庄町２０１８－２" }, "geometry": { "type": "Point", "coordinates": [ 136.106258, 35.136071 ] } },
{ "type": "Feature", "properties": { "ID": 2533250007830, "正式名称": "医療法人Ｒ＆Ｓ大津クオーレ歯科クリニック", "機関区分": 3, "都道府県コード": 25, "市区町村コード": 201, "所在地": "滋賀県大津市雄琴二丁目３番３７号", "緯度": 35.092872, "経度": 135.899048, "url": "https://www.iryou.teikyouseido.mhlw.go.jp/znk-web/juminkanja/S2430/initialize?prefCd=25&kikanCd=3250007830&kikanKbn=3", "url2": "http://cuore-dental.jp/", "内容": "医療法人Ｒ＆Ｓ大津クオーレ歯科クリニック【3:歯科】滋賀県大津市雄琴二丁目３番３７号" }, "geometry": { "type": "Point", "coordinates": [ 135.899048, 35.092872 ] } },
{ "type": "Feature", "properties": { "ID": 2533250007840, "正式名称": "くにもと歯科医院", "機関区分": 3, "都道府県コード": 25, "市区町村コード": 201, "所在地": "滋賀県大津市今堅田ニ丁目１８－８", "緯度": 35.123475, "経度": 135.918974, "url": "https://www.iryou.teikyouseido.mhlw.go.jp/znk-web/juminkanja/S2430/initialize?prefCd=25&kikanCd=3250007840&kikanKbn=3", "url2": null, "内容": "くにもと歯科医院【3:歯科】滋賀県大津市今堅田ニ丁目１８－８" }, "geometry": { "type": "Point", "coordinates": [ 135.918974, 35.123475 ] } },
{ "type": "Feature", "properties": { "ID": 2533250007850, "正式名称": "健歯科口腔外科クリニック", "機関区分": 3, "都道府県コード": 25, "市区町村コード": 201, "所在地": "滋賀県大津市粟津町３－２　ＪＲ石山駅ＮＫビル４Ｆ－４０３", "緯度": 34.97972, "経度": 135.899956, "url": "https://www.iryou.teikyouseido.mhlw.go.jp/znk-web/juminkanja/S2430/initialize?prefCd=25&kikanCd=3250007850&kikanKbn=3", "url2": "https://www.takeshi-os-clinic.com/", "内容": "健歯科口腔外科クリニック【3:歯科】滋賀県大津市粟津町３－２　ＪＲ石山駅ＮＫビル４Ｆ－４０３" }, "geometry": { "type": "Point", "coordinates": [ 135.899956, 34.97972 ] } },
{ "type": "Feature", "properties": { "ID": 2533250007860, "正式名称": "ブランチ大津京デンタルクリニック", "機関区分": 3, "都道府県コード": 25, "市区町村コード": 201, "所在地": "滋賀県大津市二本松１－１　ブランチ大津京Ａ棟２階", "緯度": 35.029516, "経度": 135.865158, "url": "https://www.iryou.teikyouseido.mhlw.go.jp/znk-web/juminkanja/S2430/initialize?prefCd=25&kikanCd=3250007860&kikanKbn=3", "url2": "https://branch-otsukyo-dentalclinic.com/", "内容": "ブランチ大津京デンタルクリニック【3:歯科】滋賀県大津市二本松１－１　ブランチ大津京Ａ棟２階" }, "geometry": { "type": "Point", "coordinates": [ 135.865158, 35.029516 ] } },
{ "type": "Feature", "properties": { "ID": 2533250007870, "正式名称": "甲賀ラブしがデンタルクリニック歯科・矯正歯科", "機関区分": 3, "都道府県コード": 25, "市区町村コード": 209, "所在地": "滋賀県甲賀市水口町高塚１番３６－１号", "緯度": 34.964912, "経度": 136.178398, "url": "https://www.iryou.teikyouseido.mhlw.go.jp/znk-web/juminkanja/S2430/initialize?prefCd=25&kikanCd=3250007870&kikanKbn=3", "url2": "https://www.loveshiga-dentalclinic.com/", "内容": "甲賀ラブしがデンタルクリニック歯科・矯正歯科【3:歯科】滋賀県甲賀市水口町高塚１番３６－１号" }, "geometry": { "type": "Point", "coordinates": [ 136.178398, 34.964912 ] } },
{ "type": "Feature", "properties": { "ID": 2533250007880, "正式名称": "栗東山田歯科", "機関区分": 3, "都道府県コード": 25, "市区町村コード": 208, "所在地": "滋賀県栗東市安養寺一丁目３番２２号", "緯度": 35.022948, "経度": 135.999821, "url": "https://www.iryou.teikyouseido.mhlw.go.jp/znk-web/juminkanja/S2430/initialize?prefCd=25&kikanCd=3250007880&kikanKbn=3", "url2": "https://ryshika.com/", "内容": "栗東山田歯科【3:歯科】滋賀県栗東市安養寺一丁目３番２２号" }, "geometry": { "type": "Point", "coordinates": [ 135.999821, 35.022948 ] } },
{ "type": "Feature", "properties": { "ID": 2533250007890, "正式名称": "泉歯科医院", "機関区分": 3, "都道府県コード": 25, "市区町村コード": 203, "所在地": "滋賀県長浜市平方町７２９", "緯度": 35.369123, "経度": 136.272522, "url": "https://www.iryou.teikyouseido.mhlw.go.jp/znk-web/juminkanja/S2430/initialize?prefCd=25&kikanCd=3250007890&kikanKbn=3", "url2": null, "内容": "泉歯科医院【3:歯科】滋賀県長浜市平方町７２９" }, "geometry": { "type": "Point", "coordinates": [ 136.272522, 35.369123 ] } },
{ "type": "Feature", "properties": { "ID": 2533250007900, "正式名称": "浅井しろやま歯科", "機関区分": 3, "都道府県コード": 25, "市区町村コード": 203, "所在地": "滋賀県長浜市内保町２４７９", "緯度": 35.429981, "経度": 136.297509, "url": "https://www.iryou.teikyouseido.mhlw.go.jp/znk-web/juminkanja/S2430/initialize?prefCd=25&kikanCd=3250007900&kikanKbn=3", "url2": "https//azaishiroyama.com", "内容": "浅井しろやま歯科【3:歯科】滋賀県長浜市内保町２４７９" }, "geometry": { "type": "Point", "coordinates": [ 136.297509, 35.429981 ] } },
{ "type": "Feature", "properties": { "ID": 2533250007910, "正式名称": "いろは歯科矯正歯科", "機関区分": 3, "都道府県コード": 25, "市区町村コード": 207, "所在地": "滋賀県守山市大門町１１１－１", "緯度": 35.0555, "経度": 135.974886, "url": "https://www.iryou.teikyouseido.mhlw.go.jp/znk-web/juminkanja/S2430/initialize?prefCd=25&kikanCd=3250007910&kikanKbn=3", "url2": "https://iloha-dental.com/", "内容": "いろは歯科矯正歯科【3:歯科】滋賀県守山市大門町１１１－１" }, "geometry": { "type": "Point", "coordinates": [ 135.974886, 35.0555 ] } },
{ "type": "Feature", "properties": { "ID": 2533250007920, "正式名称": "長浜なかたに歯科", "機関区分": 3, "都道府県コード": 25, "市区町村コード": 203, "所在地": "滋賀県長浜市宮司町１２００番地　コープながはま２階", "緯度": 35.378937, "経度": 136.287202, "url": "https://www.iryou.teikyouseido.mhlw.go.jp/znk-web/juminkanja/S2430/initialize?prefCd=25&kikanCd=3250007920&kikanKbn=3", "url2": "https://n-nakatani-shika.com", "内容": "長浜なかたに歯科【3:歯科】滋賀県長浜市宮司町１２００番地　コープながはま２階" }, "geometry": { "type": "Point", "coordinates": [ 136.287202, 35.378937 ] } },
{ "type": "Feature", "properties": { "ID": 2533250007930, "正式名称": "ユキデンタルクリニック", "機関区分": 3, "都道府県コード": 25, "市区町村コード": 203, "所在地": "滋賀県長浜市内保町２７１２－１", "緯度": 35.43013, "経度": 136.304106, "url": "https://www.iryou.teikyouseido.mhlw.go.jp/znk-web/juminkanja/S2430/initialize?prefCd=25&kikanCd=3250007930&kikanKbn=3", "url2": "https://www.yuki-dental.jp", "内容": "ユキデンタルクリニック【3:歯科】滋賀県長浜市内保町２７１２－１" }, "geometry": { "type": "Point", "coordinates": [ 136.304106, 35.43013 ] } },
{ "type": "Feature", "properties": { "ID": 2533250007940, "正式名称": "ＭＡＴＳＵＤＡ　ＤＥＮＴＡＬ　ＯＦＦＩＣＥ", "機関区分": 3, "都道府県コード": 25, "市区町村コード": 209, "所在地": "滋賀県甲賀市水口町水口５９９６－１", "緯度": 34.967335, "経度": 136.164936, "url": "https://www.iryou.teikyouseido.mhlw.go.jp/znk-web/juminkanja/S2430/initialize?prefCd=25&kikanCd=3250007940&kikanKbn=3", "url2": "https://matsuda-dental-office.com/", "内容": "ＭＡＴＳＵＤＡ　ＤＥＮＴＡＬ　ＯＦＦＩＣＥ【3:歯科】滋賀県甲賀市水口町水口５９９６－１" }, "geometry": { "type": "Point", "coordinates": [ 136.164936, 34.967335 ] } },
{ "type": "Feature", "properties": { "ID": 2533250007950, "正式名称": "ＭＡＲＣＨ歯科・矯正歯科", "機関区分": 3, "都道府県コード": 25, "市区町村コード": 201, "所在地": "滋賀県大津市本堅田六丁目２７番８号", "緯度": 35.119524, "経度": 135.910839, "url": "https://www.iryou.teikyouseido.mhlw.go.jp/znk-web/juminkanja/S2430/initialize?prefCd=25&kikanCd=3250007950&kikanKbn=3", "url2": "https://www.marchdentalclinic.com/", "内容": "ＭＡＲＣＨ歯科・矯正歯科【3:歯科】滋賀県大津市本堅田六丁目２７番８号" }, "geometry": { "type": "Point", "coordinates": [ 135.910839, 35.119524 ] } },
{ "type": "Feature", "properties": { "ID": 2533250007960, "正式名称": "ほうらい矯正歯科", "機関区分": 3, "都道府県コード": 25, "市区町村コード": 201, "所在地": "滋賀県大津市八屋戸９３６ー１２", "緯度": 35.188145, "経度": 135.91374, "url": "https://www.iryou.teikyouseido.mhlw.go.jp/znk-web/juminkanja/S2430/initialize?prefCd=25&kikanCd=3250007960&kikanKbn=3", "url2": null, "内容": "ほうらい矯正歯科【3:歯科】滋賀県大津市八屋戸９３６ー１２" }, "geometry": { "type": "Point", "coordinates": [ 135.91374, 35.188145 ] } },
{ "type": "Feature", "properties": { "ID": 2533250007970, "正式名称": "Ｓｏｎｏ　Ｄｅｎｔａｌ　Ｃｌｉｎｉｃ　おとな＆こども歯科", "機関区分": 3, "都道府県コード": 25, "市区町村コード": 206, "所在地": "滋賀県草津市草津２丁目１５番２４号", "緯度": 35.014877, "経度": 135.96213, "url": "https://www.iryou.teikyouseido.mhlw.go.jp/znk-web/juminkanja/S2430/initialize?prefCd=25&kikanCd=3250007970&kikanKbn=3", "url2": "https://sono-dental.com/", "内容": "Ｓｏｎｏ　Ｄｅｎｔａｌ　Ｃｌｉｎｉｃ　おとな＆こども歯科【3:歯科】滋賀県草津市草津２丁目１５番２４号" }, "geometry": { "type": "Point", "coordinates": [ 135.96213, 35.014877 ] } },
{ "type": "Feature", "properties": { "ID": 2533250007980, "正式名称": "大津京しらはせ歯科", "機関区分": 3, "都道府県コード": 25, "市区町村コード": 201, "所在地": "滋賀県大津市柳川２丁目９－６", "緯度": 35.032153, "経度": 135.862894, "url": "https://www.iryou.teikyouseido.mhlw.go.jp/znk-web/juminkanja/S2430/initialize?prefCd=25&kikanCd=3250007980&kikanKbn=3", "url2": "https://www.shirahase-dc-otsu.com/", "内容": "大津京しらはせ歯科【3:歯科】滋賀県大津市柳川２丁目９－６" }, "geometry": { "type": "Point", "coordinates": [ 135.862894, 35.032153 ] } },
{ "type": "Feature", "properties": { "ID": 2533250007990, "正式名称": "南草津ミライエ歯科　おとな＆こども矯正", "機関区分": 3, "都道府県コード": 25, "市区町村コード": 206, "所在地": "滋賀県草津市南草津２丁目２番１ー１０１ブランズシティ南草津", "緯度": 35.004199, "経度": 135.94491, "url": "https://www.iryou.teikyouseido.mhlw.go.jp/znk-web/juminkanja/S2430/initialize?prefCd=25&kikanCd=3250007990&kikanKbn=3", "url2": null, "内容": "南草津ミライエ歯科　おとな＆こども矯正【3:歯科】滋賀県草津市南草津２丁目２番１ー１０１ブランズシティ南草津" }, "geometry": { "type": "Point", "coordinates": [ 135.94491, 35.004199 ] } },
{ "type": "Feature", "properties": { "ID": 2533250008000, "正式名称": "まおか矯正歯科", "機関区分": 3, "都道府県コード": 25, "市区町村コード": 207, "所在地": "滋賀県守山市勝部３丁目１０－８－１０１", "緯度": 35.047113, "経度": 135.988435, "url": "https://www.iryou.teikyouseido.mhlw.go.jp/znk-web/juminkanja/S2430/initialize?prefCd=25&kikanCd=3250008000&kikanKbn=3", "url2": "https://www.maoka-ortho.com/", "内容": "まおか矯正歯科【3:歯科】滋賀県守山市勝部３丁目１０－８－１０１" }, "geometry": { "type": "Point", "coordinates": [ 135.988435, 35.047113 ] } },
{ "type": "Feature", "properties": { "ID": 2533250008010, "正式名称": "南草津こども・おとな歯科", "機関区分": 3, "都道府県コード": 25, "市区町村コード": 206, "所在地": "滋賀県草津市野路一丁目１３－５南草津アクシスビル２Ｆ", "緯度": 35.003169, "経度": 135.949381, "url": "https://www.iryou.teikyouseido.mhlw.go.jp/znk-web/juminkanja/S2430/initialize?prefCd=25&kikanCd=3250008010&kikanKbn=3", "url2": null, "内容": "南草津こども・おとな歯科【3:歯科】滋賀県草津市野路一丁目１３－５南草津アクシスビル２Ｆ" }, "geometry": { "type": "Point", "coordinates": [ 135.949381, 35.003169 ] } },
{ "type": "Feature", "properties": { "ID": 2533250008020, "正式名称": "やまもと歯科小児歯科", "機関区分": 3, "都道府県コード": 25, "市区町村コード": 201, "所在地": "滋賀県大津市一里山７丁目１－１フォレオ大津一里山地下１Ｆ", "緯度": 34.974236, "経度": 135.933302, "url": "https://www.iryou.teikyouseido.mhlw.go.jp/znk-web/juminkanja/S2430/initialize?prefCd=25&kikanCd=3250008020&kikanKbn=3", "url2": null, "内容": "やまもと歯科小児歯科【3:歯科】滋賀県大津市一里山７丁目１－１フォレオ大津一里山地下１Ｆ" }, "geometry": { "type": "Point", "coordinates": [ 135.933302, 34.974236 ] } },
{ "type": "Feature", "properties": { "ID": 2533250008040, "正式名称": "あさい歯科", "機関区分": 3, "都道府県コード": 25, "市区町村コード": 207, "所在地": "滋賀県守山市水保町１２１４−３", "緯度": 35.109906, "経度": 135.953033, "url": "https://www.iryou.teikyouseido.mhlw.go.jp/znk-web/juminkanja/S2430/initialize?prefCd=25&kikanCd=3250008040&kikanKbn=3", "url2": "http://asai-shika-moriyama.com", "内容": "あさい歯科【3:歯科】滋賀県守山市水保町１２１４−３" }, "geometry": { "type": "Point", "coordinates": [ 135.953033, 35.109906 ] } },
{ "type": "Feature", "properties": { "ID": 2533250008060, "正式名称": "中西訪問歯科", "機関区分": 3, "都道府県コード": 25, "市区町村コード": 207, "所在地": "滋賀県守山市吉身３丁目４－２２－１０８", "緯度": 35.058992, "経度": 135.996336, "url": "https://www.iryou.teikyouseido.mhlw.go.jp/znk-web/juminkanja/S2430/initialize?prefCd=25&kikanCd=3250008060&kikanKbn=3", "url2": null, "内容": "中西訪問歯科【3:歯科】滋賀県守山市吉身３丁目４－２２－１０８" }, "geometry": { "type": "Point", "coordinates": [ 135.996336, 35.058992 ] } },
{ "type": "Feature", "properties": { "ID": 2533250008080, "正式名称": "ふたば歯科医院", "機関区分": 3, "都道府県コード": 25, "市区町村コード": 207, "所在地": "滋賀県守山市金森町仁願寺３０９－１", "緯度": 35.059663, "経度": 135.977042, "url": "https://www.iryou.teikyouseido.mhlw.go.jp/znk-web/juminkanja/S2430/initialize?prefCd=25&kikanCd=3250008080&kikanKbn=3", "url2": "https://futaba-dental.clinic/", "内容": "ふたば歯科医院【3:歯科】滋賀県守山市金森町仁願寺３０９－１" }, "geometry": { "type": "Point", "coordinates": [ 135.977042, 35.059663 ] } },
{ "type": "Feature", "properties": { "ID": 2533250008090, "正式名称": "久保デンタルクリニック", "機関区分": 3, "都道府県コード": 25, "市区町村コード": 213, "所在地": "滋賀県東近江市林田町１２９２", "緯度": 35.092482, "経度": 136.237958, "url": "https://www.iryou.teikyouseido.mhlw.go.jp/znk-web/juminkanja/S2430/initialize?prefCd=25&kikanCd=3250008090&kikanKbn=3", "url2": "kubo-dc-shiga.com", "内容": "久保デンタルクリニック【3:歯科】滋賀県東近江市林田町１２９２" }, "geometry": { "type": "Point", "coordinates": [ 136.237958, 35.092482 ] } },
{ "type": "Feature", "properties": { "ID": 2533250008100, "正式名称": "Ｂｅ　ｓｍｉｌｅ歯科・矯正歯科", "機関区分": 3, "都道府県コード": 25, "市区町村コード": 213, "所在地": "滋賀県東近江市八日市浜野町２−２２", "緯度": 35.114525, "経度": 136.19582, "url": "https://www.iryou.teikyouseido.mhlw.go.jp/znk-web/juminkanja/S2430/initialize?prefCd=25&kikanCd=3250008100&kikanKbn=3", "url2": "https://icontact-4.dapo.jp/docoapo_line/webform.php?id=39491&skip", "内容": "Ｂｅ　ｓｍｉｌｅ歯科・矯正歯科【3:歯科】滋賀県東近江市八日市浜野町２−２２" }, "geometry": { "type": "Point", "coordinates": [ 136.19582, 35.114525 ] } },
{ "type": "Feature", "properties": { "ID": 2533250008110, "正式名称": "もりきた歯科・矯正歯科", "機関区分": 3, "都道府県コード": 25, "市区町村コード": 207, "所在地": "滋賀県守山市荒見町２４５−３", "緯度": 35.082334, "経度": 135.980268, "url": "https://www.iryou.teikyouseido.mhlw.go.jp/znk-web/juminkanja/S2430/initialize?prefCd=25&kikanCd=3250008110&kikanKbn=3", "url2": "https://morikitadc.com/", "内容": "もりきた歯科・矯正歯科【3:歯科】滋賀県守山市荒見町２４５−３" }, "geometry": { "type": "Point", "coordinates": [ 135.980268, 35.082334 ] } },
{ "type": "Feature", "properties": { "ID": 2533250008120, "正式名称": "宮谷歯科医院", "機関区分": 3, "都道府県コード": 25, "市区町村コード": 201, "所在地": "滋賀県大津市下阪本６丁目１６－１", "緯度": 35.069525, "経度": 135.884833, "url": "https://www.iryou.teikyouseido.mhlw.go.jp/znk-web/juminkanja/S2430/initialize?prefCd=25&kikanCd=3250008120&kikanKbn=3", "url2": "https://miyatani-d-c.com", "内容": "宮谷歯科医院【3:歯科】滋賀県大津市下阪本６丁目１６－１" }, "geometry": { "type": "Point", "coordinates": [ 135.884833, 35.069525 ] } },
{ "type": "Feature", "properties": { "ID": 2533250008130, "正式名称": "ＫＡＮＡＹＡＭＡ　ＤＥＮＴＡＬ　ＣＬＩＮＩＣ", "機関区分": 3, "都道府県コード": 25, "市区町村コード": 206, "所在地": "滋賀県草津市西渋川１–２１–１４エルミナＭＣビル", "緯度": 35.02741, "経度": 135.958717, "url": "https://www.iryou.teikyouseido.mhlw.go.jp/znk-web/juminkanja/S2430/initialize?prefCd=25&kikanCd=3250008130&kikanKbn=3", "url2": null, "内容": "ＫＡＮＡＹＡＭＡ　ＤＥＮＴＡＬ　ＣＬＩＮＩＣ【3:歯科】滋賀県草津市西渋川１–２１–１４エルミナＭＣビル" }, "geometry": { "type": "Point", "coordinates": [ 135.958717, 35.02741 ] } },
{ "type": "Feature", "properties": { "ID": 2533250008140, "正式名称": "草津六花矯正歯科・歯科", "機関区分": 3, "都道府県コード": 25, "市区町村コード": 206, "所在地": "滋賀県草津市大路１－１４－１伽羅コート草津壱番館地下１階", "緯度": 35.0210253, "経度": 135.9636933, "url": "https://www.iryou.teikyouseido.mhlw.go.jp/znk-web/juminkanja/S2430/initialize?prefCd=25&kikanCd=3250008140&kikanKbn=3", "url2": null, "内容": "草津六花矯正歯科・歯科【3:歯科】滋賀県草津市大路１－１４－１伽羅コート草津壱番館地下１階" }, "geometry": { "type": "Point", "coordinates": [ 135.963693299999989, 35.0210253 ] } },
{ "type": "Feature", "properties": { "ID": 2533250008160, "正式名称": "ときめき坂歯科・矯正歯科", "機関区分": 3, "都道府県コード": 25, "市区町村コード": 201, "所在地": "滋賀県大津市馬場２丁目１０の２３", "緯度": 34.99953, "経度": 135.881771, "url": "https://www.iryou.teikyouseido.mhlw.go.jp/znk-web/juminkanja/S2430/initialize?prefCd=25&kikanCd=3250008160&kikanKbn=3", "url2": "https://www.tokimekizaka-shika.com/", "内容": "ときめき坂歯科・矯正歯科【3:歯科】滋賀県大津市馬場２丁目１０の２３" }, "geometry": { "type": "Point", "coordinates": [ 135.881771, 34.99953 ] } },
{ "type": "Feature", "properties": { "ID": 2533250008190, "正式名称": "大津京たにぐち歯科", "機関区分": 3, "都道府県コード": 25, "市区町村コード": 201, "所在地": "滋賀県大津市松山町６−２５", "緯度": 35.027671, "経度": 135.862582, "url": "https://www.iryou.teikyouseido.mhlw.go.jp/znk-web/juminkanja/S2430/initialize?prefCd=25&kikanCd=3250008190&kikanKbn=3", "url2": "https://www.otsukyo-taniguchi-dental.com/", "内容": "大津京たにぐち歯科【3:歯科】滋賀県大津市松山町６−２５" }, "geometry": { "type": "Point", "coordinates": [ 135.862582, 35.027671 ] } }
]
}
