{
"type": "FeatureCollection",
"name": "geo_25_居宅介護支援",
"crs": { "type": "name", "properties": { "name": "urn:ogc:def:crs:OGC:1.3:CRS84" } },
"features": [
{ "type": "Feature", "properties": { "内容": "ハーネスト居宅介護支援事業所【居宅介護支援】大津市坂本1丁目13-12", "url": "https://www.kaigokensaku.mhlw.go.jp/25/index.php?action_kouhyou_detail_004_kani=true&JigyosyoCd=2570102612-00&ServiceCd=430&Type=search", "url2": "http://www.hernest.jp/" }, "geometry": { "type": "Point", "coordinates": [ 135.867327199999977, 35.0597435 ] } },
{ "type": "Feature", "properties": { "内容": "近江ケアプランセンター【居宅介護支援】滋賀県大津市萱野浦5番6号１F", "url": "https://www.kaigokensaku.mhlw.go.jp/25/index.php?action_kouhyou_detail_004_kani=true&JigyosyoCd=2570103677-00&ServiceCd=430&Type=search", "url2": null }, "geometry": { "type": "Point", "coordinates": [ 135.9116027, 34.9917629 ] } },
{ "type": "Feature", "properties": { "内容": "居宅介護支援センターじんりょう【居宅介護支援】神領３丁目20-24", "url": "https://www.kaigokensaku.mhlw.go.jp/25/index.php?action_kouhyou_detail_004_kani=true&JigyosyoCd=2570102943-00&ServiceCd=430&Type=search", "url2": null }, "geometry": { "type": "Point", "coordinates": [ 135.911151209509285, 34.971529580716485 ] } },
{ "type": "Feature", "properties": { "内容": "もも薬局居宅介護支援事業所【居宅介護支援】大津市丸の内町9-30", "url": "https://www.kaigokensaku.mhlw.go.jp/25/index.php?action_kouhyou_detail_004_kani=true&JigyosyoCd=2570103339-00&ServiceCd=430&Type=search", "url2": null }, "geometry": { "type": "Point", "coordinates": [ 135.89405441366992, 34.995817359603087 ] } },
{ "type": "Feature", "properties": { "内容": "合同会社居宅介護支援事業所さち【居宅介護支援】滋賀県大津市瀬田３丁目３９番１１号", "url": "https://www.kaigokensaku.mhlw.go.jp/25/index.php?action_kouhyou_detail_004_kani=true&JigyosyoCd=2570103602-00&ServiceCd=430&Type=search", "url2": null }, "geometry": { "type": "Point", "coordinates": [ 135.914157299999943, 34.9643333 ] } },
{ "type": "Feature", "properties": { "内容": "桐生居宅介護支援事業所【居宅介護支援】滋賀県大津市桐生一丁目26番7号", "url": "https://www.kaigokensaku.mhlw.go.jp/25/index.php?action_kouhyou_detail_004_kani=true&JigyosyoCd=2570101127-00&ServiceCd=430&Type=search", "url2": "http://www.kiryuen.jp/" }, "geometry": { "type": "Point", "coordinates": [ 135.991462, 34.9709673 ] } },
{ "type": "Feature", "properties": { "内容": "グランユニライフケアプランセンター大津大将軍【居宅介護支援】大津市大将軍3丁目19番5号", "url": "https://www.kaigokensaku.mhlw.go.jp/25/index.php?action_kouhyou_detail_004_kani=true&JigyosyoCd=2570105219-00&ServiceCd=430&Type=search", "url2": null }, "geometry": { "type": "Point", "coordinates": [ 135.927555247221306, 34.991472496401236 ] } },
{ "type": "Feature", "properties": { "内容": "あい・ネット居宅介護支援センター【居宅介護支援】滋賀県大津市秋葉台７番２号", "url": "https://www.kaigokensaku.mhlw.go.jp/25/index.php?action_kouhyou_detail_004_kani=true&JigyosyoCd=2570100566-00&ServiceCd=430&Type=search", "url2": "https://www.ainet-otsu.com/" }, "geometry": { "type": "Point", "coordinates": [ 135.885932799999978, 34.9905573 ] } },
{ "type": "Feature", "properties": { "内容": "真情（まごころ）ケア・プランニング【居宅介護支援】滋賀県大津市横木一丁目９番４号", "url": "https://www.kaigokensaku.mhlw.go.jp/25/index.php?action_kouhyou_detail_004_kani=true&JigyosyoCd=2570103545-00&ServiceCd=430&Type=search", "url2": "http//newones.co.jp//" }, "geometry": { "type": "Point", "coordinates": [ 135.829475099999968, 34.9914676 ] } },
{ "type": "Feature", "properties": { "内容": "まごころ滋賀居宅介護支援事業所【居宅介護支援】滋賀県大津市勧学2-4-1", "url": "https://www.kaigokensaku.mhlw.go.jp/25/index.php?action_kouhyou_detail_004_kani=true&JigyosyoCd=2570104717-00&ServiceCd=430&Type=search", "url2": "http://magokoro-ie.net" }, "geometry": { "type": "Point", "coordinates": [ 135.8620674, 35.0331912 ] } },
{ "type": "Feature", "properties": { "内容": "田原居宅介護支援事業所【居宅介護支援】月輪五丁目３１番２号", "url": "https://www.kaigokensaku.mhlw.go.jp/25/index.php?action_kouhyou_detail_004_kani=true&JigyosyoCd=2570102281-00&ServiceCd=430&Type=search", "url2": null }, "geometry": { "type": "Point", "coordinates": [ 135.946970800000031, 34.9774134 ] } },
{ "type": "Feature", "properties": { "内容": "医療法人社団　加音　湖乃美介護相談室【居宅介護支援】滋賀県大津市三大寺6-9", "url": "https://www.kaigokensaku.mhlw.go.jp/25/index.php?action_kouhyou_detail_004_kani=true&JigyosyoCd=2570104782-00&ServiceCd=430&Type=search", "url2": "https://www.setanishi.jp/" }, "geometry": { "type": "Point", "coordinates": [ 135.9169458, 34.974049 ] } },
{ "type": "Feature", "properties": { "内容": "ツクイ大津神領【居宅介護支援】神領2丁目３２－２１", "url": "https://www.kaigokensaku.mhlw.go.jp/25/index.php?action_kouhyou_detail_004_kani=true&JigyosyoCd=2570105375-00&ServiceCd=430&Type=search", "url2": "www.tsukui.net" }, "geometry": { "type": "Point", "coordinates": [ 135.9162576, 34.9705532 ] } },
{ "type": "Feature", "properties": { "内容": "ケアプランセンター円【居宅介護支援】滋賀県大津市富士見台１５番地３６号", "url": "https://www.kaigokensaku.mhlw.go.jp/25/index.php?action_kouhyou_detail_004_kani=true&JigyosyoCd=2570106308-00&ServiceCd=430&Type=search", "url2": null }, "geometry": { "type": "Point", "coordinates": [ 135.885469035711679, 34.986871508092371 ] } },
{ "type": "Feature", "properties": { "内容": "有限会社ケアサポートリブ【居宅介護支援】滋賀県大津市仰木の里東１丁目１５－２０", "url": "https://www.kaigokensaku.mhlw.go.jp/25/index.php?action_kouhyou_detail_004_kani=true&JigyosyoCd=2570101192-00&ServiceCd=430&Type=search", "url2": "http://carelive.jp" }, "geometry": { "type": "Point", "coordinates": [ 135.8933902, 35.1012025 ] } },
{ "type": "Feature", "properties": { "内容": "居宅介護支援事業所　もも【居宅介護支援】滋賀県大津市浜大津三丁目2番31号", "url": "https://www.kaigokensaku.mhlw.go.jp/25/index.php?action_kouhyou_detail_004_kani=true&JigyosyoCd=2570102810-00&ServiceCd=430&Type=search", "url2": "https://als-shiga.net/202020" }, "geometry": { "type": "Point", "coordinates": [ 135.87589760000003, 35.003533500000025 ] } },
{ "type": "Feature", "properties": { "内容": "ケアプランセンター南郷【居宅介護支援】大津市南郷一丁目７番２１号", "url": "https://www.kaigokensaku.mhlw.go.jp/25/index.php?action_kouhyou_detail_004_kani=true&JigyosyoCd=2570100459-00&ServiceCd=430&Type=search", "url2": null }, "geometry": { "type": "Point", "coordinates": [ 135.907503376057406, 34.944428520267593 ] } },
{ "type": "Feature", "properties": { "内容": "マザーレイク田上居宅介護支援事業所【居宅介護支援】黒津１－６－１８", "url": "https://www.kaigokensaku.mhlw.go.jp/25/index.php?action_kouhyou_detail_004_kani=true&JigyosyoCd=2570100715-00&ServiceCd=430&Type=search", "url2": "http://www.grouphome.jp" }, "geometry": { "type": "Point", "coordinates": [ 135.913662899999963, 34.9426074 ] } },
{ "type": "Feature", "properties": { "内容": "ふれあいサポート小野ケアステーション【居宅介護支援】滋賀県大津市湖青1丁目1-20ローズプラザ小野内", "url": "https://www.kaigokensaku.mhlw.go.jp/25/index.php?action_kouhyou_detail_004_kani=true&JigyosyoCd=2570102190-00&ServiceCd=430&Type=search", "url2": "http://www.furesuppo.com/" }, "geometry": { "type": "Point", "coordinates": [ 135.922017200000028, 35.1387377 ] } },
{ "type": "Feature", "properties": { "内容": "さくら会居宅介護支援事業所【居宅介護支援】滋賀県大津市真野6－6－21", "url": "https://www.kaigokensaku.mhlw.go.jp/25/index.php?action_kouhyou_detail_004_kani=true&JigyosyoCd=2570104071-00&ServiceCd=430&Type=search", "url2": "http://sakurakai-forestmano.jimdofree.com" }, "geometry": { "type": "Point", "coordinates": [ 135.922545, 35.1350243 ] } },
{ "type": "Feature", "properties": { "内容": "居宅介護支援事業所こてつ【居宅介護支援】滋賀県大津市大萱7丁目21-5ハイツアムール101", "url": "https://www.kaigokensaku.mhlw.go.jp/25/index.php?action_kouhyou_detail_004_kani=true&JigyosyoCd=2570104592-00&ServiceCd=430&Type=search", "url2": null }, "geometry": { "type": "Point", "coordinates": [ 135.916929840475404, 34.994687710881976 ] } },
{ "type": "Feature", "properties": { "内容": "ケアプランセンターえんじゅ大津【居宅介護支援】滋賀県大津市苗鹿2丁目37-32", "url": "https://www.kaigokensaku.mhlw.go.jp/25/index.php?action_kouhyou_detail_004_kani=true&JigyosyoCd=2570105953-00&ServiceCd=430&Type=search", "url2": "url:https://www.t-s-i.jp" }, "geometry": { "type": "Point", "coordinates": [ 135.891965695497163, 35.086163684411702 ] } },
{ "type": "Feature", "properties": { "内容": "居宅介護支援事業所みどり【居宅介護支援】御殿浜2-30", "url": "https://www.kaigokensaku.mhlw.go.jp/25/index.php?action_kouhyou_detail_004_kani=true&JigyosyoCd=2570106183-00&ServiceCd=430&Type=search", "url2": "http://www.reach-green.com/" }, "geometry": { "type": "Point", "coordinates": [ 135.8955956, 34.9876404 ] } },
{ "type": "Feature", "properties": { "内容": "あいむケアプランセンタ―大津【居宅介護支援】大津市瀬田1丁目4-10", "url": "https://www.kaigokensaku.mhlw.go.jp/25/index.php?action_kouhyou_detail_004_kani=true&JigyosyoCd=2570106233-00&ServiceCd=430&Type=search", "url2": "http://k-aimu.co.jp/" }, "geometry": { "type": "Point", "coordinates": [ 135.9118332, 34.9758219 ] } },
{ "type": "Feature", "properties": { "内容": "居宅介護支援センター志賀【居宅介護支援】大津市和邇高城260番地の1", "url": "https://www.kaigokensaku.mhlw.go.jp/25/index.php?action_kouhyou_detail_004_kani=true&JigyosyoCd=2510105964-00&ServiceCd=430&Type=search", "url2": "http://www.koseikai.care/" }, "geometry": { "type": "Point", "coordinates": [ 135.919525900000053, 35.1623293 ] } },
{ "type": "Feature", "properties": { "内容": "有限会社ケイアイティ介護支援サービスセンター【居宅介護支援】滋賀県大津市唐橋町7番44号", "url": "https://www.kaigokensaku.mhlw.go.jp/25/index.php?action_kouhyou_detail_004_kani=true&JigyosyoCd=2570100178-00&ServiceCd=430&Type=search", "url2": null }, "geometry": { "type": "Point", "coordinates": [ 135.90531390000001, 34.9769261 ] } },
{ "type": "Feature", "properties": { "内容": "真野居宅介護支援事業所【居宅介護支援】滋賀県大津市真野普門三丁目1120番地", "url": "https://www.kaigokensaku.mhlw.go.jp/25/index.php?action_kouhyou_detail_004_kani=true&JigyosyoCd=2570101994-00&ServiceCd=430&Type=search", "url2": "http://www.fukusi-otsu.or.jp/" }, "geometry": { "type": "Point", "coordinates": [ 135.9187819, 35.1340968 ] } },
{ "type": "Feature", "properties": { "内容": "おたすけくんケアプランセンター【居宅介護支援】大津市神領2丁目17－26", "url": "https://www.kaigokensaku.mhlw.go.jp/25/index.php?action_kouhyou_detail_004_kani=true&JigyosyoCd=2570102695-00&ServiceCd=430&Type=search", "url2": null }, "geometry": { "type": "Point", "coordinates": [ 135.9225146, 34.972055 ] } },
{ "type": "Feature", "properties": { "内容": "たかまケアマネジメント【居宅介護支援】滋賀県大津市本堅田五丁目16-7-405", "url": "https://www.kaigokensaku.mhlw.go.jp/25/index.php?action_kouhyou_detail_004_kani=true&JigyosyoCd=2570106126-00&ServiceCd=430&Type=search", "url2": "https://www.takama.org/" }, "geometry": { "type": "Point", "coordinates": [ 135.915062, 35.1199491 ] } },
{ "type": "Feature", "properties": { "内容": "けあまね事業所衣川【居宅介護支援】滋賀県大津市衣川2-23-5", "url": "https://www.kaigokensaku.mhlw.go.jp/25/index.php?action_kouhyou_detail_004_kani=true&JigyosyoCd=2570106498-00&ServiceCd=430&Type=search", "url2": "https://www.keamanekinugawa.com/" }, "geometry": { "type": "Point", "coordinates": [ 135.905371699999989, 35.1127593 ] } },
{ "type": "Feature", "properties": { "内容": "独立行政法人地域医療機能推進機構　滋賀病院附属居宅介護支援センター【居宅介護支援】富士見台１６－１", "url": "https://www.kaigokensaku.mhlw.go.jp/25/index.php?action_kouhyou_detail_004_kani=true&JigyosyoCd=2550180034-00&ServiceCd=430&Type=search", "url2": "http://shiga.jcho.go.jp/rouken/" }, "geometry": { "type": "Point", "coordinates": [ 135.885760373819068, 34.98573315677352 ] } },
{ "type": "Feature", "properties": { "内容": "あかねはうす居宅介護支援事業所【居宅介護支援】大津市唐崎1-30-10", "url": "https://www.kaigokensaku.mhlw.go.jp/25/index.php?action_kouhyou_detail_004_kani=true&JigyosyoCd=2570100830-00&ServiceCd=430&Type=search", "url2": "http://www.akanehouse.com" }, "geometry": { "type": "Point", "coordinates": [ 135.869439627885441, 35.047764190919835 ] } },
{ "type": "Feature", "properties": { "内容": "ケアプランセンターすばる【居宅介護支援】滋賀県大津市秋葉台３番６号", "url": "https://www.kaigokensaku.mhlw.go.jp/25/index.php?action_kouhyou_detail_004_kani=true&JigyosyoCd=2570102505-00&ServiceCd=430&Type=search", "url2": null }, "geometry": { "type": "Point", "coordinates": [ 135.883377399999972, 34.992532 ] } },
{ "type": "Feature", "properties": { "内容": "居宅介護支援事業所みちくさ【居宅介護支援】滋賀県大津市月輪２丁目３－２１", "url": "https://www.kaigokensaku.mhlw.go.jp/25/index.php?action_kouhyou_detail_004_kani=true&JigyosyoCd=2570102539-00&ServiceCd=430&Type=search", "url2": null }, "geometry": { "type": "Point", "coordinates": [ 135.93376360000002, 34.9872007 ] } },
{ "type": "Feature", "properties": { "内容": "合同会社　わかば　居宅介護支援事業所【居宅介護支援】大津市浜大津4丁目8-3ネバーランド大津914", "url": "https://www.kaigokensaku.mhlw.go.jp/25/index.php?action_kouhyou_detail_004_kani=true&JigyosyoCd=2570102786-00&ServiceCd=430&Type=search", "url2": null }, "geometry": { "type": "Point", "coordinates": [ 135.877683299999944, 34.9737062 ] } },
{ "type": "Feature", "properties": { "内容": "ケアプランステーションここあ石山【居宅介護支援】滋賀県大津市栄町2番5号", "url": "https://www.kaigokensaku.mhlw.go.jp/25/index.php?action_kouhyou_detail_004_kani=true&JigyosyoCd=2570104576-00&ServiceCd=430&Type=search", "url2": "http://kokoa.jp/" }, "geometry": { "type": "Point", "coordinates": [ 135.900589500000024, 34.9770843 ] } },
{ "type": "Feature", "properties": { "内容": "桐生居宅介護支援事業所【居宅介護支援】滋賀県大津市玉野浦15番1号", "url": "https://www.kaigokensaku.mhlw.go.jp/25/index.php?action_kouhyou_detail_004_kani=true&JigyosyoCd=2570104964-00&ServiceCd=430&Type=search", "url2": "https://www.kiryukai.net/" }, "geometry": { "type": "Point", "coordinates": [ 135.910620099999988, 34.9817743 ] } },
{ "type": "Feature", "properties": { "内容": "居宅介護支援事業所　そら音（ね）【居宅介護支援】滋賀県大津市追分町16-21", "url": "https://www.kaigokensaku.mhlw.go.jp/25/index.php?action_kouhyou_detail_004_kani=true&JigyosyoCd=2570105300-00&ServiceCd=430&Type=search", "url2": "http://bridge-nurse.com/" }, "geometry": { "type": "Point", "coordinates": [ 135.8353257, 34.9934355 ] } },
{ "type": "Feature", "properties": { "内容": "かたた駅前ケアプランセンター【居宅介護支援】滋賀県大津市本堅田6丁目31番29号", "url": "https://www.kaigokensaku.mhlw.go.jp/25/index.php?action_kouhyou_detail_004_kani=true&JigyosyoCd=2570105466-00&ServiceCd=430&Type=search", "url2": "https://www.sangajapan.jp/" }, "geometry": { "type": "Point", "coordinates": [ 135.9128772, 35.1191318 ] } },
{ "type": "Feature", "properties": { "内容": "やわらケアプレイス【居宅介護支援】滋賀県大津市大江三丁目23-18101", "url": "https://www.kaigokensaku.mhlw.go.jp/25/index.php?action_kouhyou_detail_004_kani=true&JigyosyoCd=2570105862-00&ServiceCd=430&Type=search", "url2": null }, "geometry": { "type": "Point", "coordinates": [ 135.9149913, 34.9764945 ] } },
{ "type": "Feature", "properties": { "内容": "ケアプランささなみ【居宅介護支援】滋賀県大津市今堅田二丁目２２番６号", "url": "https://www.kaigokensaku.mhlw.go.jp/25/index.php?action_kouhyou_detail_004_kani=true&JigyosyoCd=2570105938-00&ServiceCd=430&Type=search", "url2": null }, "geometry": { "type": "Point", "coordinates": [ 135.919911773016395, 35.123049062810381 ] } },
{ "type": "Feature", "properties": { "内容": "コスモス居宅介護支援事業所【居宅介護支援】大津市坂本6-6-31", "url": "https://www.kaigokensaku.mhlw.go.jp/25/index.php?action_kouhyou_detail_004_kani=true&JigyosyoCd=2560190031-00&ServiceCd=430&Type=search", "url2": "http://shigamin.jp/network/network01/network0103/" }, "geometry": { "type": "Point", "coordinates": [ 135.8719903, 35.0746361 ] } },
{ "type": "Feature", "properties": { "内容": "居宅介護支援事業所大津【居宅介護支援】滋賀県大津市大門通11番11号", "url": "https://www.kaigokensaku.mhlw.go.jp/25/index.php?action_kouhyou_detail_004_kani=true&JigyosyoCd=2570100632-00&ServiceCd=430&Type=search", "url2": "https://www.rakuwa.or.jp" }, "geometry": { "type": "Point", "coordinates": [ 135.85553010000001, 35.0139725 ] } },
{ "type": "Feature", "properties": { "内容": "ケアタウンからさき　居宅介護支援センター【居宅介護支援】滋賀県大津市見世一丁目17番1号", "url": "https://www.kaigokensaku.mhlw.go.jp/25/index.php?action_kouhyou_detail_004_kani=true&JigyosyoCd=2570100970-00&ServiceCd=430&Type=search", "url2": "http://www.kosei-f.jp/" }, "geometry": { "type": "Point", "coordinates": [ 135.859631300000046, 35.0406486 ] } },
{ "type": "Feature", "properties": { "内容": "医療法人弘英会琵琶湖大橋病院居宅介護支援事業所【居宅介護支援】滋賀県大津市本堅田5丁目20番10号アルプラザ堅田2階", "url": "https://www.kaigokensaku.mhlw.go.jp/25/index.php?action_kouhyou_detail_004_kani=true&JigyosyoCd=2570101010-00&ServiceCd=430&Type=search", "url2": "http://www.with-heart＠boh-care.jp" }, "geometry": { "type": "Point", "coordinates": [ 135.915678306823793, 35.119188492408078 ] } },
{ "type": "Feature", "properties": { "内容": "医療法人啓信会萌木の村　居宅介護支援事業所リエゾン大津【居宅介護支援】滋賀県大津市尾花川11-31ロータリーマンション西大津III番館1Ｆ", "url": "https://www.kaigokensaku.mhlw.go.jp/25/index.php?action_kouhyou_detail_004_kani=true&JigyosyoCd=2570101242-00&ServiceCd=430&Type=search", "url2": "http://www.kyoto-keishinkai.or.jp" }, "geometry": { "type": "Point", "coordinates": [ 135.861095299999988, 35.0215154 ] } },
{ "type": "Feature", "properties": { "内容": "輝生会居宅介護支援事業所【居宅介護支援】滋賀県大津市大萱１丁目５－２８クラベスビル１階", "url": "https://www.kaigokensaku.mhlw.go.jp/25/index.php?action_kouhyou_detail_004_kani=true&JigyosyoCd=2570101457-00&ServiceCd=430&Type=search", "url2": "http://lumies.jp" }, "geometry": { "type": "Point", "coordinates": [ 135.92263360000004, 34.9847797 ] } },
{ "type": "Feature", "properties": { "内容": "近江舞子しょうぶ苑居宅介護支援センター【居宅介護支援】滋賀県大津市南小松９０番地", "url": "https://www.kaigokensaku.mhlw.go.jp/25/index.php?action_kouhyou_detail_004_kani=true&JigyosyoCd=2570101721-00&ServiceCd=430&Type=search", "url2": "shiga-f.com" }, "geometry": { "type": "Point", "coordinates": [ 135.958846499999936, 35.2386972 ] } },
{ "type": "Feature", "properties": { "内容": "ふれあいサポート西大津ケアステーション【居宅介護支援】滋賀県大津市山上町5-37シャルム皇子山1F-D", "url": "https://www.kaigokensaku.mhlw.go.jp/25/index.php?action_kouhyou_detail_004_kani=true&JigyosyoCd=2570102216-00&ServiceCd=430&Type=search", "url2": "http://www.furesuppo.com/" }, "geometry": { "type": "Point", "coordinates": [ 135.8547989, 35.0214924 ] } },
{ "type": "Feature", "properties": { "内容": "こころケア・サポート居宅介護支援事業所【居宅介護支援】滋賀県大津市本堅田5丁目3-2", "url": "https://www.kaigokensaku.mhlw.go.jp/25/index.php?action_kouhyou_detail_004_kani=true&JigyosyoCd=2570102331-00&ServiceCd=430&Type=search", "url2": "https;//kokorokea.my.canva.site/daglg6aqnl8" }, "geometry": { "type": "Point", "coordinates": [ 135.912285, 35.1147376 ] } },
{ "type": "Feature", "properties": { "内容": "ケアプラン　さくらはうす【居宅介護支援】滋賀県大津市雄琴2丁目13－22", "url": "https://www.kaigokensaku.mhlw.go.jp/25/index.php?action_kouhyou_detail_004_kani=true&JigyosyoCd=2570102349-00&ServiceCd=430&Type=search", "url2": null }, "geometry": { "type": "Point", "coordinates": [ 135.897024214811751, 35.091491783768674 ] } },
{ "type": "Feature", "properties": { "内容": "居宅介護支援事業所コミュニティライフ【居宅介護支援】大津市瀬田五丁目２８番１１号", "url": "https://www.kaigokensaku.mhlw.go.jp/25/index.php?action_kouhyou_detail_004_kani=true&JigyosyoCd=2570102380-00&ServiceCd=430&Type=search", "url2": "https://communitylifecare.jimdofree.com" }, "geometry": { "type": "Point", "coordinates": [ 135.912437257672082, 34.958042141704446 ] } },
{ "type": "Feature", "properties": { "内容": "ケアプランセンター時間の森【居宅介護支援】大将軍1丁目15-2", "url": "https://www.kaigokensaku.mhlw.go.jp/25/index.php?action_kouhyou_detail_004_kani=true&JigyosyoCd=2570102752-00&ServiceCd=430&Type=search", "url2": "http://www.geocities.jp/rokusyo_honnbu/index.html" }, "geometry": { "type": "Point", "coordinates": [ 135.925167200000033, 34.9933219 ] } },
{ "type": "Feature", "properties": { "内容": "ケアプランセンターまった里【居宅介護支援】大津市瀬田5丁目14-1リバーサイドヒルズ１０７号室", "url": "https://www.kaigokensaku.mhlw.go.jp/25/index.php?action_kouhyou_detail_004_kani=true&JigyosyoCd=2570103743-00&ServiceCd=430&Type=search", "url2": "mattari.care@crocus.ocn.ne.jp" }, "geometry": { "type": "Point", "coordinates": [ 135.911211826597508, 34.961370966526665 ] } },
{ "type": "Feature", "properties": { "内容": "よつば居宅介護支援事業所ふるさと【居宅介護支援】滋賀県大津市相模町１０－１特別養護老人ホーム　風流里内", "url": "https://www.kaigokensaku.mhlw.go.jp/25/index.php?action_kouhyou_detail_004_kani=true&JigyosyoCd=2570104162-00&ServiceCd=430&Type=search", "url2": "http://www.yotsuba-lcn.or.jp/" }, "geometry": { "type": "Point", "coordinates": [ 133.535139100000038, 33.5693579 ] } },
{ "type": "Feature", "properties": { "内容": "うさぎマネジメントケア【居宅介護支援】滋賀県大津市松本２丁目８－１０", "url": "https://www.kaigokensaku.mhlw.go.jp/25/index.php?action_kouhyou_detail_004_kani=true&JigyosyoCd=2570104741-00&ServiceCd=430&Type=search", "url2": "http://usagizaitakuiryousiga.com" }, "geometry": { "type": "Point", "coordinates": [ 135.87318352883608, 35.005157121981497 ] } },
{ "type": "Feature", "properties": { "内容": "陽だまり居宅介護支援事業所【居宅介護支援】滋賀県大津市昭和町7-16", "url": "https://www.kaigokensaku.mhlw.go.jp/25/index.php?action_kouhyou_detail_004_kani=true&JigyosyoCd=2570105185-00&ServiceCd=430&Type=search", "url2": "hidamari-cm@shigamin.jp" }, "geometry": { "type": "Point", "coordinates": [ 135.886531200000036, 34.9975499 ] } },
{ "type": "Feature", "properties": { "内容": "ケアプランセンター琵琶の風【居宅介護支援】滋賀県大津市本堅田1丁目２－17", "url": "https://www.kaigokensaku.mhlw.go.jp/25/index.php?action_kouhyou_detail_004_kani=true&JigyosyoCd=2570105383-00&ServiceCd=430&Type=search", "url2": null }, "geometry": { "type": "Point", "coordinates": [ 135.9176511, 35.1085814 ] } },
{ "type": "Feature", "properties": { "内容": "居宅介護支援事業所きよら【居宅介護支援】大将軍１丁目14-11HARIMAビル302号", "url": "https://www.kaigokensaku.mhlw.go.jp/25/index.php?action_kouhyou_detail_004_kani=true&JigyosyoCd=2570105540-00&ServiceCd=430&Type=search", "url2": null }, "geometry": { "type": "Point", "coordinates": [ 135.926163099999968, 34.9922646 ] } },
{ "type": "Feature", "properties": { "内容": "ミライリハケアプラン【居宅介護支援】滋賀県大津市石山寺3‐10‐25", "url": "https://www.kaigokensaku.mhlw.go.jp/25/index.php?action_kouhyou_detail_004_kani=true&JigyosyoCd=2570105557-00&ServiceCd=430&Type=search", "url2": "https://mirai-riha.com" }, "geometry": { "type": "Point", "coordinates": [ 135.909632199999976, 34.956073299999971 ] } },
{ "type": "Feature", "properties": { "内容": "ケアプランセンタークローバー【居宅介護支援】相模町5-26", "url": "https://www.kaigokensaku.mhlw.go.jp/25/index.php?action_kouhyou_detail_004_kani=true&JigyosyoCd=2570105805-00&ServiceCd=430&Type=search", "url2": null }, "geometry": { "type": "Point", "coordinates": [ 135.8868253, 34.99672 ] } },
{ "type": "Feature", "properties": { "内容": "湖南居宅介護支援事業所【居宅介護支援】滋賀県大津市里5-2-14", "url": "https://www.kaigokensaku.mhlw.go.jp/25/index.php?action_kouhyou_detail_004_kani=true&JigyosyoCd=2570106092-00&ServiceCd=430&Type=search", "url2": "https://yoshitoku.or.jp" }, "geometry": { "type": "Point", "coordinates": [ 135.9282282, 34.9368879 ] } },
{ "type": "Feature", "properties": { "内容": "なごね居宅介護相談所【居宅介護支援】滋賀県大津市緑町22-1", "url": "https://www.kaigokensaku.mhlw.go.jp/25/index.php?action_kouhyou_detail_004_kani=true&JigyosyoCd=2570106217-00&ServiceCd=430&Type=search", "url2": null }, "geometry": { "type": "Point", "coordinates": [ 135.909234728836083, 35.146072995098734 ] } },
{ "type": "Feature", "properties": { "内容": "悠悠【居宅介護支援】大津市一里山五丁目20番37号", "url": "https://www.kaigokensaku.mhlw.go.jp/25/index.php?action_kouhyou_detail_004_kani=true&JigyosyoCd=2570100582-00&ServiceCd=430&Type=search", "url2": null }, "geometry": { "type": "Point", "coordinates": [ 135.936707800000022, 34.9790546 ] } },
{ "type": "Feature", "properties": { "内容": "居宅介護支援事業所坂本【居宅介護支援】滋賀県大津市下阪本6丁目13-11", "url": "https://www.kaigokensaku.mhlw.go.jp/25/index.php?action_kouhyou_detail_004_kani=true&JigyosyoCd=2570100863-00&ServiceCd=430&Type=search", "url2": "http://www.rakuwa.or.jp" }, "geometry": { "type": "Point", "coordinates": [ 135.885280443269352, 35.068447218409553 ] } },
{ "type": "Feature", "properties": { "内容": "大津市社会福祉事業団比叡すこやか居宅介護支援事業所【居宅介護支援】大津市坂本六丁目33－19", "url": "https://www.kaigokensaku.mhlw.go.jp/25/index.php?action_kouhyou_detail_004_kani=true&JigyosyoCd=2570102000-00&ServiceCd=430&Type=search", "url2": null }, "geometry": { "type": "Point", "coordinates": [ 135.871421, 35.071672600000014 ] } },
{ "type": "Feature", "properties": { "内容": "大津市社会福祉事業団中すこやか居宅介護支援事業所【居宅介護支援】大津市浜大津四丁目1-1明日都浜大津5階", "url": "https://www.kaigokensaku.mhlw.go.jp/25/index.php?action_kouhyou_detail_004_kani=true&JigyosyoCd=2570102018-00&ServiceCd=430&Type=search", "url2": "http://www.fukusi-otsu.or.jp/" }, "geometry": { "type": "Point", "coordinates": [ 135.862616500000058, 35.012095 ] } },
{ "type": "Feature", "properties": { "内容": "居宅介護支援事業所　湖の花【居宅介護支援】滋賀県大津市衣川２－２７－１", "url": "https://www.kaigokensaku.mhlw.go.jp/25/index.php?action_kouhyou_detail_004_kani=true&JigyosyoCd=2570102182-00&ServiceCd=430&Type=search", "url2": "http://rakujyu-konohana.com/" }, "geometry": { "type": "Point", "coordinates": [ 135.905024799999978, 35.1143485 ] } },
{ "type": "Feature", "properties": { "内容": "ふれあいサポート瀬田ケアステーション【居宅介護支援】滋賀県大津市大江3丁目6-29", "url": "https://www.kaigokensaku.mhlw.go.jp/25/index.php?action_kouhyou_detail_004_kani=true&JigyosyoCd=2570102224-00&ServiceCd=430&Type=search", "url2": "http://www.furesuppo.com/" }, "geometry": { "type": "Point", "coordinates": [ 135.91854959754528, 34.980357144882767 ] } },
{ "type": "Feature", "properties": { "内容": "おうみ居宅介護支援事業所【居宅介護支援】大津市皇子が丘二丁目10番13号西大津ビル501号室", "url": "https://www.kaigokensaku.mhlw.go.jp/25/index.php?action_kouhyou_detail_004_kani=true&JigyosyoCd=2570103180-00&ServiceCd=430&Type=search", "url2": null }, "geometry": { "type": "Point", "coordinates": [ 135.857373700000039, 35.0234839 ] } },
{ "type": "Feature", "properties": { "内容": "ケアプランセンター天神山【居宅介護支援】滋賀県大津市衣川３－７－１０", "url": "https://www.kaigokensaku.mhlw.go.jp/25/index.php?action_kouhyou_detail_004_kani=true&JigyosyoCd=2570104246-00&ServiceCd=430&Type=search", "url2": "http://newearth.co.jp" }, "geometry": { "type": "Point", "coordinates": [ 135.904645, 35.1162125 ] } },
{ "type": "Feature", "properties": { "内容": "希望かいご相談所【居宅介護支援】滋賀県大津市田辺町5-4", "url": "https://www.kaigokensaku.mhlw.go.jp/25/index.php?action_kouhyou_detail_004_kani=true&JigyosyoCd=2570104840-00&ServiceCd=430&Type=search", "url2": null }, "geometry": { "type": "Point", "coordinates": [ 135.900350600000024, 34.9717904 ] } },
{ "type": "Feature", "properties": { "内容": "ワンモアケアプランニング【居宅介護支援】滋賀県大津市日吉台二丁目19-10", "url": "https://www.kaigokensaku.mhlw.go.jp/25/index.php?action_kouhyou_detail_004_kani=true&JigyosyoCd=2570105565-00&ServiceCd=430&Type=search", "url2": "https://onemoreship.com" }, "geometry": { "type": "Point", "coordinates": [ 135.877256499999987, 35.0798424 ] } },
{ "type": "Feature", "properties": { "内容": "うさぎマネジメントケア　南志賀【居宅介護支援】滋賀県大津市南志賀１丁目7－27丸一荘105号室", "url": "https://www.kaigokensaku.mhlw.go.jp/25/index.php?action_kouhyou_detail_004_kani=true&JigyosyoCd=2570105698-00&ServiceCd=430&Type=search", "url2": "https://usagizaitakuiryoushiga.com" }, "geometry": { "type": "Point", "coordinates": [ 135.8562906, 35.035500399999989 ] } },
{ "type": "Feature", "properties": { "内容": "ケアサポート　りさと【居宅介護支援】滋賀県大津市中央２丁目５番１８号メゾンSANO２０２号室", "url": "https://www.kaigokensaku.mhlw.go.jp/25/index.php?action_kouhyou_detail_004_kani=true&JigyosyoCd=2570105839-00&ServiceCd=430&Type=search", "url2": null }, "geometry": { "type": "Point", "coordinates": [ 135.8669191, 35.0072246 ] } },
{ "type": "Feature", "properties": { "内容": "ケアプランセンターひまわり【居宅介護支援】滋賀県大津市大石東三丁目８番１２号", "url": "https://www.kaigokensaku.mhlw.go.jp/25/index.php?action_kouhyou_detail_004_kani=true&JigyosyoCd=2570105995-00&ServiceCd=430&Type=search", "url2": null }, "geometry": { "type": "Point", "coordinates": [ 135.9270548, 34.9151276 ] } },
{ "type": "Feature", "properties": { "内容": "ケアプランセンターいづも【居宅介護支援】大津市一里山四丁目25-14", "url": "https://www.kaigokensaku.mhlw.go.jp/25/index.php?action_kouhyou_detail_004_kani=true&JigyosyoCd=2570106118-00&ServiceCd=430&Type=search", "url2": null }, "geometry": { "type": "Point", "coordinates": [ 135.9324425, 34.9797767 ] } },
{ "type": "Feature", "properties": { "内容": "在宅介護ファミールケア　堅田センター【居宅介護支援】大津市今堅田2丁目26-8　サンユートラストビル３Ｆ", "url": "https://www.kaigokensaku.mhlw.go.jp/25/index.php?action_kouhyou_detail_004_kani=true&JigyosyoCd=2570100541-00&ServiceCd=430&Type=search", "url2": "http://www.famille-care.co.jp" }, "geometry": { "type": "Point", "coordinates": [ 135.920850400000063, 35.1217071 ] } },
{ "type": "Feature", "properties": { "内容": "ケアプランセンター中川【居宅介護支援】滋賀県大津市一里山二丁目23番20号", "url": "https://www.kaigokensaku.mhlw.go.jp/25/index.php?action_kouhyou_detail_004_kani=true&JigyosyoCd=2570105318-00&ServiceCd=430&Type=search", "url2": null }, "geometry": { "type": "Point", "coordinates": [ 135.9310677, 34.9818656 ] } },
{ "type": "Feature", "properties": { "内容": "ラ・ケアながら【居宅介護支援】大津市長等二丁目７－４", "url": "https://www.kaigokensaku.mhlw.go.jp/25/index.php?action_kouhyou_detail_004_kani=true&JigyosyoCd=2570100095-00&ServiceCd=430&Type=search", "url2": "http://www.la-care.jp" }, "geometry": { "type": "Point", "coordinates": [ 135.85901, 35.0094384 ] } },
{ "type": "Feature", "properties": { "内容": "木戸居宅介護支援事業所【居宅介護支援】大津市木戸709番地", "url": "https://www.kaigokensaku.mhlw.go.jp/25/index.php?action_kouhyou_detail_004_kani=true&JigyosyoCd=2570101812-00&ServiceCd=430&Type=search", "url2": "http://www.eonet.ne.jp/~jigyoudankido/" }, "geometry": { "type": "Point", "coordinates": [ 135.9210273, 35.2004651 ] } },
{ "type": "Feature", "properties": { "内容": "めろん大津居宅介護支援事業所【居宅介護支援】大津市大石中３丁目１－２５", "url": "https://www.kaigokensaku.mhlw.go.jp/25/index.php?action_kouhyou_detail_004_kani=true&JigyosyoCd=2570101838-00&ServiceCd=430&Type=search", "url2": null }, "geometry": { "type": "Point", "coordinates": [ 135.91414318239876, 34.911149954392997 ] } },
{ "type": "Feature", "properties": { "内容": "大津市社会福祉事業団瀬田すこやか居宅介護支援事業所【居宅介護支援】滋賀県大津市三大寺8番D3ー101", "url": "https://www.kaigokensaku.mhlw.go.jp/25/index.php?action_kouhyou_detail_004_kani=true&JigyosyoCd=2570102042-00&ServiceCd=430&Type=search", "url2": "http://www.fukusi-otsu.or.jp/publics/index/17/" }, "geometry": { "type": "Point", "coordinates": [ 135.9198566, 34.9812899 ] } },
{ "type": "Feature", "properties": { "内容": "居宅介護支援事業所　みずうみ【居宅介護支援】坂本三丁目３３－５５", "url": "https://www.kaigokensaku.mhlw.go.jp/25/index.php?action_kouhyou_detail_004_kani=true&JigyosyoCd=2570102208-00&ServiceCd=430&Type=search", "url2": "http://hp.kaipoke.biz/nkz/" }, "geometry": { "type": "Point", "coordinates": [ 135.878127618385292, 35.06916510173825 ] } },
{ "type": "Feature", "properties": { "内容": "すまいるえがお介護相談センター【居宅介護支援】大津市水明一丁目１６番地８", "url": "https://www.kaigokensaku.mhlw.go.jp/25/index.php?action_kouhyou_detail_004_kani=true&JigyosyoCd=2570102893-00&ServiceCd=430&Type=search", "url2": null }, "geometry": { "type": "Point", "coordinates": [ 135.920411899999976, 35.1433177 ] } },
{ "type": "Feature", "properties": { "内容": "あんしぃ居宅介護支援事業所【居宅介護支援】滋賀県大津市大江八丁目１６６番地の１４", "url": "https://www.kaigokensaku.mhlw.go.jp/25/index.php?action_kouhyou_detail_004_kani=true&JigyosyoCd=2570104212-00&ServiceCd=430&Type=search", "url2": "https://www.an-sea.com" }, "geometry": { "type": "Point", "coordinates": [ 135.92554064907381, 34.970036271325363 ] } },
{ "type": "Feature", "properties": { "内容": "居宅介護支援事業所りんく大津【居宅介護支援】滋賀県大津市坂本1丁目3番27号", "url": "https://www.kaigokensaku.mhlw.go.jp/25/index.php?action_kouhyou_detail_004_kani=true&JigyosyoCd=2570104550-00&ServiceCd=430&Type=search", "url2": "http://link-otsu.jp" }, "geometry": { "type": "Point", "coordinates": [ 135.901780899999949, 35.0998529 ] } },
{ "type": "Feature", "properties": { "内容": "アルカラ介護相談室【居宅介護支援】湖城が丘31番76号", "url": "https://www.kaigokensaku.mhlw.go.jp/25/index.php?action_kouhyou_detail_004_kani=true&JigyosyoCd=2570105144-00&ServiceCd=430&Type=search", "url2": "http://hp.kaipoke.biz/uvu/" }, "geometry": { "type": "Point", "coordinates": [ 135.878761299999951, 34.9930337 ] } },
{ "type": "Feature", "properties": { "内容": "居宅介護支援事業所みずうみ和迩【居宅介護支援】滋賀県大津市和邇中浜４７６", "url": "https://www.kaigokensaku.mhlw.go.jp/25/index.php?action_kouhyou_detail_004_kani=true&JigyosyoCd=2570105581-00&ServiceCd=430&Type=search", "url2": "https://kokokufukushikai.com/" }, "geometry": { "type": "Point", "coordinates": [ 135.922444877459753, 35.160551425703275 ] } },
{ "type": "Feature", "properties": { "内容": "居宅介護支援事業所　笑心【居宅介護支援】滋賀県大津市小関町7-33", "url": "https://www.kaigokensaku.mhlw.go.jp/25/index.php?action_kouhyou_detail_004_kani=true&JigyosyoCd=2570106027-00&ServiceCd=430&Type=search", "url2": "https://rush-ns.co.jp/" }, "geometry": { "type": "Point", "coordinates": [ 135.854057844960266, 35.007502187616318 ] } },
{ "type": "Feature", "properties": { "内容": "介護なんでも相談所くろづ【居宅介護支援】滋賀県大津市黒津２丁目15-28", "url": "https://www.kaigokensaku.mhlw.go.jp/25/index.php?action_kouhyou_detail_004_kani=true&JigyosyoCd=2570106241-00&ServiceCd=430&Type=search", "url2": "https：//kurodu-clinic.jp" }, "geometry": { "type": "Point", "coordinates": [ 135.914944, 34.9422053 ] } },
{ "type": "Feature", "properties": { "内容": "ケアプランセンターあんず【居宅介護支援】滋賀県大津市稲津二丁目３の３０", "url": "https://www.kaigokensaku.mhlw.go.jp/25/index.php?action_kouhyou_detail_004_kani=true&JigyosyoCd=2570101150-00&ServiceCd=430&Type=search", "url2": null }, "geometry": { "type": "Point", "coordinates": [ 135.914876600000071, 34.9494929 ] } },
{ "type": "Feature", "properties": { "内容": "うらら居宅介護支援事業所【居宅介護支援】大津市木下町7-39", "url": "https://www.kaigokensaku.mhlw.go.jp/25/index.php?action_kouhyou_detail_004_kani=true&JigyosyoCd=2570101937-00&ServiceCd=430&Type=search", "url2": "https://urara-kaigo.com" }, "geometry": { "type": "Point", "coordinates": [ 135.89135532372589, 34.998743229465241 ] } },
{ "type": "Feature", "properties": { "内容": "レーク・ホロニー居宅介護支援事業所【居宅介護支援】滋賀県大津市大萱七丁目２１－６レイクハイム瀬田　102号室", "url": "https://www.kaigokensaku.mhlw.go.jp/25/index.php?action_kouhyou_detail_004_kani=true&JigyosyoCd=2570105870-00&ServiceCd=430&Type=search", "url2": "lake-horony.jp/" }, "geometry": { "type": "Point", "coordinates": [ 135.916634712303164, 34.994873097087542 ] } },
{ "type": "Feature", "properties": { "内容": "あいサポートいしやま【居宅介護支援】滋賀県大津市北大路1丁目4番15号", "url": "https://www.kaigokensaku.mhlw.go.jp/25/index.php?action_kouhyou_detail_004_kani=true&JigyosyoCd=2570104568-00&ServiceCd=430&Type=search", "url2": "http://love-smile-happiness.co.jp" }, "geometry": { "type": "Point", "coordinates": [ 135.897988113491778, 34.976050562186799 ] } },
{ "type": "Feature", "properties": { "内容": "あいサポートおおつ【居宅介護支援】月輪三丁目29番4号２F２F", "url": "https://www.kaigokensaku.mhlw.go.jp/25/index.php?action_kouhyou_detail_004_kani=true&JigyosyoCd=2570102703-00&ServiceCd=430&Type=search", "url2": "http://love-smile-happiness.co.jp" }, "geometry": { "type": "Point", "coordinates": [ 135.940776899999946, 34.9837319 ] } },
{ "type": "Feature", "properties": { "内容": "居宅介護支援センターほむぎ【居宅介護支援】滋賀県大津市音羽台２－１５", "url": "https://www.kaigokensaku.mhlw.go.jp/25/index.php?action_kouhyou_detail_004_kani=true&JigyosyoCd=2570103016-00&ServiceCd=430&Type=search", "url2": null }, "geometry": { "type": "Point", "coordinates": [ 135.8615294, 35.0012782 ] } },
{ "type": "Feature", "properties": { "内容": "ケアプランセンター白ゆり【居宅介護支援】滋賀県大津市南郷4丁目11番14号", "url": "https://www.kaigokensaku.mhlw.go.jp/25/index.php?action_kouhyou_detail_004_kani=true&JigyosyoCd=2570105326-00&ServiceCd=430&Type=search", "url2": null }, "geometry": { "type": "Point", "coordinates": [ 135.9032819, 34.934465 ] } },
{ "type": "Feature", "properties": { "内容": "コンソルテ居宅介護支援事業所【居宅介護支援】滋賀県大津市大江１丁目3番15号メゾン・ド・コンソルテ1Ｆ", "url": "https://www.kaigokensaku.mhlw.go.jp/25/index.php?action_kouhyou_detail_004_kani=true&JigyosyoCd=2570102661-00&ServiceCd=430&Type=search", "url2": "https://totalcarelife.jp/" }, "geometry": { "type": "Point", "coordinates": [ 135.912252051521818, 34.986063606308903 ] } },
{ "type": "Feature", "properties": { "内容": "Nアートおおつ居宅介護支援事業所【居宅介護支援】滋賀県大津市大江4丁目21-18", "url": "https://www.kaigokensaku.mhlw.go.jp/25/index.php?action_kouhyou_detail_004_kani=true&JigyosyoCd=2570105979-00&ServiceCd=430&Type=search", "url2": "https://jpkango.co.jp/" }, "geometry": { "type": "Point", "coordinates": [ 135.925052609786974, 34.980793919794884 ] } },
{ "type": "Feature", "properties": { "内容": "医療法人白櫻会小金沢歯科診療所居宅介護支援サービス【居宅介護支援】滋賀県大津市大石東４丁目５番６号", "url": "https://www.kaigokensaku.mhlw.go.jp/25/index.php?action_kouhyou_detail_004_kani=true&JigyosyoCd=2530102074-00&ServiceCd=430&Type=search", "url2": null }, "geometry": { "type": "Point", "coordinates": [ 135.922518, 34.9149352 ] } },
{ "type": "Feature", "properties": { "内容": "ケアプラン真砂【居宅介護支援】滋賀県大津市仰木の里5-2-1", "url": "https://www.kaigokensaku.mhlw.go.jp/25/index.php?action_kouhyou_detail_004_kani=true&JigyosyoCd=2570103560-00&ServiceCd=430&Type=search", "url2": null }, "geometry": { "type": "Point", "coordinates": [ 135.8906294, 35.1097794 ] } },
{ "type": "Feature", "properties": { "内容": "おまめケアプランセンター【居宅介護支援】下阪本２丁目２２－３８２０１", "url": "https://www.kaigokensaku.mhlw.go.jp/25/index.php?action_kouhyou_detail_004_kani=true&JigyosyoCd=2570106464-00&ServiceCd=430&Type=search", "url2": null }, "geometry": { "type": "Point", "coordinates": [ 135.8732477, 35.0586652 ] } },
{ "type": "Feature", "properties": { "内容": "居宅介護支援事業所ライフケアなごみ【居宅介護支援】滋賀県大津市中央二丁目3-26小堀マンションＤ-2", "url": "https://www.kaigokensaku.mhlw.go.jp/25/index.php?action_kouhyou_detail_004_kani=true&JigyosyoCd=2570100988-00&ServiceCd=430&Type=search", "url2": null }, "geometry": { "type": "Point", "coordinates": [ 135.86639, 35.0080663 ] } },
{ "type": "Feature", "properties": { "内容": "居宅介護支援事業所矢野【居宅介護支援】滋賀県大津市大石東五丁目13番17号無し", "url": "https://www.kaigokensaku.mhlw.go.jp/25/index.php?action_kouhyou_detail_004_kani=true&JigyosyoCd=2570104733-00&ServiceCd=430&Type=search", "url2": null }, "geometry": { "type": "Point", "coordinates": [ 135.921243199999935, 34.912238199999983 ] } },
{ "type": "Feature", "properties": { "内容": "ケアプランセンターふく【居宅介護支援】滋賀県大津市平津二丁目４－２０サンシティ大津石山４０３号", "url": "https://www.kaigokensaku.mhlw.go.jp/25/index.php?action_kouhyou_detail_004_kani=true&JigyosyoCd=2570103859-00&ServiceCd=430&Type=search", "url2": null }, "geometry": { "type": "Point", "coordinates": [ 135.904536199999939, 34.9519313 ] } },
{ "type": "Feature", "properties": { "内容": "医療法人良善会居宅介護支援事業所介護情報センターヴィーナス24【居宅介護支援】滋賀県大津市際川3丁目35-1", "url": "https://www.kaigokensaku.mhlw.go.jp/25/index.php?action_kouhyou_detail_004_kani=true&JigyosyoCd=2510106152-00&ServiceCd=430&Type=search", "url2": "http://hikaribyouin.com" }, "geometry": { "type": "Point", "coordinates": [ 135.8664556, 35.0439511 ] } },
{ "type": "Feature", "properties": { "内容": "居宅介護支援事業所　グリーンプラン【居宅介護支援】滋賀県大津市南郷１丁目8-11金田ビル", "url": "https://www.kaigokensaku.mhlw.go.jp/25/index.php?action_kouhyou_detail_004_kani=true&JigyosyoCd=2570103594-00&ServiceCd=430&Type=search", "url2": null }, "geometry": { "type": "Point", "coordinates": [ 135.908018440058868, 34.944711534232084 ] } },
{ "type": "Feature", "properties": { "内容": "ケアプランセンターまぁる【居宅介護支援】滋賀県大津市坂本七丁目13番22号", "url": "https://www.kaigokensaku.mhlw.go.jp/25/index.php?action_kouhyou_detail_004_kani=true&JigyosyoCd=2570106282-00&ServiceCd=430&Type=search", "url2": null }, "geometry": { "type": "Point", "coordinates": [ 135.8751291, 35.0759736 ] } },
{ "type": "Feature", "properties": { "内容": "ケアプラン勧学【居宅介護支援】滋賀県大津市見世1丁目2-31", "url": "https://www.kaigokensaku.mhlw.go.jp/25/index.php?action_kouhyou_detail_004_kani=true&JigyosyoCd=2570106381-00&ServiceCd=430&Type=search", "url2": null }, "geometry": { "type": "Point", "coordinates": [ 135.8607614, 35.038287 ] } },
{ "type": "Feature", "properties": { "内容": "ミライリハケアプラン比叡【居宅介護支援】滋賀県大津市下阪本6－39－23セジュール日吉1階", "url": "https://www.kaigokensaku.mhlw.go.jp/25/index.php?action_kouhyou_detail_004_kani=true&JigyosyoCd=2570106506-00&ServiceCd=430&Type=search", "url2": "https://mirai-riha.com/" }, "geometry": { "type": "Point", "coordinates": [ 135.8801858, 35.0705188 ] } },
{ "type": "Feature", "properties": { "内容": "彩葉ケアサポート【居宅介護支援】滋賀県大津市清和町20番8号", "url": "https://www.kaigokensaku.mhlw.go.jp/25/index.php?action_kouhyou_detail_004_kani=true&JigyosyoCd=2570104618-00&ServiceCd=430&Type=search", "url2": null }, "geometry": { "type": "Point", "coordinates": [ 135.906364199999985, 35.1455288 ] } },
{ "type": "Feature", "properties": { "内容": "ケアプランセンター　たなかみ【居宅介護支援】黒津2丁目21番13号", "url": "https://www.kaigokensaku.mhlw.go.jp/25/index.php?action_kouhyou_detail_004_kani=true&JigyosyoCd=2570104089-00&ServiceCd=430&Type=search", "url2": null }, "geometry": { "type": "Point", "coordinates": [ 135.916893876057401, 34.942497321129323 ] } },
{ "type": "Feature", "properties": { "内容": "介護マネジメントＢｅ環【居宅介護支援】滋賀県大津市朝日一丁目4-6", "url": "https://www.kaigokensaku.mhlw.go.jp/25/index.php?action_kouhyou_detail_004_kani=true&JigyosyoCd=2570102141-00&ServiceCd=430&Type=search", "url2": null }, "geometry": { "type": "Point", "coordinates": [ 135.91306, 35.1699395 ] } },
{ "type": "Feature", "properties": { "内容": "湖西居宅介護支援事業所【居宅介護支援】滋賀県大津市皇子が丘三丁目4-33", "url": "https://www.kaigokensaku.mhlw.go.jp/25/index.php?action_kouhyou_detail_004_kani=true&JigyosyoCd=2570106571-00&ServiceCd=430&Type=search", "url2": null }, "geometry": { "type": "Point", "coordinates": [ 135.85952850000001, 35.0238064 ] } },
{ "type": "Feature", "properties": { "内容": "真情ケアプランニング瀬田【居宅介護支援】大江4-12-14", "url": "https://www.kaigokensaku.mhlw.go.jp/25/index.php?action_kouhyou_detail_004_kani=true&JigyosyoCd=2570102679-00&ServiceCd=430&Type=search", "url2": null }, "geometry": { "type": "Point", "coordinates": [ 139.749772, 35.610272 ] } },
{ "type": "Feature", "properties": { "内容": "居宅介護支援事業所石山寺【居宅介護支援】平津1丁目17-32", "url": "https://www.kaigokensaku.mhlw.go.jp/25/index.php?action_kouhyou_detail_004_kani=true&JigyosyoCd=2570100731-00&ServiceCd=430&Type=search", "url2": "https://kaigo.rakuwa.or.jp/service/" }, "geometry": { "type": "Point", "coordinates": [ 135.909105100000033, 34.9486234 ] } },
{ "type": "Feature", "properties": { "内容": "居宅介護支援事業所　もなみ【居宅介護支援】大津市衣川1丁目24-51", "url": "https://www.kaigokensaku.mhlw.go.jp/25/index.php?action_kouhyou_detail_004_kani=true&JigyosyoCd=2570102323-00&ServiceCd=430&Type=search", "url2": "https://x.com/MONAMIkinugawa" }, "geometry": { "type": "Point", "coordinates": [ 135.908405, 35.1089548 ] } },
{ "type": "Feature", "properties": { "内容": "ケアセンターMILLE【居宅介護支援】滋賀県大津市茶戸町16-11", "url": "https://www.kaigokensaku.mhlw.go.jp/25/index.php?action_kouhyou_detail_004_kani=true&JigyosyoCd=2570105441-00&ServiceCd=430&Type=search", "url2": "https://kabushikigaishamille.amebaownd.com/" }, "geometry": { "type": "Point", "coordinates": [ 135.831792468105505, 34.996132221721794 ] } },
{ "type": "Feature", "properties": { "内容": "ゆりの木ケアプランセンター【居宅介護支援】滋賀県彦根市松原町網代口1435-13", "url": "https://www.kaigokensaku.mhlw.go.jp/25/index.php?action_kouhyou_detail_004_kani=true&JigyosyoCd=2570201422-00&ServiceCd=430&Type=search", "url2": null }, "geometry": { "type": "Point", "coordinates": [ 136.257497, 35.29836 ] } },
{ "type": "Feature", "properties": { "内容": "社会福祉法人千歳会【居宅介護支援】河原二丁目１番３号", "url": "https://www.kaigokensaku.mhlw.go.jp/25/index.php?action_kouhyou_detail_004_kani=true&JigyosyoCd=2570200663-00&ServiceCd=430&Type=search", "url2": "http://chitosekai.net" }, "geometry": { "type": "Point", "coordinates": [ 136.25428450000004, 35.2661258 ] } },
{ "type": "Feature", "properties": { "内容": "医療法人恭昭会彦根中央病院居宅介護支援事業所はるのうみ【居宅介護支援】滋賀県彦根市西今町369-1", "url": "https://www.kaigokensaku.mhlw.go.jp/25/index.php?action_kouhyou_detail_004_kani=true&JigyosyoCd=2570201158-00&ServiceCd=430&Type=search", "url2": "http://www.hikone.or.jp/" }, "geometry": { "type": "Point", "coordinates": [ 136.242064981089811, 35.248212363826575 ] } },
{ "type": "Feature", "properties": { "内容": "ケアプランセンターはえみ【居宅介護支援】彦根市田附町1227", "url": "https://www.kaigokensaku.mhlw.go.jp/25/index.php?action_kouhyou_detail_004_kani=true&JigyosyoCd=2570200861-00&ServiceCd=430&Type=search", "url2": null }, "geometry": { "type": "Point", "coordinates": [ 136.147752299999979, 35.2090547 ] } },
{ "type": "Feature", "properties": { "内容": "社会福祉法人彦根市社会福祉協議会居宅介護支援事業所【居宅介護支援】彦根市平田町670番地彦根市福祉センター別館１階", "url": "https://www.kaigokensaku.mhlw.go.jp/25/index.php?action_kouhyou_detail_004_kani=true&JigyosyoCd=2570200044-00&ServiceCd=430&Type=search", "url2": "https://www.hikone-shakyo.or.jp" }, "geometry": { "type": "Point", "coordinates": [ 136.2394911, 35.2557895 ] } },
{ "type": "Feature", "properties": { "内容": "JA東びわこ愛あいステーション【居宅介護支援】滋賀県彦根市賀田山町234-6", "url": "https://www.kaigokensaku.mhlw.go.jp/25/index.php?action_kouhyou_detail_004_kani=true&JigyosyoCd=2570200101-00&ServiceCd=430&Type=search", "url2": "http://www.east.jas.or.jp" }, "geometry": { "type": "Point", "coordinates": [ 136.213344799999959, 35.2204509 ] } },
{ "type": "Feature", "properties": { "内容": "みずほ介護支援センター【居宅介護支援】滋賀県彦根市日夏町2906番地5", "url": "https://www.kaigokensaku.mhlw.go.jp/25/index.php?action_kouhyou_detail_004_kani=true&JigyosyoCd=2570200473-00&ServiceCd=430&Type=search", "url2": null }, "geometry": { "type": "Point", "coordinates": [ 136.2179304, 35.2350079 ] } },
{ "type": "Feature", "properties": { "内容": "ケアマネジメントもくれん【居宅介護支援】滋賀県彦根市野瀬町658番地メゾンレトワール103号室", "url": "https://www.kaigokensaku.mhlw.go.jp/25/index.php?action_kouhyou_detail_004_kani=true&JigyosyoCd=2570201646-00&ServiceCd=430&Type=search", "url2": "https://mokuren-hikone.amebaownd.com/" }, "geometry": { "type": "Point", "coordinates": [ 136.235002900000012, 35.2484709 ] } },
{ "type": "Feature", "properties": { "内容": "ケアプランセンターナッツ【居宅介護支援】滋賀県彦根市野瀬町683", "url": "https://www.kaigokensaku.mhlw.go.jp/25/index.php?action_kouhyou_detail_004_kani=true&JigyosyoCd=2570201729-00&ServiceCd=430&Type=search", "url2": null }, "geometry": { "type": "Point", "coordinates": [ 136.2359191, 35.2473394 ] } },
{ "type": "Feature", "properties": { "内容": "ケアプランセンターアピオ【居宅介護支援】滋賀県彦根市竹ヶ鼻町124-3プレステージⅠテナントB", "url": "https://www.kaigokensaku.mhlw.go.jp/25/index.php?action_kouhyou_detail_004_kani=true&JigyosyoCd=2570201786-00&ServiceCd=430&Type=search", "url2": null }, "geometry": { "type": "Point", "coordinates": [ 136.245770099999987, 35.2426062 ] } },
{ "type": "Feature", "properties": { "内容": "さざなみ苑居宅介護支援センター【居宅介護支援】彦根市城町二丁目１３番３号", "url": "https://www.kaigokensaku.mhlw.go.jp/25/index.php?action_kouhyou_detail_004_kani=true&JigyosyoCd=2570200341-00&ServiceCd=430&Type=search", "url2": "http://www.sazanamien.com" }, "geometry": { "type": "Point", "coordinates": [ 136.241813099999945, 35.2771931 ] } },
{ "type": "Feature", "properties": { "内容": "居宅介護支援センター　マックスひこね【居宅介護支援】彦根市後三条520-1", "url": "https://www.kaigokensaku.mhlw.go.jp/25/index.php?action_kouhyou_detail_004_kani=true&JigyosyoCd=2570200481-00&ServiceCd=430&Type=search", "url2": null }, "geometry": { "type": "Point", "coordinates": [ 136.247207399999979, 35.2654588 ] } },
{ "type": "Feature", "properties": { "内容": "鈴木ヘルスケアサービスいなえ【居宅介護支援】彦根市田原町87-2", "url": "https://www.kaigokensaku.mhlw.go.jp/25/index.php?action_kouhyou_detail_004_kani=true&JigyosyoCd=2570200713-00&ServiceCd=430&Type=search", "url2": "http://suzukihealthcare.co.jp" }, "geometry": { "type": "Point", "coordinates": [ 136.177907299999987, 35.2177768 ] } },
{ "type": "Feature", "properties": { "内容": "ケアプランセンターどりーむ【居宅介護支援】滋賀県彦根市和田町2番地11", "url": "https://www.kaigokensaku.mhlw.go.jp/25/index.php?action_kouhyou_detail_004_kani=true&JigyosyoCd=2570200978-00&ServiceCd=430&Type=search", "url2": "careplancenter-dream.jimdosite.com" }, "geometry": { "type": "Point", "coordinates": [ 136.25029058451716, 35.258507075725412 ] } },
{ "type": "Feature", "properties": { "内容": "ＪＡ東びわこ愛あいステーションたかみや【居宅介護支援】滋賀県彦根市高宮町１０１７－２", "url": "https://www.kaigokensaku.mhlw.go.jp/25/index.php?action_kouhyou_detail_004_kani=true&JigyosyoCd=2570201349-00&ServiceCd=430&Type=search", "url2": "http://www.east.jas.or.jp" }, "geometry": { "type": "Point", "coordinates": [ 136.2599582, 35.2364358 ] } },
{ "type": "Feature", "properties": { "内容": "田中ケアサービス株式会社彦根支援センター【居宅介護支援】滋賀県彦根市外町浄土１２９－２", "url": "https://www.kaigokensaku.mhlw.go.jp/25/index.php?action_kouhyou_detail_004_kani=true&JigyosyoCd=2570200010-00&ServiceCd=430&Type=search", "url2": "http://www.tanakacare.co.jp" }, "geometry": { "type": "Point", "coordinates": [ 136.2642836, 35.2670538 ] } },
{ "type": "Feature", "properties": { "内容": "居宅介護支援事業所ピリカ【居宅介護支援】滋賀県彦根市新海浜2-4-15", "url": "https://www.kaigokensaku.mhlw.go.jp/25/index.php?action_kouhyou_detail_004_kani=true&JigyosyoCd=2570200739-00&ServiceCd=430&Type=search", "url2": "http://homesweethome.jp/pirica" }, "geometry": { "type": "Point", "coordinates": [ 136.130481804893549, 35.218000347606512 ] } },
{ "type": "Feature", "properties": { "内容": "アイズケア居宅介護支援事業所　あったかケアプランセンター【居宅介護支援】滋賀県彦根市戸賀町100-50", "url": "https://www.kaigokensaku.mhlw.go.jp/25/index.php?action_kouhyou_detail_004_kani=true&JigyosyoCd=2570200812-00&ServiceCd=430&Type=search", "url2": "https://www.iscare.co.jp" }, "geometry": { "type": "Point", "coordinates": [ 136.2378855, 35.255167100000016 ] } },
{ "type": "Feature", "properties": { "内容": "かいこうの郷居宅介護支援事業所【居宅介護支援】滋賀県彦根市日夏町151", "url": "https://www.kaigokensaku.mhlw.go.jp/25/index.php?action_kouhyou_detail_004_kani=true&JigyosyoCd=2570201265-00&ServiceCd=430&Type=search", "url2": "www.taijyukai.net" }, "geometry": { "type": "Point", "coordinates": [ 136.220277200000027, 35.2419045 ] } },
{ "type": "Feature", "properties": { "内容": "彦根ケアセンターそよ風【居宅介護支援】駅東町2番3", "url": "https://www.kaigokensaku.mhlw.go.jp/25/index.php?action_kouhyou_detail_004_kani=true&JigyosyoCd=2570201604-00&ServiceCd=430&Type=search", "url2": "https://www.sykz.co.jp/shisetsu-zaitaku/254493" }, "geometry": { "type": "Point", "coordinates": [ 136.2647952, 35.2706709 ] } },
{ "type": "Feature", "properties": { "内容": "近江ふるさと会居宅介護支援事業所【居宅介護支援】滋賀県彦根市開出今町1351番地3近江ふるさと会館", "url": "https://www.kaigokensaku.mhlw.go.jp/25/index.php?action_kouhyou_detail_004_kani=true&JigyosyoCd=2570201752-00&ServiceCd=430&Type=search", "url2": "http://www.omi-furusato.jp" }, "geometry": { "type": "Point", "coordinates": [ 136.230675732540902, 35.259293733623942 ] } },
{ "type": "Feature", "properties": { "内容": "ケアプランセンターえんじゅ河瀬【居宅介護支援】彦根市西葛籠町西浦322-6", "url": "https://www.kaigokensaku.mhlw.go.jp/25/index.php?action_kouhyou_detail_004_kani=true&JigyosyoCd=2570201695-00&ServiceCd=430&Type=search", "url2": "https://www.t-s-i.jp" }, "geometry": { "type": "Point", "coordinates": [ 136.2438478, 35.2239003 ] } },
{ "type": "Feature", "properties": { "内容": "すみよしクリニックケアプランセンター【居宅介護支援】滋賀県彦根市竹ヶ鼻町292－1", "url": "https://www.kaigokensaku.mhlw.go.jp/25/index.php?action_kouhyou_detail_004_kani=true&JigyosyoCd=2570201745-00&ServiceCd=430&Type=search", "url2": "http://www.koyoukai.com" }, "geometry": { "type": "Point", "coordinates": [ 136.243077699999986, 35.2419591 ] } },
{ "type": "Feature", "properties": { "内容": "鈴木ヘルスケアサービス【居宅介護支援】彦根市後三条町３５０－３", "url": "https://www.kaigokensaku.mhlw.go.jp/25/index.php?action_kouhyou_detail_004_kani=true&JigyosyoCd=2570200465-00&ServiceCd=430&Type=search", "url2": "http://suzukihealthcare.co.jp" }, "geometry": { "type": "Point", "coordinates": [ 136.2487741, 35.2628259 ] } },
{ "type": "Feature", "properties": { "内容": "ニチイケアセンター彦根【居宅介護支援】滋賀県彦根市西葛籠町311番地６", "url": "https://www.kaigokensaku.mhlw.go.jp/25/index.php?action_kouhyou_detail_004_kani=true&JigyosyoCd=2570200184-00&ServiceCd=430&Type=search", "url2": null }, "geometry": { "type": "Point", "coordinates": [ 136.241309300000012, 35.2248298 ] } },
{ "type": "Feature", "properties": { "内容": "シンシア・ケアプランセンター彦根【居宅介護支援】鳥居本町1389-1", "url": "https://www.kaigokensaku.mhlw.go.jp/25/index.php?action_kouhyou_detail_004_kani=true&JigyosyoCd=2570201802-00&ServiceCd=430&Type=search", "url2": null }, "geometry": { "type": "Point", "coordinates": [ 136.2901311, 35.2826172 ] } },
{ "type": "Feature", "properties": { "内容": "平田ケアプランセンター爽やかな風【居宅介護支援】滋賀県彦根市平田町1114-1ひらた翔裕館Ⅰ号館", "url": "https://www.kaigokensaku.mhlw.go.jp/25/index.php?action_kouhyou_detail_004_kani=true&JigyosyoCd=2570201570-00&ServiceCd=430&Type=search", "url2": "https://www.sanga-kaigo.co.jp/" }, "geometry": { "type": "Point", "coordinates": [ 136.238408030688475, 35.260673389896219 ] } },
{ "type": "Feature", "properties": { "内容": "友仁ケアプラン支援センター【居宅介護支援】彦根市竹ヶ鼻町８０番地", "url": "https://www.kaigokensaku.mhlw.go.jp/25/index.php?action_kouhyou_detail_004_kani=true&JigyosyoCd=2550280016-00&ServiceCd=430&Type=search", "url2": "http://www.yujin-kaigo.com/" }, "geometry": { "type": "Point", "coordinates": [ 136.248714100000029, 35.2411118 ] } },
{ "type": "Feature", "properties": { "内容": "有限会社　フロルケア【居宅介護支援】彦根市日夏町３６６２－４メイプルコート日夏", "url": "https://www.kaigokensaku.mhlw.go.jp/25/index.php?action_kouhyou_detail_004_kani=true&JigyosyoCd=2570200234-00&ServiceCd=430&Type=search", "url2": null }, "geometry": { "type": "Point", "coordinates": [ 136.21821964856349, 35.231884261701197 ] } },
{ "type": "Feature", "properties": { "内容": "ケアプランセンターひまわり【居宅介護支援】滋賀県彦根市里根町191番地1", "url": "https://www.kaigokensaku.mhlw.go.jp/25/index.php?action_kouhyou_detail_004_kani=true&JigyosyoCd=2570201133-00&ServiceCd=430&Type=search", "url2": "http：//www.soin-vie.co.jp" }, "geometry": { "type": "Point", "coordinates": [ 136.26785540000003, 35.2674261 ] } },
{ "type": "Feature", "properties": { "内容": "ぴあ野ケアプランセンター【居宅介護支援】滋賀県彦根市南川瀬町1516", "url": "https://www.kaigokensaku.mhlw.go.jp/25/index.php?action_kouhyou_detail_004_kani=true&JigyosyoCd=2570201406-00&ServiceCd=430&Type=search", "url2": null }, "geometry": { "type": "Point", "coordinates": [ 136.225027299999965, 35.2243484 ] } },
{ "type": "Feature", "properties": { "内容": "ケアプランセンター　よもぎの里【居宅介護支援】滋賀県彦根市平田町901番地よもぎの里", "url": "https://www.kaigokensaku.mhlw.go.jp/25/index.php?action_kouhyou_detail_004_kani=true&JigyosyoCd=2570200879-00&ServiceCd=430&Type=search", "url2": "hi-yomogi.com" }, "geometry": { "type": "Point", "coordinates": [ 136.246522199999959, 35.2555289 ] } },
{ "type": "Feature", "properties": { "内容": "ケアプラン　いっぽん【居宅介護支援】滋賀県長浜市高月町高月167", "url": "https://www.kaigokensaku.mhlw.go.jp/25/index.php?action_kouhyou_detail_004_kani=true&JigyosyoCd=2570300893-00&ServiceCd=430&Type=search", "url2": null }, "geometry": { "type": "Point", "coordinates": [ 136.2352661, 35.4666039 ] } },
{ "type": "Feature", "properties": { "内容": "ケアプランセンターふれあい【居宅介護支援】滋賀県長浜市口分田町528-21", "url": "https://www.kaigokensaku.mhlw.go.jp/25/index.php?action_kouhyou_detail_004_kani=true&JigyosyoCd=2570300232-00&ServiceCd=430&Type=search", "url2": "http://www.fureai-s.jp/" }, "geometry": { "type": "Point", "coordinates": [ 136.290803899999986, 35.3977518 ] } },
{ "type": "Feature", "properties": { "内容": "田中ケアサービス株式会社長浜支援センター居宅介護支援事業所【居宅介護支援】滋賀県長浜市祇園町278-5", "url": "https://www.kaigokensaku.mhlw.go.jp/25/index.php?action_kouhyou_detail_004_kani=true&JigyosyoCd=2570301255-00&ServiceCd=430&Type=search", "url2": "http://ｗｗｗ.ｔanakacare.co.jp" }, "geometry": { "type": "Point", "coordinates": [ 136.258693803565961, 35.386204604784858 ] } },
{ "type": "Feature", "properties": { "内容": "ケアプランセンター　Garden【居宅介護支援】滋賀県長浜市南田附町470", "url": "https://www.kaigokensaku.mhlw.go.jp/25/index.php?action_kouhyou_detail_004_kani=true&JigyosyoCd=2570301842-00&ServiceCd=430&Type=search", "url2": null }, "geometry": { "type": "Point", "coordinates": [ 136.3041584, 35.3890495 ] } },
{ "type": "Feature", "properties": { "内容": "田中ケアサービス株式会社高月支援センター【居宅介護支援】滋賀県長浜市高月町柏原418-1", "url": "https://www.kaigokensaku.mhlw.go.jp/25/index.php?action_kouhyou_detail_004_kani=true&JigyosyoCd=2570300836-00&ServiceCd=430&Type=search", "url2": "http://www.tanakacare.co.jp/" }, "geometry": { "type": "Point", "coordinates": [ 136.231726049737517, 35.477644558618429 ] } },
{ "type": "Feature", "properties": { "内容": "ケアプランつどい【居宅介護支援】滋賀県長浜市常喜町885番地", "url": "https://www.kaigokensaku.mhlw.go.jp/25/index.php?action_kouhyou_detail_004_kani=true&JigyosyoCd=2570301040-00&ServiceCd=430&Type=search", "url2": "http://chitoteto.net" }, "geometry": { "type": "Point", "coordinates": [ 136.310979503704857, 35.367650043155656 ] } },
{ "type": "Feature", "properties": { "内容": "ケアパートナーヨシイ【居宅介護支援】滋賀県長浜市八幡東町308-4", "url": "https://www.kaigokensaku.mhlw.go.jp/25/index.php?action_kouhyou_detail_004_kani=true&JigyosyoCd=2570301446-00&ServiceCd=430&Type=search", "url2": "https://www.cpsafa.com" }, "geometry": { "type": "Point", "coordinates": [ 136.280288299999938, 35.3865445 ] } },
{ "type": "Feature", "properties": { "内容": "真ごころケアプランセンター【居宅介護支援】滋賀県長浜市湖北町延勝寺1498", "url": "https://www.kaigokensaku.mhlw.go.jp/25/index.php?action_kouhyou_detail_004_kani=true&JigyosyoCd=2570301693-00&ServiceCd=430&Type=search", "url2": null }, "geometry": { "type": "Point", "coordinates": [ 136.1987852, 35.437239400000024 ] } },
{ "type": "Feature", "properties": { "内容": "リーフル居宅介護支援事業所【居宅介護支援】滋賀県長浜市勝町３７２－１", "url": "https://www.kaigokensaku.mhlw.go.jp/25/index.php?action_kouhyou_detail_004_kani=true&JigyosyoCd=2570300018-00&ServiceCd=430&Type=search", "url2": "https://leaful.jp/" }, "geometry": { "type": "Point", "coordinates": [ 136.286073900000019, 35.3748516 ] } },
{ "type": "Feature", "properties": { "内容": "社会福祉法人芳醇会　ケアステーションかけはし居宅介護支援事業所【居宅介護支援】滋賀県長浜市湖北町山本4290", "url": "https://www.kaigokensaku.mhlw.go.jp/25/index.php?action_kouhyou_detail_004_kani=true&JigyosyoCd=2570300802-00&ServiceCd=430&Type=search", "url2": "http://www.care-station-kakehashi.com/" }, "geometry": { "type": "Point", "coordinates": [ 136.215439899999978, 35.4420083 ] } },
{ "type": "Feature", "properties": { "内容": "居宅介護支援事業所すずらん【居宅介護支援】滋賀県長浜市高月町落川134-3", "url": "https://www.kaigokensaku.mhlw.go.jp/25/index.php?action_kouhyou_detail_004_kani=true&JigyosyoCd=2570301677-00&ServiceCd=430&Type=search", "url2": "sontokukai.com" }, "geometry": { "type": "Point", "coordinates": [ 136.238735600000012, 35.4710451 ] } },
{ "type": "Feature", "properties": { "内容": "ケアプランほほえみ【居宅介護支援】滋賀県長浜市高月町高月111", "url": "https://www.kaigokensaku.mhlw.go.jp/25/index.php?action_kouhyou_detail_004_kani=true&JigyosyoCd=2570301826-00&ServiceCd=430&Type=search", "url2": null }, "geometry": { "type": "Point", "coordinates": [ 136.2367226, 35.4663647 ] } },
{ "type": "Feature", "properties": { "内容": "ケアプランセンター結【居宅介護支援】滋賀県長浜市月ヶ瀬町423", "url": "https://www.kaigokensaku.mhlw.go.jp/25/index.php?action_kouhyou_detail_004_kani=true&JigyosyoCd=2570300109-00&ServiceCd=430&Type=search", "url2": "https://konet.or.jp" }, "geometry": { "type": "Point", "coordinates": [ 136.249644198876155, 35.426331695150459 ] } },
{ "type": "Feature", "properties": { "内容": "ケアプランセンターおうみ【居宅介護支援】滋賀県長浜市本庄町700-1", "url": "https://www.kaigokensaku.mhlw.go.jp/25/index.php?action_kouhyou_detail_004_kani=true&JigyosyoCd=2570300638-00&ServiceCd=430&Type=search", "url2": "https：//www.kaigo-oumi.co.jp" }, "geometry": { "type": "Point", "coordinates": [ 136.313187707419985, 35.371839509119233 ] } },
{ "type": "Feature", "properties": { "内容": "医療法人安達会　ケアプランマリー【居宅介護支援】滋賀県長浜市小谷丁野町３７９－２", "url": "https://www.kaigokensaku.mhlw.go.jp/25/index.php?action_kouhyou_detail_004_kani=true&JigyosyoCd=2570300794-00&ServiceCd=430&Type=search", "url2": null }, "geometry": { "type": "Point", "coordinates": [ 136.260218020195907, 35.459111154003786 ] } },
{ "type": "Feature", "properties": { "内容": "なないろケアプランセンター【居宅介護支援】滋賀県長浜市八島町1557番地1", "url": "https://www.kaigokensaku.mhlw.go.jp/25/index.php?action_kouhyou_detail_004_kani=true&JigyosyoCd=2570301636-00&ServiceCd=430&Type=search", "url2": null }, "geometry": { "type": "Point", "coordinates": [ 136.2978618, 35.4341043 ] } },
{ "type": "Feature", "properties": { "内容": "ニチイケアセンター湖北【居宅介護支援】長浜市加納町886", "url": "https://www.kaigokensaku.mhlw.go.jp/25/index.php?action_kouhyou_detail_004_kani=true&JigyosyoCd=2570300026-00&ServiceCd=430&Type=search", "url2": "http://www.nichiigakkann.co.jp" }, "geometry": { "type": "Point", "coordinates": [ 136.294950500000027, 35.3965882 ] } },
{ "type": "Feature", "properties": { "内容": "オリーブケアプランセンター【居宅介護支援】滋賀県長浜市八幡東町210-6", "url": "https://www.kaigokensaku.mhlw.go.jp/25/index.php?action_kouhyou_detail_004_kani=true&JigyosyoCd=2570300323-00&ServiceCd=430&Type=search", "url2": null }, "geometry": { "type": "Point", "coordinates": [ 136.281724299999951, 35.3831727 ] } },
{ "type": "Feature", "properties": { "内容": "有限会社ケアサービスほっとみるく居宅介護支援事業所【居宅介護支援】長浜市八島町１５１９－７", "url": "https://www.kaigokensaku.mhlw.go.jp/25/index.php?action_kouhyou_detail_004_kani=true&JigyosyoCd=2570300398-00&ServiceCd=430&Type=search", "url2": null }, "geometry": { "type": "Point", "coordinates": [ 136.29773, 35.4329228 ] } },
{ "type": "Feature", "properties": { "内容": "けあぷらんアリエス【居宅介護支援】下八木町1654-1", "url": "https://www.kaigokensaku.mhlw.go.jp/25/index.php?action_kouhyou_detail_004_kani=true&JigyosyoCd=2570301289-00&ServiceCd=430&Type=search", "url2": null }, "geometry": { "type": "Point", "coordinates": [ 136.22370125859112, 35.413573115480894 ] } },
{ "type": "Feature", "properties": { "内容": "しゃきょうケアプランセンターぴいす【居宅介護支援】滋賀県長浜市神照町288-1長浜北部福祉ステーション", "url": "https://www.kaigokensaku.mhlw.go.jp/25/index.php?action_kouhyou_detail_004_kani=true&JigyosyoCd=2570301610-00&ServiceCd=430&Type=search", "url2": "http://www.nagahama-shakyo-kaigo.jp" }, "geometry": { "type": "Point", "coordinates": [ 136.300501300000036, 35.4323935 ] } },
{ "type": "Feature", "properties": { "内容": "ケアプランセンターれもん【居宅介護支援】滋賀県長浜市湖北町山本２６３８－２", "url": "https://www.kaigokensaku.mhlw.go.jp/25/index.php?action_kouhyou_detail_004_kani=true&JigyosyoCd=2570301685-00&ServiceCd=430&Type=search", "url2": null }, "geometry": { "type": "Point", "coordinates": [ 136.2140693, 35.4419397 ] } },
{ "type": "Feature", "properties": { "内容": "いと【居宅介護支援】滋賀県長浜市落合町765", "url": "https://www.kaigokensaku.mhlw.go.jp/25/index.php?action_kouhyou_detail_004_kani=true&JigyosyoCd=2570301743-00&ServiceCd=430&Type=search", "url2": null }, "geometry": { "type": "Point", "coordinates": [ 136.239240599999988, 35.4120434 ] } },
{ "type": "Feature", "properties": { "内容": "湖北やすらぎの里ケアプランセンター【居宅介護支援】滋賀県長浜市木之本町黒田1221番地", "url": "https://www.kaigokensaku.mhlw.go.jp/25/index.php?action_kouhyou_detail_004_kani=true&JigyosyoCd=2550380030-00&ServiceCd=430&Type=search", "url2": "http://www.ikbk.jp/kohokuyasuraginosato/" }, "geometry": { "type": "Point", "coordinates": [ 136.212406500000043, 35.5046661 ] } },
{ "type": "Feature", "properties": { "内容": "西部ケアプランセンター【居宅介護支援】長浜市朝日町19番3号", "url": "https://www.kaigokensaku.mhlw.go.jp/25/index.php?action_kouhyou_detail_004_kani=true&JigyosyoCd=2570300257-00&ServiceCd=430&Type=search", "url2": "http://seisyokai.jp/seijoen" }, "geometry": { "type": "Point", "coordinates": [ 136.270814200000018, 35.3775286 ] } },
{ "type": "Feature", "properties": { "内容": "アンタレスケアプランセンター【居宅介護支援】滋賀県長浜市加田町3360", "url": "https://www.kaigokensaku.mhlw.go.jp/25/index.php?action_kouhyou_detail_004_kani=true&JigyosyoCd=2570300661-00&ServiceCd=430&Type=search", "url2": "https://www.seishokai.jp/antares" }, "geometry": { "type": "Point", "coordinates": [ 136.304977300000019, 35.3610679 ] } },
{ "type": "Feature", "properties": { "内容": "ケアプランセンター　アリビオ【居宅介護支援】滋賀県長浜市加田町1402", "url": "https://www.kaigokensaku.mhlw.go.jp/25/index.php?action_kouhyou_detail_004_kani=true&JigyosyoCd=2570301503-00&ServiceCd=430&Type=search", "url2": "https://askacare.com" }, "geometry": { "type": "Point", "coordinates": [ 136.297730699999988, 35.3606912 ] } },
{ "type": "Feature", "properties": { "内容": "医療法人東川クリニック　ケアプランセンターこっこ【居宅介護支援】滋賀県長浜市弓削町342番地", "url": "https://www.kaigokensaku.mhlw.go.jp/25/index.php?action_kouhyou_detail_004_kani=true&JigyosyoCd=2570301651-00&ServiceCd=430&Type=search", "url2": null }, "geometry": { "type": "Point", "coordinates": [ 136.2319794, 35.4193898 ] } },
{ "type": "Feature", "properties": { "内容": "あおい【居宅介護支援】滋賀県長浜市小野寺町４６５番地３", "url": "https://www.kaigokensaku.mhlw.go.jp/25/index.php?action_kouhyou_detail_004_kani=true&JigyosyoCd=2570301719-00&ServiceCd=430&Type=search", "url2": null }, "geometry": { "type": "Point", "coordinates": [ 136.3389875, 35.4285975 ] } },
{ "type": "Feature", "properties": { "内容": "ケアプランセンター青芳【居宅介護支援】滋賀県長浜市川道町2572", "url": "https://www.kaigokensaku.mhlw.go.jp/25/index.php?action_kouhyou_detail_004_kani=true&JigyosyoCd=2570300372-00&ServiceCd=430&Type=search", "url2": "http://www.seishokai.jp/seiho" }, "geometry": { "type": "Point", "coordinates": [ 136.2353402, 35.4030773 ] } },
{ "type": "Feature", "properties": { "内容": "けやきの杜ケアプランセンター【居宅介護支援】滋賀県長浜市高月町柏原1055番地", "url": "https://www.kaigokensaku.mhlw.go.jp/25/index.php?action_kouhyou_detail_004_kani=true&JigyosyoCd=2570300943-00&ServiceCd=430&Type=search", "url2": "http://tashinkai.jp/" }, "geometry": { "type": "Point", "coordinates": [ 136.2445318, 35.4787947 ] } },
{ "type": "Feature", "properties": { "内容": "しゃきょうケアプランセンターらいと【居宅介護支援】滋賀県長浜市西浅井町塩津浜1795番地西浅井福祉ステーション", "url": "https://www.kaigokensaku.mhlw.go.jp/25/index.php?action_kouhyou_detail_004_kani=true&JigyosyoCd=2570301008-00&ServiceCd=430&Type=search", "url2": "http://www.nagahama-shakyo.or.jp/" }, "geometry": { "type": "Point", "coordinates": [ 136.1595469, 35.5224765 ] } },
{ "type": "Feature", "properties": { "内容": "ケアプランオレンジ【居宅介護支援】内保町1033番地", "url": "https://www.kaigokensaku.mhlw.go.jp/25/index.php?action_kouhyou_detail_004_kani=true&JigyosyoCd=2570301412-00&ServiceCd=430&Type=search", "url2": null }, "geometry": { "type": "Point", "coordinates": [ 136.29391088465934, 35.429722863463631 ] } },
{ "type": "Feature", "properties": { "内容": "ケアマネジメントセンター琵琶【居宅介護支援】滋賀県長浜市川道町2694", "url": "https://www.kaigokensaku.mhlw.go.jp/25/index.php?action_kouhyou_detail_004_kani=true&JigyosyoCd=2550380022-00&ServiceCd=430&Type=search", "url2": "http://www.simosaka.jp" }, "geometry": { "type": "Point", "coordinates": [ 136.236295599999949, 35.4029218 ] } },
{ "type": "Feature", "properties": { "内容": "ふくら居宅介護支援事業所【居宅介護支援】長浜市内保町４８０番地", "url": "https://www.kaigokensaku.mhlw.go.jp/25/index.php?action_kouhyou_detail_004_kani=true&JigyosyoCd=2570301065-00&ServiceCd=430&Type=search", "url2": "http://www.glow.or.jp" }, "geometry": { "type": "Point", "coordinates": [ 136.3014518, 35.4319508 ] } },
{ "type": "Feature", "properties": { "内容": "ケアプランセンターまんてん【居宅介護支援】滋賀県長浜市高月町高月641番地2", "url": "https://www.kaigokensaku.mhlw.go.jp/25/index.php?action_kouhyou_detail_004_kani=true&JigyosyoCd=2570301032-00&ServiceCd=430&Type=search", "url2": "https://www.man-ten.org/" }, "geometry": { "type": "Point", "coordinates": [ 136.230806875001633, 35.473279616689318 ] } },
{ "type": "Feature", "properties": { "内容": "けあカフェ　あんど【居宅介護支援】滋賀県長浜市下坂中町２００番地１", "url": "https://www.kaigokensaku.mhlw.go.jp/25/index.php?action_kouhyou_detail_004_kani=true&JigyosyoCd=2570301297-00&ServiceCd=430&Type=search", "url2": "http://www.o-kourakukai.or.jp" }, "geometry": { "type": "Point", "coordinates": [ 136.284291073680123, 35.365646233445382 ] } },
{ "type": "Feature", "properties": { "内容": "シャトンケアプランセンター【居宅介護支援】滋賀県長浜市平方町1210番地25リバティハイツ　1階　102号室", "url": "https://www.kaigokensaku.mhlw.go.jp/25/index.php?action_kouhyou_detail_004_kani=true&JigyosyoCd=2570301602-00&ServiceCd=430&Type=search", "url2": "https://www.chatoncareservice.com/" }, "geometry": { "type": "Point", "coordinates": [ 136.2800813, 35.3771954 ] } },
{ "type": "Feature", "properties": { "内容": "ケアマネ事業所三万一心【居宅介護支援】滋賀県長浜市余呉町東野217番地1", "url": "https://www.kaigokensaku.mhlw.go.jp/25/index.php?action_kouhyou_detail_004_kani=true&JigyosyoCd=2570301735-00&ServiceCd=430&Type=search", "url2": null }, "geometry": { "type": "Point", "coordinates": [ 136.2003638, 35.5545546 ] } },
{ "type": "Feature", "properties": { "内容": "ｹｱｽﾃｰｼｮﾝ万里庵居宅介護支援事業所【居宅介護支援】滋賀県近江八幡市出町６７７番地第1深尾マンション　１０５号", "url": "https://www.kaigokensaku.mhlw.go.jp/25/index.php?action_kouhyou_detail_004_kani=true&JigyosyoCd=2570400842-00&ServiceCd=430&Type=search", "url2": "www.gakidaisyou.co.jp/" }, "geometry": { "type": "Point", "coordinates": [ 136.1013868, 35.1327187 ] } },
{ "type": "Feature", "properties": { "内容": "居宅介護支援事業所はちまん【居宅介護支援】滋賀県近江八幡市長田町1268番地1おさだﾌｧﾐﾘｰｸﾘﾆｯｸ2階", "url": "https://www.kaigokensaku.mhlw.go.jp/25/index.php?action_kouhyou_detail_004_kani=true&JigyosyoCd=2570401014-00&ServiceCd=430&Type=search", "url2": "mihan-shiga.ｓiｔe" }, "geometry": { "type": "Point", "coordinates": [ 136.1185654, 35.1367879 ] } },
{ "type": "Feature", "properties": { "内容": "ケアプランセンターぴの【居宅介護支援】近江八幡市出町665番地3", "url": "https://www.kaigokensaku.mhlw.go.jp/25/index.php?action_kouhyou_detail_004_kani=true&JigyosyoCd=2570401048-00&ServiceCd=430&Type=search", "url2": null }, "geometry": { "type": "Point", "coordinates": [ 136.100647746583149, 35.132805505243631 ] } },
{ "type": "Feature", "properties": { "内容": "しみんふくし滋賀近江八幡居宅介護支援事業所【居宅介護支援】滋賀県近江八幡市出町４１４-５フラワー１番館１０７号室", "url": "https://www.kaigokensaku.mhlw.go.jp/25/index.php?action_kouhyou_detail_004_kani=true&JigyosyoCd=2570400859-00&ServiceCd=430&Type=search", "url2": "http://www.shiminfukushi-shiga.jp/" }, "geometry": { "type": "Point", "coordinates": [ 136.099487927714023, 35.128128040847685 ] } },
{ "type": "Feature", "properties": { "内容": "ケアプランセンターゆうゆう【居宅介護支援】滋賀県近江八幡市丸の内町6番50", "url": "https://www.kaigokensaku.mhlw.go.jp/25/index.php?action_kouhyou_detail_004_kani=true&JigyosyoCd=2570400867-00&ServiceCd=430&Type=search", "url2": null }, "geometry": { "type": "Point", "coordinates": [ 136.055338600000027, 35.1101682 ] } },
{ "type": "Feature", "properties": { "内容": "居宅介護支援事業所ぷろっと【居宅介護支援】滋賀県近江八幡市出町622番地ベル・フルール103", "url": "https://www.kaigokensaku.mhlw.go.jp/25/index.php?action_kouhyou_detail_004_kani=true&JigyosyoCd=2570401097-00&ServiceCd=430&Type=search", "url2": null }, "geometry": { "type": "Point", "coordinates": [ 136.093915, 35.1362147 ] } },
{ "type": "Feature", "properties": { "内容": "近江八幡市社会福祉協議会居宅介護支援事業所【居宅介護支援】滋賀県近江八幡市土田町1313番地", "url": "https://www.kaigokensaku.mhlw.go.jp/25/index.php?action_kouhyou_detail_004_kani=true&JigyosyoCd=2570400453-00&ServiceCd=430&Type=search", "url2": "http://ohshakyo.or.jp" }, "geometry": { "type": "Point", "coordinates": [ 136.0928073, 35.127272 ] } },
{ "type": "Feature", "properties": { "内容": "居宅介護支援事業所　赤煉瓦の郷【居宅介護支援】滋賀県近江八幡市船木町59番地3", "url": "https://www.kaigokensaku.mhlw.go.jp/25/index.php?action_kouhyou_detail_004_kani=true&JigyosyoCd=2570400016-00&ServiceCd=430&Type=search", "url2": "https://ichizenkai.com" }, "geometry": { "type": "Point", "coordinates": [ 136.080393399999963, 35.137805600000014 ] } },
{ "type": "Feature", "properties": { "内容": "水茎の里居宅介護支援事業所【居宅介護支援】滋賀県近江八幡市牧町1885番地", "url": "https://www.kaigokensaku.mhlw.go.jp/25/index.php?action_kouhyou_detail_004_kani=true&JigyosyoCd=2570400073-00&ServiceCd=430&Type=search", "url2": "www.ii-kaigo.or.jp" }, "geometry": { "type": "Point", "coordinates": [ 136.048592099999951, 35.1400755 ] } },
{ "type": "Feature", "properties": { "内容": "ヴォーリズ居宅介護支援事業所【居宅介護支援】近江八幡市北之庄町４９２", "url": "https://www.kaigokensaku.mhlw.go.jp/25/index.php?action_kouhyou_detail_004_kani=true&JigyosyoCd=2510400068-00&ServiceCd=430&Type=search", "url2": "http;//www.vories.or.jp" }, "geometry": { "type": "Point", "coordinates": [ 136.089671599999974, 35.1524025 ] } },
{ "type": "Feature", "properties": { "内容": "居宅介護支援事業所ふれあい【居宅介護支援】近江八幡市上田町１３１５－１", "url": "https://www.kaigokensaku.mhlw.go.jp/25/index.php?action_kouhyou_detail_004_kani=true&JigyosyoCd=2570400263-00&ServiceCd=430&Type=search", "url2": "https://www.honobonokai.com" }, "geometry": { "type": "Point", "coordinates": [ 136.1116439, 35.1168849 ] } },
{ "type": "Feature", "properties": { "内容": "一般社団法人　安土【居宅介護支援】滋賀県近江八幡市安土町上豊浦628-8", "url": "https://www.kaigokensaku.mhlw.go.jp/25/index.php?action_kouhyou_detail_004_kani=true&JigyosyoCd=2570400628-00&ServiceCd=430&Type=search", "url2": "http://nishiki.shiga-saku.net/" }, "geometry": { "type": "Point", "coordinates": [ 136.138648100000012, 35.1378076 ] } },
{ "type": "Feature", "properties": { "内容": "居宅介護支援事業所　カイト【居宅介護支援】滋賀県近江八幡市中小森町276-17", "url": "https://www.kaigokensaku.mhlw.go.jp/25/index.php?action_kouhyou_detail_004_kani=true&JigyosyoCd=2570400958-00&ServiceCd=430&Type=search", "url2": null }, "geometry": { "type": "Point", "coordinates": [ 136.087904400000014, 35.1169031 ] } },
{ "type": "Feature", "properties": { "内容": "さくらみや薬局居宅介護支援事業所【居宅介護支援】滋賀県近江八幡市桜宮町299番地１", "url": "https://www.kaigokensaku.mhlw.go.jp/25/index.php?action_kouhyou_detail_004_kani=true&JigyosyoCd=2570400792-00&ServiceCd=430&Type=search", "url2": null }, "geometry": { "type": "Point", "coordinates": [ 136.09906490000003, 35.1260307 ] } },
{ "type": "Feature", "properties": { "内容": "介護支援事業所　ひとつぼし【居宅介護支援】滋賀県近江八幡市野村町１４６４番地", "url": "https://www.kaigokensaku.mhlw.go.jp/25/index.php?action_kouhyou_detail_004_kani=true&JigyosyoCd=2570401063-00&ServiceCd=430&Type=search", "url2": null }, "geometry": { "type": "Point", "coordinates": [ 136.0334334, 35.127286 ] } },
{ "type": "Feature", "properties": { "内容": "ケアコネクション居宅【居宅介護支援】滋賀県近江八幡市西宿町217-1", "url": "https://www.kaigokensaku.mhlw.go.jp/25/index.php?action_kouhyou_detail_004_kani=true&JigyosyoCd=2570401089-00&ServiceCd=430&Type=search", "url2": null }, "geometry": { "type": "Point", "coordinates": [ 136.1252505, 35.1137861 ] } },
{ "type": "Feature", "properties": { "内容": "居宅介護支援事業所　むべの里【居宅介護支援】滋賀県近江八幡市北津田町346-15", "url": "https://www.kaigokensaku.mhlw.go.jp/25/index.php?action_kouhyou_detail_004_kani=true&JigyosyoCd=2570400396-00&ServiceCd=430&Type=search", "url2": "http://www.kohitujikai/net/" }, "geometry": { "type": "Point", "coordinates": [ 136.083108365606705, 35.16811978654669 ] } },
{ "type": "Feature", "properties": { "内容": "居宅介護支援事業所　ゆうき【居宅介護支援】滋賀県栗東市下鈎477-１アラモードK　A号室", "url": "https://www.kaigokensaku.mhlw.go.jp/25/index.php?action_kouhyou_detail_004_kani=true&JigyosyoCd=2571201009-00&ServiceCd=430&Type=search", "url2": null }, "geometry": { "type": "Point", "coordinates": [ 135.9816285, 35.0241542 ] } },
{ "type": "Feature", "properties": { "内容": "居宅介護支援事業所　夕照【居宅介護支援】滋賀県草津市矢橋町7-8", "url": "https://www.kaigokensaku.mhlw.go.jp/25/index.php?action_kouhyou_detail_004_kani=true&JigyosyoCd=2570601431-00&ServiceCd=430&Type=search", "url2": null }, "geometry": { "type": "Point", "coordinates": [ 135.937582600000042, 35.0074067 ] } },
{ "type": "Feature", "properties": { "内容": "居宅介護支援事業所からん【居宅介護支援】滋賀県草津市東草津1丁目4-53ビワコホンダビル１階　D号室", "url": "https://www.kaigokensaku.mhlw.go.jp/25/index.php?action_kouhyou_detail_004_kani=true&JigyosyoCd=2570601548-00&ServiceCd=430&Type=search", "url2": "https://dst48.jp/company.html" }, "geometry": { "type": "Point", "coordinates": [ 135.934997778434763, 35.009183220374126 ] } },
{ "type": "Feature", "properties": { "内容": "社会福祉法人寿会指定居宅支援事業所常輝の里【居宅介護支援】草津市志那中町25番地", "url": "https://www.kaigokensaku.mhlw.go.jp/25/index.php?action_kouhyou_detail_004_kani=true&JigyosyoCd=2570600128-00&ServiceCd=430&Type=search", "url2": "http://tokinosato-com/" }, "geometry": { "type": "Point", "coordinates": [ 135.9452226, 35.0505844 ] } },
{ "type": "Feature", "properties": { "内容": "咲桜ケアプランセンター【居宅介護支援】滋賀県草津市草津四丁目８番１３号", "url": "https://www.kaigokensaku.mhlw.go.jp/25/index.php?action_kouhyou_detail_004_kani=true&JigyosyoCd=2570601936-00&ServiceCd=430&Type=search", "url2": "https://citrus-shiga.com/" }, "geometry": { "type": "Point", "coordinates": [ 135.9599451, 35.0118673 ] } },
{ "type": "Feature", "properties": { "内容": "居宅介護支援事業所Ｍａｔｓ【居宅介護支援】滋賀県草津市南草津５丁目4-7　KNKレジデンス南草津203KNKレジデンス南草津203", "url": "https://www.kaigokensaku.mhlw.go.jp/25/index.php?action_kouhyou_detail_004_kani=true&JigyosyoCd=2570601977-00&ServiceCd=430&Type=search", "url2": null }, "geometry": { "type": "Point", "coordinates": [ 135.9393832, 35.004699 ] } },
{ "type": "Feature", "properties": { "内容": "菖蒲の郷居宅介護支援センター【居宅介護支援】滋賀県草津市山寺町837番地", "url": "https://www.kaigokensaku.mhlw.go.jp/25/index.php?action_kouhyou_detail_004_kani=true&JigyosyoCd=2570600029-00&ServiceCd=430&Type=search", "url2": null }, "geometry": { "type": "Point", "coordinates": [ 135.9922391, 34.9919287 ] } },
{ "type": "Feature", "properties": { "内容": "社会医療法人誠光会指定居宅介護支援事業所きらら【居宅介護支援】草津市野村2丁目13番13号", "url": "https://www.kaigokensaku.mhlw.go.jp/25/index.php?action_kouhyou_detail_004_kani=true&JigyosyoCd=2550680017-00&ServiceCd=430&Type=search", "url2": null }, "geometry": { "type": "Point", "coordinates": [ 135.953325100000029, 35.0253266 ] } },
{ "type": "Feature", "properties": { "内容": "マザーレイク居宅介護支援事業所【居宅介護支援】滋賀県草津市笠山５丁目3-66メゾンドール瀬田公園都市内", "url": "https://www.kaigokensaku.mhlw.go.jp/25/index.php?action_kouhyou_detail_004_kani=true&JigyosyoCd=2570600292-00&ServiceCd=430&Type=search", "url2": "http://www.grouphome.jp" }, "geometry": { "type": "Point", "coordinates": [ 135.95072319999997, 34.9799049 ] } },
{ "type": "Feature", "properties": { "内容": "アスケア　ケアプランセンタ－かがやき【居宅介護支援】滋賀県草津市追分南5丁目12-2", "url": "https://www.kaigokensaku.mhlw.go.jp/25/index.php?action_kouhyou_detail_004_kani=true&JigyosyoCd=2570600326-00&ServiceCd=430&Type=search", "url2": "https://www.as-care.co.jp" }, "geometry": { "type": "Point", "coordinates": [ 135.966408, 34.9911814 ] } },
{ "type": "Feature", "properties": { "内容": "はぴねすさぽーと滋賀支店【居宅介護支援】滋賀県草津市平井2丁目９－１１EspoirTakaya305", "url": "https://www.kaigokensaku.mhlw.go.jp/25/index.php?action_kouhyou_detail_004_kani=true&JigyosyoCd=2570601324-00&ServiceCd=430&Type=search", "url2": "http://www.regalore.net" }, "geometry": { "type": "Point", "coordinates": [ 135.957677918971314, 35.033153696913942 ] } },
{ "type": "Feature", "properties": { "内容": "あやは居宅介護支援事業所【居宅介護支援】滋賀県草津市西渋川1-17-25　綾羽企業年金基金会館内", "url": "https://www.kaigokensaku.mhlw.go.jp/25/index.php?action_kouhyou_detail_004_kani=true&JigyosyoCd=2570601563-00&ServiceCd=430&Type=search", "url2": null }, "geometry": { "type": "Point", "coordinates": [ 135.962735, 35.026927 ] } },
{ "type": "Feature", "properties": { "内容": "ひびきプランセンター【居宅介護支援】滋賀県草津市野村一丁目14番8号", "url": "https://www.kaigokensaku.mhlw.go.jp/25/index.php?action_kouhyou_detail_004_kani=true&JigyosyoCd=2570601894-00&ServiceCd=430&Type=search", "url2": "https://hibiki-llc.jimdosite.com/" }, "geometry": { "type": "Point", "coordinates": [ 135.9563896, 35.0279105 ] } },
{ "type": "Feature", "properties": { "内容": "近江草津徳洲会介護センター【居宅介護支援】草津市東矢倉3丁目34-52", "url": "https://www.kaigokensaku.mhlw.go.jp/25/index.php?action_kouhyou_detail_004_kani=true&JigyosyoCd=2510601962-00&ServiceCd=430&Type=search", "url2": "http://www.oumi-kusatsu-hp.jp" }, "geometry": { "type": "Point", "coordinates": [ 135.957147599999985, 35.0013358 ] } },
{ "type": "Feature", "properties": { "内容": "社会福祉法人みのり草津市上笠居宅介護支援事業所【居宅介護支援】滋賀県草津市上笠1丁目9番11号", "url": "https://www.kaigokensaku.mhlw.go.jp/25/index.php?action_kouhyou_detail_004_kani=true&JigyosyoCd=2570600094-00&ServiceCd=430&Type=search", "url2": "http://www.popura.or.jp/" }, "geometry": { "type": "Point", "coordinates": [ 135.9499085, 35.0339559 ] } },
{ "type": "Feature", "properties": { "内容": "はな．居宅介護支援事業所【居宅介護支援】滋賀県草津市木川町1607番地", "url": "https://www.kaigokensaku.mhlw.go.jp/25/index.php?action_kouhyou_detail_004_kani=true&JigyosyoCd=2570601282-00&ServiceCd=430&Type=search", "url2": "https;//www.hana-cp.jp/" }, "geometry": { "type": "Point", "coordinates": [ 135.9359905, 35.0255514 ] } },
{ "type": "Feature", "properties": { "内容": "ケアプランセンター　ティエール【居宅介護支援】滋賀県草津市東矢倉2丁目2番33号", "url": "https://www.kaigokensaku.mhlw.go.jp/25/index.php?action_kouhyou_detail_004_kani=true&JigyosyoCd=2570601357-00&ServiceCd=430&Type=search", "url2": null }, "geometry": { "type": "Point", "coordinates": [ 135.956097600000021, 35.0071072 ] } },
{ "type": "Feature", "properties": { "内容": "萩の里　居宅介護支援事業所【居宅介護支援】滋賀県草津市野路東2丁目4番10号", "url": "https://www.kaigokensaku.mhlw.go.jp/25/index.php?action_kouhyou_detail_004_kani=true&JigyosyoCd=2570601415-00&ServiceCd=430&Type=search", "url2": "http://yotsuba-lcn.or.jp" }, "geometry": { "type": "Point", "coordinates": [ 135.954403400000047, 34.9936339 ] } },
{ "type": "Feature", "properties": { "内容": "居宅介護支援かえで【居宅介護支援】滋賀県草津市追分南一丁目８番３４号かえで２号館", "url": "https://www.kaigokensaku.mhlw.go.jp/25/index.php?action_kouhyou_detail_004_kani=true&JigyosyoCd=2570601647-00&ServiceCd=430&Type=search", "url2": "https://maple-kofu.com/" }, "geometry": { "type": "Point", "coordinates": [ 135.96156510000003, 34.9993985 ] } },
{ "type": "Feature", "properties": { "内容": "介護相談となりぐみ【居宅介護支援】滋賀県草津市上笠2-18-16上笠ビル1階", "url": "https://www.kaigokensaku.mhlw.go.jp/25/index.php?action_kouhyou_detail_004_kani=true&JigyosyoCd=2570601837-00&ServiceCd=430&Type=search", "url2": "http://www.edanlife.com/" }, "geometry": { "type": "Point", "coordinates": [ 135.9480517, 35.031057 ] } },
{ "type": "Feature", "properties": { "内容": "医心館居宅介護支援事業所南草津【居宅介護支援】滋賀県草津市追分南二丁目３番17号", "url": "https://www.kaigokensaku.mhlw.go.jp/25/index.php?action_kouhyou_detail_004_kani=true&JigyosyoCd=2570602009-00&ServiceCd=430&Type=search", "url2": null }, "geometry": { "type": "Point", "coordinates": [ 135.964614, 34.9950067 ] } },
{ "type": "Feature", "properties": { "内容": "社会医療法人誠光会　指定居宅介護支援事業所　ふれあい【居宅介護支援】滋賀県草津市矢橋町1629-5", "url": "https://www.kaigokensaku.mhlw.go.jp/25/index.php?action_kouhyou_detail_004_kani=true&JigyosyoCd=2510602747-00&ServiceCd=430&Type=search", "url2": "https://www.seikoukai-sc.or.jp" }, "geometry": { "type": "Point", "coordinates": [ 135.928252799999967, 35.011076700000025 ] } },
{ "type": "Feature", "properties": { "内容": "居宅介護支援事業所　和花【居宅介護支援】草津市上笠二丁目5-8", "url": "https://www.kaigokensaku.mhlw.go.jp/25/index.php?action_kouhyou_detail_004_kani=true&JigyosyoCd=2570600649-00&ServiceCd=430&Type=search", "url2": "https://chowa888.com/care-waka" }, "geometry": { "type": "Point", "coordinates": [ 135.9479837, 35.0300787 ] } },
{ "type": "Feature", "properties": { "内容": "ルナケアプランセンター【居宅介護支援】青地町1025番地の14", "url": "https://www.kaigokensaku.mhlw.go.jp/25/index.php?action_kouhyou_detail_004_kani=true&JigyosyoCd=2570600367-00&ServiceCd=430&Type=search", "url2": null }, "geometry": { "type": "Point", "coordinates": [ 135.96834290000001, 35.0063574 ] } },
{ "type": "Feature", "properties": { "内容": "オフィス豆の木　介護支援事務所【居宅介護支援】滋賀県草津市大路1丁目7-1-3103号", "url": "https://www.kaigokensaku.mhlw.go.jp/25/index.php?action_kouhyou_detail_004_kani=true&JigyosyoCd=2570600011-00&ServiceCd=430&Type=search", "url2": null }, "geometry": { "type": "Point", "coordinates": [ 135.961746700000049, 35.0200998 ] } },
{ "type": "Feature", "properties": { "内容": "草津市南笠居宅介護支援センターあさひ【居宅介護支援】滋賀県草津市笠山１丁目１－４６", "url": "https://www.kaigokensaku.mhlw.go.jp/25/index.php?action_kouhyou_detail_004_kani=true&JigyosyoCd=2570600060-00&ServiceCd=430&Type=search", "url2": null }, "geometry": { "type": "Point", "coordinates": [ 135.945726400000012, 34.991745 ] } },
{ "type": "Feature", "properties": { "内容": "あおばな居宅介護支援事業所【居宅介護支援】滋賀県草津市草津町1527番地2ベルエール草津202号", "url": "https://www.kaigokensaku.mhlw.go.jp/25/index.php?action_kouhyou_detail_004_kani=true&JigyosyoCd=2570600417-00&ServiceCd=430&Type=search", "url2": "http://www.aobana.jp/" }, "geometry": { "type": "Point", "coordinates": [ 135.949140487671201, 35.018117215186926 ] } },
{ "type": "Feature", "properties": { "内容": "ケアタウン南草津居宅介護支援事業所【居宅介護支援】矢橋町６２１番地", "url": "https://www.kaigokensaku.mhlw.go.jp/25/index.php?action_kouhyou_detail_004_kani=true&JigyosyoCd=2570600441-00&ServiceCd=430&Type=search", "url2": "http://www.yotsuba-lcn.or.jp/" }, "geometry": { "type": "Point", "coordinates": [ 135.927266698811309, 35.003103941254665 ] } },
{ "type": "Feature", "properties": { "内容": "居宅介護支援事業所ライフパートナー【居宅介護支援】滋賀県草津市若竹町7-10Act213F", "url": "https://www.kaigokensaku.mhlw.go.jp/25/index.php?action_kouhyou_detail_004_kani=true&JigyosyoCd=2570601423-00&ServiceCd=430&Type=search", "url2": "nextlife-care.com" }, "geometry": { "type": "Point", "coordinates": [ 135.968040867897599, 35.021917765210802 ] } },
{ "type": "Feature", "properties": { "内容": "ケアプランセンター向日葵【居宅介護支援】滋賀県草津市若竹町10-41丸十ビル４F", "url": "https://www.kaigokensaku.mhlw.go.jp/25/index.php?action_kouhyou_detail_004_kani=true&JigyosyoCd=2570601571-00&ServiceCd=430&Type=search", "url2": "https://www.fukurou-care.com/company" }, "geometry": { "type": "Point", "coordinates": [ 135.968663, 35.0203591 ] } },
{ "type": "Feature", "properties": { "内容": "岸本ケアプランセンター【居宅介護支援】滋賀県草津市芦浦町４６番地１", "url": "https://www.kaigokensaku.mhlw.go.jp/25/index.php?action_kouhyou_detail_004_kani=true&JigyosyoCd=2570601795-00&ServiceCd=430&Type=search", "url2": "https://kishimoto-cp.co.jp/" }, "geometry": { "type": "Point", "coordinates": [ 135.9587766, 35.056749799999984 ] } },
{ "type": "Feature", "properties": { "内容": "指定居宅介護支援事業所　ケアプランそら【居宅介護支援】滋賀県草津市野路８丁目１５-８クラージュ２１　２０５号", "url": "https://www.kaigokensaku.mhlw.go.jp/25/index.php?action_kouhyou_detail_004_kani=true&JigyosyoCd=2570601670-00&ServiceCd=430&Type=search", "url2": null }, "geometry": { "type": "Point", "coordinates": [ 135.9523451, 34.9982712 ] } },
{ "type": "Feature", "properties": { "内容": "うさぎマネジメントケア南草津【居宅介護支援】滋賀県草津市南笠東4丁目8-68Casa岡田203号室", "url": "https://www.kaigokensaku.mhlw.go.jp/25/index.php?action_kouhyou_detail_004_kani=true&JigyosyoCd=2570602074-00&ServiceCd=430&Type=search", "url2": "https://share.google/gnzvMgfxDZDvTWuJw" }, "geometry": { "type": "Point", "coordinates": [ 135.941835, 34.9903034 ] } },
{ "type": "Feature", "properties": { "内容": "メディケア湖南居宅介護支援事業所【居宅介護支援】滋賀県草津市草津3丁目14-44木村ビル", "url": "https://www.kaigokensaku.mhlw.go.jp/25/index.php?action_kouhyou_detail_004_kani=true&JigyosyoCd=2570601985-00&ServiceCd=430&Type=search", "url2": null }, "geometry": { "type": "Point", "coordinates": [ 135.961854499999987, 35.0123192 ] } },
{ "type": "Feature", "properties": { "内容": "居宅介護支援事業所　しがそせい苑【居宅介護支援】守山市水保町２６５０－１", "url": "https://www.kaigokensaku.mhlw.go.jp/25/index.php?action_kouhyou_detail_004_kani=true&JigyosyoCd=2570700282-00&ServiceCd=430&Type=search", "url2": "http://soseien.jp/shiga/index.html" }, "geometry": { "type": "Point", "coordinates": [ 135.961909200000065, 35.097909500000021 ] } },
{ "type": "Feature", "properties": { "内容": "すこやか生活支援センター【居宅介護支援】滋賀県守山市古高町98-9", "url": "https://www.kaigokensaku.mhlw.go.jp/25/index.php?action_kouhyou_detail_004_kani=true&JigyosyoCd=2570701074-00&ServiceCd=430&Type=search", "url2": null }, "geometry": { "type": "Point", "coordinates": [ 135.980275013491791, 35.052235765869902 ] } },
{ "type": "Feature", "properties": { "内容": "有限会社ゆうすげ介護居宅介護支援事業所【居宅介護支援】滋賀県守山市下之郷一丁目2番32-301号", "url": "https://www.kaigokensaku.mhlw.go.jp/25/index.php?action_kouhyou_detail_004_kani=true&JigyosyoCd=2570700332-00&ServiceCd=430&Type=search", "url2": "http://www.yuusuge.co.jp/" }, "geometry": { "type": "Point", "coordinates": [ 135.995640200000025, 35.0637368 ] } },
{ "type": "Feature", "properties": { "内容": "ゆいの里守山居宅介護支援事業所【居宅介護支援】洲本町１番地", "url": "https://www.kaigokensaku.mhlw.go.jp/25/index.php?action_kouhyou_detail_004_kani=true&JigyosyoCd=2570700043-00&ServiceCd=430&Type=search", "url2": "http://www.yuinosato.or.jp/" }, "geometry": { "type": "Point", "coordinates": [ 135.98672369999997, 35.0951578 ] } },
{ "type": "Feature", "properties": { "内容": "ＪＡレーク滋賀守山居宅介護支援事業所【居宅介護支援】滋賀県守山市吉身三丁目７番６号", "url": "https://www.kaigokensaku.mhlw.go.jp/25/index.php?action_kouhyou_detail_004_kani=true&JigyosyoCd=2570701124-00&ServiceCd=430&Type=search", "url2": null }, "geometry": { "type": "Point", "coordinates": [ 135.994617016710606, 35.059985458442632 ] } },
{ "type": "Feature", "properties": { "内容": "社会福祉法人守山市社会福祉協議会居宅介護支援事業所【居宅介護支援】滋賀県守山市石田町422番地", "url": "https://www.kaigokensaku.mhlw.go.jp/25/index.php?action_kouhyou_detail_004_kani=true&JigyosyoCd=2570700563-00&ServiceCd=430&Type=search", "url2": null }, "geometry": { "type": "Point", "coordinates": [ 135.979028, 35.0693745 ] } },
{ "type": "Feature", "properties": { "内容": "居宅介護支援事業所　いおり【居宅介護支援】滋賀県守山市古高町４１８番地の３", "url": "https://www.kaigokensaku.mhlw.go.jp/25/index.php?action_kouhyou_detail_004_kani=true&JigyosyoCd=2570700597-00&ServiceCd=430&Type=search", "url2": null }, "geometry": { "type": "Point", "coordinates": [ 135.976514299999963, 35.0518571 ] } },
{ "type": "Feature", "properties": { "内容": "居宅介護支援事業所ゆうらいふ【居宅介護支援】滋賀県守山市石田町735-3", "url": "https://www.kaigokensaku.mhlw.go.jp/25/index.php?action_kouhyou_detail_004_kani=true&JigyosyoCd=2570700936-00&ServiceCd=430&Type=search", "url2": "http://www.youlife.ne.jp" }, "geometry": { "type": "Point", "coordinates": [ 135.972608279873043, 35.074896609457525 ] } },
{ "type": "Feature", "properties": { "内容": "またあした居宅介護支援事業所【居宅介護支援】滋賀県守山市小島町1613-8", "url": "https://www.kaigokensaku.mhlw.go.jp/25/index.php?action_kouhyou_detail_004_kani=true&JigyosyoCd=2570701009-00&ServiceCd=430&Type=search", "url2": "https://mataashita-shiga.com/" }, "geometry": { "type": "Point", "coordinates": [ 135.9982592, 35.075255 ] } },
{ "type": "Feature", "properties": { "内容": "くらしサポート　華【居宅介護支援】滋賀県守山市吉身二丁目8－7", "url": "https://www.kaigokensaku.mhlw.go.jp/25/index.php?action_kouhyou_detail_004_kani=true&JigyosyoCd=2570701066-00&ServiceCd=430&Type=search", "url2": null }, "geometry": { "type": "Point", "coordinates": [ 135.995876899999985, 35.0581821 ] } },
{ "type": "Feature", "properties": { "内容": "有限会社びわこメディカル居宅介護支援事業所【居宅介護支援】滋賀県守山市播磨田町107-1", "url": "https://www.kaigokensaku.mhlw.go.jp/25/index.php?action_kouhyou_detail_004_kani=true&JigyosyoCd=2570700100-00&ServiceCd=430&Type=search", "url2": "URL:http://www.biwakomedical.com/" }, "geometry": { "type": "Point", "coordinates": [ 135.9979482, 35.0673448 ] } },
{ "type": "Feature", "properties": { "内容": "あいむケアプランセンター【居宅介護支援】滋賀県守山市守山四丁目6番11号", "url": "https://www.kaigokensaku.mhlw.go.jp/25/index.php?action_kouhyou_detail_004_kani=true&JigyosyoCd=2570700126-00&ServiceCd=430&Type=search", "url2": "http://k-aimu.co.jp" }, "geometry": { "type": "Point", "coordinates": [ 135.989577, 35.0608203 ] } },
{ "type": "Feature", "properties": { "内容": "医療法人小西醫院　小西醫院居宅介護支援事業所【居宅介護支援】滋賀県守山市洲本町1256-6", "url": "https://www.kaigokensaku.mhlw.go.jp/25/index.php?action_kouhyou_detail_004_kani=true&JigyosyoCd=2510701010-00&ServiceCd=430&Type=search", "url2": "http://www.konishiclinic.jp/" }, "geometry": { "type": "Point", "coordinates": [ 135.971542, 35.0885303 ] } },
{ "type": "Feature", "properties": { "内容": "ケアプラン杜【居宅介護支援】今浜町2620-132", "url": "https://www.kaigokensaku.mhlw.go.jp/25/index.php?action_kouhyou_detail_004_kani=true&JigyosyoCd=2570701082-00&ServiceCd=430&Type=search", "url2": "https://tkk-kaigoservice.com/" }, "geometry": { "type": "Point", "coordinates": [ 135.94686, 35.124712 ] } },
{ "type": "Feature", "properties": { "内容": "ケアプランステーションここあ勝部【居宅介護支援】勝部3丁目10-34", "url": "https://www.kaigokensaku.mhlw.go.jp/25/index.php?action_kouhyou_detail_004_kani=true&JigyosyoCd=2570700746-00&ServiceCd=430&Type=search", "url2": "http://www.kokoa.jp" }, "geometry": { "type": "Point", "coordinates": [ 135.98806049999996, 35.0471747 ] } },
{ "type": "Feature", "properties": { "内容": "居宅介護支援事業所　ふくろうさん【居宅介護支援】滋賀県守山市小島町1808-8", "url": "https://www.kaigokensaku.mhlw.go.jp/25/index.php?action_kouhyou_detail_004_kani=true&JigyosyoCd=2570700860-00&ServiceCd=430&Type=search", "url2": null }, "geometry": { "type": "Point", "coordinates": [ 135.99446510000007, 35.0764936 ] } },
{ "type": "Feature", "properties": { "内容": "社会福祉法人友愛三宅ケアセンター【居宅介護支援】守山市三宅町833-4", "url": "https://www.kaigokensaku.mhlw.go.jp/25/index.php?action_kouhyou_detail_004_kani=true&JigyosyoCd=2570700076-00&ServiceCd=430&Type=search", "url2": "http://www.kanariya.or.jp" }, "geometry": { "type": "Point", "coordinates": [ 135.968281700000034, 35.0594976 ] } },
{ "type": "Feature", "properties": { "内容": "ケア・サポート愛居宅介護支援事業所【居宅介護支援】守山市杉江町714-3", "url": "https://www.kaigokensaku.mhlw.go.jp/25/index.php?action_kouhyou_detail_004_kani=true&JigyosyoCd=2570700381-00&ServiceCd=430&Type=search", "url2": "http://caresupportai.jp" }, "geometry": { "type": "Point", "coordinates": [ 135.9553439, 35.0739566 ] } },
{ "type": "Feature", "properties": { "内容": "あうん居宅介護支援栗東【居宅介護支援】滋賀県栗東市手原3丁目11-12", "url": "https://www.kaigokensaku.mhlw.go.jp/25/index.php?action_kouhyou_detail_004_kani=true&JigyosyoCd=2571200639-00&ServiceCd=430&Type=search", "url2": "https://aun-care.com/" }, "geometry": { "type": "Point", "coordinates": [ 135.999861057743146, 35.026599380173835 ] } },
{ "type": "Feature", "properties": { "内容": "社会福祉法人栗東市社会福祉協議会居宅介護支援事業所【居宅介護支援】滋賀県栗東市安養寺１９０番地なごやかセンター内", "url": "https://www.kaigokensaku.mhlw.go.jp/25/index.php?action_kouhyou_detail_004_kani=true&JigyosyoCd=2571200019-00&ServiceCd=430&Type=search", "url2": "http://www.ritto-syakyo.jp/" }, "geometry": { "type": "Point", "coordinates": [ 136.004084199999966, 35.0175813 ] } },
{ "type": "Feature", "properties": { "内容": "ケアプランセンターあかり【居宅介護支援】滋賀県栗東市綣6-8-14", "url": "https://www.kaigokensaku.mhlw.go.jp/25/index.php?action_kouhyou_detail_004_kani=true&JigyosyoCd=2571200365-00&ServiceCd=430&Type=search", "url2": "http://www.sksupport.net/" }, "geometry": { "type": "Point", "coordinates": [ 135.976744899999971, 35.0355896 ] } },
{ "type": "Feature", "properties": { "内容": "居宅介護支援事業所はなえみ【居宅介護支援】滋賀県栗東市上鈎265番地3", "url": "https://www.kaigokensaku.mhlw.go.jp/25/index.php?action_kouhyou_detail_004_kani=true&JigyosyoCd=2571200944-00&ServiceCd=430&Type=search", "url2": null }, "geometry": { "type": "Point", "coordinates": [ 135.989258712025446, 35.026398881105621 ] } },
{ "type": "Feature", "properties": { "内容": "日昇居宅介護支援事業所【居宅介護支援】滋賀県栗東市綣6丁目6-4", "url": "https://www.kaigokensaku.mhlw.go.jp/25/index.php?action_kouhyou_detail_004_kani=true&JigyosyoCd=2571200969-00&ServiceCd=430&Type=search", "url2": "https://nissyou.hp.peraichi.com/0905" }, "geometry": { "type": "Point", "coordinates": [ 135.977510292393305, 35.036052450616083 ] } },
{ "type": "Feature", "properties": { "内容": "ケアプランセンターここいろ【居宅介護支援】滋賀県栗東市御園1016-1", "url": "https://www.kaigokensaku.mhlw.go.jp/25/index.php?action_kouhyou_detail_004_kani=true&JigyosyoCd=2571201041-00&ServiceCd=430&Type=search", "url2": null }, "geometry": { "type": "Point", "coordinates": [ 136.0216562, 34.996839 ] } },
{ "type": "Feature", "properties": { "内容": "ケアプランセンターすずらん【居宅介護支援】滋賀県栗東市下戸山1493-1", "url": "https://www.kaigokensaku.mhlw.go.jp/25/index.php?action_kouhyou_detail_004_kani=true&JigyosyoCd=2571200332-00&ServiceCd=430&Type=search", "url2": "https://www.big-advance.site/c/135/1734" }, "geometry": { "type": "Point", "coordinates": [ 135.988821492065398, 35.010405180174843 ] } },
{ "type": "Feature", "properties": { "内容": "済生会居宅介護支援事業所栗東【居宅介護支援】小柿4丁目１－１", "url": "https://www.kaigokensaku.mhlw.go.jp/25/index.php?action_kouhyou_detail_004_kani=true&JigyosyoCd=2571200605-00&ServiceCd=430&Type=search", "url2": "http://www.saiseikai-shiga.jp/tankaiso/" }, "geometry": { "type": "Point", "coordinates": [ 135.976403600000026, 35.0242744 ] } },
{ "type": "Feature", "properties": { "内容": "医療法人社団真下胃腸科医院居宅介護支援事業所【居宅介護支援】滋賀県栗東市霊仙寺1丁目1番52号", "url": "https://www.kaigokensaku.mhlw.go.jp/25/index.php?action_kouhyou_detail_004_kani=true&JigyosyoCd=2511200616-00&ServiceCd=430&Type=search", "url2": "http://www.mashimo.or.jp/" }, "geometry": { "type": "Point", "coordinates": [ 135.9749339, 35.0387781 ] } },
{ "type": "Feature", "properties": { "内容": "居宅介護支援事業所　栗東すみれ園【居宅介護支援】滋賀県栗東市小野363番地", "url": "https://www.kaigokensaku.mhlw.go.jp/25/index.php?action_kouhyou_detail_004_kani=true&JigyosyoCd=2571200720-00&ServiceCd=430&Type=search", "url2": "www.rittou-sumire-en.jp" }, "geometry": { "type": "Point", "coordinates": [ 136.010969400000022, 35.0202588 ] } },
{ "type": "Feature", "properties": { "内容": "らっくケアプランセンター【居宅介護支援】滋賀県栗東市小柿６丁目２－２", "url": "https://www.kaigokensaku.mhlw.go.jp/25/index.php?action_kouhyou_detail_004_kani=true&JigyosyoCd=2571200803-00&ServiceCd=430&Type=search", "url2": "https://www.rac-kaigo.jp/" }, "geometry": { "type": "Point", "coordinates": [ 135.971409599999987, 35.0222663 ] } },
{ "type": "Feature", "properties": { "内容": "エスト居宅介護支援事業所【居宅介護支援】滋賀県栗東市大橋5丁目4ｰ1", "url": "https://www.kaigokensaku.mhlw.go.jp/25/index.php?action_kouhyou_detail_004_kani=true&JigyosyoCd=2571200977-00&ServiceCd=430&Type=search", "url2": null }, "geometry": { "type": "Point", "coordinates": [ 136.0059512, 35.031515 ] } },
{ "type": "Feature", "properties": { "内容": "あすなろ居宅介護支援事業所【居宅介護支援】滋賀県栗東市中沢一丁目１番１６号", "url": "https://www.kaigokensaku.mhlw.go.jp/25/index.php?action_kouhyou_detail_004_kani=true&JigyosyoCd=2571200308-00&ServiceCd=430&Type=search", "url2": null }, "geometry": { "type": "Point", "coordinates": [ 135.97688119999998, 35.0274963 ] } },
{ "type": "Feature", "properties": { "内容": "こびらい生協診療所居宅介護支援事業所【居宅介護支援】栗東市小平井３丁目２番２７号GREENAWAY1F", "url": "https://www.kaigokensaku.mhlw.go.jp/25/index.php?action_kouhyou_detail_004_kani=true&JigyosyoCd=2561290020-00&ServiceCd=430&Type=search", "url2": "http://www.kobirai-seikyou.com/" }, "geometry": { "type": "Point", "coordinates": [ 135.965057, 35.0372169 ] } },
{ "type": "Feature", "properties": { "内容": "居宅介護支援センター甲賀【居宅介護支援】滋賀県甲賀市甲南町深川2201番地", "url": "https://www.kaigokensaku.mhlw.go.jp/25/index.php?action_kouhyou_detail_004_kani=true&JigyosyoCd=2571401161-00&ServiceCd=430&Type=search", "url2": "https://hc-koga.com/" }, "geometry": { "type": "Point", "coordinates": [ 136.164332984130851, 34.929583776259122 ] } },
{ "type": "Feature", "properties": { "内容": "せせらぎ苑居宅介護支援センター【居宅介護支援】滋賀県甲賀市甲南町葛木855番地", "url": "https://www.kaigokensaku.mhlw.go.jp/25/index.php?action_kouhyou_detail_004_kani=true&JigyosyoCd=2571400015-00&ServiceCd=430&Type=search", "url2": "http://kohnankai.jp" }, "geometry": { "type": "Point", "coordinates": [ 136.179133399999955, 34.9321544 ] } },
{ "type": "Feature", "properties": { "内容": "ケアプランセンターエーデル土山【居宅介護支援】滋賀県甲賀市土山町北土山2062番地", "url": "https://www.kaigokensaku.mhlw.go.jp/25/index.php?action_kouhyou_detail_004_kani=true&JigyosyoCd=2571400148-00&ServiceCd=430&Type=search", "url2": "http://www.edeltutiyama.com" }, "geometry": { "type": "Point", "coordinates": [ 136.28116030000001, 34.9388304 ] } },
{ "type": "Feature", "properties": { "内容": "竹内整形外科　ケアプランセンター心地【居宅介護支援】滋賀県甲賀市甲南町野尻７７－１", "url": "https://www.kaigokensaku.mhlw.go.jp/25/index.php?action_kouhyou_detail_004_kani=true&JigyosyoCd=2511401776-00&ServiceCd=430&Type=search", "url2": "t-seikei.jp" }, "geometry": { "type": "Point", "coordinates": [ 136.182589600000028, 34.915048 ] } },
{ "type": "Feature", "properties": { "内容": "公立甲賀病院居宅介護支援事業所【居宅介護支援】滋賀県甲賀市水口町松尾1256番地", "url": "https://www.kaigokensaku.mhlw.go.jp/25/index.php?action_kouhyou_detail_004_kani=true&JigyosyoCd=2511402261-00&ServiceCd=430&Type=search", "url2": "https://www.kohka-hp.or.jp/" }, "geometry": { "type": "Point", "coordinates": [ 136.177922099999932, 34.9826835 ] } },
{ "type": "Feature", "properties": { "内容": "甲賀荘居宅介護支援センター【居宅介護支援】甲賀市甲賀町大原中９０４", "url": "https://www.kaigokensaku.mhlw.go.jp/25/index.php?action_kouhyou_detail_004_kani=true&JigyosyoCd=2571400155-00&ServiceCd=430&Type=search", "url2": "https://kougakai.org/" }, "geometry": { "type": "Point", "coordinates": [ 136.227393900000038, 34.9009445 ] } },
{ "type": "Feature", "properties": { "内容": "甲賀市社協ケアプランセンターしがらき【居宅介護支援】甲賀市信楽町長野1252番地信楽開発センター2階", "url": "https://www.kaigokensaku.mhlw.go.jp/25/index.php?action_kouhyou_detail_004_kani=true&JigyosyoCd=2571400189-00&ServiceCd=430&Type=search", "url2": "http://www.kokashakyo.sakura.ne.jp" }, "geometry": { "type": "Point", "coordinates": [ 136.058857393848484, 34.878391795632666 ] } },
{ "type": "Feature", "properties": { "内容": "はとがひらケアプランセンター【居宅介護支援】滋賀県甲賀市水口町水口6837-5", "url": "https://www.kaigokensaku.mhlw.go.jp/25/index.php?action_kouhyou_detail_004_kani=true&JigyosyoCd=2571401013-00&ServiceCd=430&Type=search", "url2": "http://www.ohmiwajunkai.or.jp" }, "geometry": { "type": "Point", "coordinates": [ 136.1839598, 34.9617855 ] } },
{ "type": "Feature", "properties": { "内容": "医療法人社団仁生会甲南病院居宅介護支援事業所【居宅介護支援】滋賀県甲賀市甲南町葛木958番地", "url": "https://www.kaigokensaku.mhlw.go.jp/25/index.php?action_kouhyou_detail_004_kani=true&JigyosyoCd=2571401088-00&ServiceCd=430&Type=search", "url2": "http://www.kohnan-shiga.or.jp" }, "geometry": { "type": "Point", "coordinates": [ 136.175366160563044, 34.92905747768242 ] } },
{ "type": "Feature", "properties": { "内容": "まごころ居宅介護支援事業所【居宅介護支援】滋賀県甲賀市水口町牛飼395-4", "url": "https://www.kaigokensaku.mhlw.go.jp/25/index.php?action_kouhyou_detail_004_kani=true&JigyosyoCd=2571401260-00&ServiceCd=430&Type=search", "url2": "https://www.dayservice-magokoro.com/service/kyotaku/" }, "geometry": { "type": "Point", "coordinates": [ 136.1494868, 34.9454225 ] } },
{ "type": "Feature", "properties": { "内容": "甲賀市社協ケアプランセンターぬくもり【居宅介護支援】甲賀市水口町水口5609番地", "url": "https://www.kaigokensaku.mhlw.go.jp/25/index.php?action_kouhyou_detail_004_kani=true&JigyosyoCd=2571400064-00&ServiceCd=430&Type=search", "url2": "http://www.kokashakyo.sakura.ne.jp/" }, "geometry": { "type": "Point", "coordinates": [ 136.16843080000001, 34.9667169 ] } },
{ "type": "Feature", "properties": { "内容": "ひなたぼっこ居宅介護支援事業所【居宅介護支援】滋賀県甲賀市甲南町葛木397番地", "url": "https://www.kaigokensaku.mhlw.go.jp/25/index.php?action_kouhyou_detail_004_kani=true&JigyosyoCd=2571400577-00&ServiceCd=430&Type=search", "url2": "http://hinata-bokko.org/" }, "geometry": { "type": "Point", "coordinates": [ 136.18175020000001, 34.9256746 ] } },
{ "type": "Feature", "properties": { "内容": "樹の郷居宅介護支援センター【居宅介護支援】滋賀県甲賀市水口町山3309", "url": "https://www.kaigokensaku.mhlw.go.jp/25/index.php?action_kouhyou_detail_004_kani=true&JigyosyoCd=2571400833-00&ServiceCd=430&Type=search", "url2": "http://shigaraki-itsuki.com/index.html" }, "geometry": { "type": "Point", "coordinates": [ 136.1752871, 35.0041513 ] } },
{ "type": "Feature", "properties": { "内容": "甲賀市社協ケアプランセンターあい【居宅介護支援】滋賀県甲賀市甲賀町相模220番地", "url": "https://www.kaigokensaku.mhlw.go.jp/25/index.php?action_kouhyou_detail_004_kani=true&JigyosyoCd=2571401211-00&ServiceCd=430&Type=search", "url2": "http://www.kokashakyo.sakura.ne.jp/" }, "geometry": { "type": "Point", "coordinates": [ 136.2158727, 34.9043283 ] } },
{ "type": "Feature", "properties": { "内容": "ケアプランセンターみなくちみんなの家【居宅介護支援】滋賀県甲賀市水口町中邸1-20", "url": "https://www.kaigokensaku.mhlw.go.jp/25/index.php?action_kouhyou_detail_004_kani=true&JigyosyoCd=2571401286-00&ServiceCd=430&Type=search", "url2": "https://chiiroba.jp" }, "geometry": { "type": "Point", "coordinates": [ 136.162866353988647, 34.972172888859674 ] } },
{ "type": "Feature", "properties": { "内容": "信楽荘居宅介護支援センター【居宅介護支援】滋賀県甲賀市信楽町牧1159番地", "url": "https://www.kaigokensaku.mhlw.go.jp/25/index.php?action_kouhyou_detail_004_kani=true&JigyosyoCd=2571400031-00&ServiceCd=430&Type=search", "url2": "http://www.shigaraki-itsuki.com" }, "geometry": { "type": "Point", "coordinates": [ 136.075395500000013, 34.9151572 ] } },
{ "type": "Feature", "properties": { "内容": "居宅介護支援センター甲賀シルバーケア豊壽園【居宅介護支援】滋賀県甲賀市土山町北土山479", "url": "https://www.kaigokensaku.mhlw.go.jp/25/index.php?action_kouhyou_detail_004_kani=true&JigyosyoCd=2571401070-00&ServiceCd=430&Type=search", "url2": "http://www.sensin.or.jp/" }, "geometry": { "type": "Point", "coordinates": [ 136.295941913822617, 34.928807325367593 ] } },
{ "type": "Feature", "properties": { "内容": "ＮＰＯみなくちケアプランセンター【居宅介護支援】甲賀市水口町京町7番5号", "url": "https://www.kaigokensaku.mhlw.go.jp/25/index.php?action_kouhyou_detail_004_kani=true&JigyosyoCd=2571400569-00&ServiceCd=430&Type=search", "url2": "https://npominakuchi.jp/" }, "geometry": { "type": "Point", "coordinates": [ 136.179169, 34.966728 ] } },
{ "type": "Feature", "properties": { "内容": "光華居宅介護支援事業所【居宅介護支援】滋賀県甲賀市土山町南土山甲５２番地", "url": "https://www.kaigokensaku.mhlw.go.jp/25/index.php?action_kouhyou_detail_004_kani=true&JigyosyoCd=2571400650-00&ServiceCd=430&Type=search", "url2": null }, "geometry": { "type": "Point", "coordinates": [ 136.281465900000057, 34.9345865 ] } },
{ "type": "Feature", "properties": { "内容": "居宅介護支援事業所オリーブのさと【居宅介護支援】滋賀県甲賀市土山町市場390番地", "url": "https://www.kaigokensaku.mhlw.go.jp/25/index.php?action_kouhyou_detail_004_kani=true&JigyosyoCd=2571401302-00&ServiceCd=430&Type=search", "url2": "URL:http://houkan-olive.shiga.jp" }, "geometry": { "type": "Point", "coordinates": [ 136.249356408952366, 34.942359518544407 ] } },
{ "type": "Feature", "properties": { "内容": "ＪＡゆうハートケアプランセンター【居宅介護支援】滋賀県甲賀市甲南町杉谷106", "url": "https://www.kaigokensaku.mhlw.go.jp/25/index.php?action_kouhyou_detail_004_kani=true&JigyosyoCd=2571400940-00&ServiceCd=430&Type=search", "url2": "www.ja.youheart.co.jp" }, "geometry": { "type": "Point", "coordinates": [ 136.15623978232577, 34.924607595288045 ] } },
{ "type": "Feature", "properties": { "内容": "兆生園居宅介護支援センター【居宅介護支援】滋賀県甲賀市水口町今郷1032番地の25", "url": "https://www.kaigokensaku.mhlw.go.jp/25/index.php?action_kouhyou_detail_004_kani=true&JigyosyoCd=2571400049-00&ServiceCd=430&Type=search", "url2": "http://care-care.jp/kaigo/ty_facilities.php?tyid=16" }, "geometry": { "type": "Point", "coordinates": [ 136.2024391, 34.9623372 ] } },
{ "type": "Feature", "properties": { "内容": "市立野洲病院居宅介護支援事業所【居宅介護支援】吉地1127番地", "url": "https://www.kaigokensaku.mhlw.go.jp/25/index.php?action_kouhyou_detail_004_kani=true&JigyosyoCd=2561390077-00&ServiceCd=430&Type=search", "url2": null }, "geometry": { "type": "Point", "coordinates": [ 136.016328700000031, 35.1097482 ] } },
{ "type": "Feature", "properties": { "内容": "のどかの家高木居宅介護支援事業所【居宅介護支援】滋賀県野洲市高木７３７", "url": "https://www.kaigokensaku.mhlw.go.jp/25/index.php?action_kouhyou_detail_004_kani=true&JigyosyoCd=2571300231-00&ServiceCd=430&Type=search", "url2": "http://www.eonet.ne.jp/~nodokanoie/" }, "geometry": { "type": "Point", "coordinates": [ 136.056874500000049, 35.1008165 ] } },
{ "type": "Feature", "properties": { "内容": "ケアプランスィッチオン近江　居宅介護支援事業所【居宅介護支援】滋賀県野洲市野洲９６４番地", "url": "https://www.kaigokensaku.mhlw.go.jp/25/index.php?action_kouhyou_detail_004_kani=true&JigyosyoCd=2571300686-00&ServiceCd=430&Type=search", "url2": "http://switchon-service.co.jp" }, "geometry": { "type": "Point", "coordinates": [ 136.0144104558197, 35.058019573468982 ] } },
{ "type": "Feature", "properties": { "内容": "野洲すみれ苑居宅介護支援事業所【居宅介護支援】滋賀県野洲市栄1-2大村ハイツ3F", "url": "https://www.kaigokensaku.mhlw.go.jp/25/index.php?action_kouhyou_detail_004_kani=true&JigyosyoCd=2571300710-00&ServiceCd=430&Type=search", "url2": "https://yasu-sumire.jp/" }, "geometry": { "type": "Point", "coordinates": [ 136.028975100000054, 35.0727199 ] } },
{ "type": "Feature", "properties": { "内容": "あいむケアプランセンター野洲【居宅介護支援】滋賀県野洲市冨波乙190", "url": "https://www.kaigokensaku.mhlw.go.jp/25/index.php?action_kouhyou_detail_004_kani=true&JigyosyoCd=2571300785-00&ServiceCd=430&Type=search", "url2": "http://k-aimu.co.jp" }, "geometry": { "type": "Point", "coordinates": [ 136.032469860713178, 35.076005643045754 ] } },
{ "type": "Feature", "properties": { "内容": "医療法人周行会　居宅介護支援事業所【居宅介護支援】滋賀県野洲市八夫2077", "url": "https://www.kaigokensaku.mhlw.go.jp/25/index.php?action_kouhyou_detail_004_kani=true&JigyosyoCd=2561390028-00&ServiceCd=430&Type=search", "url2": "http://www.konan-psy.or.jp" }, "geometry": { "type": "Point", "coordinates": [ 136.021453699999938, 35.0887735 ] } },
{ "type": "Feature", "properties": { "内容": "居宅介護支援事業所　ふくろう【居宅介護支援】滋賀県野洲市吉地1丁目1171番地", "url": "https://www.kaigokensaku.mhlw.go.jp/25/index.php?action_kouhyou_detail_004_kani=true&JigyosyoCd=2571300504-00&ServiceCd=430&Type=search", "url2": "http://www.kaigo-fukurou.jp" }, "geometry": { "type": "Point", "coordinates": [ 136.009878269158889, 35.101977092335886 ] } },
{ "type": "Feature", "properties": { "内容": "しみんふくし滋賀野洲居宅介護支援事業所【居宅介護支援】滋賀県野洲市小篠原1111-1ロイヤルコーポヤス103号", "url": "https://www.kaigokensaku.mhlw.go.jp/25/index.php?action_kouhyou_detail_004_kani=true&JigyosyoCd=2571300678-00&ServiceCd=430&Type=search", "url2": "http://www.shiminfukushi-shiga.jp/" }, "geometry": { "type": "Point", "coordinates": [ 136.022720299999946, 35.0647596 ] } },
{ "type": "Feature", "properties": { "内容": "居宅介護支援事業所　ふじ【居宅介護支援】三上241-8", "url": "https://www.kaigokensaku.mhlw.go.jp/25/index.php?action_kouhyou_detail_004_kani=true&JigyosyoCd=2571300447-00&ServiceCd=430&Type=search", "url2": null }, "geometry": { "type": "Point", "coordinates": [ 136.031924900000035, 35.0445977 ] } },
{ "type": "Feature", "properties": { "内容": "コープしがケアプランセンターぽこ野洲【居宅介護支援】滋賀県野洲市冨波甲972", "url": "https://www.kaigokensaku.mhlw.go.jp/25/index.php?action_kouhyou_detail_004_kani=true&JigyosyoCd=2571300637-00&ServiceCd=430&Type=search", "url2": "http://www.pak2.com/fukushi/yasu.html" }, "geometry": { "type": "Point", "coordinates": [ 136.034938388967106, 35.081677107007593 ] } },
{ "type": "Feature", "properties": { "内容": "ケアプランセンターぎおうの里【居宅介護支援】滋賀県野洲市冨波甲1340番地1", "url": "https://www.kaigokensaku.mhlw.go.jp/25/index.php?action_kouhyou_detail_004_kani=true&JigyosyoCd=2571300199-00&ServiceCd=430&Type=search", "url2": "https://yasujikeikai.jp/" }, "geometry": { "type": "Point", "coordinates": [ 136.027775199999951, 35.0896762 ] } },
{ "type": "Feature", "properties": { "内容": "社会福祉法人　野洲市社会福祉協議会　居宅介護支援事業所【居宅介護支援】滋賀県野洲市西河原2400番地北部合同庁舎", "url": "https://www.kaigokensaku.mhlw.go.jp/25/index.php?action_kouhyou_detail_004_kani=true&JigyosyoCd=2571300041-00&ServiceCd=430&Type=search", "url2": "http://www.yasu-syakyo.or.jp" }, "geometry": { "type": "Point", "coordinates": [ 136.012422015977421, 35.103415335201504 ] } },
{ "type": "Feature", "properties": { "内容": "ケアプランセンターあやめの里【居宅介護支援】滋賀県野洲市吉川3854番地1", "url": "https://www.kaigokensaku.mhlw.go.jp/25/index.php?action_kouhyou_detail_004_kani=true&JigyosyoCd=2571300090-00&ServiceCd=430&Type=search", "url2": "http://yasujikeikai.jp/" }, "geometry": { "type": "Point", "coordinates": [ 135.9929452, 35.1282789 ] } },
{ "type": "Feature", "properties": { "内容": "居宅介護支援事業所純花【居宅介護支援】滋賀県野洲市三上1370番地", "url": "https://www.kaigokensaku.mhlw.go.jp/25/index.php?action_kouhyou_detail_004_kani=true&JigyosyoCd=2571300728-00&ServiceCd=430&Type=search", "url2": "https://www.kk-bt-sumika.com/map.html" }, "geometry": { "type": "Point", "coordinates": [ 136.0235672, 35.0538046 ] } },
{ "type": "Feature", "properties": { "内容": "ケアプランセンター向日葵･野洲【居宅介護支援】野洲市小篠原1099-2", "url": "https://www.kaigokensaku.mhlw.go.jp/25/index.php?action_kouhyou_detail_004_kani=true&JigyosyoCd=2571300769-00&ServiceCd=430&Type=search", "url2": "https://www.fukurou-care.com" }, "geometry": { "type": "Point", "coordinates": [ 136.023882068875309, 35.064720047095435 ] } },
{ "type": "Feature", "properties": { "内容": "ケアプランセンター　楓【居宅介護支援】滋賀県野洲市野洲１０１２番地１", "url": "https://www.kaigokensaku.mhlw.go.jp/25/index.php?action_kouhyou_detail_004_kani=true&JigyosyoCd=2571300801-00&ServiceCd=430&Type=search", "url2": null }, "geometry": { "type": "Point", "coordinates": [ 136.011922199999987, 35.0585873 ] } },
{ "type": "Feature", "properties": { "内容": "ケアプランセンター大空【居宅介護支援】滋賀県湖南市吉永170-4", "url": "https://www.kaigokensaku.mhlw.go.jp/25/index.php?action_kouhyou_detail_004_kani=true&JigyosyoCd=2572300172-00&ServiceCd=430&Type=search", "url2": "https://www.oozora-konan.com/" }, "geometry": { "type": "Point", "coordinates": [ 136.102863091401645, 34.986678234775006 ] } },
{ "type": "Feature", "properties": { "内容": "医療法人社団美松会　　美松会居宅介護支援センター【居宅介護支援】滋賀県湖南市中央二丁目125番地", "url": "https://www.kaigokensaku.mhlw.go.jp/25/index.php?action_kouhyou_detail_004_kani=true&JigyosyoCd=2572300354-00&ServiceCd=430&Type=search", "url2": "http://ikuta-hospital.com/" }, "geometry": { "type": "Point", "coordinates": [ 136.082920599999966, 35.0051474 ] } },
{ "type": "Feature", "properties": { "内容": "いとは居宅介護支援事業所【居宅介護支援】滋賀県湖南市北山台四丁目16-1", "url": "https://www.kaigokensaku.mhlw.go.jp/25/index.php?action_kouhyou_detail_004_kani=true&JigyosyoCd=2572300479-00&ServiceCd=430&Type=search", "url2": null }, "geometry": { "type": "Point", "coordinates": [ 136.065728799999988, 35.0296401 ] } },
{ "type": "Feature", "properties": { "内容": "八起会居宅介護支援相談所【居宅介護支援】滋賀県湖南市丸山四丁目5番1号", "url": "https://www.kaigokensaku.mhlw.go.jp/25/index.php?action_kouhyou_detail_004_kani=true&JigyosyoCd=2552380012-00&ServiceCd=430&Type=search", "url2": "http://www.hachikikai.com" }, "geometry": { "type": "Point", "coordinates": [ 136.04611639999996, 34.9987899 ] } },
{ "type": "Feature", "properties": { "内容": "十二坊ケアプランセンター【居宅介護支援】滋賀県湖南市岩根690番地の4", "url": "https://www.kaigokensaku.mhlw.go.jp/25/index.php?action_kouhyou_detail_004_kani=true&JigyosyoCd=2572300180-00&ServiceCd=430&Type=search", "url2": "http://www.ohmiwajunkai.or.jp" }, "geometry": { "type": "Point", "coordinates": [ 136.116300200000012, 35.009927 ] } },
{ "type": "Feature", "properties": { "内容": "ひばり居宅介護支援事業所【居宅介護支援】滋賀県湖南市針３３７－１（こうせい駅前診療所２階）", "url": "https://www.kaigokensaku.mhlw.go.jp/25/index.php?action_kouhyou_detail_004_kani=true&JigyosyoCd=2512300332-00&ServiceCd=430&Type=search", "url2": "http://www.shiga-mcoop.jp/jigyo/kyotaku.html#introjigyo" }, "geometry": { "type": "Point", "coordinates": [ 136.084986552314717, 35.000987577298048 ] } },
{ "type": "Feature", "properties": { "内容": "心和ケアプランセンター【居宅介護支援】滋賀県湖南市下田909-9", "url": "https://www.kaigokensaku.mhlw.go.jp/25/index.php?action_kouhyou_detail_004_kani=true&JigyosyoCd=2572300404-00&ServiceCd=430&Type=search", "url2": null }, "geometry": { "type": "Point", "coordinates": [ 136.128748800000039, 35.0304371 ] } },
{ "type": "Feature", "properties": { "内容": "甲西リハビリ病院居宅介護支援センター【居宅介護支援】滋賀県湖南市夏見１１６８番地", "url": "https://www.kaigokensaku.mhlw.go.jp/25/index.php?action_kouhyou_detail_004_kani=true&JigyosyoCd=2512300118-00&ServiceCd=430&Type=search", "url2": "https://www.kousei-rh-hp.or.jp" }, "geometry": { "type": "Point", "coordinates": [ 136.090169850331904, 34.998346633950462 ] } },
{ "type": "Feature", "properties": { "内容": "ぼだいじ居宅介護支援センター【居宅介護支援】滋賀県湖南市菩提寺327番地4", "url": "https://www.kaigokensaku.mhlw.go.jp/25/index.php?action_kouhyou_detail_004_kani=true&JigyosyoCd=2572300024-00&ServiceCd=430&Type=search", "url2": "https://chiiroba.jp/" }, "geometry": { "type": "Point", "coordinates": [ 136.070379699999989, 35.0404571 ] } },
{ "type": "Feature", "properties": { "内容": "美松苑居宅介護支援センター【居宅介護支援】滋賀県湖南市針1325", "url": "https://www.kaigokensaku.mhlw.go.jp/25/index.php?action_kouhyou_detail_004_kani=true&JigyosyoCd=2572300016-00&ServiceCd=430&Type=search", "url2": "bishouen_kyotaku@ohmiwajunkai.or.jp" }, "geometry": { "type": "Point", "coordinates": [ 136.077591, 34.9883772 ] } },
{ "type": "Feature", "properties": { "内容": "居宅介護支援事業所　　ケアプランひより【居宅介護支援】高島市新旭町旭1丁目1-7-1山本ビル", "url": "https://www.kaigokensaku.mhlw.go.jp/25/index.php?action_kouhyou_detail_004_kani=true&JigyosyoCd=2572200570-00&ServiceCd=430&Type=search", "url2": null }, "geometry": { "type": "Point", "coordinates": [ 136.0345936, 35.3551044 ] } },
{ "type": "Feature", "properties": { "内容": "あずみの郷居宅介護支援事業所【居宅介護支援】滋賀県高島市安曇川町田中3741-1あずみの郷", "url": "https://www.kaigokensaku.mhlw.go.jp/25/index.php?action_kouhyou_detail_004_kani=true&JigyosyoCd=2572200554-00&ServiceCd=430&Type=search", "url2": "www.ohyama-inc.co.jp" }, "geometry": { "type": "Point", "coordinates": [ 135.996692100000018, 35.3290982 ] } },
{ "type": "Feature", "properties": { "内容": "じゃがいもの家【居宅介護支援】滋賀県高島市マキノ町浦３４５番地", "url": "https://www.kaigokensaku.mhlw.go.jp/25/index.php?action_kouhyou_detail_004_kani=true&JigyosyoCd=2572200158-00&ServiceCd=430&Type=search", "url2": null }, "geometry": { "type": "Point", "coordinates": [ 136.062048799999957, 35.4881152 ] } },
{ "type": "Feature", "properties": { "内容": "あいりん居宅介護支援事業所【居宅介護支援】滋賀県高島市今津町南新保87-1一般財団法人　今津病院内", "url": "https://www.kaigokensaku.mhlw.go.jp/25/index.php?action_kouhyou_detail_004_kani=true&JigyosyoCd=2512201100-00&ServiceCd=430&Type=search", "url2": "http://www.oumiairinen.org" }, "geometry": { "type": "Point", "coordinates": [ 136.042941199999973, 35.4072957 ] } },
{ "type": "Feature", "properties": { "内容": "こころいちばん居宅介護支援センター【居宅介護支援】滋賀県高島市今津町住吉2丁目11番2", "url": "https://www.kaigokensaku.mhlw.go.jp/25/index.php?action_kouhyou_detail_004_kani=true&JigyosyoCd=2572200497-00&ServiceCd=430&Type=search", "url2": "http://yutakakai.jp" }, "geometry": { "type": "Point", "coordinates": [ 136.03253129999996, 35.4015157 ] } },
{ "type": "Feature", "properties": { "内容": "朽木居宅介護支援事業所【居宅介護支援】滋賀県高島市朽木市場656", "url": "https://www.kaigokensaku.mhlw.go.jp/25/index.php?action_kouhyou_detail_004_kani=true&JigyosyoCd=2572200786-00&ServiceCd=430&Type=search", "url2": "https://hatsuho-yamayuri.com" }, "geometry": { "type": "Point", "coordinates": [ 135.9187018, 35.3540509 ] } },
{ "type": "Feature", "properties": { "内容": "医療法人かおり会　ケアプランさくら【居宅介護支援】高島市新旭町旭605-1メディケアさくら２Ｆ", "url": "https://www.kaigokensaku.mhlw.go.jp/25/index.php?action_kouhyou_detail_004_kani=true&JigyosyoCd=2572200521-00&ServiceCd=430&Type=search", "url2": "http://www.honda-clinic.com" }, "geometry": { "type": "Point", "coordinates": [ 136.039151599999968, 35.3544434 ] } },
{ "type": "Feature", "properties": { "内容": "高島市社会福祉協議会きらり今津北【居宅介護支援】滋賀県高島市今津町桂830番地1", "url": "https://www.kaigokensaku.mhlw.go.jp/25/index.php?action_kouhyou_detail_004_kani=true&JigyosyoCd=2572200430-00&ServiceCd=430&Type=search", "url2": null }, "geometry": { "type": "Point", "coordinates": [ 136.025464300000067, 35.4302742 ] } },
{ "type": "Feature", "properties": { "内容": "ふじの里ケアプランセンター【居宅介護支援】滋賀県高島市安曇川町下小川3220番地1", "url": "https://www.kaigokensaku.mhlw.go.jp/25/index.php?action_kouhyou_detail_004_kani=true&JigyosyoCd=2572200042-00&ServiceCd=430&Type=search", "url2": "www.kouyoukai-fujinosato.jp" }, "geometry": { "type": "Point", "coordinates": [ 136.03310620674597, 35.320093170170239 ] } },
{ "type": "Feature", "properties": { "内容": "新旭介護サービスセンター【居宅介護支援】滋賀県高島市新旭町藁園２６０３番地", "url": "https://www.kaigokensaku.mhlw.go.jp/25/index.php?action_kouhyou_detail_004_kani=true&JigyosyoCd=2572200166-00&ServiceCd=430&Type=search", "url2": "http://shinasahi-minorikai.or.jp/" }, "geometry": { "type": "Point", "coordinates": [ 136.046242799999959, 35.3497412 ] } },
{ "type": "Feature", "properties": { "内容": "高島市社会福祉協議会きらり高島【居宅介護支援】高島市勝野680番地", "url": "https://www.kaigokensaku.mhlw.go.jp/25/index.php?action_kouhyou_detail_004_kani=true&JigyosyoCd=2572200091-00&ServiceCd=430&Type=search", "url2": null }, "geometry": { "type": "Point", "coordinates": [ 136.010577, 35.2998787 ] } },
{ "type": "Feature", "properties": { "内容": "ケアプランセンター　おおやま【居宅介護支援】安曇川町田中3741-1", "url": "https://www.kaigokensaku.mhlw.go.jp/25/index.php?action_kouhyou_detail_004_kani=true&JigyosyoCd=2572200737-00&ServiceCd=430&Type=search", "url2": null }, "geometry": { "type": "Point", "coordinates": [ 135.996802207830996, 35.329127685172239 ] } },
{ "type": "Feature", "properties": { "内容": "ケアプラン元気な仲間【居宅介護支援】滋賀県高島市新旭町針江291", "url": "https://www.kaigokensaku.mhlw.go.jp/25/index.php?action_kouhyou_detail_004_kani=true&JigyosyoCd=2572200208-00&ServiceCd=430&Type=search", "url2": null }, "geometry": { "type": "Point", "coordinates": [ 136.047828500000037, 35.3568849 ] } },
{ "type": "Feature", "properties": { "内容": "ナーシングケアプランさらら【居宅介護支援】安曇川町西万木49番地", "url": "https://www.kaigokensaku.mhlw.go.jp/25/index.php?action_kouhyou_detail_004_kani=true&JigyosyoCd=2572200851-00&ServiceCd=430&Type=search", "url2": null }, "geometry": { "type": "Point", "coordinates": [ 136.025321308598365, 35.329818130771031 ] } },
{ "type": "Feature", "properties": { "内容": "居宅介護支援事業所ラスリーズ【居宅介護支援】滋賀県東近江市上平木町1506番地", "url": "https://www.kaigokensaku.mhlw.go.jp/25/index.php?action_kouhyou_detail_004_kani=true&JigyosyoCd=2570501094-00&ServiceCd=430&Type=search", "url2": null }, "geometry": { "type": "Point", "coordinates": [ 136.141621, 35.0991288 ] } },
{ "type": "Feature", "properties": { "内容": "居宅介護支援事業所七彩【居宅介護支援】滋賀県東近江市葛巻町394番地", "url": "https://www.kaigokensaku.mhlw.go.jp/25/index.php?action_kouhyou_detail_004_kani=true&JigyosyoCd=2570500625-00&ServiceCd=430&Type=search", "url2": "nanairo＠e-omi.ne.jp" }, "geometry": { "type": "Point", "coordinates": [ 136.189990299999948, 35.053128800000017 ] } },
{ "type": "Feature", "properties": { "内容": "公益社団法人滋賀県看護協会居宅介護支援事業所【居宅介護支援】滋賀県東近江市八日市上之町1-39", "url": "https://www.kaigokensaku.mhlw.go.jp/25/index.php?action_kouhyou_detail_004_kani=true&JigyosyoCd=2560590016-00&ServiceCd=430&Type=search", "url2": "https://shiga-kango.jp" }, "geometry": { "type": "Point", "coordinates": [ 136.204476200000045, 35.1140001 ] } },
{ "type": "Feature", "properties": { "内容": "もみじケアプランセンター【居宅介護支援】滋賀県東近江市永源寺高野町431‐2", "url": "https://www.kaigokensaku.mhlw.go.jp/25/index.php?action_kouhyou_detail_004_kani=true&JigyosyoCd=2570500237-00&ServiceCd=430&Type=search", "url2": "http://www.hachikikai.com" }, "geometry": { "type": "Point", "coordinates": [ 136.309898500000031, 35.0777865 ] } },
{ "type": "Feature", "properties": { "内容": "清水苑居宅介護支援センター【居宅介護支援】東近江市五個荘川並町268番地", "url": "https://www.kaigokensaku.mhlw.go.jp/25/index.php?action_kouhyou_detail_004_kani=true&JigyosyoCd=2570500211-00&ServiceCd=430&Type=search", "url2": "https://www.rokushinkai.com" }, "geometry": { "type": "Point", "coordinates": [ 136.175720899999988, 35.1468626 ] } },
{ "type": "Feature", "properties": { "内容": "ケアプランセンターカルナハウス【居宅介護支援】東近江市建部下野町７９７番地", "url": "https://www.kaigokensaku.mhlw.go.jp/25/index.php?action_kouhyou_detail_004_kani=true&JigyosyoCd=2570500054-00&ServiceCd=430&Type=search", "url2": "http://www.jishoukai.or.jp" }, "geometry": { "type": "Point", "coordinates": [ 136.197176600000034, 35.1391892 ] } },
{ "type": "Feature", "properties": { "内容": "いずみ介護サービスおがわ居宅介護支援【居宅介護支援】東近江市小川町3317番", "url": "https://www.kaigokensaku.mhlw.go.jp/25/index.php?action_kouhyou_detail_004_kani=true&JigyosyoCd=2570500724-00&ServiceCd=430&Type=search", "url2": "care-net.biz/25/izumikaigo/" }, "geometry": { "type": "Point", "coordinates": [ 136.164695100000017, 35.1920374 ] } },
{ "type": "Feature", "properties": { "内容": "ケアプランセンター玉園ハイム【居宅介護支援】滋賀県東近江市尻無町字山ノ間1170番地3", "url": "https://www.kaigokensaku.mhlw.go.jp/25/index.php?action_kouhyou_detail_004_kani=true&JigyosyoCd=2570501110-00&ServiceCd=430&Type=search", "url2": "http://tama-zono.com" }, "geometry": { "type": "Point", "coordinates": [ 136.221187528814113, 35.081919175029469 ] } },
{ "type": "Feature", "properties": { "内容": "ケアプランセンター　みやび【居宅介護支援】滋賀県東近江市池庄町1554-5", "url": "https://www.kaigokensaku.mhlw.go.jp/25/index.php?action_kouhyou_detail_004_kani=true&JigyosyoCd=2570501250-00&ServiceCd=430&Type=search", "url2": "ＵＲⅬ　http://miyabi-kaigo.com" }, "geometry": { "type": "Point", "coordinates": [ 136.227825299999949, 35.13319520000001 ] } },
{ "type": "Feature", "properties": { "内容": "居宅介護支援事業所　サンフラワー建部【居宅介護支援】滋賀県東近江市建部日吉町347-10グランドール103", "url": "https://www.kaigokensaku.mhlw.go.jp/25/index.php?action_kouhyou_detail_004_kani=true&JigyosyoCd=2570501441-00&ServiceCd=430&Type=search", "url2": null }, "geometry": { "type": "Point", "coordinates": [ 136.197656099999989, 35.1177141 ] } },
{ "type": "Feature", "properties": { "内容": "あおぞらケアプランステーション【居宅介護支援】滋賀県東近江市平松町４97-1", "url": "https://www.kaigokensaku.mhlw.go.jp/25/index.php?action_kouhyou_detail_004_kani=true&JigyosyoCd=2560590073-00&ServiceCd=430&Type=search", "url2": "https://aozora-lake-east.com/" }, "geometry": { "type": "Point", "coordinates": [ 136.177092499999929, 35.0987344 ] } },
{ "type": "Feature", "properties": { "内容": "やすらぎの里ケアプラザ【居宅介護支援】東近江市山上町5040", "url": "https://www.kaigokensaku.mhlw.go.jp/25/index.php?action_kouhyou_detail_004_kani=true&JigyosyoCd=2570500476-00&ServiceCd=430&Type=search", "url2": "https://fukushi-eigenji.jp/" }, "geometry": { "type": "Point", "coordinates": [ 136.27036309999994, 35.082118 ] } },
{ "type": "Feature", "properties": { "内容": "ケアプランスイッチオン五個荘居宅介護支援事業所【居宅介護支援】東近江市五個荘町五位田592番地", "url": "https://www.kaigokensaku.mhlw.go.jp/25/index.php?action_kouhyou_detail_004_kani=true&JigyosyoCd=2570500930-00&ServiceCd=430&Type=search", "url2": null }, "geometry": { "type": "Point", "coordinates": [ 136.191930500000012, 35.1612114 ] } },
{ "type": "Feature", "properties": { "内容": "東近江市蒲生医療センター居宅介護支援事業所【居宅介護支援】東近江市桜川西町340東近江市蒲生医療センター内", "url": "https://www.kaigokensaku.mhlw.go.jp/25/index.php?action_kouhyou_detail_004_kani=true&JigyosyoCd=2570501342-00&ServiceCd=430&Type=search", "url2": "http://gamo-hp.siga.jp/" }, "geometry": { "type": "Point", "coordinates": [ 136.18750270000001, 35.0591736 ] } },
{ "type": "Feature", "properties": { "内容": "たんぽぽ介護相談室【居宅介護支援】滋賀県東近江市桜川西町448-2", "url": "https://www.kaigokensaku.mhlw.go.jp/25/index.php?action_kouhyou_detail_004_kani=true&JigyosyoCd=2570501565-00&ServiceCd=430&Type=search", "url2": null }, "geometry": { "type": "Point", "coordinates": [ 136.185672899999986, 35.0637034 ] } },
{ "type": "Feature", "properties": { "内容": "居宅介護支援事業所　ニコリハ【居宅介護支援】滋賀県東近江市垣見町1598", "url": "https://www.kaigokensaku.mhlw.go.jp/25/index.php?action_kouhyou_detail_004_kani=true&JigyosyoCd=2510501311-00&ServiceCd=430&Type=search", "url2": null }, "geometry": { "type": "Point", "coordinates": [ 136.1641434, 35.1822112 ] } },
{ "type": "Feature", "properties": { "内容": "ケアプランセンターのとがわ【居宅介護支援】東近江市躰光寺町234番地1", "url": "https://www.kaigokensaku.mhlw.go.jp/25/index.php?action_kouhyou_detail_004_kani=true&JigyosyoCd=2570500732-00&ServiceCd=430&Type=search", "url2": "http://shiga-shinjyukai.or.jp/" }, "geometry": { "type": "Point", "coordinates": [ 136.163756576437237, 35.184461611533678 ] } },
{ "type": "Feature", "properties": { "内容": "NPO結の家ケアプランセンター【居宅介護支援】滋賀県東近江市愛東外町７００番地", "url": "https://www.kaigokensaku.mhlw.go.jp/25/index.php?action_kouhyou_detail_004_kani=true&JigyosyoCd=2570501458-00&ServiceCd=430&Type=search", "url2": null }, "geometry": { "type": "Point", "coordinates": [ 136.291759500000012, 35.0888646 ] } },
{ "type": "Feature", "properties": { "内容": "ケア工房【居宅介護支援】東近江市中小路町５４９番地４", "url": "https://www.kaigokensaku.mhlw.go.jp/25/index.php?action_kouhyou_detail_004_kani=true&JigyosyoCd=2570500534-00&ServiceCd=430&Type=search", "url2": null }, "geometry": { "type": "Point", "coordinates": [ 136.228763971163971, 35.09731972469266 ] } },
{ "type": "Feature", "properties": { "内容": "ケアプランセンターまごころ東近江【居宅介護支援】滋賀県東近江市妙法寺町674ｰ8パインツリーハウスⅠ", "url": "https://www.kaigokensaku.mhlw.go.jp/25/index.php?action_kouhyou_detail_004_kani=true&JigyosyoCd=2570501573-00&ServiceCd=430&Type=search", "url2": null }, "geometry": { "type": "Point", "coordinates": [ 136.2275295, 35.0997267 ] } },
{ "type": "Feature", "properties": { "内容": "医療法人社団幸信会　ウェルあおば介護相談室【居宅介護支援】滋賀県東近江市青葉町1-46", "url": "https://www.kaigokensaku.mhlw.go.jp/25/index.php?action_kouhyou_detail_004_kani=true&JigyosyoCd=2570500484-00&ServiceCd=430&Type=search", "url2": "https://aoba-med.com" }, "geometry": { "type": "Point", "coordinates": [ 136.197524, 35.1060311 ] } },
{ "type": "Feature", "properties": { "内容": "陽だまり倶楽部　介護の相談室【居宅介護支援】滋賀県東近江市北花沢町1812", "url": "https://www.kaigokensaku.mhlw.go.jp/25/index.php?action_kouhyou_detail_004_kani=true&JigyosyoCd=2570500989-00&ServiceCd=430&Type=search", "url2": null }, "geometry": { "type": "Point", "coordinates": [ 136.2536857, 35.1278299 ] } },
{ "type": "Feature", "properties": { "内容": "近江温泉病院居宅介護支援事業所【居宅介護支援】東近江市百済寺本町１－１１", "url": "https://www.kaigokensaku.mhlw.go.jp/25/index.php?action_kouhyou_detail_004_kani=true&JigyosyoCd=2570500633-00&ServiceCd=430&Type=search", "url2": "http://oumi-hp.or.jp" }, "geometry": { "type": "Point", "coordinates": [ 136.275627200000031, 35.1313889 ] } },
{ "type": "Feature", "properties": { "内容": "居宅介護支援事業所　けいあい【居宅介護支援】滋賀県東近江市八日市東本町4番13号", "url": "https://www.kaigokensaku.mhlw.go.jp/25/index.php?action_kouhyou_detail_004_kani=true&JigyosyoCd=2570500971-00&ServiceCd=430&Type=search", "url2": null }, "geometry": { "type": "Point", "coordinates": [ 136.203668, 35.1090644 ] } },
{ "type": "Feature", "properties": { "内容": "ケアプランセンター加楽【居宅介護支援】東近江市下中野町637番地", "url": "https://www.kaigokensaku.mhlw.go.jp/25/index.php?action_kouhyou_detail_004_kani=true&JigyosyoCd=2570500583-00&ServiceCd=430&Type=search", "url2": "http://npokaraku.web.fc2.com/about.html" }, "geometry": { "type": "Point", "coordinates": [ 136.26521630000002, 35.1141932 ] } },
{ "type": "Feature", "properties": { "内容": "ケアプランセンターあい【居宅介護支援】滋賀県東近江市市子殿町1308番地", "url": "https://www.kaigokensaku.mhlw.go.jp/25/index.php?action_kouhyou_detail_004_kani=true&JigyosyoCd=2570500682-00&ServiceCd=430&Type=search", "url2": null }, "geometry": { "type": "Point", "coordinates": [ 136.17863250000002, 35.0614443 ] } },
{ "type": "Feature", "properties": { "内容": "在宅介護ファミールケア　米原センター【居宅介護支援】米原市中多良一丁目１７", "url": "https://www.kaigokensaku.mhlw.go.jp/25/index.php?action_kouhyou_detail_004_kani=true&JigyosyoCd=2572400048-00&ServiceCd=430&Type=search", "url2": "https://www.famille-care.co.jp" }, "geometry": { "type": "Point", "coordinates": [ 136.281027699999981, 35.3166954 ] } },
{ "type": "Feature", "properties": { "内容": "水野ケアプランセンター【居宅介護支援】滋賀県米原市長岡645番地", "url": "https://www.kaigokensaku.mhlw.go.jp/25/index.php?action_kouhyou_detail_004_kani=true&JigyosyoCd=2572400402-00&ServiceCd=430&Type=search", "url2": "http://www.ryokusenkai.com/ryokusenkan/careplan.html" }, "geometry": { "type": "Point", "coordinates": [ 136.371011299999964, 35.3628236 ] } },
{ "type": "Feature", "properties": { "内容": "坂本ケアサービス居宅介護支援事業所【居宅介護支援】滋賀県米原市宇賀野219番地32", "url": "https://www.kaigokensaku.mhlw.go.jp/25/index.php?action_kouhyou_detail_004_kani=true&JigyosyoCd=2572400659-00&ServiceCd=430&Type=search", "url2": "https://sakamotocare.com/" }, "geometry": { "type": "Point", "coordinates": [ 136.291722099999987, 35.3395945 ] } },
{ "type": "Feature", "properties": { "内容": "つむぎ【居宅介護支援】滋賀県米原市多和田1031-3", "url": "https://www.kaigokensaku.mhlw.go.jp/25/index.php?action_kouhyou_detail_004_kani=true&JigyosyoCd=2572400600-00&ServiceCd=430&Type=search", "url2": "https://www.sinca100.biz" }, "geometry": { "type": "Point", "coordinates": [ 136.3320933, 35.336283 ] } },
{ "type": "Feature", "properties": { "内容": "うぃんぐ居宅介護相談センター【居宅介護支援】滋賀県米原市井之口180", "url": "https://www.kaigokensaku.mhlw.go.jp/25/index.php?action_kouhyou_detail_004_kani=true&JigyosyoCd=2572400618-00&ServiceCd=430&Type=search", "url2": null }, "geometry": { "type": "Point", "coordinates": [ 136.348955598147569, 35.395182413093714 ] } },
{ "type": "Feature", "properties": { "内容": "ケアプランセンター米原市社会福祉協議会【居宅介護支援】滋賀県米原市顔戸1729-1みんなの家", "url": "https://www.kaigokensaku.mhlw.go.jp/25/index.php?action_kouhyou_detail_004_kani=true&JigyosyoCd=2572400204-00&ServiceCd=430&Type=search", "url2": null }, "geometry": { "type": "Point", "coordinates": [ 136.301362499999982, 35.3448293 ] } },
{ "type": "Feature", "properties": { "内容": "ケアマネジメントセンター・ライフ【居宅介護支援】滋賀県米原市高溝636‐6番地", "url": "https://www.kaigokensaku.mhlw.go.jp/25/index.php?action_kouhyou_detail_004_kani=true&JigyosyoCd=2572400220-00&ServiceCd=430&Type=search", "url2": "http://www.lifewelfa.com" }, "geometry": { "type": "Point", "coordinates": [ 136.294398756761211, 35.346883545707975 ] } },
{ "type": "Feature", "properties": { "内容": "ケアセンターいぶき居宅介護支援事業所【居宅介護支援】滋賀県米原市春照58-1", "url": "https://www.kaigokensaku.mhlw.go.jp/25/index.php?action_kouhyou_detail_004_kani=true&JigyosyoCd=2572400246-00&ServiceCd=430&Type=search", "url2": "http://www.jadecom.or.jp/jadecomhp/ibuki" }, "geometry": { "type": "Point", "coordinates": [ 136.382650900000044, 35.3835069 ] } },
{ "type": "Feature", "properties": { "内容": "ケアプランみしま池【居宅介護支援】池下５６３－１", "url": "https://www.kaigokensaku.mhlw.go.jp/25/index.php?action_kouhyou_detail_004_kani=true&JigyosyoCd=2572400287-00&ServiceCd=430&Type=search", "url2": "https://www.cs-mishimaike.com/" }, "geometry": { "type": "Point", "coordinates": [ 136.3557406, 35.371667 ] } },
{ "type": "Feature", "properties": { "内容": "坂田ケアプランセンター【居宅介護支援】滋賀県米原市野一色1136", "url": "https://www.kaigokensaku.mhlw.go.jp/25/index.php?action_kouhyou_detail_004_kani=true&JigyosyoCd=2562490017-00&ServiceCd=430&Type=search", "url2": "http://www.seishokai.jp/sakata" }, "geometry": { "type": "Point", "coordinates": [ 136.353926499999943, 35.3860764 ] } },
{ "type": "Feature", "properties": { "内容": "ひだまり【居宅介護支援】滋賀県米原市能登瀬1322-1", "url": "https://www.kaigokensaku.mhlw.go.jp/25/index.php?action_kouhyou_detail_004_kani=true&JigyosyoCd=2572400519-00&ServiceCd=430&Type=search", "url2": "www.hidamari-shiga.jp" }, "geometry": { "type": "Point", "coordinates": [ 136.315771653662068, 35.332246391462306 ] } },
{ "type": "Feature", "properties": { "内容": "Links　(リンクス)【居宅介護支援】滋賀県米原市顔戸501番地5", "url": "https://www.kaigokensaku.mhlw.go.jp/25/index.php?action_kouhyou_detail_004_kani=true&JigyosyoCd=2572400352-00&ServiceCd=430&Type=search", "url2": null }, "geometry": { "type": "Point", "coordinates": [ 136.302908099999968, 35.3365045 ] } },
{ "type": "Feature", "properties": { "内容": "やすらぎハウス居宅介護支援事業所【居宅介護支援】滋賀県米原市顔戸２１番地２", "url": "https://www.kaigokensaku.mhlw.go.jp/25/index.php?action_kouhyou_detail_004_kani=true&JigyosyoCd=2572400360-00&ServiceCd=430&Type=search", "url2": "http://www.taijyukai.net" }, "geometry": { "type": "Point", "coordinates": [ 136.310657099999958, 35.3369267 ] } },
{ "type": "Feature", "properties": { "内容": "ケアプランセンターおおきに【居宅介護支援】滋賀県蒲生郡日野町いせの46", "url": "https://www.kaigokensaku.mhlw.go.jp/25/index.php?action_kouhyou_detail_004_kani=true&JigyosyoCd=2571500384-00&ServiceCd=430&Type=search", "url2": "https://hinoookini.com/" }, "geometry": { "type": "Point", "coordinates": [ 136.228614599999986, 35.0138141 ] } },
{ "type": "Feature", "properties": { "内容": "医療法人社団昴会　介護老人保健施設リスタあすなろ居宅介護支援事業所【居宅介護支援】上野田２４６番地", "url": "https://www.kaigokensaku.mhlw.go.jp/25/index.php?action_kouhyou_detail_004_kani=true&JigyosyoCd=2551580059-00&ServiceCd=430&Type=search", "url2": "https://www.subarukai.jp/cms_asunaro/service/home" }, "geometry": { "type": "Point", "coordinates": [ 136.2362693, 35.0181052 ] } },
{ "type": "Feature", "properties": { "内容": "日野町社会福祉協議会　居宅介護支援サービスひだまり【居宅介護支援】滋賀県蒲生郡日野町河原一丁目１番地", "url": "https://www.kaigokensaku.mhlw.go.jp/25/index.php?action_kouhyou_detail_004_kani=true&JigyosyoCd=2571500251-00&ServiceCd=430&Type=search", "url2": "http://www.hinoshakyo.or.jp/" }, "geometry": { "type": "Point", "coordinates": [ 136.245528716414753, 35.018563086817196 ] } },
{ "type": "Feature", "properties": { "内容": "いずみ介護サービスひふみ居宅介護支援【居宅介護支援】滋賀県蒲生郡日野町大字里口48番地", "url": "https://www.kaigokensaku.mhlw.go.jp/25/index.php?action_kouhyou_detail_004_kani=true&JigyosyoCd=2571500202-00&ServiceCd=430&Type=search", "url2": "http://www.izumisoko.co.jp/" }, "geometry": { "type": "Point", "coordinates": [ 136.227095299999974, 35.0148279 ] } },
{ "type": "Feature", "properties": { "内容": "合同会社モーブ【居宅介護支援】大字弓削字車瀬23-1", "url": "https://www.kaigokensaku.mhlw.go.jp/25/index.php?action_kouhyou_detail_004_kani=true&JigyosyoCd=2571500566-00&ServiceCd=430&Type=search", "url2": null }, "geometry": { "type": "Point", "coordinates": [ 136.114771, 35.0853575 ] } },
{ "type": "Feature", "properties": { "内容": "みわ居宅介護支援事業所【居宅介護支援】滋賀県蒲生郡竜王町大字小口１１３９番地９５", "url": "https://www.kaigokensaku.mhlw.go.jp/25/index.php?action_kouhyou_detail_004_kani=true&JigyosyoCd=2571500467-00&ServiceCd=430&Type=search", "url2": "http://hp.kaipoke.biz/ua0/" }, "geometry": { "type": "Point", "coordinates": [ 136.10802047116394, 35.057126370376274 ] } },
{ "type": "Feature", "properties": { "内容": "居宅介護支援事業所りゅうおう【居宅介護支援】滋賀県蒲生郡竜王町林1346", "url": "https://www.kaigokensaku.mhlw.go.jp/25/index.php?action_kouhyou_detail_004_kani=true&JigyosyoCd=2571500541-00&ServiceCd=430&Type=search", "url2": "http://mihan-shiga.site/" }, "geometry": { "type": "Point", "coordinates": [ 136.1311667, 35.0809485 ] } },
{ "type": "Feature", "properties": { "内容": "ケアプランセンターアーク【居宅介護支援】滋賀県蒲生郡竜王町大字弓削字車瀬23-1", "url": "https://www.kaigokensaku.mhlw.go.jp/25/index.php?action_kouhyou_detail_004_kani=true&JigyosyoCd=2571500574-00&ServiceCd=430&Type=search", "url2": null }, "geometry": { "type": "Point", "coordinates": [ 136.121573082061758, 35.089273005253418 ] } },
{ "type": "Feature", "properties": { "内容": "株式会社アクエリアス居宅介護支援事業所【居宅介護支援】滋賀県蒲生郡竜王町小口1251－246", "url": "https://www.kaigokensaku.mhlw.go.jp/25/index.php?action_kouhyou_detail_004_kani=true&JigyosyoCd=2571500293-00&ServiceCd=430&Type=search", "url2": null }, "geometry": { "type": "Point", "coordinates": [ 136.1089505, 35.059183500000024 ] } },
{ "type": "Feature", "properties": { "内容": "弓削メディカルクリニック在宅医療部居宅介護支援事業所【居宅介護支援】滋賀県蒲生郡竜王町弓削１８２５", "url": "https://www.kaigokensaku.mhlw.go.jp/25/index.php?action_kouhyou_detail_004_kani=true&JigyosyoCd=2511500650-00&ServiceCd=430&Type=search", "url2": "https://yugemed.com" }, "geometry": { "type": "Point", "coordinates": [ 136.11966, 35.0882634 ] } },
{ "type": "Feature", "properties": { "内容": "居宅介護支援事業所万葉の里【居宅介護支援】滋賀県蒲生郡竜王町大字山之上６３２", "url": "https://www.kaigokensaku.mhlw.go.jp/25/index.php?action_kouhyou_detail_004_kani=true&JigyosyoCd=2571500020-00&ServiceCd=430&Type=search", "url2": "https://yukinokai.com/" }, "geometry": { "type": "Point", "coordinates": [ 136.146107799999982, 35.0546342 ] } },
{ "type": "Feature", "properties": { "内容": "株式会社愛ユーケアサービス【居宅介護支援】滋賀県愛知郡愛荘町石橋905番地", "url": "https://www.kaigokensaku.mhlw.go.jp/25/index.php?action_kouhyou_detail_004_kani=true&JigyosyoCd=2571700026-00&ServiceCd=430&Type=search", "url2": null }, "geometry": { "type": "Point", "coordinates": [ 136.220860600000037, 35.1816639 ] } },
{ "type": "Feature", "properties": { "内容": "社会福祉法人青祥会　秦荘ケアプランセンター【居宅介護支援】滋賀県愛知郡愛荘町安孫子1235番地", "url": "https://www.kaigokensaku.mhlw.go.jp/25/index.php?action_kouhyou_detail_004_kani=true&JigyosyoCd=2571700083-00&ServiceCd=430&Type=search", "url2": "http://www.seishokai.jp/" }, "geometry": { "type": "Point", "coordinates": [ 136.250286499999987, 35.1722192 ] } },
{ "type": "Feature", "properties": { "内容": "居宅介護支援事業所　愛荘【居宅介護支援】滋賀県愛知郡愛荘町愛知川８０８", "url": "https://www.kaigokensaku.mhlw.go.jp/25/index.php?action_kouhyou_detail_004_kani=true&JigyosyoCd=2571700273-00&ServiceCd=430&Type=search", "url2": "http://homesweethome.jp/" }, "geometry": { "type": "Point", "coordinates": [ 136.2023792, 35.166423600000016 ] } },
{ "type": "Feature", "properties": { "内容": "ケアサポートセンター愛らいふ【居宅介護支援】滋賀県愛知郡愛荘町長野８６４番地", "url": "https://www.kaigokensaku.mhlw.go.jp/25/index.php?action_kouhyou_detail_004_kani=true&JigyosyoCd=2571700323-00&ServiceCd=430&Type=search", "url2": null }, "geometry": { "type": "Point", "coordinates": [ 136.2074427, 35.1790826 ] } },
{ "type": "Feature", "properties": { "内容": "ケアプランオフィスカーム【居宅介護支援】滋賀県愛知郡愛荘町香之庄660番地", "url": "https://www.kaigokensaku.mhlw.go.jp/25/index.php?action_kouhyou_detail_004_kani=true&JigyosyoCd=2571700380-00&ServiceCd=430&Type=search", "url2": null }, "geometry": { "type": "Point", "coordinates": [ 136.247195, 35.1583747 ] } },
{ "type": "Feature", "properties": { "内容": "社会福祉法人　豊郷町社会福祉協議会　居宅介護支援事業所【居宅介護支援】滋賀県犬上郡豊郷町四十九院１２５２", "url": "https://www.kaigokensaku.mhlw.go.jp/25/index.php?action_kouhyou_detail_004_kani=true&JigyosyoCd=2571800016-00&ServiceCd=430&Type=search", "url2": null }, "geometry": { "type": "Point", "coordinates": [ 136.239331600000014, 35.2049207 ] } },
{ "type": "Feature", "properties": { "内容": "居宅介護支援センター　マックスとよさと【居宅介護支援】滋賀県犬上郡豊郷町石畑２１２", "url": "https://www.kaigokensaku.mhlw.go.jp/25/index.php?action_kouhyou_detail_004_kani=true&JigyosyoCd=2551880012-00&ServiceCd=430&Type=search", "url2": "http://www.toyosato.or.jp/" }, "geometry": { "type": "Point", "coordinates": [ 136.230062699999962, 35.1996542 ] } },
{ "type": "Feature", "properties": { "内容": "居宅介護支援センター　元気村【居宅介護支援】滋賀県犬上郡豊郷町石畑374-1", "url": "https://www.kaigokensaku.mhlw.go.jp/25/index.php?action_kouhyou_detail_004_kani=true&JigyosyoCd=2571800271-00&ServiceCd=430&Type=search", "url2": "www.eonet.ne.jp/~genkimura/" }, "geometry": { "type": "Point", "coordinates": [ 136.229579400000034, 35.2001236 ] } },
{ "type": "Feature", "properties": { "内容": "せせらぎ居宅介護支援事業所【居宅介護支援】滋賀県犬上郡甲良町在士３５７－１甲良町保健福祉センター２F", "url": "https://www.kaigokensaku.mhlw.go.jp/25/index.php?action_kouhyou_detail_004_kani=true&JigyosyoCd=2571800073-00&ServiceCd=430&Type=search", "url2": null }, "geometry": { "type": "Point", "coordinates": [ 136.259563599999979, 35.2046158 ] } },
{ "type": "Feature", "properties": { "内容": "ケアプランセンターあかり【居宅介護支援】滋賀県犬上郡甲良町大字在士702番地1", "url": "https://www.kaigokensaku.mhlw.go.jp/25/index.php?action_kouhyou_detail_004_kani=true&JigyosyoCd=2571800222-00&ServiceCd=430&Type=search", "url2": "http://hp.kaipoke.biz/au6/58943/index_0001.html" }, "geometry": { "type": "Point", "coordinates": [ 136.264607500000011, 35.2109987 ] } },
{ "type": "Feature", "properties": { "内容": "社会福祉法人多賀町社会福祉協議会居宅介護支援事業所【居宅介護支援】滋賀県犬上郡多賀町多賀221番地１多賀町総合福祉保健センターふれあいの郷", "url": "https://www.kaigokensaku.mhlw.go.jp/25/index.php?action_kouhyou_detail_004_kani=true&JigyosyoCd=2571800057-00&ServiceCd=430&Type=search", "url2": "https://www.taga-shakyo.or.jp/" }, "geometry": { "type": "Point", "coordinates": [ 136.292326600000024, 35.2231817 ] } },
{ "type": "Feature", "properties": { "内容": "社会福祉法人　湖東会　ハートフルケアプランセンター【居宅介護支援】滋賀県犬上郡多賀町中川原605－2", "url": "https://www.kaigokensaku.mhlw.go.jp/25/index.php?action_kouhyou_detail_004_kani=true&JigyosyoCd=2571800024-00&ServiceCd=430&Type=search", "url2": "http://kotoukai.or.jp/" }, "geometry": { "type": "Point", "coordinates": [ 136.279183399999965, 35.2356775 ] } },
{ "type": "Feature", "properties": { "内容": "居宅介護支援事業所　多賀清流の里【居宅介護支援】滋賀県犬上郡多賀町大字佐目６７５番地", "url": "https://www.kaigokensaku.mhlw.go.jp/25/index.php?action_kouhyou_detail_004_kani=true&JigyosyoCd=2571800107-00&ServiceCd=430&Type=search", "url2": "http://tashinkai.jp/" }, "geometry": { "type": "Point", "coordinates": [ 136.3357552, 35.20792 ] } }
]
}
